Copyright 1986-2022 Xilinx, Inc. All Rights Reserved. Copyright 2022-2026 Advanced Micro Devices, Inc. All Rights Reserved.
------------------------------------------------------------------------------------------------------------------------------------------------------------------------------------------------------------------------------------------
| Tool Version : Vivado v.2026.1 (win64) Build 6511674 Tue Jun 16 11:02:23 MDT 2026
| Date         : Thu Sep 10 23:15:25 2026
| Host         : laptop-Quan running 64-bit major release  (build 9200)
| Command      : report_timing -delay_type max -max_paths 20 -nworst 1 -sort_by slack -file D:/FPGA/FPGG_ART_Y_ASTRA_NATIVE_V1_RESEARCH/results/A7-NATIVE-GRAPH/ASTRA-FINAL-C4-C7-20260909/26_C4_D32_BITEXACT_PHYSICAL/timing_n20_e3t.rpt
| Design       : a7ng_astra_c4_lm06_d32_fr_v2
| Device       : 7a100t-csg324
| Speed File   : -1  PRODUCTION 1.23 2018-06-13
| Design State : Synthesized
------------------------------------------------------------------------------------------------------------------------------------------------------------------------------------------------------------------------------------------

Timing Report

Slack (VIOLATED) :        -2.766ns  (required time - arrival time)
  Source:                 di_reg[4]/C
                            (rising edge-triggered cell FDCE clocked by clk  {rise@0.000ns fall@5.000ns period=10.000ns})
  Destination:            prod_r_reg[23]/D
                            (rising edge-triggered cell FDCE clocked by clk  {rise@0.000ns fall@5.000ns period=10.000ns})
  Path Group:             clk
  Path Type:              Setup (Max at Slow Process Corner)
  Requirement:            10.000ns  (clk rise@10.000ns - clk rise@0.000ns)
  Data Path Delay:        12.726ns  (logic 6.742ns (52.979%)  route 5.984ns (47.021%))
  Logic Levels:           11  (CARRY4=1 DSP48E1=1 LUT2=1 LUT5=1 LUT6=5 MUXF7=2)
  Clock Path Skew:        -0.049ns (DCD - SCD + CPR)
    Destination Clock Delay (DCD):    0.924ns = ( 10.924 - 10.000 ) 
    Source Clock Delay      (SCD):    0.973ns
    Clock Pessimism Removal (CPR):    0.000ns
  Clock Uncertainty:      0.035ns  ((TSJ^2 + TIJ^2)^1/2 + DJ) / 2 + PE
    Total System Jitter     (TSJ):    0.071ns
    Total Input Jitter      (TIJ):    0.000ns
    Discrete Jitter          (DJ):    0.000ns
    Phase Error              (PE):    0.000ns

    Location             Delay type                Incr(ns)  Path(ns)    Netlist Resource(s)
  -------------------------------------------------------------------    -------------------
                         (clock clk rise edge)        0.000     0.000 r  <hidden>
                                                      0.000     0.000 r  clk
                         net (fo=43210, unset)        0.973     0.973    clk
                         FDCE                                         r  di_reg[4]/C
  -------------------------------------------------------------------    -------------------
                         FDCE (Prop_fdce_C_Q)         0.478     1.451 r  di_reg[4]/Q
                         net (fo=1834, unplaced)      0.806     2.257    di_reg_n_0_[4]
                         CARRY4 (Prop_carry4_S[0]_O[1])
                                                      0.722     2.979 r  g0_b0__4_i_1/O[1]
                         net (fo=848, unplaced)       0.452     3.431    sel__0[5]
                         LUT6 (Prop_lut6_I5_O)        0.306     3.737 r  g54_b7/O
                         net (fo=2, unplaced)         0.743     4.480    g54_b7_n_0
                         LUT6 (Prop_lut6_I1_O)        0.124     4.604 r  prod_r0_i_125/O
                         net (fo=2, unplaced)         0.743     5.347    prod_r0_i_125_n_0
                         LUT6 (Prop_lut6_I3_O)        0.124     5.471 r  prod_r0_i_65/O
                         net (fo=1, unplaced)         0.665     6.136    prod_r0_i_65_n_0
                         LUT6 (Prop_lut6_I0_O)        0.124     6.260 r  prod_r0_i_23/O
                         net (fo=1, unplaced)         0.000     6.260    prod_r0_i_23_n_0
                         MUXF7 (Prop_muxf7_I0_O)      0.241     6.501 r  prod_r0_i_10/O
                         net (fo=1, unplaced)         0.452     6.953    prod_r0_i_10_n_0
                         LUT2 (Prop_lut2_I0_O)        0.298     7.251 r  prod_r0_i_2/O
                         net (fo=1, unplaced)         0.803     8.054    wgt811_return[6]
                         DSP48E1 (Prop_dsp48e1_B[6]_P[23])
                                                      3.656    11.710 r  prod_r0/P[23]
                         net (fo=1, unplaced)         0.803    12.513    prod_r0_n_82
                         LUT5 (Prop_lut5_I0_O)        0.124    12.637 r  prod_r[63]_i_5/O
                         net (fo=1, unplaced)         0.000    12.637    prod_r[63]_i_5_n_0
                         MUXF7 (Prop_muxf7_I1_O)      0.247    12.884 r  prod_r_reg[63]_i_3/O
                         net (fo=25, unplaced)        0.517    13.401    prod_r_reg[63]_i_3_n_0
                         LUT6 (Prop_lut6_I5_O)        0.298    13.699 r  prod_r[23]_i_1/O
                         net (fo=1, unplaced)         0.000    13.699    prod_r__0[23]
                         FDCE                                         r  prod_r_reg[23]/D
  -------------------------------------------------------------------    -------------------

                         (clock clk rise edge)       10.000    10.000 r  <hidden>
                                                      0.000    10.000 r  clk
                         net (fo=43210, unset)        0.924    10.924    clk
                         FDCE                                         r  prod_r_reg[23]/C
                         clock pessimism              0.000    10.924    <hidden>
                         clock uncertainty           -0.035    10.889    <hidden>
                         FDCE (Setup_fdce_C_D)        0.044    10.933    prod_r_reg[23]
  -------------------------------------------------------------------
                         required time                         10.933    <hidden>
                         arrival time                         -13.699    <hidden>
  -------------------------------------------------------------------
                         slack                                 -2.766    <hidden>

Slack (VIOLATED) :        -2.766ns  (required time - arrival time)
  Source:                 di_reg[4]/C
                            (rising edge-triggered cell FDCE clocked by clk  {rise@0.000ns fall@5.000ns period=10.000ns})
  Destination:            prod_r_reg[24]/D
                            (rising edge-triggered cell FDCE clocked by clk  {rise@0.000ns fall@5.000ns period=10.000ns})
  Path Group:             clk
  Path Type:              Setup (Max at Slow Process Corner)
  Requirement:            10.000ns  (clk rise@10.000ns - clk rise@0.000ns)
  Data Path Delay:        12.726ns  (logic 6.742ns (52.979%)  route 5.984ns (47.021%))
  Logic Levels:           11  (CARRY4=1 DSP48E1=1 LUT2=1 LUT5=1 LUT6=5 MUXF7=2)
  Clock Path Skew:        -0.049ns (DCD - SCD + CPR)
    Destination Clock Delay (DCD):    0.924ns = ( 10.924 - 10.000 ) 
    Source Clock Delay      (SCD):    0.973ns
    Clock Pessimism Removal (CPR):    0.000ns
  Clock Uncertainty:      0.035ns  ((TSJ^2 + TIJ^2)^1/2 + DJ) / 2 + PE
    Total System Jitter     (TSJ):    0.071ns
    Total Input Jitter      (TIJ):    0.000ns
    Discrete Jitter          (DJ):    0.000ns
    Phase Error              (PE):    0.000ns

    Location             Delay type                Incr(ns)  Path(ns)    Netlist Resource(s)
  -------------------------------------------------------------------    -------------------
                         (clock clk rise edge)        0.000     0.000 r  <hidden>
                                                      0.000     0.000 r  clk
                         net (fo=43210, unset)        0.973     0.973    clk
                         FDCE                                         r  di_reg[4]/C
  -------------------------------------------------------------------    -------------------
                         FDCE (Prop_fdce_C_Q)         0.478     1.451 r  di_reg[4]/Q
                         net (fo=1834, unplaced)      0.806     2.257    di_reg_n_0_[4]
                         CARRY4 (Prop_carry4_S[0]_O[1])
                                                      0.722     2.979 r  g0_b0__4_i_1/O[1]
                         net (fo=848, unplaced)       0.452     3.431    sel__0[5]
                         LUT6 (Prop_lut6_I5_O)        0.306     3.737 r  g54_b7/O
                         net (fo=2, unplaced)         0.743     4.480    g54_b7_n_0
                         LUT6 (Prop_lut6_I1_O)        0.124     4.604 r  prod_r0_i_125/O
                         net (fo=2, unplaced)         0.743     5.347    prod_r0_i_125_n_0
                         LUT6 (Prop_lut6_I3_O)        0.124     5.471 r  prod_r0_i_65/O
                         net (fo=1, unplaced)         0.665     6.136    prod_r0_i_65_n_0
                         LUT6 (Prop_lut6_I0_O)        0.124     6.260 r  prod_r0_i_23/O
                         net (fo=1, unplaced)         0.000     6.260    prod_r0_i_23_n_0
                         MUXF7 (Prop_muxf7_I0_O)      0.241     6.501 r  prod_r0_i_10/O
                         net (fo=1, unplaced)         0.452     6.953    prod_r0_i_10_n_0
                         LUT2 (Prop_lut2_I0_O)        0.298     7.251 r  prod_r0_i_2/O
                         net (fo=1, unplaced)         0.803     8.054    wgt811_return[6]
                         DSP48E1 (Prop_dsp48e1_B[6]_P[23])
                                                      3.656    11.710 r  prod_r0/P[23]
                         net (fo=1, unplaced)         0.803    12.513    prod_r0_n_82
                         LUT5 (Prop_lut5_I0_O)        0.124    12.637 r  prod_r[63]_i_5/O
                         net (fo=1, unplaced)         0.000    12.637    prod_r[63]_i_5_n_0
                         MUXF7 (Prop_muxf7_I1_O)      0.247    12.884 r  prod_r_reg[63]_i_3/O
                         net (fo=25, unplaced)        0.517    13.401    prod_r_reg[63]_i_3_n_0
                         LUT6 (Prop_lut6_I5_O)        0.298    13.699 r  prod_r[24]_i_1/O
                         net (fo=1, unplaced)         0.000    13.699    prod_r__0[24]
                         FDCE                                         r  prod_r_reg[24]/D
  -------------------------------------------------------------------    -------------------

                         (clock clk rise edge)       10.000    10.000 r  <hidden>
                                                      0.000    10.000 r  clk
                         net (fo=43210, unset)        0.924    10.924    clk
                         FDCE                                         r  prod_r_reg[24]/C
                         clock pessimism              0.000    10.924    <hidden>
                         clock uncertainty           -0.035    10.889    <hidden>
                         FDCE (Setup_fdce_C_D)        0.044    10.933    prod_r_reg[24]
  -------------------------------------------------------------------
                         required time                         10.933    <hidden>
                         arrival time                         -13.699    <hidden>
  -------------------------------------------------------------------
                         slack                                 -2.766    <hidden>

Slack (VIOLATED) :        -2.766ns  (required time - arrival time)
  Source:                 di_reg[4]/C
                            (rising edge-triggered cell FDCE clocked by clk  {rise@0.000ns fall@5.000ns period=10.000ns})
  Destination:            prod_r_reg[25]/D
                            (rising edge-triggered cell FDCE clocked by clk  {rise@0.000ns fall@5.000ns period=10.000ns})
  Path Group:             clk
  Path Type:              Setup (Max at Slow Process Corner)
  Requirement:            10.000ns  (clk rise@10.000ns - clk rise@0.000ns)
  Data Path Delay:        12.726ns  (logic 6.742ns (52.979%)  route 5.984ns (47.021%))
  Logic Levels:           11  (CARRY4=1 DSP48E1=1 LUT2=1 LUT5=1 LUT6=5 MUXF7=2)
  Clock Path Skew:        -0.049ns (DCD - SCD + CPR)
    Destination Clock Delay (DCD):    0.924ns = ( 10.924 - 10.000 ) 
    Source Clock Delay      (SCD):    0.973ns
    Clock Pessimism Removal (CPR):    0.000ns
  Clock Uncertainty:      0.035ns  ((TSJ^2 + TIJ^2)^1/2 + DJ) / 2 + PE
    Total System Jitter     (TSJ):    0.071ns
    Total Input Jitter      (TIJ):    0.000ns
    Discrete Jitter          (DJ):    0.000ns
    Phase Error              (PE):    0.000ns

    Location             Delay type                Incr(ns)  Path(ns)    Netlist Resource(s)
  -------------------------------------------------------------------    -------------------
                         (clock clk rise edge)        0.000     0.000 r  <hidden>
                                                      0.000     0.000 r  clk
                         net (fo=43210, unset)        0.973     0.973    clk
                         FDCE                                         r  di_reg[4]/C
  -------------------------------------------------------------------    -------------------
                         FDCE (Prop_fdce_C_Q)         0.478     1.451 r  di_reg[4]/Q
                         net (fo=1834, unplaced)      0.806     2.257    di_reg_n_0_[4]
                         CARRY4 (Prop_carry4_S[0]_O[1])
                                                      0.722     2.979 r  g0_b0__4_i_1/O[1]
                         net (fo=848, unplaced)       0.452     3.431    sel__0[5]
                         LUT6 (Prop_lut6_I5_O)        0.306     3.737 r  g54_b7/O
                         net (fo=2, unplaced)         0.743     4.480    g54_b7_n_0
                         LUT6 (Prop_lut6_I1_O)        0.124     4.604 r  prod_r0_i_125/O
                         net (fo=2, unplaced)         0.743     5.347    prod_r0_i_125_n_0
                         LUT6 (Prop_lut6_I3_O)        0.124     5.471 r  prod_r0_i_65/O
                         net (fo=1, unplaced)         0.665     6.136    prod_r0_i_65_n_0
                         LUT6 (Prop_lut6_I0_O)        0.124     6.260 r  prod_r0_i_23/O
                         net (fo=1, unplaced)         0.000     6.260    prod_r0_i_23_n_0
                         MUXF7 (Prop_muxf7_I0_O)      0.241     6.501 r  prod_r0_i_10/O
                         net (fo=1, unplaced)         0.452     6.953    prod_r0_i_10_n_0
                         LUT2 (Prop_lut2_I0_O)        0.298     7.251 r  prod_r0_i_2/O
                         net (fo=1, unplaced)         0.803     8.054    wgt811_return[6]
                         DSP48E1 (Prop_dsp48e1_B[6]_P[23])
                                                      3.656    11.710 r  prod_r0/P[23]
                         net (fo=1, unplaced)         0.803    12.513    prod_r0_n_82
                         LUT5 (Prop_lut5_I0_O)        0.124    12.637 r  prod_r[63]_i_5/O
                         net (fo=1, unplaced)         0.000    12.637    prod_r[63]_i_5_n_0
                         MUXF7 (Prop_muxf7_I1_O)      0.247    12.884 r  prod_r_reg[63]_i_3/O
                         net (fo=25, unplaced)        0.517    13.401    prod_r_reg[63]_i_3_n_0
                         LUT6 (Prop_lut6_I5_O)        0.298    13.699 r  prod_r[25]_i_1/O
                         net (fo=1, unplaced)         0.000    13.699    prod_r__0[25]
                         FDCE                                         r  prod_r_reg[25]/D
  -------------------------------------------------------------------    -------------------

                         (clock clk rise edge)       10.000    10.000 r  <hidden>
                                                      0.000    10.000 r  clk
                         net (fo=43210, unset)        0.924    10.924    clk
                         FDCE                                         r  prod_r_reg[25]/C
                         clock pessimism              0.000    10.924    <hidden>
                         clock uncertainty           -0.035    10.889    <hidden>
                         FDCE (Setup_fdce_C_D)        0.044    10.933    prod_r_reg[25]
  -------------------------------------------------------------------
                         required time                         10.933    <hidden>
                         arrival time                         -13.699    <hidden>
  -------------------------------------------------------------------
                         slack                                 -2.766    <hidden>

Slack (VIOLATED) :        -2.766ns  (required time - arrival time)
  Source:                 di_reg[4]/C
                            (rising edge-triggered cell FDCE clocked by clk  {rise@0.000ns fall@5.000ns period=10.000ns})
  Destination:            prod_r_reg[26]/D
                            (rising edge-triggered cell FDCE clocked by clk  {rise@0.000ns fall@5.000ns period=10.000ns})
  Path Group:             clk
  Path Type:              Setup (Max at Slow Process Corner)
  Requirement:            10.000ns  (clk rise@10.000ns - clk rise@0.000ns)
  Data Path Delay:        12.726ns  (logic 6.742ns (52.979%)  route 5.984ns (47.021%))
  Logic Levels:           11  (CARRY4=1 DSP48E1=1 LUT2=1 LUT5=1 LUT6=5 MUXF7=2)
  Clock Path Skew:        -0.049ns (DCD - SCD + CPR)
    Destination Clock Delay (DCD):    0.924ns = ( 10.924 - 10.000 ) 
    Source Clock Delay      (SCD):    0.973ns
    Clock Pessimism Removal (CPR):    0.000ns
  Clock Uncertainty:      0.035ns  ((TSJ^2 + TIJ^2)^1/2 + DJ) / 2 + PE
    Total System Jitter     (TSJ):    0.071ns
    Total Input Jitter      (TIJ):    0.000ns
    Discrete Jitter          (DJ):    0.000ns
    Phase Error              (PE):    0.000ns

    Location             Delay type                Incr(ns)  Path(ns)    Netlist Resource(s)
  -------------------------------------------------------------------    -------------------
                         (clock clk rise edge)        0.000     0.000 r  <hidden>
                                                      0.000     0.000 r  clk
                         net (fo=43210, unset)        0.973     0.973    clk
                         FDCE                                         r  di_reg[4]/C
  -------------------------------------------------------------------    -------------------
                         FDCE (Prop_fdce_C_Q)         0.478     1.451 r  di_reg[4]/Q
                         net (fo=1834, unplaced)      0.806     2.257    di_reg_n_0_[4]
                         CARRY4 (Prop_carry4_S[0]_O[1])
                                                      0.722     2.979 r  g0_b0__4_i_1/O[1]
                         net (fo=848, unplaced)       0.452     3.431    sel__0[5]
                         LUT6 (Prop_lut6_I5_O)        0.306     3.737 r  g54_b7/O
                         net (fo=2, unplaced)         0.743     4.480    g54_b7_n_0
                         LUT6 (Prop_lut6_I1_O)        0.124     4.604 r  prod_r0_i_125/O
                         net (fo=2, unplaced)         0.743     5.347    prod_r0_i_125_n_0
                         LUT6 (Prop_lut6_I3_O)        0.124     5.471 r  prod_r0_i_65/O
                         net (fo=1, unplaced)         0.665     6.136    prod_r0_i_65_n_0
                         LUT6 (Prop_lut6_I0_O)        0.124     6.260 r  prod_r0_i_23/O
                         net (fo=1, unplaced)         0.000     6.260    prod_r0_i_23_n_0
                         MUXF7 (Prop_muxf7_I0_O)      0.241     6.501 r  prod_r0_i_10/O
                         net (fo=1, unplaced)         0.452     6.953    prod_r0_i_10_n_0
                         LUT2 (Prop_lut2_I0_O)        0.298     7.251 r  prod_r0_i_2/O
                         net (fo=1, unplaced)         0.803     8.054    wgt811_return[6]
                         DSP48E1 (Prop_dsp48e1_B[6]_P[23])
                                                      3.656    11.710 r  prod_r0/P[23]
                         net (fo=1, unplaced)         0.803    12.513    prod_r0_n_82
                         LUT5 (Prop_lut5_I0_O)        0.124    12.637 r  prod_r[63]_i_5/O
                         net (fo=1, unplaced)         0.000    12.637    prod_r[63]_i_5_n_0
                         MUXF7 (Prop_muxf7_I1_O)      0.247    12.884 r  prod_r_reg[63]_i_3/O
                         net (fo=25, unplaced)        0.517    13.401    prod_r_reg[63]_i_3_n_0
                         LUT6 (Prop_lut6_I5_O)        0.298    13.699 r  prod_r[26]_i_1/O
                         net (fo=1, unplaced)         0.000    13.699    prod_r__0[26]
                         FDCE                                         r  prod_r_reg[26]/D
  -------------------------------------------------------------------    -------------------

                         (clock clk rise edge)       10.000    10.000 r  <hidden>
                                                      0.000    10.000 r  clk
                         net (fo=43210, unset)        0.924    10.924    clk
                         FDCE                                         r  prod_r_reg[26]/C
                         clock pessimism              0.000    10.924    <hidden>
                         clock uncertainty           -0.035    10.889    <hidden>
                         FDCE (Setup_fdce_C_D)        0.044    10.933    prod_r_reg[26]
  -------------------------------------------------------------------
                         required time                         10.933    <hidden>
                         arrival time                         -13.699    <hidden>
  -------------------------------------------------------------------
                         slack                                 -2.766    <hidden>

Slack (VIOLATED) :        -2.766ns  (required time - arrival time)
  Source:                 di_reg[4]/C
                            (rising edge-triggered cell FDCE clocked by clk  {rise@0.000ns fall@5.000ns period=10.000ns})
  Destination:            prod_r_reg[27]/D
                            (rising edge-triggered cell FDCE clocked by clk  {rise@0.000ns fall@5.000ns period=10.000ns})
  Path Group:             clk
  Path Type:              Setup (Max at Slow Process Corner)
  Requirement:            10.000ns  (clk rise@10.000ns - clk rise@0.000ns)
  Data Path Delay:        12.726ns  (logic 6.742ns (52.979%)  route 5.984ns (47.021%))
  Logic Levels:           11  (CARRY4=1 DSP48E1=1 LUT2=1 LUT5=1 LUT6=5 MUXF7=2)
  Clock Path Skew:        -0.049ns (DCD - SCD + CPR)
    Destination Clock Delay (DCD):    0.924ns = ( 10.924 - 10.000 ) 
    Source Clock Delay      (SCD):    0.973ns
    Clock Pessimism Removal (CPR):    0.000ns
  Clock Uncertainty:      0.035ns  ((TSJ^2 + TIJ^2)^1/2 + DJ) / 2 + PE
    Total System Jitter     (TSJ):    0.071ns
    Total Input Jitter      (TIJ):    0.000ns
    Discrete Jitter          (DJ):    0.000ns
    Phase Error              (PE):    0.000ns

    Location             Delay type                Incr(ns)  Path(ns)    Netlist Resource(s)
  -------------------------------------------------------------------    -------------------
                         (clock clk rise edge)        0.000     0.000 r  <hidden>
                                                      0.000     0.000 r  clk
                         net (fo=43210, unset)        0.973     0.973    clk
                         FDCE                                         r  di_reg[4]/C
  -------------------------------------------------------------------    -------------------
                         FDCE (Prop_fdce_C_Q)         0.478     1.451 r  di_reg[4]/Q
                         net (fo=1834, unplaced)      0.806     2.257    di_reg_n_0_[4]
                         CARRY4 (Prop_carry4_S[0]_O[1])
                                                      0.722     2.979 r  g0_b0__4_i_1/O[1]
                         net (fo=848, unplaced)       0.452     3.431    sel__0[5]
                         LUT6 (Prop_lut6_I5_O)        0.306     3.737 r  g54_b7/O
                         net (fo=2, unplaced)         0.743     4.480    g54_b7_n_0
                         LUT6 (Prop_lut6_I1_O)        0.124     4.604 r  prod_r0_i_125/O
                         net (fo=2, unplaced)         0.743     5.347    prod_r0_i_125_n_0
                         LUT6 (Prop_lut6_I3_O)        0.124     5.471 r  prod_r0_i_65/O
                         net (fo=1, unplaced)         0.665     6.136    prod_r0_i_65_n_0
                         LUT6 (Prop_lut6_I0_O)        0.124     6.260 r  prod_r0_i_23/O
                         net (fo=1, unplaced)         0.000     6.260    prod_r0_i_23_n_0
                         MUXF7 (Prop_muxf7_I0_O)      0.241     6.501 r  prod_r0_i_10/O
                         net (fo=1, unplaced)         0.452     6.953    prod_r0_i_10_n_0
                         LUT2 (Prop_lut2_I0_O)        0.298     7.251 r  prod_r0_i_2/O
                         net (fo=1, unplaced)         0.803     8.054    wgt811_return[6]
                         DSP48E1 (Prop_dsp48e1_B[6]_P[23])
                                                      3.656    11.710 r  prod_r0/P[23]
                         net (fo=1, unplaced)         0.803    12.513    prod_r0_n_82
                         LUT5 (Prop_lut5_I0_O)        0.124    12.637 r  prod_r[63]_i_5/O
                         net (fo=1, unplaced)         0.000    12.637    prod_r[63]_i_5_n_0
                         MUXF7 (Prop_muxf7_I1_O)      0.247    12.884 r  prod_r_reg[63]_i_3/O
                         net (fo=25, unplaced)        0.517    13.401    prod_r_reg[63]_i_3_n_0
                         LUT6 (Prop_lut6_I5_O)        0.298    13.699 r  prod_r[27]_i_1/O
                         net (fo=1, unplaced)         0.000    13.699    prod_r__0[27]
                         FDCE                                         r  prod_r_reg[27]/D
  -------------------------------------------------------------------    -------------------

                         (clock clk rise edge)       10.000    10.000 r  <hidden>
                                                      0.000    10.000 r  clk
                         net (fo=43210, unset)        0.924    10.924    clk
                         FDCE                                         r  prod_r_reg[27]/C
                         clock pessimism              0.000    10.924    <hidden>
                         clock uncertainty           -0.035    10.889    <hidden>
                         FDCE (Setup_fdce_C_D)        0.044    10.933    prod_r_reg[27]
  -------------------------------------------------------------------
                         required time                         10.933    <hidden>
                         arrival time                         -13.699    <hidden>
  -------------------------------------------------------------------
                         slack                                 -2.766    <hidden>

Slack (VIOLATED) :        -2.766ns  (required time - arrival time)
  Source:                 di_reg[4]/C
                            (rising edge-triggered cell FDCE clocked by clk  {rise@0.000ns fall@5.000ns period=10.000ns})
  Destination:            prod_r_reg[28]/D
                            (rising edge-triggered cell FDCE clocked by clk  {rise@0.000ns fall@5.000ns period=10.000ns})
  Path Group:             clk
  Path Type:              Setup (Max at Slow Process Corner)
  Requirement:            10.000ns  (clk rise@10.000ns - clk rise@0.000ns)
  Data Path Delay:        12.726ns  (logic 6.742ns (52.979%)  route 5.984ns (47.021%))
  Logic Levels:           11  (CARRY4=1 DSP48E1=1 LUT2=1 LUT5=1 LUT6=5 MUXF7=2)
  Clock Path Skew:        -0.049ns (DCD - SCD + CPR)
    Destination Clock Delay (DCD):    0.924ns = ( 10.924 - 10.000 ) 
    Source Clock Delay      (SCD):    0.973ns
    Clock Pessimism Removal (CPR):    0.000ns
  Clock Uncertainty:      0.035ns  ((TSJ^2 + TIJ^2)^1/2 + DJ) / 2 + PE
    Total System Jitter     (TSJ):    0.071ns
    Total Input Jitter      (TIJ):    0.000ns
    Discrete Jitter          (DJ):    0.000ns
    Phase Error              (PE):    0.000ns

    Location             Delay type                Incr(ns)  Path(ns)    Netlist Resource(s)
  -------------------------------------------------------------------    -------------------
                         (clock clk rise edge)        0.000     0.000 r  <hidden>
                                                      0.000     0.000 r  clk
                         net (fo=43210, unset)        0.973     0.973    clk
                         FDCE                                         r  di_reg[4]/C
  -------------------------------------------------------------------    -------------------
                         FDCE (Prop_fdce_C_Q)         0.478     1.451 r  di_reg[4]/Q
                         net (fo=1834, unplaced)      0.806     2.257    di_reg_n_0_[4]
                         CARRY4 (Prop_carry4_S[0]_O[1])
                                                      0.722     2.979 r  g0_b0__4_i_1/O[1]
                         net (fo=848, unplaced)       0.452     3.431    sel__0[5]
                         LUT6 (Prop_lut6_I5_O)        0.306     3.737 r  g54_b7/O
                         net (fo=2, unplaced)         0.743     4.480    g54_b7_n_0
                         LUT6 (Prop_lut6_I1_O)        0.124     4.604 r  prod_r0_i_125/O
                         net (fo=2, unplaced)         0.743     5.347    prod_r0_i_125_n_0
                         LUT6 (Prop_lut6_I3_O)        0.124     5.471 r  prod_r0_i_65/O
                         net (fo=1, unplaced)         0.665     6.136    prod_r0_i_65_n_0
                         LUT6 (Prop_lut6_I0_O)        0.124     6.260 r  prod_r0_i_23/O
                         net (fo=1, unplaced)         0.000     6.260    prod_r0_i_23_n_0
                         MUXF7 (Prop_muxf7_I0_O)      0.241     6.501 r  prod_r0_i_10/O
                         net (fo=1, unplaced)         0.452     6.953    prod_r0_i_10_n_0
                         LUT2 (Prop_lut2_I0_O)        0.298     7.251 r  prod_r0_i_2/O
                         net (fo=1, unplaced)         0.803     8.054    wgt811_return[6]
                         DSP48E1 (Prop_dsp48e1_B[6]_P[23])
                                                      3.656    11.710 r  prod_r0/P[23]
                         net (fo=1, unplaced)         0.803    12.513    prod_r0_n_82
                         LUT5 (Prop_lut5_I0_O)        0.124    12.637 r  prod_r[63]_i_5/O
                         net (fo=1, unplaced)         0.000    12.637    prod_r[63]_i_5_n_0
                         MUXF7 (Prop_muxf7_I1_O)      0.247    12.884 r  prod_r_reg[63]_i_3/O
                         net (fo=25, unplaced)        0.517    13.401    prod_r_reg[63]_i_3_n_0
                         LUT6 (Prop_lut6_I5_O)        0.298    13.699 r  prod_r[28]_i_1/O
                         net (fo=1, unplaced)         0.000    13.699    prod_r__0[28]
                         FDCE                                         r  prod_r_reg[28]/D
  -------------------------------------------------------------------    -------------------

                         (clock clk rise edge)       10.000    10.000 r  <hidden>
                                                      0.000    10.000 r  clk
                         net (fo=43210, unset)        0.924    10.924    clk
                         FDCE                                         r  prod_r_reg[28]/C
                         clock pessimism              0.000    10.924    <hidden>
                         clock uncertainty           -0.035    10.889    <hidden>
                         FDCE (Setup_fdce_C_D)        0.044    10.933    prod_r_reg[28]
  -------------------------------------------------------------------
                         required time                         10.933    <hidden>
                         arrival time                         -13.699    <hidden>
  -------------------------------------------------------------------
                         slack                                 -2.766    <hidden>

Slack (VIOLATED) :        -2.766ns  (required time - arrival time)
  Source:                 di_reg[4]/C
                            (rising edge-triggered cell FDCE clocked by clk  {rise@0.000ns fall@5.000ns period=10.000ns})
  Destination:            prod_r_reg[29]/D
                            (rising edge-triggered cell FDCE clocked by clk  {rise@0.000ns fall@5.000ns period=10.000ns})
  Path Group:             clk
  Path Type:              Setup (Max at Slow Process Corner)
  Requirement:            10.000ns  (clk rise@10.000ns - clk rise@0.000ns)
  Data Path Delay:        12.726ns  (logic 6.742ns (52.979%)  route 5.984ns (47.021%))
  Logic Levels:           11  (CARRY4=1 DSP48E1=1 LUT2=1 LUT5=1 LUT6=5 MUXF7=2)
  Clock Path Skew:        -0.049ns (DCD - SCD + CPR)
    Destination Clock Delay (DCD):    0.924ns = ( 10.924 - 10.000 ) 
    Source Clock Delay      (SCD):    0.973ns
    Clock Pessimism Removal (CPR):    0.000ns
  Clock Uncertainty:      0.035ns  ((TSJ^2 + TIJ^2)^1/2 + DJ) / 2 + PE
    Total System Jitter     (TSJ):    0.071ns
    Total Input Jitter      (TIJ):    0.000ns
    Discrete Jitter          (DJ):    0.000ns
    Phase Error              (PE):    0.000ns

    Location             Delay type                Incr(ns)  Path(ns)    Netlist Resource(s)
  -------------------------------------------------------------------    -------------------
                         (clock clk rise edge)        0.000     0.000 r  <hidden>
                                                      0.000     0.000 r  clk
                         net (fo=43210, unset)        0.973     0.973    clk
                         FDCE                                         r  di_reg[4]/C
  -------------------------------------------------------------------    -------------------
                         FDCE (Prop_fdce_C_Q)         0.478     1.451 r  di_reg[4]/Q
                         net (fo=1834, unplaced)      0.806     2.257    di_reg_n_0_[4]
                         CARRY4 (Prop_carry4_S[0]_O[1])
                                                      0.722     2.979 r  g0_b0__4_i_1/O[1]
                         net (fo=848, unplaced)       0.452     3.431    sel__0[5]
                         LUT6 (Prop_lut6_I5_O)        0.306     3.737 r  g54_b7/O
                         net (fo=2, unplaced)         0.743     4.480    g54_b7_n_0
                         LUT6 (Prop_lut6_I1_O)        0.124     4.604 r  prod_r0_i_125/O
                         net (fo=2, unplaced)         0.743     5.347    prod_r0_i_125_n_0
                         LUT6 (Prop_lut6_I3_O)        0.124     5.471 r  prod_r0_i_65/O
                         net (fo=1, unplaced)         0.665     6.136    prod_r0_i_65_n_0
                         LUT6 (Prop_lut6_I0_O)        0.124     6.260 r  prod_r0_i_23/O
                         net (fo=1, unplaced)         0.000     6.260    prod_r0_i_23_n_0
                         MUXF7 (Prop_muxf7_I0_O)      0.241     6.501 r  prod_r0_i_10/O
                         net (fo=1, unplaced)         0.452     6.953    prod_r0_i_10_n_0
                         LUT2 (Prop_lut2_I0_O)        0.298     7.251 r  prod_r0_i_2/O
                         net (fo=1, unplaced)         0.803     8.054    wgt811_return[6]
                         DSP48E1 (Prop_dsp48e1_B[6]_P[23])
                                                      3.656    11.710 r  prod_r0/P[23]
                         net (fo=1, unplaced)         0.803    12.513    prod_r0_n_82
                         LUT5 (Prop_lut5_I0_O)        0.124    12.637 r  prod_r[63]_i_5/O
                         net (fo=1, unplaced)         0.000    12.637    prod_r[63]_i_5_n_0
                         MUXF7 (Prop_muxf7_I1_O)      0.247    12.884 r  prod_r_reg[63]_i_3/O
                         net (fo=25, unplaced)        0.517    13.401    prod_r_reg[63]_i_3_n_0
                         LUT6 (Prop_lut6_I5_O)        0.298    13.699 r  prod_r[29]_i_1/O
                         net (fo=1, unplaced)         0.000    13.699    prod_r__0[29]
                         FDCE                                         r  prod_r_reg[29]/D
  -------------------------------------------------------------------    -------------------

                         (clock clk rise edge)       10.000    10.000 r  <hidden>
                                                      0.000    10.000 r  clk
                         net (fo=43210, unset)        0.924    10.924    clk
                         FDCE                                         r  prod_r_reg[29]/C
                         clock pessimism              0.000    10.924    <hidden>
                         clock uncertainty           -0.035    10.889    <hidden>
                         FDCE (Setup_fdce_C_D)        0.044    10.933    prod_r_reg[29]
  -------------------------------------------------------------------
                         required time                         10.933    <hidden>
                         arrival time                         -13.699    <hidden>
  -------------------------------------------------------------------
                         slack                                 -2.766    <hidden>

Slack (VIOLATED) :        -2.766ns  (required time - arrival time)
  Source:                 di_reg[4]/C
                            (rising edge-triggered cell FDCE clocked by clk  {rise@0.000ns fall@5.000ns period=10.000ns})
  Destination:            prod_r_reg[30]/D
                            (rising edge-triggered cell FDCE clocked by clk  {rise@0.000ns fall@5.000ns period=10.000ns})
  Path Group:             clk
  Path Type:              Setup (Max at Slow Process Corner)
  Requirement:            10.000ns  (clk rise@10.000ns - clk rise@0.000ns)
  Data Path Delay:        12.726ns  (logic 6.742ns (52.979%)  route 5.984ns (47.021%))
  Logic Levels:           11  (CARRY4=1 DSP48E1=1 LUT2=1 LUT5=1 LUT6=5 MUXF7=2)
  Clock Path Skew:        -0.049ns (DCD - SCD + CPR)
    Destination Clock Delay (DCD):    0.924ns = ( 10.924 - 10.000 ) 
    Source Clock Delay      (SCD):    0.973ns
    Clock Pessimism Removal (CPR):    0.000ns
  Clock Uncertainty:      0.035ns  ((TSJ^2 + TIJ^2)^1/2 + DJ) / 2 + PE
    Total System Jitter     (TSJ):    0.071ns
    Total Input Jitter      (TIJ):    0.000ns
    Discrete Jitter          (DJ):    0.000ns
    Phase Error              (PE):    0.000ns

    Location             Delay type                Incr(ns)  Path(ns)    Netlist Resource(s)
  -------------------------------------------------------------------    -------------------
                         (clock clk rise edge)        0.000     0.000 r  <hidden>
                                                      0.000     0.000 r  clk
                         net (fo=43210, unset)        0.973     0.973    clk
                         FDCE                                         r  di_reg[4]/C
  -------------------------------------------------------------------    -------------------
                         FDCE (Prop_fdce_C_Q)         0.478     1.451 r  di_reg[4]/Q
                         net (fo=1834, unplaced)      0.806     2.257    di_reg_n_0_[4]
                         CARRY4 (Prop_carry4_S[0]_O[1])
                                                      0.722     2.979 r  g0_b0__4_i_1/O[1]
                         net (fo=848, unplaced)       0.452     3.431    sel__0[5]
                         LUT6 (Prop_lut6_I5_O)        0.306     3.737 r  g54_b7/O
                         net (fo=2, unplaced)         0.743     4.480    g54_b7_n_0
                         LUT6 (Prop_lut6_I1_O)        0.124     4.604 r  prod_r0_i_125/O
                         net (fo=2, unplaced)         0.743     5.347    prod_r0_i_125_n_0
                         LUT6 (Prop_lut6_I3_O)        0.124     5.471 r  prod_r0_i_65/O
                         net (fo=1, unplaced)         0.665     6.136    prod_r0_i_65_n_0
                         LUT6 (Prop_lut6_I0_O)        0.124     6.260 r  prod_r0_i_23/O
                         net (fo=1, unplaced)         0.000     6.260    prod_r0_i_23_n_0
                         MUXF7 (Prop_muxf7_I0_O)      0.241     6.501 r  prod_r0_i_10/O
                         net (fo=1, unplaced)         0.452     6.953    prod_r0_i_10_n_0
                         LUT2 (Prop_lut2_I0_O)        0.298     7.251 r  prod_r0_i_2/O
                         net (fo=1, unplaced)         0.803     8.054    wgt811_return[6]
                         DSP48E1 (Prop_dsp48e1_B[6]_P[23])
                                                      3.656    11.710 r  prod_r0/P[23]
                         net (fo=1, unplaced)         0.803    12.513    prod_r0_n_82
                         LUT5 (Prop_lut5_I0_O)        0.124    12.637 r  prod_r[63]_i_5/O
                         net (fo=1, unplaced)         0.000    12.637    prod_r[63]_i_5_n_0
                         MUXF7 (Prop_muxf7_I1_O)      0.247    12.884 r  prod_r_reg[63]_i_3/O
                         net (fo=25, unplaced)        0.517    13.401    prod_r_reg[63]_i_3_n_0
                         LUT6 (Prop_lut6_I5_O)        0.298    13.699 r  prod_r[30]_i_1/O
                         net (fo=1, unplaced)         0.000    13.699    prod_r__0[30]
                         FDCE                                         r  prod_r_reg[30]/D
  -------------------------------------------------------------------    -------------------

                         (clock clk rise edge)       10.000    10.000 r  <hidden>
                                                      0.000    10.000 r  clk
                         net (fo=43210, unset)        0.924    10.924    clk
                         FDCE                                         r  prod_r_reg[30]/C
                         clock pessimism              0.000    10.924    <hidden>
                         clock uncertainty           -0.035    10.889    <hidden>
                         FDCE (Setup_fdce_C_D)        0.044    10.933    prod_r_reg[30]
  -------------------------------------------------------------------
                         required time                         10.933    <hidden>
                         arrival time                         -13.699    <hidden>
  -------------------------------------------------------------------
                         slack                                 -2.766    <hidden>

Slack (VIOLATED) :        -2.766ns  (required time - arrival time)
  Source:                 di_reg[4]/C
                            (rising edge-triggered cell FDCE clocked by clk  {rise@0.000ns fall@5.000ns period=10.000ns})
  Destination:            prod_r_reg[31]/D
                            (rising edge-triggered cell FDCE clocked by clk  {rise@0.000ns fall@5.000ns period=10.000ns})
  Path Group:             clk
  Path Type:              Setup (Max at Slow Process Corner)
  Requirement:            10.000ns  (clk rise@10.000ns - clk rise@0.000ns)
  Data Path Delay:        12.726ns  (logic 6.742ns (52.979%)  route 5.984ns (47.021%))
  Logic Levels:           11  (CARRY4=1 DSP48E1=1 LUT2=1 LUT5=1 LUT6=5 MUXF7=2)
  Clock Path Skew:        -0.049ns (DCD - SCD + CPR)
    Destination Clock Delay (DCD):    0.924ns = ( 10.924 - 10.000 ) 
    Source Clock Delay      (SCD):    0.973ns
    Clock Pessimism Removal (CPR):    0.000ns
  Clock Uncertainty:      0.035ns  ((TSJ^2 + TIJ^2)^1/2 + DJ) / 2 + PE
    Total System Jitter     (TSJ):    0.071ns
    Total Input Jitter      (TIJ):    0.000ns
    Discrete Jitter          (DJ):    0.000ns
    Phase Error              (PE):    0.000ns

    Location             Delay type                Incr(ns)  Path(ns)    Netlist Resource(s)
  -------------------------------------------------------------------    -------------------
                         (clock clk rise edge)        0.000     0.000 r  <hidden>
                                                      0.000     0.000 r  clk
                         net (fo=43210, unset)        0.973     0.973    clk
                         FDCE                                         r  di_reg[4]/C
  -------------------------------------------------------------------    -------------------
                         FDCE (Prop_fdce_C_Q)         0.478     1.451 r  di_reg[4]/Q
                         net (fo=1834, unplaced)      0.806     2.257    di_reg_n_0_[4]
                         CARRY4 (Prop_carry4_S[0]_O[1])
                                                      0.722     2.979 r  g0_b0__4_i_1/O[1]
                         net (fo=848, unplaced)       0.452     3.431    sel__0[5]
                         LUT6 (Prop_lut6_I5_O)        0.306     3.737 r  g54_b7/O
                         net (fo=2, unplaced)         0.743     4.480    g54_b7_n_0
                         LUT6 (Prop_lut6_I1_O)        0.124     4.604 r  prod_r0_i_125/O
                         net (fo=2, unplaced)         0.743     5.347    prod_r0_i_125_n_0
                         LUT6 (Prop_lut6_I3_O)        0.124     5.471 r  prod_r0_i_65/O
                         net (fo=1, unplaced)         0.665     6.136    prod_r0_i_65_n_0
                         LUT6 (Prop_lut6_I0_O)        0.124     6.260 r  prod_r0_i_23/O
                         net (fo=1, unplaced)         0.000     6.260    prod_r0_i_23_n_0
                         MUXF7 (Prop_muxf7_I0_O)      0.241     6.501 r  prod_r0_i_10/O
                         net (fo=1, unplaced)         0.452     6.953    prod_r0_i_10_n_0
                         LUT2 (Prop_lut2_I0_O)        0.298     7.251 r  prod_r0_i_2/O
                         net (fo=1, unplaced)         0.803     8.054    wgt811_return[6]
                         DSP48E1 (Prop_dsp48e1_B[6]_P[23])
                                                      3.656    11.710 r  prod_r0/P[23]
                         net (fo=1, unplaced)         0.803    12.513    prod_r0_n_82
                         LUT5 (Prop_lut5_I0_O)        0.124    12.637 r  prod_r[63]_i_5/O
                         net (fo=1, unplaced)         0.000    12.637    prod_r[63]_i_5_n_0
                         MUXF7 (Prop_muxf7_I1_O)      0.247    12.884 r  prod_r_reg[63]_i_3/O
                         net (fo=25, unplaced)        0.517    13.401    prod_r_reg[63]_i_3_n_0
                         LUT6 (Prop_lut6_I5_O)        0.298    13.699 r  prod_r[31]_i_1/O
                         net (fo=1, unplaced)         0.000    13.699    prod_r__0[31]
                         FDCE                                         r  prod_r_reg[31]/D
  -------------------------------------------------------------------    -------------------

                         (clock clk rise edge)       10.000    10.000 r  <hidden>
                                                      0.000    10.000 r  clk
                         net (fo=43210, unset)        0.924    10.924    clk
                         FDCE                                         r  prod_r_reg[31]/C
                         clock pessimism              0.000    10.924    <hidden>
                         clock uncertainty           -0.035    10.889    <hidden>
                         FDCE (Setup_fdce_C_D)        0.044    10.933    prod_r_reg[31]
  -------------------------------------------------------------------
                         required time                         10.933    <hidden>
                         arrival time                         -13.699    <hidden>
  -------------------------------------------------------------------
                         slack                                 -2.766    <hidden>

Slack (VIOLATED) :        -2.766ns  (required time - arrival time)
  Source:                 di_reg[4]/C
                            (rising edge-triggered cell FDCE clocked by clk  {rise@0.000ns fall@5.000ns period=10.000ns})
  Destination:            prod_r_reg[32]/D
                            (rising edge-triggered cell FDCE clocked by clk  {rise@0.000ns fall@5.000ns period=10.000ns})
  Path Group:             clk
  Path Type:              Setup (Max at Slow Process Corner)
  Requirement:            10.000ns  (clk rise@10.000ns - clk rise@0.000ns)
  Data Path Delay:        12.726ns  (logic 6.742ns (52.979%)  route 5.984ns (47.021%))
  Logic Levels:           11  (CARRY4=1 DSP48E1=1 LUT2=1 LUT5=1 LUT6=5 MUXF7=2)
  Clock Path Skew:        -0.049ns (DCD - SCD + CPR)
    Destination Clock Delay (DCD):    0.924ns = ( 10.924 - 10.000 ) 
    Source Clock Delay      (SCD):    0.973ns
    Clock Pessimism Removal (CPR):    0.000ns
  Clock Uncertainty:      0.035ns  ((TSJ^2 + TIJ^2)^1/2 + DJ) / 2 + PE
    Total System Jitter     (TSJ):    0.071ns
    Total Input Jitter      (TIJ):    0.000ns
    Discrete Jitter          (DJ):    0.000ns
    Phase Error              (PE):    0.000ns

    Location             Delay type                Incr(ns)  Path(ns)    Netlist Resource(s)
  -------------------------------------------------------------------    -------------------
                         (clock clk rise edge)        0.000     0.000 r  <hidden>
                                                      0.000     0.000 r  clk
                         net (fo=43210, unset)        0.973     0.973    clk
                         FDCE                                         r  di_reg[4]/C
  -------------------------------------------------------------------    -------------------
                         FDCE (Prop_fdce_C_Q)         0.478     1.451 r  di_reg[4]/Q
                         net (fo=1834, unplaced)      0.806     2.257    di_reg_n_0_[4]
                         CARRY4 (Prop_carry4_S[0]_O[1])
                                                      0.722     2.979 r  g0_b0__4_i_1/O[1]
                         net (fo=848, unplaced)       0.452     3.431    sel__0[5]
                         LUT6 (Prop_lut6_I5_O)        0.306     3.737 r  g54_b7/O
                         net (fo=2, unplaced)         0.743     4.480    g54_b7_n_0
                         LUT6 (Prop_lut6_I1_O)        0.124     4.604 r  prod_r0_i_125/O
                         net (fo=2, unplaced)         0.743     5.347    prod_r0_i_125_n_0
                         LUT6 (Prop_lut6_I3_O)        0.124     5.471 r  prod_r0_i_65/O
                         net (fo=1, unplaced)         0.665     6.136    prod_r0_i_65_n_0
                         LUT6 (Prop_lut6_I0_O)        0.124     6.260 r  prod_r0_i_23/O
                         net (fo=1, unplaced)         0.000     6.260    prod_r0_i_23_n_0
                         MUXF7 (Prop_muxf7_I0_O)      0.241     6.501 r  prod_r0_i_10/O
                         net (fo=1, unplaced)         0.452     6.953    prod_r0_i_10_n_0
                         LUT2 (Prop_lut2_I0_O)        0.298     7.251 r  prod_r0_i_2/O
                         net (fo=1, unplaced)         0.803     8.054    wgt811_return[6]
                         DSP48E1 (Prop_dsp48e1_B[6]_P[23])
                                                      3.656    11.710 r  prod_r0/P[23]
                         net (fo=1, unplaced)         0.803    12.513    prod_r0_n_82
                         LUT5 (Prop_lut5_I0_O)        0.124    12.637 r  prod_r[63]_i_5/O
                         net (fo=1, unplaced)         0.000    12.637    prod_r[63]_i_5_n_0
                         MUXF7 (Prop_muxf7_I1_O)      0.247    12.884 r  prod_r_reg[63]_i_3/O
                         net (fo=25, unplaced)        0.517    13.401    prod_r_reg[63]_i_3_n_0
                         LUT6 (Prop_lut6_I5_O)        0.298    13.699 r  prod_r[32]_i_1/O
                         net (fo=1, unplaced)         0.000    13.699    prod_r__0[32]
                         FDCE                                         r  prod_r_reg[32]/D
  -------------------------------------------------------------------    -------------------

                         (clock clk rise edge)       10.000    10.000 r  <hidden>
                                                      0.000    10.000 r  clk
                         net (fo=43210, unset)        0.924    10.924    clk
                         FDCE                                         r  prod_r_reg[32]/C
                         clock pessimism              0.000    10.924    <hidden>
                         clock uncertainty           -0.035    10.889    <hidden>
                         FDCE (Setup_fdce_C_D)        0.044    10.933    prod_r_reg[32]
  -------------------------------------------------------------------
                         required time                         10.933    <hidden>
                         arrival time                         -13.699    <hidden>
  -------------------------------------------------------------------
                         slack                                 -2.766    <hidden>

Slack (VIOLATED) :        -2.766ns  (required time - arrival time)
  Source:                 di_reg[4]/C
                            (rising edge-triggered cell FDCE clocked by clk  {rise@0.000ns fall@5.000ns period=10.000ns})
  Destination:            prod_r_reg[33]/D
                            (rising edge-triggered cell FDCE clocked by clk  {rise@0.000ns fall@5.000ns period=10.000ns})
  Path Group:             clk
  Path Type:              Setup (Max at Slow Process Corner)
  Requirement:            10.000ns  (clk rise@10.000ns - clk rise@0.000ns)
  Data Path Delay:        12.726ns  (logic 6.742ns (52.979%)  route 5.984ns (47.021%))
  Logic Levels:           11  (CARRY4=1 DSP48E1=1 LUT2=1 LUT5=1 LUT6=5 MUXF7=2)
  Clock Path Skew:        -0.049ns (DCD - SCD + CPR)
    Destination Clock Delay (DCD):    0.924ns = ( 10.924 - 10.000 ) 
    Source Clock Delay      (SCD):    0.973ns
    Clock Pessimism Removal (CPR):    0.000ns
  Clock Uncertainty:      0.035ns  ((TSJ^2 + TIJ^2)^1/2 + DJ) / 2 + PE
    Total System Jitter     (TSJ):    0.071ns
    Total Input Jitter      (TIJ):    0.000ns
    Discrete Jitter          (DJ):    0.000ns
    Phase Error              (PE):    0.000ns

    Location             Delay type                Incr(ns)  Path(ns)    Netlist Resource(s)
  -------------------------------------------------------------------    -------------------
                         (clock clk rise edge)        0.000     0.000 r  <hidden>
                                                      0.000     0.000 r  clk
                         net (fo=43210, unset)        0.973     0.973    clk
                         FDCE                                         r  di_reg[4]/C
  -------------------------------------------------------------------    -------------------
                         FDCE (Prop_fdce_C_Q)         0.478     1.451 r  di_reg[4]/Q
                         net (fo=1834, unplaced)      0.806     2.257    di_reg_n_0_[4]
                         CARRY4 (Prop_carry4_S[0]_O[1])
                                                      0.722     2.979 r  g0_b0__4_i_1/O[1]
                         net (fo=848, unplaced)       0.452     3.431    sel__0[5]
                         LUT6 (Prop_lut6_I5_O)        0.306     3.737 r  g54_b7/O
                         net (fo=2, unplaced)         0.743     4.480    g54_b7_n_0
                         LUT6 (Prop_lut6_I1_O)        0.124     4.604 r  prod_r0_i_125/O
                         net (fo=2, unplaced)         0.743     5.347    prod_r0_i_125_n_0
                         LUT6 (Prop_lut6_I3_O)        0.124     5.471 r  prod_r0_i_65/O
                         net (fo=1, unplaced)         0.665     6.136    prod_r0_i_65_n_0
                         LUT6 (Prop_lut6_I0_O)        0.124     6.260 r  prod_r0_i_23/O
                         net (fo=1, unplaced)         0.000     6.260    prod_r0_i_23_n_0
                         MUXF7 (Prop_muxf7_I0_O)      0.241     6.501 r  prod_r0_i_10/O
                         net (fo=1, unplaced)         0.452     6.953    prod_r0_i_10_n_0
                         LUT2 (Prop_lut2_I0_O)        0.298     7.251 r  prod_r0_i_2/O
                         net (fo=1, unplaced)         0.803     8.054    wgt811_return[6]
                         DSP48E1 (Prop_dsp48e1_B[6]_P[23])
                                                      3.656    11.710 r  prod_r0/P[23]
                         net (fo=1, unplaced)         0.803    12.513    prod_r0_n_82
                         LUT5 (Prop_lut5_I0_O)        0.124    12.637 r  prod_r[63]_i_5/O
                         net (fo=1, unplaced)         0.000    12.637    prod_r[63]_i_5_n_0
                         MUXF7 (Prop_muxf7_I1_O)      0.247    12.884 r  prod_r_reg[63]_i_3/O
                         net (fo=25, unplaced)        0.517    13.401    prod_r_reg[63]_i_3_n_0
                         LUT6 (Prop_lut6_I5_O)        0.298    13.699 r  prod_r[33]_i_1/O
                         net (fo=1, unplaced)         0.000    13.699    prod_r__0[33]
                         FDCE                                         r  prod_r_reg[33]/D
  -------------------------------------------------------------------    -------------------

                         (clock clk rise edge)       10.000    10.000 r  <hidden>
                                                      0.000    10.000 r  clk
                         net (fo=43210, unset)        0.924    10.924    clk
                         FDCE                                         r  prod_r_reg[33]/C
                         clock pessimism              0.000    10.924    <hidden>
                         clock uncertainty           -0.035    10.889    <hidden>
                         FDCE (Setup_fdce_C_D)        0.044    10.933    prod_r_reg[33]
  -------------------------------------------------------------------
                         required time                         10.933    <hidden>
                         arrival time                         -13.699    <hidden>
  -------------------------------------------------------------------
                         slack                                 -2.766    <hidden>

Slack (VIOLATED) :        -2.766ns  (required time - arrival time)
  Source:                 di_reg[4]/C
                            (rising edge-triggered cell FDCE clocked by clk  {rise@0.000ns fall@5.000ns period=10.000ns})
  Destination:            prod_r_reg[34]/D
                            (rising edge-triggered cell FDCE clocked by clk  {rise@0.000ns fall@5.000ns period=10.000ns})
  Path Group:             clk
  Path Type:              Setup (Max at Slow Process Corner)
  Requirement:            10.000ns  (clk rise@10.000ns - clk rise@0.000ns)
  Data Path Delay:        12.726ns  (logic 6.742ns (52.979%)  route 5.984ns (47.021%))
  Logic Levels:           11  (CARRY4=1 DSP48E1=1 LUT2=1 LUT5=1 LUT6=5 MUXF7=2)
  Clock Path Skew:        -0.049ns (DCD - SCD + CPR)
    Destination Clock Delay (DCD):    0.924ns = ( 10.924 - 10.000 ) 
    Source Clock Delay      (SCD):    0.973ns
    Clock Pessimism Removal (CPR):    0.000ns
  Clock Uncertainty:      0.035ns  ((TSJ^2 + TIJ^2)^1/2 + DJ) / 2 + PE
    Total System Jitter     (TSJ):    0.071ns
    Total Input Jitter      (TIJ):    0.000ns
    Discrete Jitter          (DJ):    0.000ns
    Phase Error              (PE):    0.000ns

    Location             Delay type                Incr(ns)  Path(ns)    Netlist Resource(s)
  -------------------------------------------------------------------    -------------------
                         (clock clk rise edge)        0.000     0.000 r  <hidden>
                                                      0.000     0.000 r  clk
                         net (fo=43210, unset)        0.973     0.973    clk
                         FDCE                                         r  di_reg[4]/C
  -------------------------------------------------------------------    -------------------
                         FDCE (Prop_fdce_C_Q)         0.478     1.451 r  di_reg[4]/Q
                         net (fo=1834, unplaced)      0.806     2.257    di_reg_n_0_[4]
                         CARRY4 (Prop_carry4_S[0]_O[1])
                                                      0.722     2.979 r  g0_b0__4_i_1/O[1]
                         net (fo=848, unplaced)       0.452     3.431    sel__0[5]
                         LUT6 (Prop_lut6_I5_O)        0.306     3.737 r  g54_b7/O
                         net (fo=2, unplaced)         0.743     4.480    g54_b7_n_0
                         LUT6 (Prop_lut6_I1_O)        0.124     4.604 r  prod_r0_i_125/O
                         net (fo=2, unplaced)         0.743     5.347    prod_r0_i_125_n_0
                         LUT6 (Prop_lut6_I3_O)        0.124     5.471 r  prod_r0_i_65/O
                         net (fo=1, unplaced)         0.665     6.136    prod_r0_i_65_n_0
                         LUT6 (Prop_lut6_I0_O)        0.124     6.260 r  prod_r0_i_23/O
                         net (fo=1, unplaced)         0.000     6.260    prod_r0_i_23_n_0
                         MUXF7 (Prop_muxf7_I0_O)      0.241     6.501 r  prod_r0_i_10/O
                         net (fo=1, unplaced)         0.452     6.953    prod_r0_i_10_n_0
                         LUT2 (Prop_lut2_I0_O)        0.298     7.251 r  prod_r0_i_2/O
                         net (fo=1, unplaced)         0.803     8.054    wgt811_return[6]
                         DSP48E1 (Prop_dsp48e1_B[6]_P[23])
                                                      3.656    11.710 r  prod_r0/P[23]
                         net (fo=1, unplaced)         0.803    12.513    prod_r0_n_82
                         LUT5 (Prop_lut5_I0_O)        0.124    12.637 r  prod_r[63]_i_5/O
                         net (fo=1, unplaced)         0.000    12.637    prod_r[63]_i_5_n_0
                         MUXF7 (Prop_muxf7_I1_O)      0.247    12.884 r  prod_r_reg[63]_i_3/O
                         net (fo=25, unplaced)        0.517    13.401    prod_r_reg[63]_i_3_n_0
                         LUT6 (Prop_lut6_I5_O)        0.298    13.699 r  prod_r[34]_i_1/O
                         net (fo=1, unplaced)         0.000    13.699    prod_r__0[34]
                         FDCE                                         r  prod_r_reg[34]/D
  -------------------------------------------------------------------    -------------------

                         (clock clk rise edge)       10.000    10.000 r  <hidden>
                                                      0.000    10.000 r  clk
                         net (fo=43210, unset)        0.924    10.924    clk
                         FDCE                                         r  prod_r_reg[34]/C
                         clock pessimism              0.000    10.924    <hidden>
                         clock uncertainty           -0.035    10.889    <hidden>
                         FDCE (Setup_fdce_C_D)        0.044    10.933    prod_r_reg[34]
  -------------------------------------------------------------------
                         required time                         10.933    <hidden>
                         arrival time                         -13.699    <hidden>
  -------------------------------------------------------------------
                         slack                                 -2.766    <hidden>

Slack (VIOLATED) :        -2.766ns  (required time - arrival time)
  Source:                 di_reg[4]/C
                            (rising edge-triggered cell FDCE clocked by clk  {rise@0.000ns fall@5.000ns period=10.000ns})
  Destination:            prod_r_reg[35]/D
                            (rising edge-triggered cell FDCE clocked by clk  {rise@0.000ns fall@5.000ns period=10.000ns})
  Path Group:             clk
  Path Type:              Setup (Max at Slow Process Corner)
  Requirement:            10.000ns  (clk rise@10.000ns - clk rise@0.000ns)
  Data Path Delay:        12.726ns  (logic 6.742ns (52.979%)  route 5.984ns (47.021%))
  Logic Levels:           11  (CARRY4=1 DSP48E1=1 LUT2=1 LUT5=1 LUT6=5 MUXF7=2)
  Clock Path Skew:        -0.049ns (DCD - SCD + CPR)
    Destination Clock Delay (DCD):    0.924ns = ( 10.924 - 10.000 ) 
    Source Clock Delay      (SCD):    0.973ns
    Clock Pessimism Removal (CPR):    0.000ns
  Clock Uncertainty:      0.035ns  ((TSJ^2 + TIJ^2)^1/2 + DJ) / 2 + PE
    Total System Jitter     (TSJ):    0.071ns
    Total Input Jitter      (TIJ):    0.000ns
    Discrete Jitter          (DJ):    0.000ns
    Phase Error              (PE):    0.000ns

    Location             Delay type                Incr(ns)  Path(ns)    Netlist Resource(s)
  -------------------------------------------------------------------    -------------------
                         (clock clk rise edge)        0.000     0.000 r  <hidden>
                                                      0.000     0.000 r  clk
                         net (fo=43210, unset)        0.973     0.973    clk
                         FDCE                                         r  di_reg[4]/C
  -------------------------------------------------------------------    -------------------
                         FDCE (Prop_fdce_C_Q)         0.478     1.451 r  di_reg[4]/Q
                         net (fo=1834, unplaced)      0.806     2.257    di_reg_n_0_[4]
                         CARRY4 (Prop_carry4_S[0]_O[1])
                                                      0.722     2.979 r  g0_b0__4_i_1/O[1]
                         net (fo=848, unplaced)       0.452     3.431    sel__0[5]
                         LUT6 (Prop_lut6_I5_O)        0.306     3.737 r  g54_b7/O
                         net (fo=2, unplaced)         0.743     4.480    g54_b7_n_0
                         LUT6 (Prop_lut6_I1_O)        0.124     4.604 r  prod_r0_i_125/O
                         net (fo=2, unplaced)         0.743     5.347    prod_r0_i_125_n_0
                         LUT6 (Prop_lut6_I3_O)        0.124     5.471 r  prod_r0_i_65/O
                         net (fo=1, unplaced)         0.665     6.136    prod_r0_i_65_n_0
                         LUT6 (Prop_lut6_I0_O)        0.124     6.260 r  prod_r0_i_23/O
                         net (fo=1, unplaced)         0.000     6.260    prod_r0_i_23_n_0
                         MUXF7 (Prop_muxf7_I0_O)      0.241     6.501 r  prod_r0_i_10/O
                         net (fo=1, unplaced)         0.452     6.953    prod_r0_i_10_n_0
                         LUT2 (Prop_lut2_I0_O)        0.298     7.251 r  prod_r0_i_2/O
                         net (fo=1, unplaced)         0.803     8.054    wgt811_return[6]
                         DSP48E1 (Prop_dsp48e1_B[6]_P[23])
                                                      3.656    11.710 r  prod_r0/P[23]
                         net (fo=1, unplaced)         0.803    12.513    prod_r0_n_82
                         LUT5 (Prop_lut5_I0_O)        0.124    12.637 r  prod_r[63]_i_5/O
                         net (fo=1, unplaced)         0.000    12.637    prod_r[63]_i_5_n_0
                         MUXF7 (Prop_muxf7_I1_O)      0.247    12.884 r  prod_r_reg[63]_i_3/O
                         net (fo=25, unplaced)        0.517    13.401    prod_r_reg[63]_i_3_n_0
                         LUT6 (Prop_lut6_I5_O)        0.298    13.699 r  prod_r[35]_i_1/O
                         net (fo=1, unplaced)         0.000    13.699    prod_r__0[35]
                         FDCE                                         r  prod_r_reg[35]/D
  -------------------------------------------------------------------    -------------------

                         (clock clk rise edge)       10.000    10.000 r  <hidden>
                                                      0.000    10.000 r  clk
                         net (fo=43210, unset)        0.924    10.924    clk
                         FDCE                                         r  prod_r_reg[35]/C
                         clock pessimism              0.000    10.924    <hidden>
                         clock uncertainty           -0.035    10.889    <hidden>
                         FDCE (Setup_fdce_C_D)        0.044    10.933    prod_r_reg[35]
  -------------------------------------------------------------------
                         required time                         10.933    <hidden>
                         arrival time                         -13.699    <hidden>
  -------------------------------------------------------------------
                         slack                                 -2.766    <hidden>

Slack (VIOLATED) :        -2.766ns  (required time - arrival time)
  Source:                 di_reg[4]/C
                            (rising edge-triggered cell FDCE clocked by clk  {rise@0.000ns fall@5.000ns period=10.000ns})
  Destination:            prod_r_reg[36]/D
                            (rising edge-triggered cell FDCE clocked by clk  {rise@0.000ns fall@5.000ns period=10.000ns})
  Path Group:             clk
  Path Type:              Setup (Max at Slow Process Corner)
  Requirement:            10.000ns  (clk rise@10.000ns - clk rise@0.000ns)
  Data Path Delay:        12.726ns  (logic 6.742ns (52.979%)  route 5.984ns (47.021%))
  Logic Levels:           11  (CARRY4=1 DSP48E1=1 LUT2=1 LUT5=1 LUT6=5 MUXF7=2)
  Clock Path Skew:        -0.049ns (DCD - SCD + CPR)
    Destination Clock Delay (DCD):    0.924ns = ( 10.924 - 10.000 ) 
    Source Clock Delay      (SCD):    0.973ns
    Clock Pessimism Removal (CPR):    0.000ns
  Clock Uncertainty:      0.035ns  ((TSJ^2 + TIJ^2)^1/2 + DJ) / 2 + PE
    Total System Jitter     (TSJ):    0.071ns
    Total Input Jitter      (TIJ):    0.000ns
    Discrete Jitter          (DJ):    0.000ns
    Phase Error              (PE):    0.000ns

    Location             Delay type                Incr(ns)  Path(ns)    Netlist Resource(s)
  -------------------------------------------------------------------    -------------------
                         (clock clk rise edge)        0.000     0.000 r  <hidden>
                                                      0.000     0.000 r  clk
                         net (fo=43210, unset)        0.973     0.973    clk
                         FDCE                                         r  di_reg[4]/C
  -------------------------------------------------------------------    -------------------
                         FDCE (Prop_fdce_C_Q)         0.478     1.451 r  di_reg[4]/Q
                         net (fo=1834, unplaced)      0.806     2.257    di_reg_n_0_[4]
                         CARRY4 (Prop_carry4_S[0]_O[1])
                                                      0.722     2.979 r  g0_b0__4_i_1/O[1]
                         net (fo=848, unplaced)       0.452     3.431    sel__0[5]
                         LUT6 (Prop_lut6_I5_O)        0.306     3.737 r  g54_b7/O
                         net (fo=2, unplaced)         0.743     4.480    g54_b7_n_0
                         LUT6 (Prop_lut6_I1_O)        0.124     4.604 r  prod_r0_i_125/O
                         net (fo=2, unplaced)         0.743     5.347    prod_r0_i_125_n_0
                         LUT6 (Prop_lut6_I3_O)        0.124     5.471 r  prod_r0_i_65/O
                         net (fo=1, unplaced)         0.665     6.136    prod_r0_i_65_n_0
                         LUT6 (Prop_lut6_I0_O)        0.124     6.260 r  prod_r0_i_23/O
                         net (fo=1, unplaced)         0.000     6.260    prod_r0_i_23_n_0
                         MUXF7 (Prop_muxf7_I0_O)      0.241     6.501 r  prod_r0_i_10/O
                         net (fo=1, unplaced)         0.452     6.953    prod_r0_i_10_n_0
                         LUT2 (Prop_lut2_I0_O)        0.298     7.251 r  prod_r0_i_2/O
                         net (fo=1, unplaced)         0.803     8.054    wgt811_return[6]
                         DSP48E1 (Prop_dsp48e1_B[6]_P[23])
                                                      3.656    11.710 r  prod_r0/P[23]
                         net (fo=1, unplaced)         0.803    12.513    prod_r0_n_82
                         LUT5 (Prop_lut5_I0_O)        0.124    12.637 r  prod_r[63]_i_5/O
                         net (fo=1, unplaced)         0.000    12.637    prod_r[63]_i_5_n_0
                         MUXF7 (Prop_muxf7_I1_O)      0.247    12.884 r  prod_r_reg[63]_i_3/O
                         net (fo=25, unplaced)        0.517    13.401    prod_r_reg[63]_i_3_n_0
                         LUT6 (Prop_lut6_I5_O)        0.298    13.699 r  prod_r[36]_i_1/O
                         net (fo=1, unplaced)         0.000    13.699    prod_r__0[36]
                         FDCE                                         r  prod_r_reg[36]/D
  -------------------------------------------------------------------    -------------------

                         (clock clk rise edge)       10.000    10.000 r  <hidden>
                                                      0.000    10.000 r  clk
                         net (fo=43210, unset)        0.924    10.924    clk
                         FDCE                                         r  prod_r_reg[36]/C
                         clock pessimism              0.000    10.924    <hidden>
                         clock uncertainty           -0.035    10.889    <hidden>
                         FDCE (Setup_fdce_C_D)        0.044    10.933    prod_r_reg[36]
  -------------------------------------------------------------------
                         required time                         10.933    <hidden>
                         arrival time                         -13.699    <hidden>
  -------------------------------------------------------------------
                         slack                                 -2.766    <hidden>

Slack (VIOLATED) :        -2.766ns  (required time - arrival time)
  Source:                 di_reg[4]/C
                            (rising edge-triggered cell FDCE clocked by clk  {rise@0.000ns fall@5.000ns period=10.000ns})
  Destination:            prod_r_reg[37]/D
                            (rising edge-triggered cell FDCE clocked by clk  {rise@0.000ns fall@5.000ns period=10.000ns})
  Path Group:             clk
  Path Type:              Setup (Max at Slow Process Corner)
  Requirement:            10.000ns  (clk rise@10.000ns - clk rise@0.000ns)
  Data Path Delay:        12.726ns  (logic 6.742ns (52.979%)  route 5.984ns (47.021%))
  Logic Levels:           11  (CARRY4=1 DSP48E1=1 LUT2=1 LUT5=1 LUT6=5 MUXF7=2)
  Clock Path Skew:        -0.049ns (DCD - SCD + CPR)
    Destination Clock Delay (DCD):    0.924ns = ( 10.924 - 10.000 ) 
    Source Clock Delay      (SCD):    0.973ns
    Clock Pessimism Removal (CPR):    0.000ns
  Clock Uncertainty:      0.035ns  ((TSJ^2 + TIJ^2)^1/2 + DJ) / 2 + PE
    Total System Jitter     (TSJ):    0.071ns
    Total Input Jitter      (TIJ):    0.000ns
    Discrete Jitter          (DJ):    0.000ns
    Phase Error              (PE):    0.000ns

    Location             Delay type                Incr(ns)  Path(ns)    Netlist Resource(s)
  -------------------------------------------------------------------    -------------------
                         (clock clk rise edge)        0.000     0.000 r  <hidden>
                                                      0.000     0.000 r  clk
                         net (fo=43210, unset)        0.973     0.973    clk
                         FDCE                                         r  di_reg[4]/C
  -------------------------------------------------------------------    -------------------
                         FDCE (Prop_fdce_C_Q)         0.478     1.451 r  di_reg[4]/Q
                         net (fo=1834, unplaced)      0.806     2.257    di_reg_n_0_[4]
                         CARRY4 (Prop_carry4_S[0]_O[1])
                                                      0.722     2.979 r  g0_b0__4_i_1/O[1]
                         net (fo=848, unplaced)       0.452     3.431    sel__0[5]
                         LUT6 (Prop_lut6_I5_O)        0.306     3.737 r  g54_b7/O
                         net (fo=2, unplaced)         0.743     4.480    g54_b7_n_0
                         LUT6 (Prop_lut6_I1_O)        0.124     4.604 r  prod_r0_i_125/O
                         net (fo=2, unplaced)         0.743     5.347    prod_r0_i_125_n_0
                         LUT6 (Prop_lut6_I3_O)        0.124     5.471 r  prod_r0_i_65/O
                         net (fo=1, unplaced)         0.665     6.136    prod_r0_i_65_n_0
                         LUT6 (Prop_lut6_I0_O)        0.124     6.260 r  prod_r0_i_23/O
                         net (fo=1, unplaced)         0.000     6.260    prod_r0_i_23_n_0
                         MUXF7 (Prop_muxf7_I0_O)      0.241     6.501 r  prod_r0_i_10/O
                         net (fo=1, unplaced)         0.452     6.953    prod_r0_i_10_n_0
                         LUT2 (Prop_lut2_I0_O)        0.298     7.251 r  prod_r0_i_2/O
                         net (fo=1, unplaced)         0.803     8.054    wgt811_return[6]
                         DSP48E1 (Prop_dsp48e1_B[6]_P[23])
                                                      3.656    11.710 r  prod_r0/P[23]
                         net (fo=1, unplaced)         0.803    12.513    prod_r0_n_82
                         LUT5 (Prop_lut5_I0_O)        0.124    12.637 r  prod_r[63]_i_5/O
                         net (fo=1, unplaced)         0.000    12.637    prod_r[63]_i_5_n_0
                         MUXF7 (Prop_muxf7_I1_O)      0.247    12.884 r  prod_r_reg[63]_i_3/O
                         net (fo=25, unplaced)        0.517    13.401    prod_r_reg[63]_i_3_n_0
                         LUT6 (Prop_lut6_I5_O)        0.298    13.699 r  prod_r[37]_i_1/O
                         net (fo=1, unplaced)         0.000    13.699    prod_r__0[37]
                         FDCE                                         r  prod_r_reg[37]/D
  -------------------------------------------------------------------    -------------------

                         (clock clk rise edge)       10.000    10.000 r  <hidden>
                                                      0.000    10.000 r  clk
                         net (fo=43210, unset)        0.924    10.924    clk
                         FDCE                                         r  prod_r_reg[37]/C
                         clock pessimism              0.000    10.924    <hidden>
                         clock uncertainty           -0.035    10.889    <hidden>
                         FDCE (Setup_fdce_C_D)        0.044    10.933    prod_r_reg[37]
  -------------------------------------------------------------------
                         required time                         10.933    <hidden>
                         arrival time                         -13.699    <hidden>
  -------------------------------------------------------------------
                         slack                                 -2.766    <hidden>

Slack (VIOLATED) :        -2.766ns  (required time - arrival time)
  Source:                 di_reg[4]/C
                            (rising edge-triggered cell FDCE clocked by clk  {rise@0.000ns fall@5.000ns period=10.000ns})
  Destination:            prod_r_reg[38]/D
                            (rising edge-triggered cell FDCE clocked by clk  {rise@0.000ns fall@5.000ns period=10.000ns})
  Path Group:             clk
  Path Type:              Setup (Max at Slow Process Corner)
  Requirement:            10.000ns  (clk rise@10.000ns - clk rise@0.000ns)
  Data Path Delay:        12.726ns  (logic 6.742ns (52.979%)  route 5.984ns (47.021%))
  Logic Levels:           11  (CARRY4=1 DSP48E1=1 LUT2=1 LUT5=1 LUT6=5 MUXF7=2)
  Clock Path Skew:        -0.049ns (DCD - SCD + CPR)
    Destination Clock Delay (DCD):    0.924ns = ( 10.924 - 10.000 ) 
    Source Clock Delay      (SCD):    0.973ns
    Clock Pessimism Removal (CPR):    0.000ns
  Clock Uncertainty:      0.035ns  ((TSJ^2 + TIJ^2)^1/2 + DJ) / 2 + PE
    Total System Jitter     (TSJ):    0.071ns
    Total Input Jitter      (TIJ):    0.000ns
    Discrete Jitter          (DJ):    0.000ns
    Phase Error              (PE):    0.000ns

    Location             Delay type                Incr(ns)  Path(ns)    Netlist Resource(s)
  -------------------------------------------------------------------    -------------------
                         (clock clk rise edge)        0.000     0.000 r  <hidden>
                                                      0.000     0.000 r  clk
                         net (fo=43210, unset)        0.973     0.973    clk
                         FDCE                                         r  di_reg[4]/C
  -------------------------------------------------------------------    -------------------
                         FDCE (Prop_fdce_C_Q)         0.478     1.451 r  di_reg[4]/Q
                         net (fo=1834, unplaced)      0.806     2.257    di_reg_n_0_[4]
                         CARRY4 (Prop_carry4_S[0]_O[1])
                                                      0.722     2.979 r  g0_b0__4_i_1/O[1]
                         net (fo=848, unplaced)       0.452     3.431    sel__0[5]
                         LUT6 (Prop_lut6_I5_O)        0.306     3.737 r  g54_b7/O
                         net (fo=2, unplaced)         0.743     4.480    g54_b7_n_0
                         LUT6 (Prop_lut6_I1_O)        0.124     4.604 r  prod_r0_i_125/O
                         net (fo=2, unplaced)         0.743     5.347    prod_r0_i_125_n_0
                         LUT6 (Prop_lut6_I3_O)        0.124     5.471 r  prod_r0_i_65/O
                         net (fo=1, unplaced)         0.665     6.136    prod_r0_i_65_n_0
                         LUT6 (Prop_lut6_I0_O)        0.124     6.260 r  prod_r0_i_23/O
                         net (fo=1, unplaced)         0.000     6.260    prod_r0_i_23_n_0
                         MUXF7 (Prop_muxf7_I0_O)      0.241     6.501 r  prod_r0_i_10/O
                         net (fo=1, unplaced)         0.452     6.953    prod_r0_i_10_n_0
                         LUT2 (Prop_lut2_I0_O)        0.298     7.251 r  prod_r0_i_2/O
                         net (fo=1, unplaced)         0.803     8.054    wgt811_return[6]
                         DSP48E1 (Prop_dsp48e1_B[6]_P[23])
                                                      3.656    11.710 r  prod_r0/P[23]
                         net (fo=1, unplaced)         0.803    12.513    prod_r0_n_82
                         LUT5 (Prop_lut5_I0_O)        0.124    12.637 r  prod_r[63]_i_5/O
                         net (fo=1, unplaced)         0.000    12.637    prod_r[63]_i_5_n_0
                         MUXF7 (Prop_muxf7_I1_O)      0.247    12.884 r  prod_r_reg[63]_i_3/O
                         net (fo=25, unplaced)        0.517    13.401    prod_r_reg[63]_i_3_n_0
                         LUT6 (Prop_lut6_I5_O)        0.298    13.699 r  prod_r[38]_i_1/O
                         net (fo=1, unplaced)         0.000    13.699    prod_r__0[38]
                         FDCE                                         r  prod_r_reg[38]/D
  -------------------------------------------------------------------    -------------------

                         (clock clk rise edge)       10.000    10.000 r  <hidden>
                                                      0.000    10.000 r  clk
                         net (fo=43210, unset)        0.924    10.924    clk
                         FDCE                                         r  prod_r_reg[38]/C
                         clock pessimism              0.000    10.924    <hidden>
                         clock uncertainty           -0.035    10.889    <hidden>
                         FDCE (Setup_fdce_C_D)        0.044    10.933    prod_r_reg[38]
  -------------------------------------------------------------------
                         required time                         10.933    <hidden>
                         arrival time                         -13.699    <hidden>
  -------------------------------------------------------------------
                         slack                                 -2.766    <hidden>

Slack (VIOLATED) :        -2.766ns  (required time - arrival time)
  Source:                 di_reg[4]/C
                            (rising edge-triggered cell FDCE clocked by clk  {rise@0.000ns fall@5.000ns period=10.000ns})
  Destination:            prod_r_reg[39]/D
                            (rising edge-triggered cell FDCE clocked by clk  {rise@0.000ns fall@5.000ns period=10.000ns})
  Path Group:             clk
  Path Type:              Setup (Max at Slow Process Corner)
  Requirement:            10.000ns  (clk rise@10.000ns - clk rise@0.000ns)
  Data Path Delay:        12.726ns  (logic 6.742ns (52.979%)  route 5.984ns (47.021%))
  Logic Levels:           11  (CARRY4=1 DSP48E1=1 LUT2=1 LUT5=1 LUT6=5 MUXF7=2)
  Clock Path Skew:        -0.049ns (DCD - SCD + CPR)
    Destination Clock Delay (DCD):    0.924ns = ( 10.924 - 10.000 ) 
    Source Clock Delay      (SCD):    0.973ns
    Clock Pessimism Removal (CPR):    0.000ns
  Clock Uncertainty:      0.035ns  ((TSJ^2 + TIJ^2)^1/2 + DJ) / 2 + PE
    Total System Jitter     (TSJ):    0.071ns
    Total Input Jitter      (TIJ):    0.000ns
    Discrete Jitter          (DJ):    0.000ns
    Phase Error              (PE):    0.000ns

    Location             Delay type                Incr(ns)  Path(ns)    Netlist Resource(s)
  -------------------------------------------------------------------    -------------------
                         (clock clk rise edge)        0.000     0.000 r  <hidden>
                                                      0.000     0.000 r  clk
                         net (fo=43210, unset)        0.973     0.973    clk
                         FDCE                                         r  di_reg[4]/C
  -------------------------------------------------------------------    -------------------
                         FDCE (Prop_fdce_C_Q)         0.478     1.451 r  di_reg[4]/Q
                         net (fo=1834, unplaced)      0.806     2.257    di_reg_n_0_[4]
                         CARRY4 (Prop_carry4_S[0]_O[1])
                                                      0.722     2.979 r  g0_b0__4_i_1/O[1]
                         net (fo=848, unplaced)       0.452     3.431    sel__0[5]
                         LUT6 (Prop_lut6_I5_O)        0.306     3.737 r  g54_b7/O
                         net (fo=2, unplaced)         0.743     4.480    g54_b7_n_0
                         LUT6 (Prop_lut6_I1_O)        0.124     4.604 r  prod_r0_i_125/O
                         net (fo=2, unplaced)         0.743     5.347    prod_r0_i_125_n_0
                         LUT6 (Prop_lut6_I3_O)        0.124     5.471 r  prod_r0_i_65/O
                         net (fo=1, unplaced)         0.665     6.136    prod_r0_i_65_n_0
                         LUT6 (Prop_lut6_I0_O)        0.124     6.260 r  prod_r0_i_23/O
                         net (fo=1, unplaced)         0.000     6.260    prod_r0_i_23_n_0
                         MUXF7 (Prop_muxf7_I0_O)      0.241     6.501 r  prod_r0_i_10/O
                         net (fo=1, unplaced)         0.452     6.953    prod_r0_i_10_n_0
                         LUT2 (Prop_lut2_I0_O)        0.298     7.251 r  prod_r0_i_2/O
                         net (fo=1, unplaced)         0.803     8.054    wgt811_return[6]
                         DSP48E1 (Prop_dsp48e1_B[6]_P[23])
                                                      3.656    11.710 r  prod_r0/P[23]
                         net (fo=1, unplaced)         0.803    12.513    prod_r0_n_82
                         LUT5 (Prop_lut5_I0_O)        0.124    12.637 r  prod_r[63]_i_5/O
                         net (fo=1, unplaced)         0.000    12.637    prod_r[63]_i_5_n_0
                         MUXF7 (Prop_muxf7_I1_O)      0.247    12.884 r  prod_r_reg[63]_i_3/O
                         net (fo=25, unplaced)        0.517    13.401    prod_r_reg[63]_i_3_n_0
                         LUT6 (Prop_lut6_I5_O)        0.298    13.699 r  prod_r[39]_i_1/O
                         net (fo=1, unplaced)         0.000    13.699    prod_r__0[39]
                         FDCE                                         r  prod_r_reg[39]/D
  -------------------------------------------------------------------    -------------------

                         (clock clk rise edge)       10.000    10.000 r  <hidden>
                                                      0.000    10.000 r  clk
                         net (fo=43210, unset)        0.924    10.924    clk
                         FDCE                                         r  prod_r_reg[39]/C
                         clock pessimism              0.000    10.924    <hidden>
                         clock uncertainty           -0.035    10.889    <hidden>
                         FDCE (Setup_fdce_C_D)        0.044    10.933    prod_r_reg[39]
  -------------------------------------------------------------------
                         required time                         10.933    <hidden>
                         arrival time                         -13.699    <hidden>
  -------------------------------------------------------------------
                         slack                                 -2.766    <hidden>

Slack (VIOLATED) :        -2.766ns  (required time - arrival time)
  Source:                 di_reg[4]/C
                            (rising edge-triggered cell FDCE clocked by clk  {rise@0.000ns fall@5.000ns period=10.000ns})
  Destination:            prod_r_reg[40]/D
                            (rising edge-triggered cell FDCE clocked by clk  {rise@0.000ns fall@5.000ns period=10.000ns})
  Path Group:             clk
  Path Type:              Setup (Max at Slow Process Corner)
  Requirement:            10.000ns  (clk rise@10.000ns - clk rise@0.000ns)
  Data Path Delay:        12.726ns  (logic 6.742ns (52.979%)  route 5.984ns (47.021%))
  Logic Levels:           11  (CARRY4=1 DSP48E1=1 LUT2=1 LUT5=1 LUT6=5 MUXF7=2)
  Clock Path Skew:        -0.049ns (DCD - SCD + CPR)
    Destination Clock Delay (DCD):    0.924ns = ( 10.924 - 10.000 ) 
    Source Clock Delay      (SCD):    0.973ns
    Clock Pessimism Removal (CPR):    0.000ns
  Clock Uncertainty:      0.035ns  ((TSJ^2 + TIJ^2)^1/2 + DJ) / 2 + PE
    Total System Jitter     (TSJ):    0.071ns
    Total Input Jitter      (TIJ):    0.000ns
    Discrete Jitter          (DJ):    0.000ns
    Phase Error              (PE):    0.000ns

    Location             Delay type                Incr(ns)  Path(ns)    Netlist Resource(s)
  -------------------------------------------------------------------    -------------------
                         (clock clk rise edge)        0.000     0.000 r  <hidden>
                                                      0.000     0.000 r  clk
                         net (fo=43210, unset)        0.973     0.973    clk
                         FDCE                                         r  di_reg[4]/C
  -------------------------------------------------------------------    -------------------
                         FDCE (Prop_fdce_C_Q)         0.478     1.451 r  di_reg[4]/Q
                         net (fo=1834, unplaced)      0.806     2.257    di_reg_n_0_[4]
                         CARRY4 (Prop_carry4_S[0]_O[1])
                                                      0.722     2.979 r  g0_b0__4_i_1/O[1]
                         net (fo=848, unplaced)       0.452     3.431    sel__0[5]
                         LUT6 (Prop_lut6_I5_O)        0.306     3.737 r  g54_b7/O
                         net (fo=2, unplaced)         0.743     4.480    g54_b7_n_0
                         LUT6 (Prop_lut6_I1_O)        0.124     4.604 r  prod_r0_i_125/O
                         net (fo=2, unplaced)         0.743     5.347    prod_r0_i_125_n_0
                         LUT6 (Prop_lut6_I3_O)        0.124     5.471 r  prod_r0_i_65/O
                         net (fo=1, unplaced)         0.665     6.136    prod_r0_i_65_n_0
                         LUT6 (Prop_lut6_I0_O)        0.124     6.260 r  prod_r0_i_23/O
                         net (fo=1, unplaced)         0.000     6.260    prod_r0_i_23_n_0
                         MUXF7 (Prop_muxf7_I0_O)      0.241     6.501 r  prod_r0_i_10/O
                         net (fo=1, unplaced)         0.452     6.953    prod_r0_i_10_n_0
                         LUT2 (Prop_lut2_I0_O)        0.298     7.251 r  prod_r0_i_2/O
                         net (fo=1, unplaced)         0.803     8.054    wgt811_return[6]
                         DSP48E1 (Prop_dsp48e1_B[6]_P[23])
                                                      3.656    11.710 r  prod_r0/P[23]
                         net (fo=1, unplaced)         0.803    12.513    prod_r0_n_82
                         LUT5 (Prop_lut5_I0_O)        0.124    12.637 r  prod_r[63]_i_5/O
                         net (fo=1, unplaced)         0.000    12.637    prod_r[63]_i_5_n_0
                         MUXF7 (Prop_muxf7_I1_O)      0.247    12.884 r  prod_r_reg[63]_i_3/O
                         net (fo=25, unplaced)        0.517    13.401    prod_r_reg[63]_i_3_n_0
                         LUT6 (Prop_lut6_I5_O)        0.298    13.699 r  prod_r[40]_i_1/O
                         net (fo=1, unplaced)         0.000    13.699    prod_r__0[40]
                         FDCE                                         r  prod_r_reg[40]/D
  -------------------------------------------------------------------    -------------------

                         (clock clk rise edge)       10.000    10.000 r  <hidden>
                                                      0.000    10.000 r  clk
                         net (fo=43210, unset)        0.924    10.924    clk
                         FDCE                                         r  prod_r_reg[40]/C
                         clock pessimism              0.000    10.924    <hidden>
                         clock uncertainty           -0.035    10.889    <hidden>
                         FDCE (Setup_fdce_C_D)        0.044    10.933    prod_r_reg[40]
  -------------------------------------------------------------------
                         required time                         10.933    <hidden>
                         arrival time                         -13.699    <hidden>
  -------------------------------------------------------------------
                         slack                                 -2.766    <hidden>

Slack (VIOLATED) :        -2.766ns  (required time - arrival time)
  Source:                 di_reg[4]/C
                            (rising edge-triggered cell FDCE clocked by clk  {rise@0.000ns fall@5.000ns period=10.000ns})
  Destination:            prod_r_reg[41]/D
                            (rising edge-triggered cell FDCE clocked by clk  {rise@0.000ns fall@5.000ns period=10.000ns})
  Path Group:             clk
  Path Type:              Setup (Max at Slow Process Corner)
  Requirement:            10.000ns  (clk rise@10.000ns - clk rise@0.000ns)
  Data Path Delay:        12.726ns  (logic 6.742ns (52.979%)  route 5.984ns (47.021%))
  Logic Levels:           11  (CARRY4=1 DSP48E1=1 LUT2=1 LUT5=1 LUT6=5 MUXF7=2)
  Clock Path Skew:        -0.049ns (DCD - SCD + CPR)
    Destination Clock Delay (DCD):    0.924ns = ( 10.924 - 10.000 ) 
    Source Clock Delay      (SCD):    0.973ns
    Clock Pessimism Removal (CPR):    0.000ns
  Clock Uncertainty:      0.035ns  ((TSJ^2 + TIJ^2)^1/2 + DJ) / 2 + PE
    Total System Jitter     (TSJ):    0.071ns
    Total Input Jitter      (TIJ):    0.000ns
    Discrete Jitter          (DJ):    0.000ns
    Phase Error              (PE):    0.000ns

    Location             Delay type                Incr(ns)  Path(ns)    Netlist Resource(s)
  -------------------------------------------------------------------    -------------------
                         (clock clk rise edge)        0.000     0.000 r  <hidden>
                                                      0.000     0.000 r  clk
                         net (fo=43210, unset)        0.973     0.973    clk
                         FDCE                                         r  di_reg[4]/C
  -------------------------------------------------------------------    -------------------
                         FDCE (Prop_fdce_C_Q)         0.478     1.451 r  di_reg[4]/Q
                         net (fo=1834, unplaced)      0.806     2.257    di_reg_n_0_[4]
                         CARRY4 (Prop_carry4_S[0]_O[1])
                                                      0.722     2.979 r  g0_b0__4_i_1/O[1]
                         net (fo=848, unplaced)       0.452     3.431    sel__0[5]
                         LUT6 (Prop_lut6_I5_O)        0.306     3.737 r  g54_b7/O
                         net (fo=2, unplaced)         0.743     4.480    g54_b7_n_0
                         LUT6 (Prop_lut6_I1_O)        0.124     4.604 r  prod_r0_i_125/O
                         net (fo=2, unplaced)         0.743     5.347    prod_r0_i_125_n_0
                         LUT6 (Prop_lut6_I3_O)        0.124     5.471 r  prod_r0_i_65/O
                         net (fo=1, unplaced)         0.665     6.136    prod_r0_i_65_n_0
                         LUT6 (Prop_lut6_I0_O)        0.124     6.260 r  prod_r0_i_23/O
                         net (fo=1, unplaced)         0.000     6.260    prod_r0_i_23_n_0
                         MUXF7 (Prop_muxf7_I0_O)      0.241     6.501 r  prod_r0_i_10/O
                         net (fo=1, unplaced)         0.452     6.953    prod_r0_i_10_n_0
                         LUT2 (Prop_lut2_I0_O)        0.298     7.251 r  prod_r0_i_2/O
                         net (fo=1, unplaced)         0.803     8.054    wgt811_return[6]
                         DSP48E1 (Prop_dsp48e1_B[6]_P[23])
                                                      3.656    11.710 r  prod_r0/P[23]
                         net (fo=1, unplaced)         0.803    12.513    prod_r0_n_82
                         LUT5 (Prop_lut5_I0_O)        0.124    12.637 r  prod_r[63]_i_5/O
                         net (fo=1, unplaced)         0.000    12.637    prod_r[63]_i_5_n_0
                         MUXF7 (Prop_muxf7_I1_O)      0.247    12.884 r  prod_r_reg[63]_i_3/O
                         net (fo=25, unplaced)        0.517    13.401    prod_r_reg[63]_i_3_n_0
                         LUT6 (Prop_lut6_I5_O)        0.298    13.699 r  prod_r[41]_i_1/O
                         net (fo=1, unplaced)         0.000    13.699    prod_r__0[41]
                         FDCE                                         r  prod_r_reg[41]/D
  -------------------------------------------------------------------    -------------------

                         (clock clk rise edge)       10.000    10.000 r  <hidden>
                                                      0.000    10.000 r  clk
                         net (fo=43210, unset)        0.924    10.924    clk
                         FDCE                                         r  prod_r_reg[41]/C
                         clock pessimism              0.000    10.924    <hidden>
                         clock uncertainty           -0.035    10.889    <hidden>
                         FDCE (Setup_fdce_C_D)        0.044    10.933    prod_r_reg[41]
  -------------------------------------------------------------------
                         required time                         10.933    <hidden>
                         arrival time                         -13.699    <hidden>
  -------------------------------------------------------------------
                         slack                                 -2.766    <hidden>

Slack (VIOLATED) :        -2.766ns  (required time - arrival time)
  Source:                 di_reg[4]/C
                            (rising edge-triggered cell FDCE clocked by clk  {rise@0.000ns fall@5.000ns period=10.000ns})
  Destination:            prod_r_reg[42]/D
                            (rising edge-triggered cell FDCE clocked by clk  {rise@0.000ns fall@5.000ns period=10.000ns})
  Path Group:             clk
  Path Type:              Setup (Max at Slow Process Corner)
  Requirement:            10.000ns  (clk rise@10.000ns - clk rise@0.000ns)
  Data Path Delay:        12.726ns  (logic 6.742ns (52.979%)  route 5.984ns (47.021%))
  Logic Levels:           11  (CARRY4=1 DSP48E1=1 LUT2=1 LUT5=1 LUT6=5 MUXF7=2)
  Clock Path Skew:        -0.049ns (DCD - SCD + CPR)
    Destination Clock Delay (DCD):    0.924ns = ( 10.924 - 10.000 ) 
    Source Clock Delay      (SCD):    0.973ns
    Clock Pessimism Removal (CPR):    0.000ns
  Clock Uncertainty:      0.035ns  ((TSJ^2 + TIJ^2)^1/2 + DJ) / 2 + PE
    Total System Jitter     (TSJ):    0.071ns
    Total Input Jitter      (TIJ):    0.000ns
    Discrete Jitter          (DJ):    0.000ns
    Phase Error              (PE):    0.000ns

    Location             Delay type                Incr(ns)  Path(ns)    Netlist Resource(s)
  -------------------------------------------------------------------    -------------------
                         (clock clk rise edge)        0.000     0.000 r  <hidden>
                                                      0.000     0.000 r  clk
                         net (fo=43210, unset)        0.973     0.973    clk
                         FDCE                                         r  di_reg[4]/C
  -------------------------------------------------------------------    -------------------
                         FDCE (Prop_fdce_C_Q)         0.478     1.451 r  di_reg[4]/Q
                         net (fo=1834, unplaced)      0.806     2.257    di_reg_n_0_[4]
                         CARRY4 (Prop_carry4_S[0]_O[1])
                                                      0.722     2.979 r  g0_b0__4_i_1/O[1]
                         net (fo=848, unplaced)       0.452     3.431    sel__0[5]
                         LUT6 (Prop_lut6_I5_O)        0.306     3.737 r  g54_b7/O
                         net (fo=2, unplaced)         0.743     4.480    g54_b7_n_0
                         LUT6 (Prop_lut6_I1_O)        0.124     4.604 r  prod_r0_i_125/O
                         net (fo=2, unplaced)         0.743     5.347    prod_r0_i_125_n_0
                         LUT6 (Prop_lut6_I3_O)        0.124     5.471 r  prod_r0_i_65/O
                         net (fo=1, unplaced)         0.665     6.136    prod_r0_i_65_n_0
                         LUT6 (Prop_lut6_I0_O)        0.124     6.260 r  prod_r0_i_23/O
                         net (fo=1, unplaced)         0.000     6.260    prod_r0_i_23_n_0
                         MUXF7 (Prop_muxf7_I0_O)      0.241     6.501 r  prod_r0_i_10/O
                         net (fo=1, unplaced)         0.452     6.953    prod_r0_i_10_n_0
                         LUT2 (Prop_lut2_I0_O)        0.298     7.251 r  prod_r0_i_2/O
                         net (fo=1, unplaced)         0.803     8.054    wgt811_return[6]
                         DSP48E1 (Prop_dsp48e1_B[6]_P[23])
                                                      3.656    11.710 r  prod_r0/P[23]
                         net (fo=1, unplaced)         0.803    12.513    prod_r0_n_82
                         LUT5 (Prop_lut5_I0_O)        0.124    12.637 r  prod_r[63]_i_5/O
                         net (fo=1, unplaced)         0.000    12.637    prod_r[63]_i_5_n_0
                         MUXF7 (Prop_muxf7_I1_O)      0.247    12.884 r  prod_r_reg[63]_i_3/O
                         net (fo=25, unplaced)        0.517    13.401    prod_r_reg[63]_i_3_n_0
                         LUT6 (Prop_lut6_I5_O)        0.298    13.699 r  prod_r[42]_i_1/O
                         net (fo=1, unplaced)         0.000    13.699    prod_r__0[42]
                         FDCE                                         r  prod_r_reg[42]/D
  -------------------------------------------------------------------    -------------------

                         (clock clk rise edge)       10.000    10.000 r  <hidden>
                                                      0.000    10.000 r  clk
                         net (fo=43210, unset)        0.924    10.924    clk
                         FDCE                                         r  prod_r_reg[42]/C
                         clock pessimism              0.000    10.924    <hidden>
                         clock uncertainty           -0.035    10.889    <hidden>
                         FDCE (Setup_fdce_C_D)        0.044    10.933    prod_r_reg[42]
  -------------------------------------------------------------------
                         required time                         10.933    <hidden>
                         arrival time                         -13.699    <hidden>
  -------------------------------------------------------------------
                         slack                                 -2.766    <hidden>




