Copyright 1986-2022 Xilinx, Inc. All Rights Reserved. Copyright 2022-2026 Advanced Micro Devices, Inc. All Rights Reserved.
------------------------------------------------------------------------------------------------------------------------------------------------------------------------------------------------------------------------------------------
| Tool Version : Vivado v.2026.1 (win64) Build 6511674 Tue Jun 16 11:02:23 MDT 2026
| Date         : Fri Sep 11 00:36:21 2026
| Host         : laptop-Quan running 64-bit major release  (build 9200)
| Command      : report_timing -delay_type max -max_paths 20 -nworst 1 -sort_by slack -file D:/FPGA/FPGG_ART_Y_ASTRA_NATIVE_V1_RESEARCH/results/A7-NATIVE-GRAPH/ASTRA-FINAL-C4-C7-20260909/26_C4_D32_BITEXACT_PHYSICAL/timing_n20_e3u.rpt
| Design       : a7ng_astra_c4_lm06_d32_fr_v2
| Device       : 7a100t-csg324
| Speed File   : -1  PRODUCTION 1.23 2018-06-13
| Design State : Synthesized
------------------------------------------------------------------------------------------------------------------------------------------------------------------------------------------------------------------------------------------

Timing Report

Slack (VIOLATED) :        -2.753ns  (required time - arrival time)
  Source:                 u_rq/shr_r_reg[4]/C
                            (rising edge-triggered cell FDCE clocked by clk  {rise@0.000ns fall@5.000ns period=10.000ns})
  Destination:            u_rq/q_r_reg[63]/D
                            (rising edge-triggered cell FDCE clocked by clk  {rise@0.000ns fall@5.000ns period=10.000ns})
  Path Group:             clk
  Path Type:              Setup (Max at Slow Process Corner)
  Requirement:            10.000ns  (clk rise@10.000ns - clk rise@0.000ns)
  Data Path Delay:        12.713ns  (logic 7.842ns (61.685%)  route 4.871ns (38.315%))
  Logic Levels:           38  (CARRY4=33 LUT1=1 LUT4=2 LUT6=2)
  Clock Path Skew:        -0.049ns (DCD - SCD + CPR)
    Destination Clock Delay (DCD):    0.924ns = ( 10.924 - 10.000 ) 
    Source Clock Delay      (SCD):    0.973ns
    Clock Pessimism Removal (CPR):    0.000ns
  Clock Uncertainty:      0.035ns  ((TSJ^2 + TIJ^2)^1/2 + DJ) / 2 + PE
    Total System Jitter     (TSJ):    0.071ns
    Total Input Jitter      (TIJ):    0.000ns
    Discrete Jitter          (DJ):    0.000ns
    Phase Error              (PE):    0.000ns

    Location             Delay type                Incr(ns)  Path(ns)    Netlist Resource(s)
  -------------------------------------------------------------------    -------------------
                         (clock clk rise edge)        0.000     0.000 r  <hidden>
                                                      0.000     0.000 r  clk
                         net (fo=43294, unset)        0.973     0.973    u_rq/clk
                         FDCE                                         r  u_rq/shr_r_reg[4]/C
  -------------------------------------------------------------------    -------------------
                         FDCE (Prop_fdce_C_Q)         0.478     1.451 r  u_rq/shr_r_reg[4]/Q
                         net (fo=177, unplaced)       1.079     2.530    u_rq/shr_r[4]
                         LUT6 (Prop_lut6_I0_O)        0.295     2.825 r  u_rq/q_r[3]_i_314/O
                         net (fo=1, unplaced)         0.665     3.490    u_rq/q_r[3]_i_314_n_0
                         CARRY4 (Prop_carry4_S[0]_CO[3])
                                                      0.637     4.127 r  u_rq/q_r_reg[3]_i_285/CO[3]
                         net (fo=1, unplaced)         0.000     4.127    u_rq/q_r_reg[3]_i_285_n_0
                         CARRY4 (Prop_carry4_CI_CO[3])
                                                      0.117     4.244 r  u_rq/q_r_reg[3]_i_262/CO[3]
                         net (fo=1, unplaced)         0.000     4.244    u_rq/q_r_reg[3]_i_262_n_0
                         CARRY4 (Prop_carry4_CI_CO[3])
                                                      0.117     4.361 r  u_rq/q_r_reg[3]_i_257/CO[3]
                         net (fo=1, unplaced)         0.000     4.361    u_rq/q_r_reg[3]_i_257_n_0
                         CARRY4 (Prop_carry4_CI_CO[3])
                                                      0.117     4.478 r  u_rq/q_r_reg[3]_i_254/CO[3]
                         net (fo=1, unplaced)         0.000     4.478    u_rq/q_r_reg[3]_i_254_n_0
                         CARRY4 (Prop_carry4_CI_CO[3])
                                                      0.117     4.595 r  u_rq/q_r_reg[3]_i_265/CO[3]
                         net (fo=1, unplaced)         0.000     4.595    u_rq/q_r_reg[3]_i_265_n_0
                         CARRY4 (Prop_carry4_CI_CO[3])
                                                      0.117     4.712 r  u_rq/q_r_reg[3]_i_232/CO[3]
                         net (fo=1, unplaced)         0.000     4.712    u_rq/q_r_reg[3]_i_232_n_0
                         CARRY4 (Prop_carry4_CI_CO[3])
                                                      0.117     4.829 r  u_rq/q_r_reg[3]_i_231/CO[3]
                         net (fo=1, unplaced)         0.000     4.829    u_rq/q_r_reg[3]_i_231_n_0
                         CARRY4 (Prop_carry4_CI_CO[3])
                                                      0.117     4.946 r  u_rq/q_r_reg[3]_i_208/CO[3]
                         net (fo=1, unplaced)         0.000     4.946    u_rq/q_r_reg[3]_i_208_n_0
                         CARRY4 (Prop_carry4_CI_CO[3])
                                                      0.117     5.063 r  u_rq/q_r_reg[3]_i_177/CO[3]
                         net (fo=1, unplaced)         0.000     5.063    u_rq/q_r_reg[3]_i_177_n_0
                         CARRY4 (Prop_carry4_CI_CO[3])
                                                      0.117     5.180 r  u_rq/q_r_reg[3]_i_146/CO[3]
                         net (fo=1, unplaced)         0.000     5.180    u_rq/q_r_reg[3]_i_146_n_0
                         CARRY4 (Prop_carry4_CI_CO[3])
                                                      0.117     5.297 r  u_rq/q_r_reg[3]_i_141/CO[3]
                         net (fo=1, unplaced)         0.000     5.297    u_rq/q_r_reg[3]_i_141_n_0
                         CARRY4 (Prop_carry4_CI_CO[3])
                                                      0.117     5.414 r  u_rq/q_r_reg[3]_i_84/CO[3]
                         net (fo=1, unplaced)         0.000     5.414    u_rq/q_r_reg[3]_i_84_n_0
                         CARRY4 (Prop_carry4_CI_CO[3])
                                                      0.117     5.531 r  u_rq/q_r_reg[3]_i_79/CO[3]
                         net (fo=1, unplaced)         0.000     5.531    u_rq/q_r_reg[3]_i_79_n_0
                         CARRY4 (Prop_carry4_CI_CO[3])
                                                      0.117     5.648 r  u_rq/q_r_reg[3]_i_49/CO[3]
                         net (fo=1, unplaced)         0.000     5.648    u_rq/q_r_reg[3]_i_49_n_0
                         CARRY4 (Prop_carry4_CI_O[2])
                                                      0.256     5.904 r  u_rq/q_r_reg[3]_i_43/O[2]
                         net (fo=2, unplaced)         0.463     6.367    u_rq/q_r_reg[3]_i_43_n_5
                         LUT4 (Prop_lut4_I3_O)        0.301     6.668 r  u_rq/q_r[3]_i_36/O
                         net (fo=1, unplaced)         0.449     7.117    u_rq/q_r[3]_i_36_n_0
                         LUT6 (Prop_lut6_I5_O)        0.124     7.241 r  u_rq/q_r[3]_i_11/O
                         net (fo=1, unplaced)         0.469     7.710    u_rq/q_r[3]_i_11_n_0
                         CARRY4 (Prop_carry4_DI[1]_CO[3])
                                                      0.520     8.230 r  u_rq/q_r_reg[3]_i_3/CO[3]
                         net (fo=2, unplaced)         0.831     9.061    u_rq/q_r3
                         CARRY4 (Prop_carry4_DI[0]_CO[3])
                                                      0.550     9.611 r  u_rq/q_r_reg[3]_i_2/CO[3]
                         net (fo=1, unplaced)         0.000     9.611    u_rq/q_r_reg[3]_i_2_n_0
                         CARRY4 (Prop_carry4_CI_CO[3])
                                                      0.117     9.728 r  u_rq/q_r_reg[7]_i_2/CO[3]
                         net (fo=1, unplaced)         0.000     9.728    u_rq/q_r_reg[7]_i_2_n_0
                         CARRY4 (Prop_carry4_CI_CO[3])
                                                      0.117     9.845 r  u_rq/q_r_reg[11]_i_2/CO[3]
                         net (fo=1, unplaced)         0.000     9.845    u_rq/q_r_reg[11]_i_2_n_0
                         CARRY4 (Prop_carry4_CI_CO[3])
                                                      0.117     9.962 r  u_rq/q_r_reg[15]_i_2/CO[3]
                         net (fo=1, unplaced)         0.000     9.962    u_rq/q_r_reg[15]_i_2_n_0
                         CARRY4 (Prop_carry4_CI_CO[3])
                                                      0.117    10.079 r  u_rq/q_r_reg[19]_i_2/CO[3]
                         net (fo=1, unplaced)         0.000    10.079    u_rq/q_r_reg[19]_i_2_n_0
                         CARRY4 (Prop_carry4_CI_CO[3])
                                                      0.117    10.196 r  u_rq/q_r_reg[23]_i_2/CO[3]
                         net (fo=1, unplaced)         0.000    10.196    u_rq/q_r_reg[23]_i_2_n_0
                         CARRY4 (Prop_carry4_CI_CO[3])
                                                      0.117    10.313 r  u_rq/q_r_reg[27]_i_2/CO[3]
                         net (fo=1, unplaced)         0.000    10.313    u_rq/q_r_reg[27]_i_2_n_0
                         CARRY4 (Prop_carry4_CI_CO[3])
                                                      0.117    10.430 r  u_rq/q_r_reg[31]_i_2/CO[3]
                         net (fo=1, unplaced)         0.000    10.430    u_rq/q_r_reg[31]_i_2_n_0
                         CARRY4 (Prop_carry4_CI_CO[3])
                                                      0.117    10.547 r  u_rq/q_r_reg[35]_i_2/CO[3]
                         net (fo=1, unplaced)         0.000    10.547    u_rq/q_r_reg[35]_i_2_n_0
                         CARRY4 (Prop_carry4_CI_CO[3])
                                                      0.117    10.664 r  u_rq/q_r_reg[39]_i_2/CO[3]
                         net (fo=1, unplaced)         0.000    10.664    u_rq/q_r_reg[39]_i_2_n_0
                         CARRY4 (Prop_carry4_CI_CO[3])
                                                      0.117    10.781 r  u_rq/q_r_reg[43]_i_2/CO[3]
                         net (fo=1, unplaced)         0.000    10.781    u_rq/q_r_reg[43]_i_2_n_0
                         CARRY4 (Prop_carry4_CI_CO[3])
                                                      0.117    10.898 r  u_rq/q_r_reg[47]_i_2/CO[3]
                         net (fo=1, unplaced)         0.000    10.898    u_rq/q_r_reg[47]_i_2_n_0
                         CARRY4 (Prop_carry4_CI_CO[3])
                                                      0.117    11.015 r  u_rq/q_r_reg[51]_i_2/CO[3]
                         net (fo=1, unplaced)         0.000    11.015    u_rq/q_r_reg[51]_i_2_n_0
                         CARRY4 (Prop_carry4_CI_CO[3])
                                                      0.117    11.132 r  u_rq/q_r_reg[55]_i_2/CO[3]
                         net (fo=1, unplaced)         0.000    11.132    u_rq/q_r_reg[55]_i_2_n_0
                         CARRY4 (Prop_carry4_CI_O[2])
                                                      0.256    11.388 f  u_rq/q_r_reg[59]_i_2/O[2]
                         net (fo=2, unplaced)         0.463    11.851    u_rq/q_r2[58]
                         LUT1 (Prop_lut1_I0_O)        0.301    12.152 r  u_rq/q_r[60]_i_14/O
                         net (fo=1, unplaced)         0.000    12.152    u_rq/q_r[60]_i_14_n_0
                         CARRY4 (Prop_carry4_S[1]_CO[3])
                                                      0.533    12.685 r  u_rq/q_r_reg[60]_i_3/CO[3]
                         net (fo=1, unplaced)         0.000    12.685    u_rq/q_r_reg[60]_i_3_n_0
                         CARRY4 (Prop_carry4_CI_O[2])
                                                      0.256    12.941 r  u_rq/q_r_reg[63]_i_3/O[2]
                         net (fo=1, unplaced)         0.452    13.393    u_rq/q_r1[63]
                         LUT4 (Prop_lut4_I1_O)        0.293    13.686 r  u_rq/q_r[63]_i_1/O
                         net (fo=1, unplaced)         0.000    13.686    u_rq/q_r__0[63]
                         FDCE                                         r  u_rq/q_r_reg[63]/D
  -------------------------------------------------------------------    -------------------

                         (clock clk rise edge)       10.000    10.000 r  <hidden>
                                                      0.000    10.000 r  clk
                         net (fo=43294, unset)        0.924    10.924    u_rq/clk
                         FDCE                                         r  u_rq/q_r_reg[63]/C
                         clock pessimism              0.000    10.924    <hidden>
                         clock uncertainty           -0.035    10.889    <hidden>
                         FDCE (Setup_fdce_C_D)        0.044    10.933    u_rq/q_r_reg[63]
  -------------------------------------------------------------------
                         required time                         10.933    <hidden>
                         arrival time                         -13.686    <hidden>
  -------------------------------------------------------------------
                         slack                                 -2.753    <hidden>

Slack (VIOLATED) :        -2.721ns  (required time - arrival time)
  Source:                 u_rq/shr_r_reg[4]/C
                            (rising edge-triggered cell FDCE clocked by clk  {rise@0.000ns fall@5.000ns period=10.000ns})
  Destination:            u_rq/q_r_reg[60]/D
                            (rising edge-triggered cell FDCE clocked by clk  {rise@0.000ns fall@5.000ns period=10.000ns})
  Path Group:             clk
  Path Type:              Setup (Max at Slow Process Corner)
  Requirement:            10.000ns  (clk rise@10.000ns - clk rise@0.000ns)
  Data Path Delay:        12.681ns  (logic 7.814ns (61.620%)  route 4.867ns (38.380%))
  Logic Levels:           37  (CARRY4=32 LUT1=1 LUT4=1 LUT5=1 LUT6=2)
  Clock Path Skew:        -0.049ns (DCD - SCD + CPR)
    Destination Clock Delay (DCD):    0.924ns = ( 10.924 - 10.000 ) 
    Source Clock Delay      (SCD):    0.973ns
    Clock Pessimism Removal (CPR):    0.000ns
  Clock Uncertainty:      0.035ns  ((TSJ^2 + TIJ^2)^1/2 + DJ) / 2 + PE
    Total System Jitter     (TSJ):    0.071ns
    Total Input Jitter      (TIJ):    0.000ns
    Discrete Jitter          (DJ):    0.000ns
    Phase Error              (PE):    0.000ns

    Location             Delay type                Incr(ns)  Path(ns)    Netlist Resource(s)
  -------------------------------------------------------------------    -------------------
                         (clock clk rise edge)        0.000     0.000 r  <hidden>
                                                      0.000     0.000 r  clk
                         net (fo=43294, unset)        0.973     0.973    u_rq/clk
                         FDCE                                         r  u_rq/shr_r_reg[4]/C
  -------------------------------------------------------------------    -------------------
                         FDCE (Prop_fdce_C_Q)         0.478     1.451 r  u_rq/shr_r_reg[4]/Q
                         net (fo=177, unplaced)       1.079     2.530    u_rq/shr_r[4]
                         LUT6 (Prop_lut6_I0_O)        0.295     2.825 r  u_rq/q_r[3]_i_314/O
                         net (fo=1, unplaced)         0.665     3.490    u_rq/q_r[3]_i_314_n_0
                         CARRY4 (Prop_carry4_S[0]_CO[3])
                                                      0.637     4.127 r  u_rq/q_r_reg[3]_i_285/CO[3]
                         net (fo=1, unplaced)         0.000     4.127    u_rq/q_r_reg[3]_i_285_n_0
                         CARRY4 (Prop_carry4_CI_CO[3])
                                                      0.117     4.244 r  u_rq/q_r_reg[3]_i_262/CO[3]
                         net (fo=1, unplaced)         0.000     4.244    u_rq/q_r_reg[3]_i_262_n_0
                         CARRY4 (Prop_carry4_CI_CO[3])
                                                      0.117     4.361 r  u_rq/q_r_reg[3]_i_257/CO[3]
                         net (fo=1, unplaced)         0.000     4.361    u_rq/q_r_reg[3]_i_257_n_0
                         CARRY4 (Prop_carry4_CI_CO[3])
                                                      0.117     4.478 r  u_rq/q_r_reg[3]_i_254/CO[3]
                         net (fo=1, unplaced)         0.000     4.478    u_rq/q_r_reg[3]_i_254_n_0
                         CARRY4 (Prop_carry4_CI_CO[3])
                                                      0.117     4.595 r  u_rq/q_r_reg[3]_i_265/CO[3]
                         net (fo=1, unplaced)         0.000     4.595    u_rq/q_r_reg[3]_i_265_n_0
                         CARRY4 (Prop_carry4_CI_CO[3])
                                                      0.117     4.712 r  u_rq/q_r_reg[3]_i_232/CO[3]
                         net (fo=1, unplaced)         0.000     4.712    u_rq/q_r_reg[3]_i_232_n_0
                         CARRY4 (Prop_carry4_CI_CO[3])
                                                      0.117     4.829 r  u_rq/q_r_reg[3]_i_231/CO[3]
                         net (fo=1, unplaced)         0.000     4.829    u_rq/q_r_reg[3]_i_231_n_0
                         CARRY4 (Prop_carry4_CI_CO[3])
                                                      0.117     4.946 r  u_rq/q_r_reg[3]_i_208/CO[3]
                         net (fo=1, unplaced)         0.000     4.946    u_rq/q_r_reg[3]_i_208_n_0
                         CARRY4 (Prop_carry4_CI_CO[3])
                                                      0.117     5.063 r  u_rq/q_r_reg[3]_i_177/CO[3]
                         net (fo=1, unplaced)         0.000     5.063    u_rq/q_r_reg[3]_i_177_n_0
                         CARRY4 (Prop_carry4_CI_CO[3])
                                                      0.117     5.180 r  u_rq/q_r_reg[3]_i_146/CO[3]
                         net (fo=1, unplaced)         0.000     5.180    u_rq/q_r_reg[3]_i_146_n_0
                         CARRY4 (Prop_carry4_CI_CO[3])
                                                      0.117     5.297 r  u_rq/q_r_reg[3]_i_141/CO[3]
                         net (fo=1, unplaced)         0.000     5.297    u_rq/q_r_reg[3]_i_141_n_0
                         CARRY4 (Prop_carry4_CI_CO[3])
                                                      0.117     5.414 r  u_rq/q_r_reg[3]_i_84/CO[3]
                         net (fo=1, unplaced)         0.000     5.414    u_rq/q_r_reg[3]_i_84_n_0
                         CARRY4 (Prop_carry4_CI_CO[3])
                                                      0.117     5.531 r  u_rq/q_r_reg[3]_i_79/CO[3]
                         net (fo=1, unplaced)         0.000     5.531    u_rq/q_r_reg[3]_i_79_n_0
                         CARRY4 (Prop_carry4_CI_CO[3])
                                                      0.117     5.648 r  u_rq/q_r_reg[3]_i_49/CO[3]
                         net (fo=1, unplaced)         0.000     5.648    u_rq/q_r_reg[3]_i_49_n_0
                         CARRY4 (Prop_carry4_CI_O[2])
                                                      0.256     5.904 r  u_rq/q_r_reg[3]_i_43/O[2]
                         net (fo=2, unplaced)         0.463     6.367    u_rq/q_r_reg[3]_i_43_n_5
                         LUT4 (Prop_lut4_I3_O)        0.301     6.668 r  u_rq/q_r[3]_i_36/O
                         net (fo=1, unplaced)         0.449     7.117    u_rq/q_r[3]_i_36_n_0
                         LUT6 (Prop_lut6_I5_O)        0.124     7.241 r  u_rq/q_r[3]_i_11/O
                         net (fo=1, unplaced)         0.469     7.710    u_rq/q_r[3]_i_11_n_0
                         CARRY4 (Prop_carry4_DI[1]_CO[3])
                                                      0.520     8.230 r  u_rq/q_r_reg[3]_i_3/CO[3]
                         net (fo=2, unplaced)         0.831     9.061    u_rq/q_r3
                         CARRY4 (Prop_carry4_DI[0]_CO[3])
                                                      0.550     9.611 r  u_rq/q_r_reg[3]_i_2/CO[3]
                         net (fo=1, unplaced)         0.000     9.611    u_rq/q_r_reg[3]_i_2_n_0
                         CARRY4 (Prop_carry4_CI_CO[3])
                                                      0.117     9.728 r  u_rq/q_r_reg[7]_i_2/CO[3]
                         net (fo=1, unplaced)         0.000     9.728    u_rq/q_r_reg[7]_i_2_n_0
                         CARRY4 (Prop_carry4_CI_CO[3])
                                                      0.117     9.845 r  u_rq/q_r_reg[11]_i_2/CO[3]
                         net (fo=1, unplaced)         0.000     9.845    u_rq/q_r_reg[11]_i_2_n_0
                         CARRY4 (Prop_carry4_CI_CO[3])
                                                      0.117     9.962 r  u_rq/q_r_reg[15]_i_2/CO[3]
                         net (fo=1, unplaced)         0.000     9.962    u_rq/q_r_reg[15]_i_2_n_0
                         CARRY4 (Prop_carry4_CI_CO[3])
                                                      0.117    10.079 r  u_rq/q_r_reg[19]_i_2/CO[3]
                         net (fo=1, unplaced)         0.000    10.079    u_rq/q_r_reg[19]_i_2_n_0
                         CARRY4 (Prop_carry4_CI_CO[3])
                                                      0.117    10.196 r  u_rq/q_r_reg[23]_i_2/CO[3]
                         net (fo=1, unplaced)         0.000    10.196    u_rq/q_r_reg[23]_i_2_n_0
                         CARRY4 (Prop_carry4_CI_CO[3])
                                                      0.117    10.313 r  u_rq/q_r_reg[27]_i_2/CO[3]
                         net (fo=1, unplaced)         0.000    10.313    u_rq/q_r_reg[27]_i_2_n_0
                         CARRY4 (Prop_carry4_CI_CO[3])
                                                      0.117    10.430 r  u_rq/q_r_reg[31]_i_2/CO[3]
                         net (fo=1, unplaced)         0.000    10.430    u_rq/q_r_reg[31]_i_2_n_0
                         CARRY4 (Prop_carry4_CI_CO[3])
                                                      0.117    10.547 r  u_rq/q_r_reg[35]_i_2/CO[3]
                         net (fo=1, unplaced)         0.000    10.547    u_rq/q_r_reg[35]_i_2_n_0
                         CARRY4 (Prop_carry4_CI_CO[3])
                                                      0.117    10.664 r  u_rq/q_r_reg[39]_i_2/CO[3]
                         net (fo=1, unplaced)         0.000    10.664    u_rq/q_r_reg[39]_i_2_n_0
                         CARRY4 (Prop_carry4_CI_CO[3])
                                                      0.117    10.781 r  u_rq/q_r_reg[43]_i_2/CO[3]
                         net (fo=1, unplaced)         0.000    10.781    u_rq/q_r_reg[43]_i_2_n_0
                         CARRY4 (Prop_carry4_CI_CO[3])
                                                      0.117    10.898 r  u_rq/q_r_reg[47]_i_2/CO[3]
                         net (fo=1, unplaced)         0.000    10.898    u_rq/q_r_reg[47]_i_2_n_0
                         CARRY4 (Prop_carry4_CI_CO[3])
                                                      0.117    11.015 r  u_rq/q_r_reg[51]_i_2/CO[3]
                         net (fo=1, unplaced)         0.000    11.015    u_rq/q_r_reg[51]_i_2_n_0
                         CARRY4 (Prop_carry4_CI_O[2])
                                                      0.256    11.271 f  u_rq/q_r_reg[55]_i_2/O[2]
                         net (fo=2, unplaced)         0.463    11.734    u_rq/q_r2[54]
                         LUT1 (Prop_lut1_I0_O)        0.301    12.035 r  u_rq/q_r[56]_i_14/O
                         net (fo=1, unplaced)         0.000    12.035    u_rq/q_r[56]_i_14_n_0
                         CARRY4 (Prop_carry4_S[1]_CO[3])
                                                      0.533    12.568 r  u_rq/q_r_reg[56]_i_3/CO[3]
                         net (fo=1, unplaced)         0.000    12.568    u_rq/q_r_reg[56]_i_3_n_0
                         CARRY4 (Prop_carry4_CI_O[3])
                                                      0.331    12.899 r  u_rq/q_r_reg[60]_i_3/O[3]
                         net (fo=1, unplaced)         0.448    13.347    u_rq/q_r1[60]
                         LUT5 (Prop_lut5_I2_O)        0.307    13.654 r  u_rq/q_r[60]_i_1/O
                         net (fo=1, unplaced)         0.000    13.654    u_rq/q_r__0[60]
                         FDCE                                         r  u_rq/q_r_reg[60]/D
  -------------------------------------------------------------------    -------------------

                         (clock clk rise edge)       10.000    10.000 r  <hidden>
                                                      0.000    10.000 r  clk
                         net (fo=43294, unset)        0.924    10.924    u_rq/clk
                         FDCE                                         r  u_rq/q_r_reg[60]/C
                         clock pessimism              0.000    10.924    <hidden>
                         clock uncertainty           -0.035    10.889    <hidden>
                         FDCE (Setup_fdce_C_D)        0.044    10.933    u_rq/q_r_reg[60]
  -------------------------------------------------------------------
                         required time                         10.933    <hidden>
                         arrival time                         -13.654    <hidden>
  -------------------------------------------------------------------
                         slack                                 -2.721    <hidden>

Slack (VIOLATED) :        -2.707ns  (required time - arrival time)
  Source:                 u_rq/shr_r_reg[4]/C
                            (rising edge-triggered cell FDCE clocked by clk  {rise@0.000ns fall@5.000ns period=10.000ns})
  Destination:            u_rq/q_r_reg[62]/D
                            (rising edge-triggered cell FDCE clocked by clk  {rise@0.000ns fall@5.000ns period=10.000ns})
  Path Group:             clk
  Path Type:              Setup (Max at Slow Process Corner)
  Requirement:            10.000ns  (clk rise@10.000ns - clk rise@0.000ns)
  Data Path Delay:        12.667ns  (logic 7.936ns (62.651%)  route 4.731ns (37.349%))
  Logic Levels:           38  (CARRY4=33 LUT1=1 LUT4=1 LUT5=1 LUT6=2)
  Clock Path Skew:        -0.049ns (DCD - SCD + CPR)
    Destination Clock Delay (DCD):    0.924ns = ( 10.924 - 10.000 ) 
    Source Clock Delay      (SCD):    0.973ns
    Clock Pessimism Removal (CPR):    0.000ns
  Clock Uncertainty:      0.035ns  ((TSJ^2 + TIJ^2)^1/2 + DJ) / 2 + PE
    Total System Jitter     (TSJ):    0.071ns
    Total Input Jitter      (TIJ):    0.000ns
    Discrete Jitter          (DJ):    0.000ns
    Phase Error              (PE):    0.000ns

    Location             Delay type                Incr(ns)  Path(ns)    Netlist Resource(s)
  -------------------------------------------------------------------    -------------------
                         (clock clk rise edge)        0.000     0.000 r  <hidden>
                                                      0.000     0.000 r  clk
                         net (fo=43294, unset)        0.973     0.973    u_rq/clk
                         FDCE                                         r  u_rq/shr_r_reg[4]/C
  -------------------------------------------------------------------    -------------------
                         FDCE (Prop_fdce_C_Q)         0.478     1.451 r  u_rq/shr_r_reg[4]/Q
                         net (fo=177, unplaced)       1.079     2.530    u_rq/shr_r[4]
                         LUT6 (Prop_lut6_I0_O)        0.295     2.825 r  u_rq/q_r[3]_i_314/O
                         net (fo=1, unplaced)         0.665     3.490    u_rq/q_r[3]_i_314_n_0
                         CARRY4 (Prop_carry4_S[0]_CO[3])
                                                      0.637     4.127 r  u_rq/q_r_reg[3]_i_285/CO[3]
                         net (fo=1, unplaced)         0.000     4.127    u_rq/q_r_reg[3]_i_285_n_0
                         CARRY4 (Prop_carry4_CI_CO[3])
                                                      0.117     4.244 r  u_rq/q_r_reg[3]_i_262/CO[3]
                         net (fo=1, unplaced)         0.000     4.244    u_rq/q_r_reg[3]_i_262_n_0
                         CARRY4 (Prop_carry4_CI_CO[3])
                                                      0.117     4.361 r  u_rq/q_r_reg[3]_i_257/CO[3]
                         net (fo=1, unplaced)         0.000     4.361    u_rq/q_r_reg[3]_i_257_n_0
                         CARRY4 (Prop_carry4_CI_CO[3])
                                                      0.117     4.478 r  u_rq/q_r_reg[3]_i_254/CO[3]
                         net (fo=1, unplaced)         0.000     4.478    u_rq/q_r_reg[3]_i_254_n_0
                         CARRY4 (Prop_carry4_CI_CO[3])
                                                      0.117     4.595 r  u_rq/q_r_reg[3]_i_265/CO[3]
                         net (fo=1, unplaced)         0.000     4.595    u_rq/q_r_reg[3]_i_265_n_0
                         CARRY4 (Prop_carry4_CI_CO[3])
                                                      0.117     4.712 r  u_rq/q_r_reg[3]_i_232/CO[3]
                         net (fo=1, unplaced)         0.000     4.712    u_rq/q_r_reg[3]_i_232_n_0
                         CARRY4 (Prop_carry4_CI_CO[3])
                                                      0.117     4.829 r  u_rq/q_r_reg[3]_i_231/CO[3]
                         net (fo=1, unplaced)         0.000     4.829    u_rq/q_r_reg[3]_i_231_n_0
                         CARRY4 (Prop_carry4_CI_CO[3])
                                                      0.117     4.946 r  u_rq/q_r_reg[3]_i_208/CO[3]
                         net (fo=1, unplaced)         0.000     4.946    u_rq/q_r_reg[3]_i_208_n_0
                         CARRY4 (Prop_carry4_CI_CO[3])
                                                      0.117     5.063 r  u_rq/q_r_reg[3]_i_177/CO[3]
                         net (fo=1, unplaced)         0.000     5.063    u_rq/q_r_reg[3]_i_177_n_0
                         CARRY4 (Prop_carry4_CI_CO[3])
                                                      0.117     5.180 r  u_rq/q_r_reg[3]_i_146/CO[3]
                         net (fo=1, unplaced)         0.000     5.180    u_rq/q_r_reg[3]_i_146_n_0
                         CARRY4 (Prop_carry4_CI_CO[3])
                                                      0.117     5.297 r  u_rq/q_r_reg[3]_i_141/CO[3]
                         net (fo=1, unplaced)         0.000     5.297    u_rq/q_r_reg[3]_i_141_n_0
                         CARRY4 (Prop_carry4_CI_CO[3])
                                                      0.117     5.414 r  u_rq/q_r_reg[3]_i_84/CO[3]
                         net (fo=1, unplaced)         0.000     5.414    u_rq/q_r_reg[3]_i_84_n_0
                         CARRY4 (Prop_carry4_CI_CO[3])
                                                      0.117     5.531 r  u_rq/q_r_reg[3]_i_79/CO[3]
                         net (fo=1, unplaced)         0.000     5.531    u_rq/q_r_reg[3]_i_79_n_0
                         CARRY4 (Prop_carry4_CI_CO[3])
                                                      0.117     5.648 r  u_rq/q_r_reg[3]_i_49/CO[3]
                         net (fo=1, unplaced)         0.000     5.648    u_rq/q_r_reg[3]_i_49_n_0
                         CARRY4 (Prop_carry4_CI_O[2])
                                                      0.256     5.904 r  u_rq/q_r_reg[3]_i_43/O[2]
                         net (fo=2, unplaced)         0.463     6.367    u_rq/q_r_reg[3]_i_43_n_5
                         LUT4 (Prop_lut4_I3_O)        0.301     6.668 r  u_rq/q_r[3]_i_36/O
                         net (fo=1, unplaced)         0.449     7.117    u_rq/q_r[3]_i_36_n_0
                         LUT6 (Prop_lut6_I5_O)        0.124     7.241 r  u_rq/q_r[3]_i_11/O
                         net (fo=1, unplaced)         0.469     7.710    u_rq/q_r[3]_i_11_n_0
                         CARRY4 (Prop_carry4_DI[1]_CO[3])
                                                      0.520     8.230 r  u_rq/q_r_reg[3]_i_3/CO[3]
                         net (fo=2, unplaced)         0.831     9.061    u_rq/q_r3
                         CARRY4 (Prop_carry4_DI[0]_CO[3])
                                                      0.550     9.611 r  u_rq/q_r_reg[3]_i_2/CO[3]
                         net (fo=1, unplaced)         0.000     9.611    u_rq/q_r_reg[3]_i_2_n_0
                         CARRY4 (Prop_carry4_CI_CO[3])
                                                      0.117     9.728 r  u_rq/q_r_reg[7]_i_2/CO[3]
                         net (fo=1, unplaced)         0.000     9.728    u_rq/q_r_reg[7]_i_2_n_0
                         CARRY4 (Prop_carry4_CI_CO[3])
                                                      0.117     9.845 r  u_rq/q_r_reg[11]_i_2/CO[3]
                         net (fo=1, unplaced)         0.000     9.845    u_rq/q_r_reg[11]_i_2_n_0
                         CARRY4 (Prop_carry4_CI_CO[3])
                                                      0.117     9.962 r  u_rq/q_r_reg[15]_i_2/CO[3]
                         net (fo=1, unplaced)         0.000     9.962    u_rq/q_r_reg[15]_i_2_n_0
                         CARRY4 (Prop_carry4_CI_CO[3])
                                                      0.117    10.079 r  u_rq/q_r_reg[19]_i_2/CO[3]
                         net (fo=1, unplaced)         0.000    10.079    u_rq/q_r_reg[19]_i_2_n_0
                         CARRY4 (Prop_carry4_CI_CO[3])
                                                      0.117    10.196 r  u_rq/q_r_reg[23]_i_2/CO[3]
                         net (fo=1, unplaced)         0.000    10.196    u_rq/q_r_reg[23]_i_2_n_0
                         CARRY4 (Prop_carry4_CI_CO[3])
                                                      0.117    10.313 r  u_rq/q_r_reg[27]_i_2/CO[3]
                         net (fo=1, unplaced)         0.000    10.313    u_rq/q_r_reg[27]_i_2_n_0
                         CARRY4 (Prop_carry4_CI_CO[3])
                                                      0.117    10.430 r  u_rq/q_r_reg[31]_i_2/CO[3]
                         net (fo=1, unplaced)         0.000    10.430    u_rq/q_r_reg[31]_i_2_n_0
                         CARRY4 (Prop_carry4_CI_CO[3])
                                                      0.117    10.547 r  u_rq/q_r_reg[35]_i_2/CO[3]
                         net (fo=1, unplaced)         0.000    10.547    u_rq/q_r_reg[35]_i_2_n_0
                         CARRY4 (Prop_carry4_CI_CO[3])
                                                      0.117    10.664 r  u_rq/q_r_reg[39]_i_2/CO[3]
                         net (fo=1, unplaced)         0.000    10.664    u_rq/q_r_reg[39]_i_2_n_0
                         CARRY4 (Prop_carry4_CI_CO[3])
                                                      0.117    10.781 r  u_rq/q_r_reg[43]_i_2/CO[3]
                         net (fo=1, unplaced)         0.000    10.781    u_rq/q_r_reg[43]_i_2_n_0
                         CARRY4 (Prop_carry4_CI_CO[3])
                                                      0.117    10.898 r  u_rq/q_r_reg[47]_i_2/CO[3]
                         net (fo=1, unplaced)         0.000    10.898    u_rq/q_r_reg[47]_i_2_n_0
                         CARRY4 (Prop_carry4_CI_CO[3])
                                                      0.117    11.015 r  u_rq/q_r_reg[51]_i_2/CO[3]
                         net (fo=1, unplaced)         0.000    11.015    u_rq/q_r_reg[51]_i_2_n_0
                         CARRY4 (Prop_carry4_CI_CO[3])
                                                      0.117    11.132 r  u_rq/q_r_reg[55]_i_2/CO[3]
                         net (fo=1, unplaced)         0.000    11.132    u_rq/q_r_reg[55]_i_2_n_0
                         CARRY4 (Prop_carry4_CI_O[2])
                                                      0.256    11.388 f  u_rq/q_r_reg[59]_i_2/O[2]
                         net (fo=2, unplaced)         0.463    11.851    u_rq/q_r2[58]
                         LUT1 (Prop_lut1_I0_O)        0.301    12.152 r  u_rq/q_r[60]_i_14/O
                         net (fo=1, unplaced)         0.000    12.152    u_rq/q_r[60]_i_14_n_0
                         CARRY4 (Prop_carry4_S[1]_CO[3])
                                                      0.533    12.685 r  u_rq/q_r_reg[60]_i_3/CO[3]
                         net (fo=1, unplaced)         0.000    12.685    u_rq/q_r_reg[60]_i_3_n_0
                         CARRY4 (Prop_carry4_CI_O[1])
                                                      0.337    13.022 r  u_rq/q_r_reg[63]_i_3/O[1]
                         net (fo=1, unplaced)         0.312    13.334    u_rq/q_r1[62]
                         LUT5 (Prop_lut5_I2_O)        0.306    13.640 r  u_rq/q_r[62]_i_1/O
                         net (fo=1, unplaced)         0.000    13.640    u_rq/q_r__0[62]
                         FDCE                                         r  u_rq/q_r_reg[62]/D
  -------------------------------------------------------------------    -------------------

                         (clock clk rise edge)       10.000    10.000 r  <hidden>
                                                      0.000    10.000 r  clk
                         net (fo=43294, unset)        0.924    10.924    u_rq/clk
                         FDCE                                         r  u_rq/q_r_reg[62]/C
                         clock pessimism              0.000    10.924    <hidden>
                         clock uncertainty           -0.035    10.889    <hidden>
                         FDCE (Setup_fdce_C_D)        0.044    10.933    u_rq/q_r_reg[62]
  -------------------------------------------------------------------
                         required time                         10.933    <hidden>
                         arrival time                         -13.640    <hidden>
  -------------------------------------------------------------------
                         slack                                 -2.707    <hidden>

Slack (VIOLATED) :        -2.644ns  (required time - arrival time)
  Source:                 u_rq/shr_r_reg[4]/C
                            (rising edge-triggered cell FDCE clocked by clk  {rise@0.000ns fall@5.000ns period=10.000ns})
  Destination:            u_rq/q_r_reg[59]/D
                            (rising edge-triggered cell FDCE clocked by clk  {rise@0.000ns fall@5.000ns period=10.000ns})
  Path Group:             clk
  Path Type:              Setup (Max at Slow Process Corner)
  Requirement:            10.000ns  (clk rise@10.000ns - clk rise@0.000ns)
  Data Path Delay:        12.604ns  (logic 7.733ns (61.354%)  route 4.871ns (38.646%))
  Logic Levels:           37  (CARRY4=32 LUT1=1 LUT4=1 LUT5=1 LUT6=2)
  Clock Path Skew:        -0.049ns (DCD - SCD + CPR)
    Destination Clock Delay (DCD):    0.924ns = ( 10.924 - 10.000 ) 
    Source Clock Delay      (SCD):    0.973ns
    Clock Pessimism Removal (CPR):    0.000ns
  Clock Uncertainty:      0.035ns  ((TSJ^2 + TIJ^2)^1/2 + DJ) / 2 + PE
    Total System Jitter     (TSJ):    0.071ns
    Total Input Jitter      (TIJ):    0.000ns
    Discrete Jitter          (DJ):    0.000ns
    Phase Error              (PE):    0.000ns

    Location             Delay type                Incr(ns)  Path(ns)    Netlist Resource(s)
  -------------------------------------------------------------------    -------------------
                         (clock clk rise edge)        0.000     0.000 r  <hidden>
                                                      0.000     0.000 r  clk
                         net (fo=43294, unset)        0.973     0.973    u_rq/clk
                         FDCE                                         r  u_rq/shr_r_reg[4]/C
  -------------------------------------------------------------------    -------------------
                         FDCE (Prop_fdce_C_Q)         0.478     1.451 r  u_rq/shr_r_reg[4]/Q
                         net (fo=177, unplaced)       1.079     2.530    u_rq/shr_r[4]
                         LUT6 (Prop_lut6_I0_O)        0.295     2.825 r  u_rq/q_r[3]_i_314/O
                         net (fo=1, unplaced)         0.665     3.490    u_rq/q_r[3]_i_314_n_0
                         CARRY4 (Prop_carry4_S[0]_CO[3])
                                                      0.637     4.127 r  u_rq/q_r_reg[3]_i_285/CO[3]
                         net (fo=1, unplaced)         0.000     4.127    u_rq/q_r_reg[3]_i_285_n_0
                         CARRY4 (Prop_carry4_CI_CO[3])
                                                      0.117     4.244 r  u_rq/q_r_reg[3]_i_262/CO[3]
                         net (fo=1, unplaced)         0.000     4.244    u_rq/q_r_reg[3]_i_262_n_0
                         CARRY4 (Prop_carry4_CI_CO[3])
                                                      0.117     4.361 r  u_rq/q_r_reg[3]_i_257/CO[3]
                         net (fo=1, unplaced)         0.000     4.361    u_rq/q_r_reg[3]_i_257_n_0
                         CARRY4 (Prop_carry4_CI_CO[3])
                                                      0.117     4.478 r  u_rq/q_r_reg[3]_i_254/CO[3]
                         net (fo=1, unplaced)         0.000     4.478    u_rq/q_r_reg[3]_i_254_n_0
                         CARRY4 (Prop_carry4_CI_CO[3])
                                                      0.117     4.595 r  u_rq/q_r_reg[3]_i_265/CO[3]
                         net (fo=1, unplaced)         0.000     4.595    u_rq/q_r_reg[3]_i_265_n_0
                         CARRY4 (Prop_carry4_CI_CO[3])
                                                      0.117     4.712 r  u_rq/q_r_reg[3]_i_232/CO[3]
                         net (fo=1, unplaced)         0.000     4.712    u_rq/q_r_reg[3]_i_232_n_0
                         CARRY4 (Prop_carry4_CI_CO[3])
                                                      0.117     4.829 r  u_rq/q_r_reg[3]_i_231/CO[3]
                         net (fo=1, unplaced)         0.000     4.829    u_rq/q_r_reg[3]_i_231_n_0
                         CARRY4 (Prop_carry4_CI_CO[3])
                                                      0.117     4.946 r  u_rq/q_r_reg[3]_i_208/CO[3]
                         net (fo=1, unplaced)         0.000     4.946    u_rq/q_r_reg[3]_i_208_n_0
                         CARRY4 (Prop_carry4_CI_CO[3])
                                                      0.117     5.063 r  u_rq/q_r_reg[3]_i_177/CO[3]
                         net (fo=1, unplaced)         0.000     5.063    u_rq/q_r_reg[3]_i_177_n_0
                         CARRY4 (Prop_carry4_CI_CO[3])
                                                      0.117     5.180 r  u_rq/q_r_reg[3]_i_146/CO[3]
                         net (fo=1, unplaced)         0.000     5.180    u_rq/q_r_reg[3]_i_146_n_0
                         CARRY4 (Prop_carry4_CI_CO[3])
                                                      0.117     5.297 r  u_rq/q_r_reg[3]_i_141/CO[3]
                         net (fo=1, unplaced)         0.000     5.297    u_rq/q_r_reg[3]_i_141_n_0
                         CARRY4 (Prop_carry4_CI_CO[3])
                                                      0.117     5.414 r  u_rq/q_r_reg[3]_i_84/CO[3]
                         net (fo=1, unplaced)         0.000     5.414    u_rq/q_r_reg[3]_i_84_n_0
                         CARRY4 (Prop_carry4_CI_CO[3])
                                                      0.117     5.531 r  u_rq/q_r_reg[3]_i_79/CO[3]
                         net (fo=1, unplaced)         0.000     5.531    u_rq/q_r_reg[3]_i_79_n_0
                         CARRY4 (Prop_carry4_CI_CO[3])
                                                      0.117     5.648 r  u_rq/q_r_reg[3]_i_49/CO[3]
                         net (fo=1, unplaced)         0.000     5.648    u_rq/q_r_reg[3]_i_49_n_0
                         CARRY4 (Prop_carry4_CI_O[2])
                                                      0.256     5.904 r  u_rq/q_r_reg[3]_i_43/O[2]
                         net (fo=2, unplaced)         0.463     6.367    u_rq/q_r_reg[3]_i_43_n_5
                         LUT4 (Prop_lut4_I3_O)        0.301     6.668 r  u_rq/q_r[3]_i_36/O
                         net (fo=1, unplaced)         0.449     7.117    u_rq/q_r[3]_i_36_n_0
                         LUT6 (Prop_lut6_I5_O)        0.124     7.241 r  u_rq/q_r[3]_i_11/O
                         net (fo=1, unplaced)         0.469     7.710    u_rq/q_r[3]_i_11_n_0
                         CARRY4 (Prop_carry4_DI[1]_CO[3])
                                                      0.520     8.230 r  u_rq/q_r_reg[3]_i_3/CO[3]
                         net (fo=2, unplaced)         0.831     9.061    u_rq/q_r3
                         CARRY4 (Prop_carry4_DI[0]_CO[3])
                                                      0.550     9.611 r  u_rq/q_r_reg[3]_i_2/CO[3]
                         net (fo=1, unplaced)         0.000     9.611    u_rq/q_r_reg[3]_i_2_n_0
                         CARRY4 (Prop_carry4_CI_CO[3])
                                                      0.117     9.728 r  u_rq/q_r_reg[7]_i_2/CO[3]
                         net (fo=1, unplaced)         0.000     9.728    u_rq/q_r_reg[7]_i_2_n_0
                         CARRY4 (Prop_carry4_CI_CO[3])
                                                      0.117     9.845 r  u_rq/q_r_reg[11]_i_2/CO[3]
                         net (fo=1, unplaced)         0.000     9.845    u_rq/q_r_reg[11]_i_2_n_0
                         CARRY4 (Prop_carry4_CI_CO[3])
                                                      0.117     9.962 r  u_rq/q_r_reg[15]_i_2/CO[3]
                         net (fo=1, unplaced)         0.000     9.962    u_rq/q_r_reg[15]_i_2_n_0
                         CARRY4 (Prop_carry4_CI_CO[3])
                                                      0.117    10.079 r  u_rq/q_r_reg[19]_i_2/CO[3]
                         net (fo=1, unplaced)         0.000    10.079    u_rq/q_r_reg[19]_i_2_n_0
                         CARRY4 (Prop_carry4_CI_CO[3])
                                                      0.117    10.196 r  u_rq/q_r_reg[23]_i_2/CO[3]
                         net (fo=1, unplaced)         0.000    10.196    u_rq/q_r_reg[23]_i_2_n_0
                         CARRY4 (Prop_carry4_CI_CO[3])
                                                      0.117    10.313 r  u_rq/q_r_reg[27]_i_2/CO[3]
                         net (fo=1, unplaced)         0.000    10.313    u_rq/q_r_reg[27]_i_2_n_0
                         CARRY4 (Prop_carry4_CI_CO[3])
                                                      0.117    10.430 r  u_rq/q_r_reg[31]_i_2/CO[3]
                         net (fo=1, unplaced)         0.000    10.430    u_rq/q_r_reg[31]_i_2_n_0
                         CARRY4 (Prop_carry4_CI_CO[3])
                                                      0.117    10.547 r  u_rq/q_r_reg[35]_i_2/CO[3]
                         net (fo=1, unplaced)         0.000    10.547    u_rq/q_r_reg[35]_i_2_n_0
                         CARRY4 (Prop_carry4_CI_CO[3])
                                                      0.117    10.664 r  u_rq/q_r_reg[39]_i_2/CO[3]
                         net (fo=1, unplaced)         0.000    10.664    u_rq/q_r_reg[39]_i_2_n_0
                         CARRY4 (Prop_carry4_CI_CO[3])
                                                      0.117    10.781 r  u_rq/q_r_reg[43]_i_2/CO[3]
                         net (fo=1, unplaced)         0.000    10.781    u_rq/q_r_reg[43]_i_2_n_0
                         CARRY4 (Prop_carry4_CI_CO[3])
                                                      0.117    10.898 r  u_rq/q_r_reg[47]_i_2/CO[3]
                         net (fo=1, unplaced)         0.000    10.898    u_rq/q_r_reg[47]_i_2_n_0
                         CARRY4 (Prop_carry4_CI_CO[3])
                                                      0.117    11.015 r  u_rq/q_r_reg[51]_i_2/CO[3]
                         net (fo=1, unplaced)         0.000    11.015    u_rq/q_r_reg[51]_i_2_n_0
                         CARRY4 (Prop_carry4_CI_O[2])
                                                      0.256    11.271 f  u_rq/q_r_reg[55]_i_2/O[2]
                         net (fo=2, unplaced)         0.463    11.734    u_rq/q_r2[54]
                         LUT1 (Prop_lut1_I0_O)        0.301    12.035 r  u_rq/q_r[56]_i_14/O
                         net (fo=1, unplaced)         0.000    12.035    u_rq/q_r[56]_i_14_n_0
                         CARRY4 (Prop_carry4_S[1]_CO[3])
                                                      0.533    12.568 r  u_rq/q_r_reg[56]_i_3/CO[3]
                         net (fo=1, unplaced)         0.000    12.568    u_rq/q_r_reg[56]_i_3_n_0
                         CARRY4 (Prop_carry4_CI_O[2])
                                                      0.256    12.824 r  u_rq/q_r_reg[60]_i_3/O[2]
                         net (fo=1, unplaced)         0.452    13.276    u_rq/q_r1[59]
                         LUT5 (Prop_lut5_I2_O)        0.301    13.577 r  u_rq/q_r[59]_i_1/O
                         net (fo=1, unplaced)         0.000    13.577    u_rq/q_r__0[59]
                         FDCE                                         r  u_rq/q_r_reg[59]/D
  -------------------------------------------------------------------    -------------------

                         (clock clk rise edge)       10.000    10.000 r  <hidden>
                                                      0.000    10.000 r  clk
                         net (fo=43294, unset)        0.924    10.924    u_rq/clk
                         FDCE                                         r  u_rq/q_r_reg[59]/C
                         clock pessimism              0.000    10.924    <hidden>
                         clock uncertainty           -0.035    10.889    <hidden>
                         FDCE (Setup_fdce_C_D)        0.044    10.933    u_rq/q_r_reg[59]
  -------------------------------------------------------------------
                         required time                         10.933    <hidden>
                         arrival time                         -13.577    <hidden>
  -------------------------------------------------------------------
                         slack                                 -2.644    <hidden>

Slack (VIOLATED) :        -2.604ns  (required time - arrival time)
  Source:                 u_rq/shr_r_reg[4]/C
                            (rising edge-triggered cell FDCE clocked by clk  {rise@0.000ns fall@5.000ns period=10.000ns})
  Destination:            u_rq/q_r_reg[56]/D
                            (rising edge-triggered cell FDCE clocked by clk  {rise@0.000ns fall@5.000ns period=10.000ns})
  Path Group:             clk
  Path Type:              Setup (Max at Slow Process Corner)
  Requirement:            10.000ns  (clk rise@10.000ns - clk rise@0.000ns)
  Data Path Delay:        12.564ns  (logic 7.697ns (61.262%)  route 4.867ns (38.738%))
  Logic Levels:           36  (CARRY4=31 LUT1=1 LUT4=1 LUT5=1 LUT6=2)
  Clock Path Skew:        -0.049ns (DCD - SCD + CPR)
    Destination Clock Delay (DCD):    0.924ns = ( 10.924 - 10.000 ) 
    Source Clock Delay      (SCD):    0.973ns
    Clock Pessimism Removal (CPR):    0.000ns
  Clock Uncertainty:      0.035ns  ((TSJ^2 + TIJ^2)^1/2 + DJ) / 2 + PE
    Total System Jitter     (TSJ):    0.071ns
    Total Input Jitter      (TIJ):    0.000ns
    Discrete Jitter          (DJ):    0.000ns
    Phase Error              (PE):    0.000ns

    Location             Delay type                Incr(ns)  Path(ns)    Netlist Resource(s)
  -------------------------------------------------------------------    -------------------
                         (clock clk rise edge)        0.000     0.000 r  <hidden>
                                                      0.000     0.000 r  clk
                         net (fo=43294, unset)        0.973     0.973    u_rq/clk
                         FDCE                                         r  u_rq/shr_r_reg[4]/C
  -------------------------------------------------------------------    -------------------
                         FDCE (Prop_fdce_C_Q)         0.478     1.451 r  u_rq/shr_r_reg[4]/Q
                         net (fo=177, unplaced)       1.079     2.530    u_rq/shr_r[4]
                         LUT6 (Prop_lut6_I0_O)        0.295     2.825 r  u_rq/q_r[3]_i_314/O
                         net (fo=1, unplaced)         0.665     3.490    u_rq/q_r[3]_i_314_n_0
                         CARRY4 (Prop_carry4_S[0]_CO[3])
                                                      0.637     4.127 r  u_rq/q_r_reg[3]_i_285/CO[3]
                         net (fo=1, unplaced)         0.000     4.127    u_rq/q_r_reg[3]_i_285_n_0
                         CARRY4 (Prop_carry4_CI_CO[3])
                                                      0.117     4.244 r  u_rq/q_r_reg[3]_i_262/CO[3]
                         net (fo=1, unplaced)         0.000     4.244    u_rq/q_r_reg[3]_i_262_n_0
                         CARRY4 (Prop_carry4_CI_CO[3])
                                                      0.117     4.361 r  u_rq/q_r_reg[3]_i_257/CO[3]
                         net (fo=1, unplaced)         0.000     4.361    u_rq/q_r_reg[3]_i_257_n_0
                         CARRY4 (Prop_carry4_CI_CO[3])
                                                      0.117     4.478 r  u_rq/q_r_reg[3]_i_254/CO[3]
                         net (fo=1, unplaced)         0.000     4.478    u_rq/q_r_reg[3]_i_254_n_0
                         CARRY4 (Prop_carry4_CI_CO[3])
                                                      0.117     4.595 r  u_rq/q_r_reg[3]_i_265/CO[3]
                         net (fo=1, unplaced)         0.000     4.595    u_rq/q_r_reg[3]_i_265_n_0
                         CARRY4 (Prop_carry4_CI_CO[3])
                                                      0.117     4.712 r  u_rq/q_r_reg[3]_i_232/CO[3]
                         net (fo=1, unplaced)         0.000     4.712    u_rq/q_r_reg[3]_i_232_n_0
                         CARRY4 (Prop_carry4_CI_CO[3])
                                                      0.117     4.829 r  u_rq/q_r_reg[3]_i_231/CO[3]
                         net (fo=1, unplaced)         0.000     4.829    u_rq/q_r_reg[3]_i_231_n_0
                         CARRY4 (Prop_carry4_CI_CO[3])
                                                      0.117     4.946 r  u_rq/q_r_reg[3]_i_208/CO[3]
                         net (fo=1, unplaced)         0.000     4.946    u_rq/q_r_reg[3]_i_208_n_0
                         CARRY4 (Prop_carry4_CI_CO[3])
                                                      0.117     5.063 r  u_rq/q_r_reg[3]_i_177/CO[3]
                         net (fo=1, unplaced)         0.000     5.063    u_rq/q_r_reg[3]_i_177_n_0
                         CARRY4 (Prop_carry4_CI_CO[3])
                                                      0.117     5.180 r  u_rq/q_r_reg[3]_i_146/CO[3]
                         net (fo=1, unplaced)         0.000     5.180    u_rq/q_r_reg[3]_i_146_n_0
                         CARRY4 (Prop_carry4_CI_CO[3])
                                                      0.117     5.297 r  u_rq/q_r_reg[3]_i_141/CO[3]
                         net (fo=1, unplaced)         0.000     5.297    u_rq/q_r_reg[3]_i_141_n_0
                         CARRY4 (Prop_carry4_CI_CO[3])
                                                      0.117     5.414 r  u_rq/q_r_reg[3]_i_84/CO[3]
                         net (fo=1, unplaced)         0.000     5.414    u_rq/q_r_reg[3]_i_84_n_0
                         CARRY4 (Prop_carry4_CI_CO[3])
                                                      0.117     5.531 r  u_rq/q_r_reg[3]_i_79/CO[3]
                         net (fo=1, unplaced)         0.000     5.531    u_rq/q_r_reg[3]_i_79_n_0
                         CARRY4 (Prop_carry4_CI_CO[3])
                                                      0.117     5.648 r  u_rq/q_r_reg[3]_i_49/CO[3]
                         net (fo=1, unplaced)         0.000     5.648    u_rq/q_r_reg[3]_i_49_n_0
                         CARRY4 (Prop_carry4_CI_O[2])
                                                      0.256     5.904 r  u_rq/q_r_reg[3]_i_43/O[2]
                         net (fo=2, unplaced)         0.463     6.367    u_rq/q_r_reg[3]_i_43_n_5
                         LUT4 (Prop_lut4_I3_O)        0.301     6.668 r  u_rq/q_r[3]_i_36/O
                         net (fo=1, unplaced)         0.449     7.117    u_rq/q_r[3]_i_36_n_0
                         LUT6 (Prop_lut6_I5_O)        0.124     7.241 r  u_rq/q_r[3]_i_11/O
                         net (fo=1, unplaced)         0.469     7.710    u_rq/q_r[3]_i_11_n_0
                         CARRY4 (Prop_carry4_DI[1]_CO[3])
                                                      0.520     8.230 r  u_rq/q_r_reg[3]_i_3/CO[3]
                         net (fo=2, unplaced)         0.831     9.061    u_rq/q_r3
                         CARRY4 (Prop_carry4_DI[0]_CO[3])
                                                      0.550     9.611 r  u_rq/q_r_reg[3]_i_2/CO[3]
                         net (fo=1, unplaced)         0.000     9.611    u_rq/q_r_reg[3]_i_2_n_0
                         CARRY4 (Prop_carry4_CI_CO[3])
                                                      0.117     9.728 r  u_rq/q_r_reg[7]_i_2/CO[3]
                         net (fo=1, unplaced)         0.000     9.728    u_rq/q_r_reg[7]_i_2_n_0
                         CARRY4 (Prop_carry4_CI_CO[3])
                                                      0.117     9.845 r  u_rq/q_r_reg[11]_i_2/CO[3]
                         net (fo=1, unplaced)         0.000     9.845    u_rq/q_r_reg[11]_i_2_n_0
                         CARRY4 (Prop_carry4_CI_CO[3])
                                                      0.117     9.962 r  u_rq/q_r_reg[15]_i_2/CO[3]
                         net (fo=1, unplaced)         0.000     9.962    u_rq/q_r_reg[15]_i_2_n_0
                         CARRY4 (Prop_carry4_CI_CO[3])
                                                      0.117    10.079 r  u_rq/q_r_reg[19]_i_2/CO[3]
                         net (fo=1, unplaced)         0.000    10.079    u_rq/q_r_reg[19]_i_2_n_0
                         CARRY4 (Prop_carry4_CI_CO[3])
                                                      0.117    10.196 r  u_rq/q_r_reg[23]_i_2/CO[3]
                         net (fo=1, unplaced)         0.000    10.196    u_rq/q_r_reg[23]_i_2_n_0
                         CARRY4 (Prop_carry4_CI_CO[3])
                                                      0.117    10.313 r  u_rq/q_r_reg[27]_i_2/CO[3]
                         net (fo=1, unplaced)         0.000    10.313    u_rq/q_r_reg[27]_i_2_n_0
                         CARRY4 (Prop_carry4_CI_CO[3])
                                                      0.117    10.430 r  u_rq/q_r_reg[31]_i_2/CO[3]
                         net (fo=1, unplaced)         0.000    10.430    u_rq/q_r_reg[31]_i_2_n_0
                         CARRY4 (Prop_carry4_CI_CO[3])
                                                      0.117    10.547 r  u_rq/q_r_reg[35]_i_2/CO[3]
                         net (fo=1, unplaced)         0.000    10.547    u_rq/q_r_reg[35]_i_2_n_0
                         CARRY4 (Prop_carry4_CI_CO[3])
                                                      0.117    10.664 r  u_rq/q_r_reg[39]_i_2/CO[3]
                         net (fo=1, unplaced)         0.000    10.664    u_rq/q_r_reg[39]_i_2_n_0
                         CARRY4 (Prop_carry4_CI_CO[3])
                                                      0.117    10.781 r  u_rq/q_r_reg[43]_i_2/CO[3]
                         net (fo=1, unplaced)         0.000    10.781    u_rq/q_r_reg[43]_i_2_n_0
                         CARRY4 (Prop_carry4_CI_CO[3])
                                                      0.117    10.898 r  u_rq/q_r_reg[47]_i_2/CO[3]
                         net (fo=1, unplaced)         0.000    10.898    u_rq/q_r_reg[47]_i_2_n_0
                         CARRY4 (Prop_carry4_CI_O[2])
                                                      0.256    11.154 f  u_rq/q_r_reg[51]_i_2/O[2]
                         net (fo=2, unplaced)         0.463    11.617    u_rq/q_r2[50]
                         LUT1 (Prop_lut1_I0_O)        0.301    11.918 r  u_rq/q_r[52]_i_14/O
                         net (fo=1, unplaced)         0.000    11.918    u_rq/q_r[52]_i_14_n_0
                         CARRY4 (Prop_carry4_S[1]_CO[3])
                                                      0.533    12.451 r  u_rq/q_r_reg[52]_i_3/CO[3]
                         net (fo=1, unplaced)         0.000    12.451    u_rq/q_r_reg[52]_i_3_n_0
                         CARRY4 (Prop_carry4_CI_O[3])
                                                      0.331    12.782 r  u_rq/q_r_reg[56]_i_3/O[3]
                         net (fo=1, unplaced)         0.448    13.230    u_rq/q_r1[56]
                         LUT5 (Prop_lut5_I2_O)        0.307    13.537 r  u_rq/q_r[56]_i_1/O
                         net (fo=1, unplaced)         0.000    13.537    u_rq/q_r__0[56]
                         FDCE                                         r  u_rq/q_r_reg[56]/D
  -------------------------------------------------------------------    -------------------

                         (clock clk rise edge)       10.000    10.000 r  <hidden>
                                                      0.000    10.000 r  clk
                         net (fo=43294, unset)        0.924    10.924    u_rq/clk
                         FDCE                                         r  u_rq/q_r_reg[56]/C
                         clock pessimism              0.000    10.924    <hidden>
                         clock uncertainty           -0.035    10.889    <hidden>
                         FDCE (Setup_fdce_C_D)        0.044    10.933    u_rq/q_r_reg[56]
  -------------------------------------------------------------------
                         required time                         10.933    <hidden>
                         arrival time                         -13.537    <hidden>
  -------------------------------------------------------------------
                         slack                                 -2.604    <hidden>

Slack (VIOLATED) :        -2.598ns  (required time - arrival time)
  Source:                 elut_reg[23][0]/C
                            (rising edge-triggered cell FDRE clocked by clk  {rise@0.000ns fall@5.000ns period=10.000ns})
  Destination:            u_smres_div/un_reg[31]/D
                            (rising edge-triggered cell FDCE clocked by clk  {rise@0.000ns fall@5.000ns period=10.000ns})
  Path Group:             clk
  Path Type:              Setup (Max at Slow Process Corner)
  Requirement:            10.000ns  (clk rise@10.000ns - clk rise@0.000ns)
  Data Path Delay:        12.558ns  (logic 7.241ns (57.660%)  route 5.317ns (42.340%))
  Logic Levels:           21  (CARRY4=10 LUT1=1 LUT2=2 LUT3=2 LUT4=2 LUT5=2 LUT6=1 MUXF7=1)
  Clock Path Skew:        -0.049ns (DCD - SCD + CPR)
    Destination Clock Delay (DCD):    0.924ns = ( 10.924 - 10.000 ) 
    Source Clock Delay      (SCD):    0.973ns
    Clock Pessimism Removal (CPR):    0.000ns
  Clock Uncertainty:      0.035ns  ((TSJ^2 + TIJ^2)^1/2 + DJ) / 2 + PE
    Total System Jitter     (TSJ):    0.071ns
    Total Input Jitter      (TIJ):    0.000ns
    Discrete Jitter          (DJ):    0.000ns
    Phase Error              (PE):    0.000ns

    Location             Delay type                Incr(ns)  Path(ns)    Netlist Resource(s)
  -------------------------------------------------------------------    -------------------
                         (clock clk rise edge)        0.000     0.000 r  <hidden>
                                                      0.000     0.000 r  clk
                         net (fo=43294, unset)        0.973     0.973    clk
                         FDRE                                         r  elut_reg[23][0]/C
  -------------------------------------------------------------------    -------------------
                         FDRE (Prop_fdre_C_Q)         0.478     1.451 r  elut_reg[23][0]/Q
                         net (fo=1, unplaced)         0.965     2.416    u_smres_div/elut_reg[23][0]
                         LUT6 (Prop_lut6_I0_O)        0.295     2.711 r  u_smres_div/un[3]_i_20/O
                         net (fo=1, unplaced)         0.000     2.711    u_smres_div/un[3]_i_20_n_0
                         MUXF7 (Prop_muxf7_I1_O)      0.247     2.958 r  u_smres_div/un_reg[3]_i_15/O
                         net (fo=6, unplaced)         0.767     3.725    u_smres_div/un_reg[3]_i_15_n_0
                         LUT5 (Prop_lut5_I0_O)        0.298     4.023 r  u_smres_div/un[3]_i_5/O
                         net (fo=23, unplaced)        0.482     4.505    u_smres_div/ti_reg[4]_rep__12_2[0]
                         LUT2 (Prop_lut2_I0_O)        0.124     4.629 r  u_smres_div/un[11]_i_32/O
                         net (fo=1, unplaced)         0.000     4.629    u_smres_div/un[11]_i_32_n_0
                         CARRY4 (Prop_carry4_S[3]_CO[3])
                                                      0.376     5.005 r  u_smres_div/un_reg[11]_i_31/CO[3]
                         net (fo=1, unplaced)         0.000     5.005    u_smres_div/un_reg[11]_i_31_n_0
                         CARRY4 (Prop_carry4_CI_O[1])
                                                      0.337     5.342 r  u_smres_div/un_reg[15]_i_31/O[1]
                         net (fo=2, unplaced)         0.622     5.964    u_smres_div/un_reg[15]_i_31_n_6
                         LUT3 (Prop_lut3_I0_O)        0.306     6.270 r  u_smres_div/un[15]_i_21/O
                         net (fo=2, unplaced)         0.460     6.730    u_smres_div/un[15]_i_21_n_0
                         LUT4 (Prop_lut4_I3_O)        0.124     6.854 r  u_smres_div/un[15]_i_25/O
                         net (fo=1, unplaced)         0.000     6.854    u_smres_div/un[15]_i_25_n_0
                         CARRY4 (Prop_carry4_S[1]_CO[3])
                                                      0.533     7.387 r  u_smres_div/un_reg[15]_i_17/CO[3]
                         net (fo=1, unplaced)         0.000     7.387    u_smres_div/un_reg[15]_i_17_n_0
                         CARRY4 (Prop_carry4_CI_O[1])
                                                      0.337     7.724 r  u_smres_div/un_reg[19]_i_17/O[1]
                         net (fo=2, unplaced)         0.323     8.047    u_smres_div/un_reg[19]_i_17_n_6
                         LUT3 (Prop_lut3_I2_O)        0.306     8.353 r  u_smres_div/un[19]_i_10/O
                         net (fo=2, unplaced)         0.460     8.813    u_smres_div/un[19]_i_10_n_0
                         LUT4 (Prop_lut4_I3_O)        0.124     8.937 r  u_smres_div/un[19]_i_14/O
                         net (fo=1, unplaced)         0.000     8.937    u_smres_div/un[19]_i_14_n_0
                         CARRY4 (Prop_carry4_S[1]_CO[3])
                                                      0.533     9.470 r  u_smres_div/un_reg[19]_i_3/CO[3]
                         net (fo=1, unplaced)         0.000     9.470    u_smres_div/un_reg[19]_i_3_n_0
                         CARRY4 (Prop_carry4_CI_O[1])
                                                      0.337     9.807 r  u_smres_div/un_reg[23]_i_3/O[1]
                         net (fo=2, unplaced)         0.323    10.130    u_smres_div/num3200_in[21]
                         LUT2 (Prop_lut2_I0_O)        0.306    10.436 r  u_smres_div/un[23]_i_6/O
                         net (fo=1, unplaced)         0.000    10.436    u_smres_div/un[23]_i_6_n_0
                         CARRY4 (Prop_carry4_S[1]_CO[3])
                                                      0.533    10.969 r  u_smres_div/un_reg[23]_i_2/CO[3]
                         net (fo=1, unplaced)         0.000    10.969    u_smres_div/un_reg[23]_i_2_n_0
                         CARRY4 (Prop_carry4_CI_O[2])
                                                      0.256    11.225 f  u_smres_div/un_reg[27]_i_2/O[2]
                         net (fo=2, unplaced)         0.463    11.688    u_smres_div/un_reg[27]_i_2_n_5
                         LUT1 (Prop_lut1_I0_O)        0.301    11.989 r  u_smres_div/un[28]_i_5/O
                         net (fo=1, unplaced)         0.000    11.989    u_smres_div/un[28]_i_5_n_0
                         CARRY4 (Prop_carry4_S[1]_CO[3])
                                                      0.533    12.522 r  u_smres_div/un_reg[28]_i_2/CO[3]
                         net (fo=1, unplaced)         0.000    12.522    u_smres_div/un_reg[28]_i_2_n_0
                         CARRY4 (Prop_carry4_CI_O[2])
                                                      0.256    12.778 r  u_smres_div/un_reg[31]_i_2/O[2]
                         net (fo=1, unplaced)         0.452    13.230    u_smres_div/un1[31]
                         LUT5 (Prop_lut5_I0_O)        0.301    13.531 r  u_smres_div/un[31]_i_1/O
                         net (fo=1, unplaced)         0.000    13.531    u_smres_div/un[31]_i_1_n_0
                         FDCE                                         r  u_smres_div/un_reg[31]/D
  -------------------------------------------------------------------    -------------------

                         (clock clk rise edge)       10.000    10.000 r  <hidden>
                                                      0.000    10.000 r  clk
                         net (fo=43294, unset)        0.924    10.924    u_smres_div/clk
                         FDCE                                         r  u_smres_div/un_reg[31]/C
                         clock pessimism              0.000    10.924    <hidden>
                         clock uncertainty           -0.035    10.889    <hidden>
                         FDCE (Setup_fdce_C_D)        0.044    10.933    u_smres_div/un_reg[31]
  -------------------------------------------------------------------
                         required time                         10.933    <hidden>
                         arrival time                         -13.531    <hidden>
  -------------------------------------------------------------------
                         slack                                 -2.598    <hidden>

Slack (VIOLATED) :        -2.590ns  (required time - arrival time)
  Source:                 u_rq/shr_r_reg[4]/C
                            (rising edge-triggered cell FDCE clocked by clk  {rise@0.000ns fall@5.000ns period=10.000ns})
  Destination:            u_rq/q_r_reg[58]/D
                            (rising edge-triggered cell FDCE clocked by clk  {rise@0.000ns fall@5.000ns period=10.000ns})
  Path Group:             clk
  Path Type:              Setup (Max at Slow Process Corner)
  Requirement:            10.000ns  (clk rise@10.000ns - clk rise@0.000ns)
  Data Path Delay:        12.550ns  (logic 7.819ns (62.303%)  route 4.731ns (37.697%))
  Logic Levels:           37  (CARRY4=32 LUT1=1 LUT4=1 LUT5=1 LUT6=2)
  Clock Path Skew:        -0.049ns (DCD - SCD + CPR)
    Destination Clock Delay (DCD):    0.924ns = ( 10.924 - 10.000 ) 
    Source Clock Delay      (SCD):    0.973ns
    Clock Pessimism Removal (CPR):    0.000ns
  Clock Uncertainty:      0.035ns  ((TSJ^2 + TIJ^2)^1/2 + DJ) / 2 + PE
    Total System Jitter     (TSJ):    0.071ns
    Total Input Jitter      (TIJ):    0.000ns
    Discrete Jitter          (DJ):    0.000ns
    Phase Error              (PE):    0.000ns

    Location             Delay type                Incr(ns)  Path(ns)    Netlist Resource(s)
  -------------------------------------------------------------------    -------------------
                         (clock clk rise edge)        0.000     0.000 r  <hidden>
                                                      0.000     0.000 r  clk
                         net (fo=43294, unset)        0.973     0.973    u_rq/clk
                         FDCE                                         r  u_rq/shr_r_reg[4]/C
  -------------------------------------------------------------------    -------------------
                         FDCE (Prop_fdce_C_Q)         0.478     1.451 r  u_rq/shr_r_reg[4]/Q
                         net (fo=177, unplaced)       1.079     2.530    u_rq/shr_r[4]
                         LUT6 (Prop_lut6_I0_O)        0.295     2.825 r  u_rq/q_r[3]_i_314/O
                         net (fo=1, unplaced)         0.665     3.490    u_rq/q_r[3]_i_314_n_0
                         CARRY4 (Prop_carry4_S[0]_CO[3])
                                                      0.637     4.127 r  u_rq/q_r_reg[3]_i_285/CO[3]
                         net (fo=1, unplaced)         0.000     4.127    u_rq/q_r_reg[3]_i_285_n_0
                         CARRY4 (Prop_carry4_CI_CO[3])
                                                      0.117     4.244 r  u_rq/q_r_reg[3]_i_262/CO[3]
                         net (fo=1, unplaced)         0.000     4.244    u_rq/q_r_reg[3]_i_262_n_0
                         CARRY4 (Prop_carry4_CI_CO[3])
                                                      0.117     4.361 r  u_rq/q_r_reg[3]_i_257/CO[3]
                         net (fo=1, unplaced)         0.000     4.361    u_rq/q_r_reg[3]_i_257_n_0
                         CARRY4 (Prop_carry4_CI_CO[3])
                                                      0.117     4.478 r  u_rq/q_r_reg[3]_i_254/CO[3]
                         net (fo=1, unplaced)         0.000     4.478    u_rq/q_r_reg[3]_i_254_n_0
                         CARRY4 (Prop_carry4_CI_CO[3])
                                                      0.117     4.595 r  u_rq/q_r_reg[3]_i_265/CO[3]
                         net (fo=1, unplaced)         0.000     4.595    u_rq/q_r_reg[3]_i_265_n_0
                         CARRY4 (Prop_carry4_CI_CO[3])
                                                      0.117     4.712 r  u_rq/q_r_reg[3]_i_232/CO[3]
                         net (fo=1, unplaced)         0.000     4.712    u_rq/q_r_reg[3]_i_232_n_0
                         CARRY4 (Prop_carry4_CI_CO[3])
                                                      0.117     4.829 r  u_rq/q_r_reg[3]_i_231/CO[3]
                         net (fo=1, unplaced)         0.000     4.829    u_rq/q_r_reg[3]_i_231_n_0
                         CARRY4 (Prop_carry4_CI_CO[3])
                                                      0.117     4.946 r  u_rq/q_r_reg[3]_i_208/CO[3]
                         net (fo=1, unplaced)         0.000     4.946    u_rq/q_r_reg[3]_i_208_n_0
                         CARRY4 (Prop_carry4_CI_CO[3])
                                                      0.117     5.063 r  u_rq/q_r_reg[3]_i_177/CO[3]
                         net (fo=1, unplaced)         0.000     5.063    u_rq/q_r_reg[3]_i_177_n_0
                         CARRY4 (Prop_carry4_CI_CO[3])
                                                      0.117     5.180 r  u_rq/q_r_reg[3]_i_146/CO[3]
                         net (fo=1, unplaced)         0.000     5.180    u_rq/q_r_reg[3]_i_146_n_0
                         CARRY4 (Prop_carry4_CI_CO[3])
                                                      0.117     5.297 r  u_rq/q_r_reg[3]_i_141/CO[3]
                         net (fo=1, unplaced)         0.000     5.297    u_rq/q_r_reg[3]_i_141_n_0
                         CARRY4 (Prop_carry4_CI_CO[3])
                                                      0.117     5.414 r  u_rq/q_r_reg[3]_i_84/CO[3]
                         net (fo=1, unplaced)         0.000     5.414    u_rq/q_r_reg[3]_i_84_n_0
                         CARRY4 (Prop_carry4_CI_CO[3])
                                                      0.117     5.531 r  u_rq/q_r_reg[3]_i_79/CO[3]
                         net (fo=1, unplaced)         0.000     5.531    u_rq/q_r_reg[3]_i_79_n_0
                         CARRY4 (Prop_carry4_CI_CO[3])
                                                      0.117     5.648 r  u_rq/q_r_reg[3]_i_49/CO[3]
                         net (fo=1, unplaced)         0.000     5.648    u_rq/q_r_reg[3]_i_49_n_0
                         CARRY4 (Prop_carry4_CI_O[2])
                                                      0.256     5.904 r  u_rq/q_r_reg[3]_i_43/O[2]
                         net (fo=2, unplaced)         0.463     6.367    u_rq/q_r_reg[3]_i_43_n_5
                         LUT4 (Prop_lut4_I3_O)        0.301     6.668 r  u_rq/q_r[3]_i_36/O
                         net (fo=1, unplaced)         0.449     7.117    u_rq/q_r[3]_i_36_n_0
                         LUT6 (Prop_lut6_I5_O)        0.124     7.241 r  u_rq/q_r[3]_i_11/O
                         net (fo=1, unplaced)         0.469     7.710    u_rq/q_r[3]_i_11_n_0
                         CARRY4 (Prop_carry4_DI[1]_CO[3])
                                                      0.520     8.230 r  u_rq/q_r_reg[3]_i_3/CO[3]
                         net (fo=2, unplaced)         0.831     9.061    u_rq/q_r3
                         CARRY4 (Prop_carry4_DI[0]_CO[3])
                                                      0.550     9.611 r  u_rq/q_r_reg[3]_i_2/CO[3]
                         net (fo=1, unplaced)         0.000     9.611    u_rq/q_r_reg[3]_i_2_n_0
                         CARRY4 (Prop_carry4_CI_CO[3])
                                                      0.117     9.728 r  u_rq/q_r_reg[7]_i_2/CO[3]
                         net (fo=1, unplaced)         0.000     9.728    u_rq/q_r_reg[7]_i_2_n_0
                         CARRY4 (Prop_carry4_CI_CO[3])
                                                      0.117     9.845 r  u_rq/q_r_reg[11]_i_2/CO[3]
                         net (fo=1, unplaced)         0.000     9.845    u_rq/q_r_reg[11]_i_2_n_0
                         CARRY4 (Prop_carry4_CI_CO[3])
                                                      0.117     9.962 r  u_rq/q_r_reg[15]_i_2/CO[3]
                         net (fo=1, unplaced)         0.000     9.962    u_rq/q_r_reg[15]_i_2_n_0
                         CARRY4 (Prop_carry4_CI_CO[3])
                                                      0.117    10.079 r  u_rq/q_r_reg[19]_i_2/CO[3]
                         net (fo=1, unplaced)         0.000    10.079    u_rq/q_r_reg[19]_i_2_n_0
                         CARRY4 (Prop_carry4_CI_CO[3])
                                                      0.117    10.196 r  u_rq/q_r_reg[23]_i_2/CO[3]
                         net (fo=1, unplaced)         0.000    10.196    u_rq/q_r_reg[23]_i_2_n_0
                         CARRY4 (Prop_carry4_CI_CO[3])
                                                      0.117    10.313 r  u_rq/q_r_reg[27]_i_2/CO[3]
                         net (fo=1, unplaced)         0.000    10.313    u_rq/q_r_reg[27]_i_2_n_0
                         CARRY4 (Prop_carry4_CI_CO[3])
                                                      0.117    10.430 r  u_rq/q_r_reg[31]_i_2/CO[3]
                         net (fo=1, unplaced)         0.000    10.430    u_rq/q_r_reg[31]_i_2_n_0
                         CARRY4 (Prop_carry4_CI_CO[3])
                                                      0.117    10.547 r  u_rq/q_r_reg[35]_i_2/CO[3]
                         net (fo=1, unplaced)         0.000    10.547    u_rq/q_r_reg[35]_i_2_n_0
                         CARRY4 (Prop_carry4_CI_CO[3])
                                                      0.117    10.664 r  u_rq/q_r_reg[39]_i_2/CO[3]
                         net (fo=1, unplaced)         0.000    10.664    u_rq/q_r_reg[39]_i_2_n_0
                         CARRY4 (Prop_carry4_CI_CO[3])
                                                      0.117    10.781 r  u_rq/q_r_reg[43]_i_2/CO[3]
                         net (fo=1, unplaced)         0.000    10.781    u_rq/q_r_reg[43]_i_2_n_0
                         CARRY4 (Prop_carry4_CI_CO[3])
                                                      0.117    10.898 r  u_rq/q_r_reg[47]_i_2/CO[3]
                         net (fo=1, unplaced)         0.000    10.898    u_rq/q_r_reg[47]_i_2_n_0
                         CARRY4 (Prop_carry4_CI_CO[3])
                                                      0.117    11.015 r  u_rq/q_r_reg[51]_i_2/CO[3]
                         net (fo=1, unplaced)         0.000    11.015    u_rq/q_r_reg[51]_i_2_n_0
                         CARRY4 (Prop_carry4_CI_O[2])
                                                      0.256    11.271 f  u_rq/q_r_reg[55]_i_2/O[2]
                         net (fo=2, unplaced)         0.463    11.734    u_rq/q_r2[54]
                         LUT1 (Prop_lut1_I0_O)        0.301    12.035 r  u_rq/q_r[56]_i_14/O
                         net (fo=1, unplaced)         0.000    12.035    u_rq/q_r[56]_i_14_n_0
                         CARRY4 (Prop_carry4_S[1]_CO[3])
                                                      0.533    12.568 r  u_rq/q_r_reg[56]_i_3/CO[3]
                         net (fo=1, unplaced)         0.000    12.568    u_rq/q_r_reg[56]_i_3_n_0
                         CARRY4 (Prop_carry4_CI_O[1])
                                                      0.337    12.905 r  u_rq/q_r_reg[60]_i_3/O[1]
                         net (fo=1, unplaced)         0.312    13.217    u_rq/q_r1[58]
                         LUT5 (Prop_lut5_I2_O)        0.306    13.523 r  u_rq/q_r[58]_i_1/O
                         net (fo=1, unplaced)         0.000    13.523    u_rq/q_r__0[58]
                         FDCE                                         r  u_rq/q_r_reg[58]/D
  -------------------------------------------------------------------    -------------------

                         (clock clk rise edge)       10.000    10.000 r  <hidden>
                                                      0.000    10.000 r  clk
                         net (fo=43294, unset)        0.924    10.924    u_rq/clk
                         FDCE                                         r  u_rq/q_r_reg[58]/C
                         clock pessimism              0.000    10.924    <hidden>
                         clock uncertainty           -0.035    10.889    <hidden>
                         FDCE (Setup_fdce_C_D)        0.044    10.933    u_rq/q_r_reg[58]
  -------------------------------------------------------------------
                         required time                         10.933    <hidden>
                         arrival time                         -13.523    <hidden>
  -------------------------------------------------------------------
                         slack                                 -2.590    <hidden>

Slack (VIOLATED) :        -2.590ns  (required time - arrival time)
  Source:                 u_rq/shr_r_reg[4]/C
                            (rising edge-triggered cell FDCE clocked by clk  {rise@0.000ns fall@5.000ns period=10.000ns})
  Destination:            u_rq/q_r_reg[61]/D
                            (rising edge-triggered cell FDCE clocked by clk  {rise@0.000ns fall@5.000ns period=10.000ns})
  Path Group:             clk
  Path Type:              Setup (Max at Slow Process Corner)
  Requirement:            10.000ns  (clk rise@10.000ns - clk rise@0.000ns)
  Data Path Delay:        12.550ns  (logic 7.820ns (62.311%)  route 4.730ns (37.689%))
  Logic Levels:           38  (CARRY4=33 LUT1=1 LUT4=1 LUT5=1 LUT6=2)
  Clock Path Skew:        -0.049ns (DCD - SCD + CPR)
    Destination Clock Delay (DCD):    0.924ns = ( 10.924 - 10.000 ) 
    Source Clock Delay      (SCD):    0.973ns
    Clock Pessimism Removal (CPR):    0.000ns
  Clock Uncertainty:      0.035ns  ((TSJ^2 + TIJ^2)^1/2 + DJ) / 2 + PE
    Total System Jitter     (TSJ):    0.071ns
    Total Input Jitter      (TIJ):    0.000ns
    Discrete Jitter          (DJ):    0.000ns
    Phase Error              (PE):    0.000ns

    Location             Delay type                Incr(ns)  Path(ns)    Netlist Resource(s)
  -------------------------------------------------------------------    -------------------
                         (clock clk rise edge)        0.000     0.000 r  <hidden>
                                                      0.000     0.000 r  clk
                         net (fo=43294, unset)        0.973     0.973    u_rq/clk
                         FDCE                                         r  u_rq/shr_r_reg[4]/C
  -------------------------------------------------------------------    -------------------
                         FDCE (Prop_fdce_C_Q)         0.478     1.451 r  u_rq/shr_r_reg[4]/Q
                         net (fo=177, unplaced)       1.079     2.530    u_rq/shr_r[4]
                         LUT6 (Prop_lut6_I0_O)        0.295     2.825 r  u_rq/q_r[3]_i_314/O
                         net (fo=1, unplaced)         0.665     3.490    u_rq/q_r[3]_i_314_n_0
                         CARRY4 (Prop_carry4_S[0]_CO[3])
                                                      0.637     4.127 r  u_rq/q_r_reg[3]_i_285/CO[3]
                         net (fo=1, unplaced)         0.000     4.127    u_rq/q_r_reg[3]_i_285_n_0
                         CARRY4 (Prop_carry4_CI_CO[3])
                                                      0.117     4.244 r  u_rq/q_r_reg[3]_i_262/CO[3]
                         net (fo=1, unplaced)         0.000     4.244    u_rq/q_r_reg[3]_i_262_n_0
                         CARRY4 (Prop_carry4_CI_CO[3])
                                                      0.117     4.361 r  u_rq/q_r_reg[3]_i_257/CO[3]
                         net (fo=1, unplaced)         0.000     4.361    u_rq/q_r_reg[3]_i_257_n_0
                         CARRY4 (Prop_carry4_CI_CO[3])
                                                      0.117     4.478 r  u_rq/q_r_reg[3]_i_254/CO[3]
                         net (fo=1, unplaced)         0.000     4.478    u_rq/q_r_reg[3]_i_254_n_0
                         CARRY4 (Prop_carry4_CI_CO[3])
                                                      0.117     4.595 r  u_rq/q_r_reg[3]_i_265/CO[3]
                         net (fo=1, unplaced)         0.000     4.595    u_rq/q_r_reg[3]_i_265_n_0
                         CARRY4 (Prop_carry4_CI_CO[3])
                                                      0.117     4.712 r  u_rq/q_r_reg[3]_i_232/CO[3]
                         net (fo=1, unplaced)         0.000     4.712    u_rq/q_r_reg[3]_i_232_n_0
                         CARRY4 (Prop_carry4_CI_CO[3])
                                                      0.117     4.829 r  u_rq/q_r_reg[3]_i_231/CO[3]
                         net (fo=1, unplaced)         0.000     4.829    u_rq/q_r_reg[3]_i_231_n_0
                         CARRY4 (Prop_carry4_CI_CO[3])
                                                      0.117     4.946 r  u_rq/q_r_reg[3]_i_208/CO[3]
                         net (fo=1, unplaced)         0.000     4.946    u_rq/q_r_reg[3]_i_208_n_0
                         CARRY4 (Prop_carry4_CI_CO[3])
                                                      0.117     5.063 r  u_rq/q_r_reg[3]_i_177/CO[3]
                         net (fo=1, unplaced)         0.000     5.063    u_rq/q_r_reg[3]_i_177_n_0
                         CARRY4 (Prop_carry4_CI_CO[3])
                                                      0.117     5.180 r  u_rq/q_r_reg[3]_i_146/CO[3]
                         net (fo=1, unplaced)         0.000     5.180    u_rq/q_r_reg[3]_i_146_n_0
                         CARRY4 (Prop_carry4_CI_CO[3])
                                                      0.117     5.297 r  u_rq/q_r_reg[3]_i_141/CO[3]
                         net (fo=1, unplaced)         0.000     5.297    u_rq/q_r_reg[3]_i_141_n_0
                         CARRY4 (Prop_carry4_CI_CO[3])
                                                      0.117     5.414 r  u_rq/q_r_reg[3]_i_84/CO[3]
                         net (fo=1, unplaced)         0.000     5.414    u_rq/q_r_reg[3]_i_84_n_0
                         CARRY4 (Prop_carry4_CI_CO[3])
                                                      0.117     5.531 r  u_rq/q_r_reg[3]_i_79/CO[3]
                         net (fo=1, unplaced)         0.000     5.531    u_rq/q_r_reg[3]_i_79_n_0
                         CARRY4 (Prop_carry4_CI_CO[3])
                                                      0.117     5.648 r  u_rq/q_r_reg[3]_i_49/CO[3]
                         net (fo=1, unplaced)         0.000     5.648    u_rq/q_r_reg[3]_i_49_n_0
                         CARRY4 (Prop_carry4_CI_O[2])
                                                      0.256     5.904 r  u_rq/q_r_reg[3]_i_43/O[2]
                         net (fo=2, unplaced)         0.463     6.367    u_rq/q_r_reg[3]_i_43_n_5
                         LUT4 (Prop_lut4_I3_O)        0.301     6.668 r  u_rq/q_r[3]_i_36/O
                         net (fo=1, unplaced)         0.449     7.117    u_rq/q_r[3]_i_36_n_0
                         LUT6 (Prop_lut6_I5_O)        0.124     7.241 r  u_rq/q_r[3]_i_11/O
                         net (fo=1, unplaced)         0.469     7.710    u_rq/q_r[3]_i_11_n_0
                         CARRY4 (Prop_carry4_DI[1]_CO[3])
                                                      0.520     8.230 r  u_rq/q_r_reg[3]_i_3/CO[3]
                         net (fo=2, unplaced)         0.831     9.061    u_rq/q_r3
                         CARRY4 (Prop_carry4_DI[0]_CO[3])
                                                      0.550     9.611 r  u_rq/q_r_reg[3]_i_2/CO[3]
                         net (fo=1, unplaced)         0.000     9.611    u_rq/q_r_reg[3]_i_2_n_0
                         CARRY4 (Prop_carry4_CI_CO[3])
                                                      0.117     9.728 r  u_rq/q_r_reg[7]_i_2/CO[3]
                         net (fo=1, unplaced)         0.000     9.728    u_rq/q_r_reg[7]_i_2_n_0
                         CARRY4 (Prop_carry4_CI_CO[3])
                                                      0.117     9.845 r  u_rq/q_r_reg[11]_i_2/CO[3]
                         net (fo=1, unplaced)         0.000     9.845    u_rq/q_r_reg[11]_i_2_n_0
                         CARRY4 (Prop_carry4_CI_CO[3])
                                                      0.117     9.962 r  u_rq/q_r_reg[15]_i_2/CO[3]
                         net (fo=1, unplaced)         0.000     9.962    u_rq/q_r_reg[15]_i_2_n_0
                         CARRY4 (Prop_carry4_CI_CO[3])
                                                      0.117    10.079 r  u_rq/q_r_reg[19]_i_2/CO[3]
                         net (fo=1, unplaced)         0.000    10.079    u_rq/q_r_reg[19]_i_2_n_0
                         CARRY4 (Prop_carry4_CI_CO[3])
                                                      0.117    10.196 r  u_rq/q_r_reg[23]_i_2/CO[3]
                         net (fo=1, unplaced)         0.000    10.196    u_rq/q_r_reg[23]_i_2_n_0
                         CARRY4 (Prop_carry4_CI_CO[3])
                                                      0.117    10.313 r  u_rq/q_r_reg[27]_i_2/CO[3]
                         net (fo=1, unplaced)         0.000    10.313    u_rq/q_r_reg[27]_i_2_n_0
                         CARRY4 (Prop_carry4_CI_CO[3])
                                                      0.117    10.430 r  u_rq/q_r_reg[31]_i_2/CO[3]
                         net (fo=1, unplaced)         0.000    10.430    u_rq/q_r_reg[31]_i_2_n_0
                         CARRY4 (Prop_carry4_CI_CO[3])
                                                      0.117    10.547 r  u_rq/q_r_reg[35]_i_2/CO[3]
                         net (fo=1, unplaced)         0.000    10.547    u_rq/q_r_reg[35]_i_2_n_0
                         CARRY4 (Prop_carry4_CI_CO[3])
                                                      0.117    10.664 r  u_rq/q_r_reg[39]_i_2/CO[3]
                         net (fo=1, unplaced)         0.000    10.664    u_rq/q_r_reg[39]_i_2_n_0
                         CARRY4 (Prop_carry4_CI_CO[3])
                                                      0.117    10.781 r  u_rq/q_r_reg[43]_i_2/CO[3]
                         net (fo=1, unplaced)         0.000    10.781    u_rq/q_r_reg[43]_i_2_n_0
                         CARRY4 (Prop_carry4_CI_CO[3])
                                                      0.117    10.898 r  u_rq/q_r_reg[47]_i_2/CO[3]
                         net (fo=1, unplaced)         0.000    10.898    u_rq/q_r_reg[47]_i_2_n_0
                         CARRY4 (Prop_carry4_CI_CO[3])
                                                      0.117    11.015 r  u_rq/q_r_reg[51]_i_2/CO[3]
                         net (fo=1, unplaced)         0.000    11.015    u_rq/q_r_reg[51]_i_2_n_0
                         CARRY4 (Prop_carry4_CI_CO[3])
                                                      0.117    11.132 r  u_rq/q_r_reg[55]_i_2/CO[3]
                         net (fo=1, unplaced)         0.000    11.132    u_rq/q_r_reg[55]_i_2_n_0
                         CARRY4 (Prop_carry4_CI_O[2])
                                                      0.256    11.388 f  u_rq/q_r_reg[59]_i_2/O[2]
                         net (fo=2, unplaced)         0.463    11.851    u_rq/q_r2[58]
                         LUT1 (Prop_lut1_I0_O)        0.301    12.152 r  u_rq/q_r[60]_i_14/O
                         net (fo=1, unplaced)         0.000    12.152    u_rq/q_r[60]_i_14_n_0
                         CARRY4 (Prop_carry4_S[1]_CO[3])
                                                      0.533    12.685 r  u_rq/q_r_reg[60]_i_3/CO[3]
                         net (fo=1, unplaced)         0.000    12.685    u_rq/q_r_reg[60]_i_3_n_0
                         CARRY4 (Prop_carry4_CI_O[0])
                                                      0.232    12.917 r  u_rq/q_r_reg[63]_i_3/O[0]
                         net (fo=1, unplaced)         0.311    13.228    u_rq/q_r1[61]
                         LUT5 (Prop_lut5_I2_O)        0.295    13.523 r  u_rq/q_r[61]_i_1/O
                         net (fo=1, unplaced)         0.000    13.523    u_rq/q_r__0[61]
                         FDCE                                         r  u_rq/q_r_reg[61]/D
  -------------------------------------------------------------------    -------------------

                         (clock clk rise edge)       10.000    10.000 r  <hidden>
                                                      0.000    10.000 r  clk
                         net (fo=43294, unset)        0.924    10.924    u_rq/clk
                         FDCE                                         r  u_rq/q_r_reg[61]/C
                         clock pessimism              0.000    10.924    <hidden>
                         clock uncertainty           -0.035    10.889    <hidden>
                         FDCE (Setup_fdce_C_D)        0.044    10.933    u_rq/q_r_reg[61]
  -------------------------------------------------------------------
                         required time                         10.933    <hidden>
                         arrival time                         -13.523    <hidden>
  -------------------------------------------------------------------
                         slack                                 -2.590    <hidden>

Slack (VIOLATED) :        -2.544ns  (required time - arrival time)
  Source:                 elut_reg[23][0]/C
                            (rising edge-triggered cell FDRE clocked by clk  {rise@0.000ns fall@5.000ns period=10.000ns})
  Destination:            u_smres_div/un_reg[30]/D
                            (rising edge-triggered cell FDCE clocked by clk  {rise@0.000ns fall@5.000ns period=10.000ns})
  Path Group:             clk
  Path Type:              Setup (Max at Slow Process Corner)
  Requirement:            10.000ns  (clk rise@10.000ns - clk rise@0.000ns)
  Data Path Delay:        12.504ns  (logic 7.327ns (58.597%)  route 5.177ns (41.403%))
  Logic Levels:           21  (CARRY4=10 LUT1=1 LUT2=2 LUT3=2 LUT4=2 LUT5=1 LUT6=2 MUXF7=1)
  Clock Path Skew:        -0.049ns (DCD - SCD + CPR)
    Destination Clock Delay (DCD):    0.924ns = ( 10.924 - 10.000 ) 
    Source Clock Delay      (SCD):    0.973ns
    Clock Pessimism Removal (CPR):    0.000ns
  Clock Uncertainty:      0.035ns  ((TSJ^2 + TIJ^2)^1/2 + DJ) / 2 + PE
    Total System Jitter     (TSJ):    0.071ns
    Total Input Jitter      (TIJ):    0.000ns
    Discrete Jitter          (DJ):    0.000ns
    Phase Error              (PE):    0.000ns

    Location             Delay type                Incr(ns)  Path(ns)    Netlist Resource(s)
  -------------------------------------------------------------------    -------------------
                         (clock clk rise edge)        0.000     0.000 r  <hidden>
                                                      0.000     0.000 r  clk
                         net (fo=43294, unset)        0.973     0.973    clk
                         FDRE                                         r  elut_reg[23][0]/C
  -------------------------------------------------------------------    -------------------
                         FDRE (Prop_fdre_C_Q)         0.478     1.451 r  elut_reg[23][0]/Q
                         net (fo=1, unplaced)         0.965     2.416    u_smres_div/elut_reg[23][0]
                         LUT6 (Prop_lut6_I0_O)        0.295     2.711 r  u_smres_div/un[3]_i_20/O
                         net (fo=1, unplaced)         0.000     2.711    u_smres_div/un[3]_i_20_n_0
                         MUXF7 (Prop_muxf7_I1_O)      0.247     2.958 r  u_smres_div/un_reg[3]_i_15/O
                         net (fo=6, unplaced)         0.767     3.725    u_smres_div/un_reg[3]_i_15_n_0
                         LUT5 (Prop_lut5_I0_O)        0.298     4.023 r  u_smres_div/un[3]_i_5/O
                         net (fo=23, unplaced)        0.482     4.505    u_smres_div/ti_reg[4]_rep__12_2[0]
                         LUT2 (Prop_lut2_I0_O)        0.124     4.629 r  u_smres_div/un[11]_i_32/O
                         net (fo=1, unplaced)         0.000     4.629    u_smres_div/un[11]_i_32_n_0
                         CARRY4 (Prop_carry4_S[3]_CO[3])
                                                      0.376     5.005 r  u_smres_div/un_reg[11]_i_31/CO[3]
                         net (fo=1, unplaced)         0.000     5.005    u_smres_div/un_reg[11]_i_31_n_0
                         CARRY4 (Prop_carry4_CI_O[1])
                                                      0.337     5.342 r  u_smres_div/un_reg[15]_i_31/O[1]
                         net (fo=2, unplaced)         0.622     5.964    u_smres_div/un_reg[15]_i_31_n_6
                         LUT3 (Prop_lut3_I0_O)        0.306     6.270 r  u_smres_div/un[15]_i_21/O
                         net (fo=2, unplaced)         0.460     6.730    u_smres_div/un[15]_i_21_n_0
                         LUT4 (Prop_lut4_I3_O)        0.124     6.854 r  u_smres_div/un[15]_i_25/O
                         net (fo=1, unplaced)         0.000     6.854    u_smres_div/un[15]_i_25_n_0
                         CARRY4 (Prop_carry4_S[1]_CO[3])
                                                      0.533     7.387 r  u_smres_div/un_reg[15]_i_17/CO[3]
                         net (fo=1, unplaced)         0.000     7.387    u_smres_div/un_reg[15]_i_17_n_0
                         CARRY4 (Prop_carry4_CI_O[1])
                                                      0.337     7.724 r  u_smres_div/un_reg[19]_i_17/O[1]
                         net (fo=2, unplaced)         0.323     8.047    u_smres_div/un_reg[19]_i_17_n_6
                         LUT3 (Prop_lut3_I2_O)        0.306     8.353 r  u_smres_div/un[19]_i_10/O
                         net (fo=2, unplaced)         0.460     8.813    u_smres_div/un[19]_i_10_n_0
                         LUT4 (Prop_lut4_I3_O)        0.124     8.937 r  u_smres_div/un[19]_i_14/O
                         net (fo=1, unplaced)         0.000     8.937    u_smres_div/un[19]_i_14_n_0
                         CARRY4 (Prop_carry4_S[1]_CO[3])
                                                      0.533     9.470 r  u_smres_div/un_reg[19]_i_3/CO[3]
                         net (fo=1, unplaced)         0.000     9.470    u_smres_div/un_reg[19]_i_3_n_0
                         CARRY4 (Prop_carry4_CI_O[1])
                                                      0.337     9.807 r  u_smres_div/un_reg[23]_i_3/O[1]
                         net (fo=2, unplaced)         0.323    10.130    u_smres_div/num3200_in[21]
                         LUT2 (Prop_lut2_I0_O)        0.306    10.436 r  u_smres_div/un[23]_i_6/O
                         net (fo=1, unplaced)         0.000    10.436    u_smres_div/un[23]_i_6_n_0
                         CARRY4 (Prop_carry4_S[1]_CO[3])
                                                      0.533    10.969 r  u_smres_div/un_reg[23]_i_2/CO[3]
                         net (fo=1, unplaced)         0.000    10.969    u_smres_div/un_reg[23]_i_2_n_0
                         CARRY4 (Prop_carry4_CI_O[2])
                                                      0.256    11.225 f  u_smres_div/un_reg[27]_i_2/O[2]
                         net (fo=2, unplaced)         0.463    11.688    u_smres_div/un_reg[27]_i_2_n_5
                         LUT1 (Prop_lut1_I0_O)        0.301    11.989 r  u_smres_div/un[28]_i_5/O
                         net (fo=1, unplaced)         0.000    11.989    u_smres_div/un[28]_i_5_n_0
                         CARRY4 (Prop_carry4_S[1]_CO[3])
                                                      0.533    12.522 r  u_smres_div/un_reg[28]_i_2/CO[3]
                         net (fo=1, unplaced)         0.000    12.522    u_smres_div/un_reg[28]_i_2_n_0
                         CARRY4 (Prop_carry4_CI_O[1])
                                                      0.337    12.859 r  u_smres_div/un_reg[31]_i_2/O[1]
                         net (fo=1, unplaced)         0.312    13.171    u_smres_div/un1[30]
                         LUT6 (Prop_lut6_I3_O)        0.306    13.477 r  u_smres_div/un[30]_i_1/O
                         net (fo=1, unplaced)         0.000    13.477    u_smres_div/un[30]_i_1_n_0
                         FDCE                                         r  u_smres_div/un_reg[30]/D
  -------------------------------------------------------------------    -------------------

                         (clock clk rise edge)       10.000    10.000 r  <hidden>
                                                      0.000    10.000 r  clk
                         net (fo=43294, unset)        0.924    10.924    u_smres_div/clk
                         FDCE                                         r  u_smres_div/un_reg[30]/C
                         clock pessimism              0.000    10.924    <hidden>
                         clock uncertainty           -0.035    10.889    <hidden>
                         FDCE (Setup_fdce_C_D)        0.044    10.933    u_smres_div/un_reg[30]
  -------------------------------------------------------------------
                         required time                         10.933    <hidden>
                         arrival time                         -13.477    <hidden>
  -------------------------------------------------------------------
                         slack                                 -2.544    <hidden>

Slack (VIOLATED) :        -2.527ns  (required time - arrival time)
  Source:                 u_rq/shr_r_reg[4]/C
                            (rising edge-triggered cell FDCE clocked by clk  {rise@0.000ns fall@5.000ns period=10.000ns})
  Destination:            u_rq/q_r_reg[55]/D
                            (rising edge-triggered cell FDCE clocked by clk  {rise@0.000ns fall@5.000ns period=10.000ns})
  Path Group:             clk
  Path Type:              Setup (Max at Slow Process Corner)
  Requirement:            10.000ns  (clk rise@10.000ns - clk rise@0.000ns)
  Data Path Delay:        12.487ns  (logic 7.616ns (60.991%)  route 4.871ns (39.009%))
  Logic Levels:           36  (CARRY4=31 LUT1=1 LUT4=1 LUT5=1 LUT6=2)
  Clock Path Skew:        -0.049ns (DCD - SCD + CPR)
    Destination Clock Delay (DCD):    0.924ns = ( 10.924 - 10.000 ) 
    Source Clock Delay      (SCD):    0.973ns
    Clock Pessimism Removal (CPR):    0.000ns
  Clock Uncertainty:      0.035ns  ((TSJ^2 + TIJ^2)^1/2 + DJ) / 2 + PE
    Total System Jitter     (TSJ):    0.071ns
    Total Input Jitter      (TIJ):    0.000ns
    Discrete Jitter          (DJ):    0.000ns
    Phase Error              (PE):    0.000ns

    Location             Delay type                Incr(ns)  Path(ns)    Netlist Resource(s)
  -------------------------------------------------------------------    -------------------
                         (clock clk rise edge)        0.000     0.000 r  <hidden>
                                                      0.000     0.000 r  clk
                         net (fo=43294, unset)        0.973     0.973    u_rq/clk
                         FDCE                                         r  u_rq/shr_r_reg[4]/C
  -------------------------------------------------------------------    -------------------
                         FDCE (Prop_fdce_C_Q)         0.478     1.451 r  u_rq/shr_r_reg[4]/Q
                         net (fo=177, unplaced)       1.079     2.530    u_rq/shr_r[4]
                         LUT6 (Prop_lut6_I0_O)        0.295     2.825 r  u_rq/q_r[3]_i_314/O
                         net (fo=1, unplaced)         0.665     3.490    u_rq/q_r[3]_i_314_n_0
                         CARRY4 (Prop_carry4_S[0]_CO[3])
                                                      0.637     4.127 r  u_rq/q_r_reg[3]_i_285/CO[3]
                         net (fo=1, unplaced)         0.000     4.127    u_rq/q_r_reg[3]_i_285_n_0
                         CARRY4 (Prop_carry4_CI_CO[3])
                                                      0.117     4.244 r  u_rq/q_r_reg[3]_i_262/CO[3]
                         net (fo=1, unplaced)         0.000     4.244    u_rq/q_r_reg[3]_i_262_n_0
                         CARRY4 (Prop_carry4_CI_CO[3])
                                                      0.117     4.361 r  u_rq/q_r_reg[3]_i_257/CO[3]
                         net (fo=1, unplaced)         0.000     4.361    u_rq/q_r_reg[3]_i_257_n_0
                         CARRY4 (Prop_carry4_CI_CO[3])
                                                      0.117     4.478 r  u_rq/q_r_reg[3]_i_254/CO[3]
                         net (fo=1, unplaced)         0.000     4.478    u_rq/q_r_reg[3]_i_254_n_0
                         CARRY4 (Prop_carry4_CI_CO[3])
                                                      0.117     4.595 r  u_rq/q_r_reg[3]_i_265/CO[3]
                         net (fo=1, unplaced)         0.000     4.595    u_rq/q_r_reg[3]_i_265_n_0
                         CARRY4 (Prop_carry4_CI_CO[3])
                                                      0.117     4.712 r  u_rq/q_r_reg[3]_i_232/CO[3]
                         net (fo=1, unplaced)         0.000     4.712    u_rq/q_r_reg[3]_i_232_n_0
                         CARRY4 (Prop_carry4_CI_CO[3])
                                                      0.117     4.829 r  u_rq/q_r_reg[3]_i_231/CO[3]
                         net (fo=1, unplaced)         0.000     4.829    u_rq/q_r_reg[3]_i_231_n_0
                         CARRY4 (Prop_carry4_CI_CO[3])
                                                      0.117     4.946 r  u_rq/q_r_reg[3]_i_208/CO[3]
                         net (fo=1, unplaced)         0.000     4.946    u_rq/q_r_reg[3]_i_208_n_0
                         CARRY4 (Prop_carry4_CI_CO[3])
                                                      0.117     5.063 r  u_rq/q_r_reg[3]_i_177/CO[3]
                         net (fo=1, unplaced)         0.000     5.063    u_rq/q_r_reg[3]_i_177_n_0
                         CARRY4 (Prop_carry4_CI_CO[3])
                                                      0.117     5.180 r  u_rq/q_r_reg[3]_i_146/CO[3]
                         net (fo=1, unplaced)         0.000     5.180    u_rq/q_r_reg[3]_i_146_n_0
                         CARRY4 (Prop_carry4_CI_CO[3])
                                                      0.117     5.297 r  u_rq/q_r_reg[3]_i_141/CO[3]
                         net (fo=1, unplaced)         0.000     5.297    u_rq/q_r_reg[3]_i_141_n_0
                         CARRY4 (Prop_carry4_CI_CO[3])
                                                      0.117     5.414 r  u_rq/q_r_reg[3]_i_84/CO[3]
                         net (fo=1, unplaced)         0.000     5.414    u_rq/q_r_reg[3]_i_84_n_0
                         CARRY4 (Prop_carry4_CI_CO[3])
                                                      0.117     5.531 r  u_rq/q_r_reg[3]_i_79/CO[3]
                         net (fo=1, unplaced)         0.000     5.531    u_rq/q_r_reg[3]_i_79_n_0
                         CARRY4 (Prop_carry4_CI_CO[3])
                                                      0.117     5.648 r  u_rq/q_r_reg[3]_i_49/CO[3]
                         net (fo=1, unplaced)         0.000     5.648    u_rq/q_r_reg[3]_i_49_n_0
                         CARRY4 (Prop_carry4_CI_O[2])
                                                      0.256     5.904 r  u_rq/q_r_reg[3]_i_43/O[2]
                         net (fo=2, unplaced)         0.463     6.367    u_rq/q_r_reg[3]_i_43_n_5
                         LUT4 (Prop_lut4_I3_O)        0.301     6.668 r  u_rq/q_r[3]_i_36/O
                         net (fo=1, unplaced)         0.449     7.117    u_rq/q_r[3]_i_36_n_0
                         LUT6 (Prop_lut6_I5_O)        0.124     7.241 r  u_rq/q_r[3]_i_11/O
                         net (fo=1, unplaced)         0.469     7.710    u_rq/q_r[3]_i_11_n_0
                         CARRY4 (Prop_carry4_DI[1]_CO[3])
                                                      0.520     8.230 r  u_rq/q_r_reg[3]_i_3/CO[3]
                         net (fo=2, unplaced)         0.831     9.061    u_rq/q_r3
                         CARRY4 (Prop_carry4_DI[0]_CO[3])
                                                      0.550     9.611 r  u_rq/q_r_reg[3]_i_2/CO[3]
                         net (fo=1, unplaced)         0.000     9.611    u_rq/q_r_reg[3]_i_2_n_0
                         CARRY4 (Prop_carry4_CI_CO[3])
                                                      0.117     9.728 r  u_rq/q_r_reg[7]_i_2/CO[3]
                         net (fo=1, unplaced)         0.000     9.728    u_rq/q_r_reg[7]_i_2_n_0
                         CARRY4 (Prop_carry4_CI_CO[3])
                                                      0.117     9.845 r  u_rq/q_r_reg[11]_i_2/CO[3]
                         net (fo=1, unplaced)         0.000     9.845    u_rq/q_r_reg[11]_i_2_n_0
                         CARRY4 (Prop_carry4_CI_CO[3])
                                                      0.117     9.962 r  u_rq/q_r_reg[15]_i_2/CO[3]
                         net (fo=1, unplaced)         0.000     9.962    u_rq/q_r_reg[15]_i_2_n_0
                         CARRY4 (Prop_carry4_CI_CO[3])
                                                      0.117    10.079 r  u_rq/q_r_reg[19]_i_2/CO[3]
                         net (fo=1, unplaced)         0.000    10.079    u_rq/q_r_reg[19]_i_2_n_0
                         CARRY4 (Prop_carry4_CI_CO[3])
                                                      0.117    10.196 r  u_rq/q_r_reg[23]_i_2/CO[3]
                         net (fo=1, unplaced)         0.000    10.196    u_rq/q_r_reg[23]_i_2_n_0
                         CARRY4 (Prop_carry4_CI_CO[3])
                                                      0.117    10.313 r  u_rq/q_r_reg[27]_i_2/CO[3]
                         net (fo=1, unplaced)         0.000    10.313    u_rq/q_r_reg[27]_i_2_n_0
                         CARRY4 (Prop_carry4_CI_CO[3])
                                                      0.117    10.430 r  u_rq/q_r_reg[31]_i_2/CO[3]
                         net (fo=1, unplaced)         0.000    10.430    u_rq/q_r_reg[31]_i_2_n_0
                         CARRY4 (Prop_carry4_CI_CO[3])
                                                      0.117    10.547 r  u_rq/q_r_reg[35]_i_2/CO[3]
                         net (fo=1, unplaced)         0.000    10.547    u_rq/q_r_reg[35]_i_2_n_0
                         CARRY4 (Prop_carry4_CI_CO[3])
                                                      0.117    10.664 r  u_rq/q_r_reg[39]_i_2/CO[3]
                         net (fo=1, unplaced)         0.000    10.664    u_rq/q_r_reg[39]_i_2_n_0
                         CARRY4 (Prop_carry4_CI_CO[3])
                                                      0.117    10.781 r  u_rq/q_r_reg[43]_i_2/CO[3]
                         net (fo=1, unplaced)         0.000    10.781    u_rq/q_r_reg[43]_i_2_n_0
                         CARRY4 (Prop_carry4_CI_CO[3])
                                                      0.117    10.898 r  u_rq/q_r_reg[47]_i_2/CO[3]
                         net (fo=1, unplaced)         0.000    10.898    u_rq/q_r_reg[47]_i_2_n_0
                         CARRY4 (Prop_carry4_CI_O[2])
                                                      0.256    11.154 f  u_rq/q_r_reg[51]_i_2/O[2]
                         net (fo=2, unplaced)         0.463    11.617    u_rq/q_r2[50]
                         LUT1 (Prop_lut1_I0_O)        0.301    11.918 r  u_rq/q_r[52]_i_14/O
                         net (fo=1, unplaced)         0.000    11.918    u_rq/q_r[52]_i_14_n_0
                         CARRY4 (Prop_carry4_S[1]_CO[3])
                                                      0.533    12.451 r  u_rq/q_r_reg[52]_i_3/CO[3]
                         net (fo=1, unplaced)         0.000    12.451    u_rq/q_r_reg[52]_i_3_n_0
                         CARRY4 (Prop_carry4_CI_O[2])
                                                      0.256    12.707 r  u_rq/q_r_reg[56]_i_3/O[2]
                         net (fo=1, unplaced)         0.452    13.159    u_rq/q_r1[55]
                         LUT5 (Prop_lut5_I2_O)        0.301    13.460 r  u_rq/q_r[55]_i_1/O
                         net (fo=1, unplaced)         0.000    13.460    u_rq/q_r__0[55]
                         FDCE                                         r  u_rq/q_r_reg[55]/D
  -------------------------------------------------------------------    -------------------

                         (clock clk rise edge)       10.000    10.000 r  <hidden>
                                                      0.000    10.000 r  clk
                         net (fo=43294, unset)        0.924    10.924    u_rq/clk
                         FDCE                                         r  u_rq/q_r_reg[55]/C
                         clock pessimism              0.000    10.924    <hidden>
                         clock uncertainty           -0.035    10.889    <hidden>
                         FDCE (Setup_fdce_C_D)        0.044    10.933    u_rq/q_r_reg[55]
  -------------------------------------------------------------------
                         required time                         10.933    <hidden>
                         arrival time                         -13.460    <hidden>
  -------------------------------------------------------------------
                         slack                                 -2.527    <hidden>

Slack (VIOLATED) :        -2.487ns  (required time - arrival time)
  Source:                 u_rq/shr_r_reg[4]/C
                            (rising edge-triggered cell FDCE clocked by clk  {rise@0.000ns fall@5.000ns period=10.000ns})
  Destination:            u_rq/q_r_reg[52]/D
                            (rising edge-triggered cell FDCE clocked by clk  {rise@0.000ns fall@5.000ns period=10.000ns})
  Path Group:             clk
  Path Type:              Setup (Max at Slow Process Corner)
  Requirement:            10.000ns  (clk rise@10.000ns - clk rise@0.000ns)
  Data Path Delay:        12.447ns  (logic 7.580ns (60.898%)  route 4.867ns (39.102%))
  Logic Levels:           35  (CARRY4=30 LUT1=1 LUT4=1 LUT5=1 LUT6=2)
  Clock Path Skew:        -0.049ns (DCD - SCD + CPR)
    Destination Clock Delay (DCD):    0.924ns = ( 10.924 - 10.000 ) 
    Source Clock Delay      (SCD):    0.973ns
    Clock Pessimism Removal (CPR):    0.000ns
  Clock Uncertainty:      0.035ns  ((TSJ^2 + TIJ^2)^1/2 + DJ) / 2 + PE
    Total System Jitter     (TSJ):    0.071ns
    Total Input Jitter      (TIJ):    0.000ns
    Discrete Jitter          (DJ):    0.000ns
    Phase Error              (PE):    0.000ns

    Location             Delay type                Incr(ns)  Path(ns)    Netlist Resource(s)
  -------------------------------------------------------------------    -------------------
                         (clock clk rise edge)        0.000     0.000 r  <hidden>
                                                      0.000     0.000 r  clk
                         net (fo=43294, unset)        0.973     0.973    u_rq/clk
                         FDCE                                         r  u_rq/shr_r_reg[4]/C
  -------------------------------------------------------------------    -------------------
                         FDCE (Prop_fdce_C_Q)         0.478     1.451 r  u_rq/shr_r_reg[4]/Q
                         net (fo=177, unplaced)       1.079     2.530    u_rq/shr_r[4]
                         LUT6 (Prop_lut6_I0_O)        0.295     2.825 r  u_rq/q_r[3]_i_314/O
                         net (fo=1, unplaced)         0.665     3.490    u_rq/q_r[3]_i_314_n_0
                         CARRY4 (Prop_carry4_S[0]_CO[3])
                                                      0.637     4.127 r  u_rq/q_r_reg[3]_i_285/CO[3]
                         net (fo=1, unplaced)         0.000     4.127    u_rq/q_r_reg[3]_i_285_n_0
                         CARRY4 (Prop_carry4_CI_CO[3])
                                                      0.117     4.244 r  u_rq/q_r_reg[3]_i_262/CO[3]
                         net (fo=1, unplaced)         0.000     4.244    u_rq/q_r_reg[3]_i_262_n_0
                         CARRY4 (Prop_carry4_CI_CO[3])
                                                      0.117     4.361 r  u_rq/q_r_reg[3]_i_257/CO[3]
                         net (fo=1, unplaced)         0.000     4.361    u_rq/q_r_reg[3]_i_257_n_0
                         CARRY4 (Prop_carry4_CI_CO[3])
                                                      0.117     4.478 r  u_rq/q_r_reg[3]_i_254/CO[3]
                         net (fo=1, unplaced)         0.000     4.478    u_rq/q_r_reg[3]_i_254_n_0
                         CARRY4 (Prop_carry4_CI_CO[3])
                                                      0.117     4.595 r  u_rq/q_r_reg[3]_i_265/CO[3]
                         net (fo=1, unplaced)         0.000     4.595    u_rq/q_r_reg[3]_i_265_n_0
                         CARRY4 (Prop_carry4_CI_CO[3])
                                                      0.117     4.712 r  u_rq/q_r_reg[3]_i_232/CO[3]
                         net (fo=1, unplaced)         0.000     4.712    u_rq/q_r_reg[3]_i_232_n_0
                         CARRY4 (Prop_carry4_CI_CO[3])
                                                      0.117     4.829 r  u_rq/q_r_reg[3]_i_231/CO[3]
                         net (fo=1, unplaced)         0.000     4.829    u_rq/q_r_reg[3]_i_231_n_0
                         CARRY4 (Prop_carry4_CI_CO[3])
                                                      0.117     4.946 r  u_rq/q_r_reg[3]_i_208/CO[3]
                         net (fo=1, unplaced)         0.000     4.946    u_rq/q_r_reg[3]_i_208_n_0
                         CARRY4 (Prop_carry4_CI_CO[3])
                                                      0.117     5.063 r  u_rq/q_r_reg[3]_i_177/CO[3]
                         net (fo=1, unplaced)         0.000     5.063    u_rq/q_r_reg[3]_i_177_n_0
                         CARRY4 (Prop_carry4_CI_CO[3])
                                                      0.117     5.180 r  u_rq/q_r_reg[3]_i_146/CO[3]
                         net (fo=1, unplaced)         0.000     5.180    u_rq/q_r_reg[3]_i_146_n_0
                         CARRY4 (Prop_carry4_CI_CO[3])
                                                      0.117     5.297 r  u_rq/q_r_reg[3]_i_141/CO[3]
                         net (fo=1, unplaced)         0.000     5.297    u_rq/q_r_reg[3]_i_141_n_0
                         CARRY4 (Prop_carry4_CI_CO[3])
                                                      0.117     5.414 r  u_rq/q_r_reg[3]_i_84/CO[3]
                         net (fo=1, unplaced)         0.000     5.414    u_rq/q_r_reg[3]_i_84_n_0
                         CARRY4 (Prop_carry4_CI_CO[3])
                                                      0.117     5.531 r  u_rq/q_r_reg[3]_i_79/CO[3]
                         net (fo=1, unplaced)         0.000     5.531    u_rq/q_r_reg[3]_i_79_n_0
                         CARRY4 (Prop_carry4_CI_CO[3])
                                                      0.117     5.648 r  u_rq/q_r_reg[3]_i_49/CO[3]
                         net (fo=1, unplaced)         0.000     5.648    u_rq/q_r_reg[3]_i_49_n_0
                         CARRY4 (Prop_carry4_CI_O[2])
                                                      0.256     5.904 r  u_rq/q_r_reg[3]_i_43/O[2]
                         net (fo=2, unplaced)         0.463     6.367    u_rq/q_r_reg[3]_i_43_n_5
                         LUT4 (Prop_lut4_I3_O)        0.301     6.668 r  u_rq/q_r[3]_i_36/O
                         net (fo=1, unplaced)         0.449     7.117    u_rq/q_r[3]_i_36_n_0
                         LUT6 (Prop_lut6_I5_O)        0.124     7.241 r  u_rq/q_r[3]_i_11/O
                         net (fo=1, unplaced)         0.469     7.710    u_rq/q_r[3]_i_11_n_0
                         CARRY4 (Prop_carry4_DI[1]_CO[3])
                                                      0.520     8.230 r  u_rq/q_r_reg[3]_i_3/CO[3]
                         net (fo=2, unplaced)         0.831     9.061    u_rq/q_r3
                         CARRY4 (Prop_carry4_DI[0]_CO[3])
                                                      0.550     9.611 r  u_rq/q_r_reg[3]_i_2/CO[3]
                         net (fo=1, unplaced)         0.000     9.611    u_rq/q_r_reg[3]_i_2_n_0
                         CARRY4 (Prop_carry4_CI_CO[3])
                                                      0.117     9.728 r  u_rq/q_r_reg[7]_i_2/CO[3]
                         net (fo=1, unplaced)         0.000     9.728    u_rq/q_r_reg[7]_i_2_n_0
                         CARRY4 (Prop_carry4_CI_CO[3])
                                                      0.117     9.845 r  u_rq/q_r_reg[11]_i_2/CO[3]
                         net (fo=1, unplaced)         0.000     9.845    u_rq/q_r_reg[11]_i_2_n_0
                         CARRY4 (Prop_carry4_CI_CO[3])
                                                      0.117     9.962 r  u_rq/q_r_reg[15]_i_2/CO[3]
                         net (fo=1, unplaced)         0.000     9.962    u_rq/q_r_reg[15]_i_2_n_0
                         CARRY4 (Prop_carry4_CI_CO[3])
                                                      0.117    10.079 r  u_rq/q_r_reg[19]_i_2/CO[3]
                         net (fo=1, unplaced)         0.000    10.079    u_rq/q_r_reg[19]_i_2_n_0
                         CARRY4 (Prop_carry4_CI_CO[3])
                                                      0.117    10.196 r  u_rq/q_r_reg[23]_i_2/CO[3]
                         net (fo=1, unplaced)         0.000    10.196    u_rq/q_r_reg[23]_i_2_n_0
                         CARRY4 (Prop_carry4_CI_CO[3])
                                                      0.117    10.313 r  u_rq/q_r_reg[27]_i_2/CO[3]
                         net (fo=1, unplaced)         0.000    10.313    u_rq/q_r_reg[27]_i_2_n_0
                         CARRY4 (Prop_carry4_CI_CO[3])
                                                      0.117    10.430 r  u_rq/q_r_reg[31]_i_2/CO[3]
                         net (fo=1, unplaced)         0.000    10.430    u_rq/q_r_reg[31]_i_2_n_0
                         CARRY4 (Prop_carry4_CI_CO[3])
                                                      0.117    10.547 r  u_rq/q_r_reg[35]_i_2/CO[3]
                         net (fo=1, unplaced)         0.000    10.547    u_rq/q_r_reg[35]_i_2_n_0
                         CARRY4 (Prop_carry4_CI_CO[3])
                                                      0.117    10.664 r  u_rq/q_r_reg[39]_i_2/CO[3]
                         net (fo=1, unplaced)         0.000    10.664    u_rq/q_r_reg[39]_i_2_n_0
                         CARRY4 (Prop_carry4_CI_CO[3])
                                                      0.117    10.781 r  u_rq/q_r_reg[43]_i_2/CO[3]
                         net (fo=1, unplaced)         0.000    10.781    u_rq/q_r_reg[43]_i_2_n_0
                         CARRY4 (Prop_carry4_CI_O[2])
                                                      0.256    11.037 f  u_rq/q_r_reg[47]_i_2/O[2]
                         net (fo=2, unplaced)         0.463    11.500    u_rq/q_r2[46]
                         LUT1 (Prop_lut1_I0_O)        0.301    11.801 r  u_rq/q_r[48]_i_14/O
                         net (fo=1, unplaced)         0.000    11.801    u_rq/q_r[48]_i_14_n_0
                         CARRY4 (Prop_carry4_S[1]_CO[3])
                                                      0.533    12.334 r  u_rq/q_r_reg[48]_i_3/CO[3]
                         net (fo=1, unplaced)         0.000    12.334    u_rq/q_r_reg[48]_i_3_n_0
                         CARRY4 (Prop_carry4_CI_O[3])
                                                      0.331    12.665 r  u_rq/q_r_reg[52]_i_3/O[3]
                         net (fo=1, unplaced)         0.448    13.113    u_rq/q_r1[52]
                         LUT5 (Prop_lut5_I2_O)        0.307    13.420 r  u_rq/q_r[52]_i_1/O
                         net (fo=1, unplaced)         0.000    13.420    u_rq/q_r__0[52]
                         FDCE                                         r  u_rq/q_r_reg[52]/D
  -------------------------------------------------------------------    -------------------

                         (clock clk rise edge)       10.000    10.000 r  <hidden>
                                                      0.000    10.000 r  clk
                         net (fo=43294, unset)        0.924    10.924    u_rq/clk
                         FDCE                                         r  u_rq/q_r_reg[52]/C
                         clock pessimism              0.000    10.924    <hidden>
                         clock uncertainty           -0.035    10.889    <hidden>
                         FDCE (Setup_fdce_C_D)        0.044    10.933    u_rq/q_r_reg[52]
  -------------------------------------------------------------------
                         required time                         10.933    <hidden>
                         arrival time                         -13.420    <hidden>
  -------------------------------------------------------------------
                         slack                                 -2.487    <hidden>

Slack (VIOLATED) :        -2.473ns  (required time - arrival time)
  Source:                 u_rq/shr_r_reg[4]/C
                            (rising edge-triggered cell FDCE clocked by clk  {rise@0.000ns fall@5.000ns period=10.000ns})
  Destination:            u_rq/q_r_reg[54]/D
                            (rising edge-triggered cell FDCE clocked by clk  {rise@0.000ns fall@5.000ns period=10.000ns})
  Path Group:             clk
  Path Type:              Setup (Max at Slow Process Corner)
  Requirement:            10.000ns  (clk rise@10.000ns - clk rise@0.000ns)
  Data Path Delay:        12.433ns  (logic 7.702ns (61.948%)  route 4.731ns (38.052%))
  Logic Levels:           36  (CARRY4=31 LUT1=1 LUT4=1 LUT5=1 LUT6=2)
  Clock Path Skew:        -0.049ns (DCD - SCD + CPR)
    Destination Clock Delay (DCD):    0.924ns = ( 10.924 - 10.000 ) 
    Source Clock Delay      (SCD):    0.973ns
    Clock Pessimism Removal (CPR):    0.000ns
  Clock Uncertainty:      0.035ns  ((TSJ^2 + TIJ^2)^1/2 + DJ) / 2 + PE
    Total System Jitter     (TSJ):    0.071ns
    Total Input Jitter      (TIJ):    0.000ns
    Discrete Jitter          (DJ):    0.000ns
    Phase Error              (PE):    0.000ns

    Location             Delay type                Incr(ns)  Path(ns)    Netlist Resource(s)
  -------------------------------------------------------------------    -------------------
                         (clock clk rise edge)        0.000     0.000 r  <hidden>
                                                      0.000     0.000 r  clk
                         net (fo=43294, unset)        0.973     0.973    u_rq/clk
                         FDCE                                         r  u_rq/shr_r_reg[4]/C
  -------------------------------------------------------------------    -------------------
                         FDCE (Prop_fdce_C_Q)         0.478     1.451 r  u_rq/shr_r_reg[4]/Q
                         net (fo=177, unplaced)       1.079     2.530    u_rq/shr_r[4]
                         LUT6 (Prop_lut6_I0_O)        0.295     2.825 r  u_rq/q_r[3]_i_314/O
                         net (fo=1, unplaced)         0.665     3.490    u_rq/q_r[3]_i_314_n_0
                         CARRY4 (Prop_carry4_S[0]_CO[3])
                                                      0.637     4.127 r  u_rq/q_r_reg[3]_i_285/CO[3]
                         net (fo=1, unplaced)         0.000     4.127    u_rq/q_r_reg[3]_i_285_n_0
                         CARRY4 (Prop_carry4_CI_CO[3])
                                                      0.117     4.244 r  u_rq/q_r_reg[3]_i_262/CO[3]
                         net (fo=1, unplaced)         0.000     4.244    u_rq/q_r_reg[3]_i_262_n_0
                         CARRY4 (Prop_carry4_CI_CO[3])
                                                      0.117     4.361 r  u_rq/q_r_reg[3]_i_257/CO[3]
                         net (fo=1, unplaced)         0.000     4.361    u_rq/q_r_reg[3]_i_257_n_0
                         CARRY4 (Prop_carry4_CI_CO[3])
                                                      0.117     4.478 r  u_rq/q_r_reg[3]_i_254/CO[3]
                         net (fo=1, unplaced)         0.000     4.478    u_rq/q_r_reg[3]_i_254_n_0
                         CARRY4 (Prop_carry4_CI_CO[3])
                                                      0.117     4.595 r  u_rq/q_r_reg[3]_i_265/CO[3]
                         net (fo=1, unplaced)         0.000     4.595    u_rq/q_r_reg[3]_i_265_n_0
                         CARRY4 (Prop_carry4_CI_CO[3])
                                                      0.117     4.712 r  u_rq/q_r_reg[3]_i_232/CO[3]
                         net (fo=1, unplaced)         0.000     4.712    u_rq/q_r_reg[3]_i_232_n_0
                         CARRY4 (Prop_carry4_CI_CO[3])
                                                      0.117     4.829 r  u_rq/q_r_reg[3]_i_231/CO[3]
                         net (fo=1, unplaced)         0.000     4.829    u_rq/q_r_reg[3]_i_231_n_0
                         CARRY4 (Prop_carry4_CI_CO[3])
                                                      0.117     4.946 r  u_rq/q_r_reg[3]_i_208/CO[3]
                         net (fo=1, unplaced)         0.000     4.946    u_rq/q_r_reg[3]_i_208_n_0
                         CARRY4 (Prop_carry4_CI_CO[3])
                                                      0.117     5.063 r  u_rq/q_r_reg[3]_i_177/CO[3]
                         net (fo=1, unplaced)         0.000     5.063    u_rq/q_r_reg[3]_i_177_n_0
                         CARRY4 (Prop_carry4_CI_CO[3])
                                                      0.117     5.180 r  u_rq/q_r_reg[3]_i_146/CO[3]
                         net (fo=1, unplaced)         0.000     5.180    u_rq/q_r_reg[3]_i_146_n_0
                         CARRY4 (Prop_carry4_CI_CO[3])
                                                      0.117     5.297 r  u_rq/q_r_reg[3]_i_141/CO[3]
                         net (fo=1, unplaced)         0.000     5.297    u_rq/q_r_reg[3]_i_141_n_0
                         CARRY4 (Prop_carry4_CI_CO[3])
                                                      0.117     5.414 r  u_rq/q_r_reg[3]_i_84/CO[3]
                         net (fo=1, unplaced)         0.000     5.414    u_rq/q_r_reg[3]_i_84_n_0
                         CARRY4 (Prop_carry4_CI_CO[3])
                                                      0.117     5.531 r  u_rq/q_r_reg[3]_i_79/CO[3]
                         net (fo=1, unplaced)         0.000     5.531    u_rq/q_r_reg[3]_i_79_n_0
                         CARRY4 (Prop_carry4_CI_CO[3])
                                                      0.117     5.648 r  u_rq/q_r_reg[3]_i_49/CO[3]
                         net (fo=1, unplaced)         0.000     5.648    u_rq/q_r_reg[3]_i_49_n_0
                         CARRY4 (Prop_carry4_CI_O[2])
                                                      0.256     5.904 r  u_rq/q_r_reg[3]_i_43/O[2]
                         net (fo=2, unplaced)         0.463     6.367    u_rq/q_r_reg[3]_i_43_n_5
                         LUT4 (Prop_lut4_I3_O)        0.301     6.668 r  u_rq/q_r[3]_i_36/O
                         net (fo=1, unplaced)         0.449     7.117    u_rq/q_r[3]_i_36_n_0
                         LUT6 (Prop_lut6_I5_O)        0.124     7.241 r  u_rq/q_r[3]_i_11/O
                         net (fo=1, unplaced)         0.469     7.710    u_rq/q_r[3]_i_11_n_0
                         CARRY4 (Prop_carry4_DI[1]_CO[3])
                                                      0.520     8.230 r  u_rq/q_r_reg[3]_i_3/CO[3]
                         net (fo=2, unplaced)         0.831     9.061    u_rq/q_r3
                         CARRY4 (Prop_carry4_DI[0]_CO[3])
                                                      0.550     9.611 r  u_rq/q_r_reg[3]_i_2/CO[3]
                         net (fo=1, unplaced)         0.000     9.611    u_rq/q_r_reg[3]_i_2_n_0
                         CARRY4 (Prop_carry4_CI_CO[3])
                                                      0.117     9.728 r  u_rq/q_r_reg[7]_i_2/CO[3]
                         net (fo=1, unplaced)         0.000     9.728    u_rq/q_r_reg[7]_i_2_n_0
                         CARRY4 (Prop_carry4_CI_CO[3])
                                                      0.117     9.845 r  u_rq/q_r_reg[11]_i_2/CO[3]
                         net (fo=1, unplaced)         0.000     9.845    u_rq/q_r_reg[11]_i_2_n_0
                         CARRY4 (Prop_carry4_CI_CO[3])
                                                      0.117     9.962 r  u_rq/q_r_reg[15]_i_2/CO[3]
                         net (fo=1, unplaced)         0.000     9.962    u_rq/q_r_reg[15]_i_2_n_0
                         CARRY4 (Prop_carry4_CI_CO[3])
                                                      0.117    10.079 r  u_rq/q_r_reg[19]_i_2/CO[3]
                         net (fo=1, unplaced)         0.000    10.079    u_rq/q_r_reg[19]_i_2_n_0
                         CARRY4 (Prop_carry4_CI_CO[3])
                                                      0.117    10.196 r  u_rq/q_r_reg[23]_i_2/CO[3]
                         net (fo=1, unplaced)         0.000    10.196    u_rq/q_r_reg[23]_i_2_n_0
                         CARRY4 (Prop_carry4_CI_CO[3])
                                                      0.117    10.313 r  u_rq/q_r_reg[27]_i_2/CO[3]
                         net (fo=1, unplaced)         0.000    10.313    u_rq/q_r_reg[27]_i_2_n_0
                         CARRY4 (Prop_carry4_CI_CO[3])
                                                      0.117    10.430 r  u_rq/q_r_reg[31]_i_2/CO[3]
                         net (fo=1, unplaced)         0.000    10.430    u_rq/q_r_reg[31]_i_2_n_0
                         CARRY4 (Prop_carry4_CI_CO[3])
                                                      0.117    10.547 r  u_rq/q_r_reg[35]_i_2/CO[3]
                         net (fo=1, unplaced)         0.000    10.547    u_rq/q_r_reg[35]_i_2_n_0
                         CARRY4 (Prop_carry4_CI_CO[3])
                                                      0.117    10.664 r  u_rq/q_r_reg[39]_i_2/CO[3]
                         net (fo=1, unplaced)         0.000    10.664    u_rq/q_r_reg[39]_i_2_n_0
                         CARRY4 (Prop_carry4_CI_CO[3])
                                                      0.117    10.781 r  u_rq/q_r_reg[43]_i_2/CO[3]
                         net (fo=1, unplaced)         0.000    10.781    u_rq/q_r_reg[43]_i_2_n_0
                         CARRY4 (Prop_carry4_CI_CO[3])
                                                      0.117    10.898 r  u_rq/q_r_reg[47]_i_2/CO[3]
                         net (fo=1, unplaced)         0.000    10.898    u_rq/q_r_reg[47]_i_2_n_0
                         CARRY4 (Prop_carry4_CI_O[2])
                                                      0.256    11.154 f  u_rq/q_r_reg[51]_i_2/O[2]
                         net (fo=2, unplaced)         0.463    11.617    u_rq/q_r2[50]
                         LUT1 (Prop_lut1_I0_O)        0.301    11.918 r  u_rq/q_r[52]_i_14/O
                         net (fo=1, unplaced)         0.000    11.918    u_rq/q_r[52]_i_14_n_0
                         CARRY4 (Prop_carry4_S[1]_CO[3])
                                                      0.533    12.451 r  u_rq/q_r_reg[52]_i_3/CO[3]
                         net (fo=1, unplaced)         0.000    12.451    u_rq/q_r_reg[52]_i_3_n_0
                         CARRY4 (Prop_carry4_CI_O[1])
                                                      0.337    12.788 r  u_rq/q_r_reg[56]_i_3/O[1]
                         net (fo=1, unplaced)         0.312    13.100    u_rq/q_r1[54]
                         LUT5 (Prop_lut5_I2_O)        0.306    13.406 r  u_rq/q_r[54]_i_1/O
                         net (fo=1, unplaced)         0.000    13.406    u_rq/q_r__0[54]
                         FDCE                                         r  u_rq/q_r_reg[54]/D
  -------------------------------------------------------------------    -------------------

                         (clock clk rise edge)       10.000    10.000 r  <hidden>
                                                      0.000    10.000 r  clk
                         net (fo=43294, unset)        0.924    10.924    u_rq/clk
                         FDCE                                         r  u_rq/q_r_reg[54]/C
                         clock pessimism              0.000    10.924    <hidden>
                         clock uncertainty           -0.035    10.889    <hidden>
                         FDCE (Setup_fdce_C_D)        0.044    10.933    u_rq/q_r_reg[54]
  -------------------------------------------------------------------
                         required time                         10.933    <hidden>
                         arrival time                         -13.406    <hidden>
  -------------------------------------------------------------------
                         slack                                 -2.473    <hidden>

Slack (VIOLATED) :        -2.473ns  (required time - arrival time)
  Source:                 u_rq/shr_r_reg[4]/C
                            (rising edge-triggered cell FDCE clocked by clk  {rise@0.000ns fall@5.000ns period=10.000ns})
  Destination:            u_rq/q_r_reg[57]/D
                            (rising edge-triggered cell FDCE clocked by clk  {rise@0.000ns fall@5.000ns period=10.000ns})
  Path Group:             clk
  Path Type:              Setup (Max at Slow Process Corner)
  Requirement:            10.000ns  (clk rise@10.000ns - clk rise@0.000ns)
  Data Path Delay:        12.433ns  (logic 7.703ns (61.956%)  route 4.730ns (38.044%))
  Logic Levels:           37  (CARRY4=32 LUT1=1 LUT4=1 LUT5=1 LUT6=2)
  Clock Path Skew:        -0.049ns (DCD - SCD + CPR)
    Destination Clock Delay (DCD):    0.924ns = ( 10.924 - 10.000 ) 
    Source Clock Delay      (SCD):    0.973ns
    Clock Pessimism Removal (CPR):    0.000ns
  Clock Uncertainty:      0.035ns  ((TSJ^2 + TIJ^2)^1/2 + DJ) / 2 + PE
    Total System Jitter     (TSJ):    0.071ns
    Total Input Jitter      (TIJ):    0.000ns
    Discrete Jitter          (DJ):    0.000ns
    Phase Error              (PE):    0.000ns

    Location             Delay type                Incr(ns)  Path(ns)    Netlist Resource(s)
  -------------------------------------------------------------------    -------------------
                         (clock clk rise edge)        0.000     0.000 r  <hidden>
                                                      0.000     0.000 r  clk
                         net (fo=43294, unset)        0.973     0.973    u_rq/clk
                         FDCE                                         r  u_rq/shr_r_reg[4]/C
  -------------------------------------------------------------------    -------------------
                         FDCE (Prop_fdce_C_Q)         0.478     1.451 r  u_rq/shr_r_reg[4]/Q
                         net (fo=177, unplaced)       1.079     2.530    u_rq/shr_r[4]
                         LUT6 (Prop_lut6_I0_O)        0.295     2.825 r  u_rq/q_r[3]_i_314/O
                         net (fo=1, unplaced)         0.665     3.490    u_rq/q_r[3]_i_314_n_0
                         CARRY4 (Prop_carry4_S[0]_CO[3])
                                                      0.637     4.127 r  u_rq/q_r_reg[3]_i_285/CO[3]
                         net (fo=1, unplaced)         0.000     4.127    u_rq/q_r_reg[3]_i_285_n_0
                         CARRY4 (Prop_carry4_CI_CO[3])
                                                      0.117     4.244 r  u_rq/q_r_reg[3]_i_262/CO[3]
                         net (fo=1, unplaced)         0.000     4.244    u_rq/q_r_reg[3]_i_262_n_0
                         CARRY4 (Prop_carry4_CI_CO[3])
                                                      0.117     4.361 r  u_rq/q_r_reg[3]_i_257/CO[3]
                         net (fo=1, unplaced)         0.000     4.361    u_rq/q_r_reg[3]_i_257_n_0
                         CARRY4 (Prop_carry4_CI_CO[3])
                                                      0.117     4.478 r  u_rq/q_r_reg[3]_i_254/CO[3]
                         net (fo=1, unplaced)         0.000     4.478    u_rq/q_r_reg[3]_i_254_n_0
                         CARRY4 (Prop_carry4_CI_CO[3])
                                                      0.117     4.595 r  u_rq/q_r_reg[3]_i_265/CO[3]
                         net (fo=1, unplaced)         0.000     4.595    u_rq/q_r_reg[3]_i_265_n_0
                         CARRY4 (Prop_carry4_CI_CO[3])
                                                      0.117     4.712 r  u_rq/q_r_reg[3]_i_232/CO[3]
                         net (fo=1, unplaced)         0.000     4.712    u_rq/q_r_reg[3]_i_232_n_0
                         CARRY4 (Prop_carry4_CI_CO[3])
                                                      0.117     4.829 r  u_rq/q_r_reg[3]_i_231/CO[3]
                         net (fo=1, unplaced)         0.000     4.829    u_rq/q_r_reg[3]_i_231_n_0
                         CARRY4 (Prop_carry4_CI_CO[3])
                                                      0.117     4.946 r  u_rq/q_r_reg[3]_i_208/CO[3]
                         net (fo=1, unplaced)         0.000     4.946    u_rq/q_r_reg[3]_i_208_n_0
                         CARRY4 (Prop_carry4_CI_CO[3])
                                                      0.117     5.063 r  u_rq/q_r_reg[3]_i_177/CO[3]
                         net (fo=1, unplaced)         0.000     5.063    u_rq/q_r_reg[3]_i_177_n_0
                         CARRY4 (Prop_carry4_CI_CO[3])
                                                      0.117     5.180 r  u_rq/q_r_reg[3]_i_146/CO[3]
                         net (fo=1, unplaced)         0.000     5.180    u_rq/q_r_reg[3]_i_146_n_0
                         CARRY4 (Prop_carry4_CI_CO[3])
                                                      0.117     5.297 r  u_rq/q_r_reg[3]_i_141/CO[3]
                         net (fo=1, unplaced)         0.000     5.297    u_rq/q_r_reg[3]_i_141_n_0
                         CARRY4 (Prop_carry4_CI_CO[3])
                                                      0.117     5.414 r  u_rq/q_r_reg[3]_i_84/CO[3]
                         net (fo=1, unplaced)         0.000     5.414    u_rq/q_r_reg[3]_i_84_n_0
                         CARRY4 (Prop_carry4_CI_CO[3])
                                                      0.117     5.531 r  u_rq/q_r_reg[3]_i_79/CO[3]
                         net (fo=1, unplaced)         0.000     5.531    u_rq/q_r_reg[3]_i_79_n_0
                         CARRY4 (Prop_carry4_CI_CO[3])
                                                      0.117     5.648 r  u_rq/q_r_reg[3]_i_49/CO[3]
                         net (fo=1, unplaced)         0.000     5.648    u_rq/q_r_reg[3]_i_49_n_0
                         CARRY4 (Prop_carry4_CI_O[2])
                                                      0.256     5.904 r  u_rq/q_r_reg[3]_i_43/O[2]
                         net (fo=2, unplaced)         0.463     6.367    u_rq/q_r_reg[3]_i_43_n_5
                         LUT4 (Prop_lut4_I3_O)        0.301     6.668 r  u_rq/q_r[3]_i_36/O
                         net (fo=1, unplaced)         0.449     7.117    u_rq/q_r[3]_i_36_n_0
                         LUT6 (Prop_lut6_I5_O)        0.124     7.241 r  u_rq/q_r[3]_i_11/O
                         net (fo=1, unplaced)         0.469     7.710    u_rq/q_r[3]_i_11_n_0
                         CARRY4 (Prop_carry4_DI[1]_CO[3])
                                                      0.520     8.230 r  u_rq/q_r_reg[3]_i_3/CO[3]
                         net (fo=2, unplaced)         0.831     9.061    u_rq/q_r3
                         CARRY4 (Prop_carry4_DI[0]_CO[3])
                                                      0.550     9.611 r  u_rq/q_r_reg[3]_i_2/CO[3]
                         net (fo=1, unplaced)         0.000     9.611    u_rq/q_r_reg[3]_i_2_n_0
                         CARRY4 (Prop_carry4_CI_CO[3])
                                                      0.117     9.728 r  u_rq/q_r_reg[7]_i_2/CO[3]
                         net (fo=1, unplaced)         0.000     9.728    u_rq/q_r_reg[7]_i_2_n_0
                         CARRY4 (Prop_carry4_CI_CO[3])
                                                      0.117     9.845 r  u_rq/q_r_reg[11]_i_2/CO[3]
                         net (fo=1, unplaced)         0.000     9.845    u_rq/q_r_reg[11]_i_2_n_0
                         CARRY4 (Prop_carry4_CI_CO[3])
                                                      0.117     9.962 r  u_rq/q_r_reg[15]_i_2/CO[3]
                         net (fo=1, unplaced)         0.000     9.962    u_rq/q_r_reg[15]_i_2_n_0
                         CARRY4 (Prop_carry4_CI_CO[3])
                                                      0.117    10.079 r  u_rq/q_r_reg[19]_i_2/CO[3]
                         net (fo=1, unplaced)         0.000    10.079    u_rq/q_r_reg[19]_i_2_n_0
                         CARRY4 (Prop_carry4_CI_CO[3])
                                                      0.117    10.196 r  u_rq/q_r_reg[23]_i_2/CO[3]
                         net (fo=1, unplaced)         0.000    10.196    u_rq/q_r_reg[23]_i_2_n_0
                         CARRY4 (Prop_carry4_CI_CO[3])
                                                      0.117    10.313 r  u_rq/q_r_reg[27]_i_2/CO[3]
                         net (fo=1, unplaced)         0.000    10.313    u_rq/q_r_reg[27]_i_2_n_0
                         CARRY4 (Prop_carry4_CI_CO[3])
                                                      0.117    10.430 r  u_rq/q_r_reg[31]_i_2/CO[3]
                         net (fo=1, unplaced)         0.000    10.430    u_rq/q_r_reg[31]_i_2_n_0
                         CARRY4 (Prop_carry4_CI_CO[3])
                                                      0.117    10.547 r  u_rq/q_r_reg[35]_i_2/CO[3]
                         net (fo=1, unplaced)         0.000    10.547    u_rq/q_r_reg[35]_i_2_n_0
                         CARRY4 (Prop_carry4_CI_CO[3])
                                                      0.117    10.664 r  u_rq/q_r_reg[39]_i_2/CO[3]
                         net (fo=1, unplaced)         0.000    10.664    u_rq/q_r_reg[39]_i_2_n_0
                         CARRY4 (Prop_carry4_CI_CO[3])
                                                      0.117    10.781 r  u_rq/q_r_reg[43]_i_2/CO[3]
                         net (fo=1, unplaced)         0.000    10.781    u_rq/q_r_reg[43]_i_2_n_0
                         CARRY4 (Prop_carry4_CI_CO[3])
                                                      0.117    10.898 r  u_rq/q_r_reg[47]_i_2/CO[3]
                         net (fo=1, unplaced)         0.000    10.898    u_rq/q_r_reg[47]_i_2_n_0
                         CARRY4 (Prop_carry4_CI_CO[3])
                                                      0.117    11.015 r  u_rq/q_r_reg[51]_i_2/CO[3]
                         net (fo=1, unplaced)         0.000    11.015    u_rq/q_r_reg[51]_i_2_n_0
                         CARRY4 (Prop_carry4_CI_O[2])
                                                      0.256    11.271 f  u_rq/q_r_reg[55]_i_2/O[2]
                         net (fo=2, unplaced)         0.463    11.734    u_rq/q_r2[54]
                         LUT1 (Prop_lut1_I0_O)        0.301    12.035 r  u_rq/q_r[56]_i_14/O
                         net (fo=1, unplaced)         0.000    12.035    u_rq/q_r[56]_i_14_n_0
                         CARRY4 (Prop_carry4_S[1]_CO[3])
                                                      0.533    12.568 r  u_rq/q_r_reg[56]_i_3/CO[3]
                         net (fo=1, unplaced)         0.000    12.568    u_rq/q_r_reg[56]_i_3_n_0
                         CARRY4 (Prop_carry4_CI_O[0])
                                                      0.232    12.800 r  u_rq/q_r_reg[60]_i_3/O[0]
                         net (fo=1, unplaced)         0.311    13.111    u_rq/q_r1[57]
                         LUT5 (Prop_lut5_I2_O)        0.295    13.406 r  u_rq/q_r[57]_i_1/O
                         net (fo=1, unplaced)         0.000    13.406    u_rq/q_r__0[57]
                         FDCE                                         r  u_rq/q_r_reg[57]/D
  -------------------------------------------------------------------    -------------------

                         (clock clk rise edge)       10.000    10.000 r  <hidden>
                                                      0.000    10.000 r  clk
                         net (fo=43294, unset)        0.924    10.924    u_rq/clk
                         FDCE                                         r  u_rq/q_r_reg[57]/C
                         clock pessimism              0.000    10.924    <hidden>
                         clock uncertainty           -0.035    10.889    <hidden>
                         FDCE (Setup_fdce_C_D)        0.044    10.933    u_rq/q_r_reg[57]
  -------------------------------------------------------------------
                         required time                         10.933    <hidden>
                         arrival time                         -13.406    <hidden>
  -------------------------------------------------------------------
                         slack                                 -2.473    <hidden>

Slack (VIOLATED) :        -2.464ns  (required time - arrival time)
  Source:                 elut_reg[23][0]/C
                            (rising edge-triggered cell FDRE clocked by clk  {rise@0.000ns fall@5.000ns period=10.000ns})
  Destination:            u_smres_div/un_reg[28]/D
                            (rising edge-triggered cell FDCE clocked by clk  {rise@0.000ns fall@5.000ns period=10.000ns})
  Path Group:             clk
  Path Type:              Setup (Max at Slow Process Corner)
  Requirement:            10.000ns  (clk rise@10.000ns - clk rise@0.000ns)
  Data Path Delay:        12.424ns  (logic 7.111ns (57.236%)  route 5.313ns (42.764%))
  Logic Levels:           20  (CARRY4=9 LUT1=1 LUT2=2 LUT3=2 LUT4=2 LUT5=1 LUT6=2 MUXF7=1)
  Clock Path Skew:        -0.049ns (DCD - SCD + CPR)
    Destination Clock Delay (DCD):    0.924ns = ( 10.924 - 10.000 ) 
    Source Clock Delay      (SCD):    0.973ns
    Clock Pessimism Removal (CPR):    0.000ns
  Clock Uncertainty:      0.035ns  ((TSJ^2 + TIJ^2)^1/2 + DJ) / 2 + PE
    Total System Jitter     (TSJ):    0.071ns
    Total Input Jitter      (TIJ):    0.000ns
    Discrete Jitter          (DJ):    0.000ns
    Phase Error              (PE):    0.000ns

    Location             Delay type                Incr(ns)  Path(ns)    Netlist Resource(s)
  -------------------------------------------------------------------    -------------------
                         (clock clk rise edge)        0.000     0.000 r  <hidden>
                                                      0.000     0.000 r  clk
                         net (fo=43294, unset)        0.973     0.973    clk
                         FDRE                                         r  elut_reg[23][0]/C
  -------------------------------------------------------------------    -------------------
                         FDRE (Prop_fdre_C_Q)         0.478     1.451 r  elut_reg[23][0]/Q
                         net (fo=1, unplaced)         0.965     2.416    u_smres_div/elut_reg[23][0]
                         LUT6 (Prop_lut6_I0_O)        0.295     2.711 r  u_smres_div/un[3]_i_20/O
                         net (fo=1, unplaced)         0.000     2.711    u_smres_div/un[3]_i_20_n_0
                         MUXF7 (Prop_muxf7_I1_O)      0.247     2.958 r  u_smres_div/un_reg[3]_i_15/O
                         net (fo=6, unplaced)         0.767     3.725    u_smres_div/un_reg[3]_i_15_n_0
                         LUT5 (Prop_lut5_I0_O)        0.298     4.023 r  u_smres_div/un[3]_i_5/O
                         net (fo=23, unplaced)        0.482     4.505    u_smres_div/ti_reg[4]_rep__12_2[0]
                         LUT2 (Prop_lut2_I0_O)        0.124     4.629 r  u_smres_div/un[11]_i_32/O
                         net (fo=1, unplaced)         0.000     4.629    u_smres_div/un[11]_i_32_n_0
                         CARRY4 (Prop_carry4_S[3]_CO[3])
                                                      0.376     5.005 r  u_smres_div/un_reg[11]_i_31/CO[3]
                         net (fo=1, unplaced)         0.000     5.005    u_smres_div/un_reg[11]_i_31_n_0
                         CARRY4 (Prop_carry4_CI_O[1])
                                                      0.337     5.342 r  u_smres_div/un_reg[15]_i_31/O[1]
                         net (fo=2, unplaced)         0.622     5.964    u_smres_div/un_reg[15]_i_31_n_6
                         LUT3 (Prop_lut3_I0_O)        0.306     6.270 r  u_smres_div/un[15]_i_21/O
                         net (fo=2, unplaced)         0.460     6.730    u_smres_div/un[15]_i_21_n_0
                         LUT4 (Prop_lut4_I3_O)        0.124     6.854 r  u_smres_div/un[15]_i_25/O
                         net (fo=1, unplaced)         0.000     6.854    u_smres_div/un[15]_i_25_n_0
                         CARRY4 (Prop_carry4_S[1]_CO[3])
                                                      0.533     7.387 r  u_smres_div/un_reg[15]_i_17/CO[3]
                         net (fo=1, unplaced)         0.000     7.387    u_smres_div/un_reg[15]_i_17_n_0
                         CARRY4 (Prop_carry4_CI_O[1])
                                                      0.337     7.724 r  u_smres_div/un_reg[19]_i_17/O[1]
                         net (fo=2, unplaced)         0.323     8.047    u_smres_div/un_reg[19]_i_17_n_6
                         LUT3 (Prop_lut3_I2_O)        0.306     8.353 r  u_smres_div/un[19]_i_10/O
                         net (fo=2, unplaced)         0.460     8.813    u_smres_div/un[19]_i_10_n_0
                         LUT4 (Prop_lut4_I3_O)        0.124     8.937 r  u_smres_div/un[19]_i_14/O
                         net (fo=1, unplaced)         0.000     8.937    u_smres_div/un[19]_i_14_n_0
                         CARRY4 (Prop_carry4_S[1]_CO[3])
                                                      0.533     9.470 r  u_smres_div/un_reg[19]_i_3/CO[3]
                         net (fo=1, unplaced)         0.000     9.470    u_smres_div/un_reg[19]_i_3_n_0
                         CARRY4 (Prop_carry4_CI_O[1])
                                                      0.337     9.807 r  u_smres_div/un_reg[23]_i_3/O[1]
                         net (fo=2, unplaced)         0.323    10.130    u_smres_div/num3200_in[21]
                         LUT2 (Prop_lut2_I0_O)        0.306    10.436 r  u_smres_div/un[23]_i_6/O
                         net (fo=1, unplaced)         0.000    10.436    u_smres_div/un[23]_i_6_n_0
                         CARRY4 (Prop_carry4_S[1]_O[2])
                                                      0.578    11.014 f  u_smres_div/un_reg[23]_i_2/O[2]
                         net (fo=2, unplaced)         0.463    11.477    u_smres_div/un_reg[23]_i_2_n_5
                         LUT1 (Prop_lut1_I0_O)        0.301    11.778 r  u_smres_div/un[24]_i_5/O
                         net (fo=1, unplaced)         0.000    11.778    u_smres_div/un[24]_i_5_n_0
                         CARRY4 (Prop_carry4_S[1]_CO[3])
                                                      0.533    12.311 r  u_smres_div/un_reg[24]_i_2/CO[3]
                         net (fo=1, unplaced)         0.000    12.311    u_smres_div/un_reg[24]_i_2_n_0
                         CARRY4 (Prop_carry4_CI_O[3])
                                                      0.331    12.642 r  u_smres_div/un_reg[28]_i_2/O[3]
                         net (fo=1, unplaced)         0.448    13.090    u_smres_div/un1[28]
                         LUT6 (Prop_lut6_I3_O)        0.307    13.397 r  u_smres_div/un[28]_i_1/O
                         net (fo=1, unplaced)         0.000    13.397    u_smres_div/un[28]_i_1_n_0
                         FDCE                                         r  u_smres_div/un_reg[28]/D
  -------------------------------------------------------------------    -------------------

                         (clock clk rise edge)       10.000    10.000 r  <hidden>
                                                      0.000    10.000 r  clk
                         net (fo=43294, unset)        0.924    10.924    u_smres_div/clk
                         FDCE                                         r  u_smres_div/un_reg[28]/C
                         clock pessimism              0.000    10.924    <hidden>
                         clock uncertainty           -0.035    10.889    <hidden>
                         FDCE (Setup_fdce_C_D)        0.044    10.933    u_smres_div/un_reg[28]
  -------------------------------------------------------------------
                         required time                         10.933    <hidden>
                         arrival time                         -13.397    <hidden>
  -------------------------------------------------------------------
                         slack                                 -2.464    <hidden>

Slack (VIOLATED) :        -2.427ns  (required time - arrival time)
  Source:                 elut_reg[23][0]/C
                            (rising edge-triggered cell FDRE clocked by clk  {rise@0.000ns fall@5.000ns period=10.000ns})
  Destination:            u_smres_div/un_reg[29]/D
                            (rising edge-triggered cell FDCE clocked by clk  {rise@0.000ns fall@5.000ns period=10.000ns})
  Path Group:             clk
  Path Type:              Setup (Max at Slow Process Corner)
  Requirement:            10.000ns  (clk rise@10.000ns - clk rise@0.000ns)
  Data Path Delay:        12.387ns  (logic 7.211ns (58.214%)  route 5.176ns (41.786%))
  Logic Levels:           21  (CARRY4=10 LUT1=1 LUT2=2 LUT3=2 LUT4=2 LUT5=1 LUT6=2 MUXF7=1)
  Clock Path Skew:        -0.049ns (DCD - SCD + CPR)
    Destination Clock Delay (DCD):    0.924ns = ( 10.924 - 10.000 ) 
    Source Clock Delay      (SCD):    0.973ns
    Clock Pessimism Removal (CPR):    0.000ns
  Clock Uncertainty:      0.035ns  ((TSJ^2 + TIJ^2)^1/2 + DJ) / 2 + PE
    Total System Jitter     (TSJ):    0.071ns
    Total Input Jitter      (TIJ):    0.000ns
    Discrete Jitter          (DJ):    0.000ns
    Phase Error              (PE):    0.000ns

    Location             Delay type                Incr(ns)  Path(ns)    Netlist Resource(s)
  -------------------------------------------------------------------    -------------------
                         (clock clk rise edge)        0.000     0.000 r  <hidden>
                                                      0.000     0.000 r  clk
                         net (fo=43294, unset)        0.973     0.973    clk
                         FDRE                                         r  elut_reg[23][0]/C
  -------------------------------------------------------------------    -------------------
                         FDRE (Prop_fdre_C_Q)         0.478     1.451 r  elut_reg[23][0]/Q
                         net (fo=1, unplaced)         0.965     2.416    u_smres_div/elut_reg[23][0]
                         LUT6 (Prop_lut6_I0_O)        0.295     2.711 r  u_smres_div/un[3]_i_20/O
                         net (fo=1, unplaced)         0.000     2.711    u_smres_div/un[3]_i_20_n_0
                         MUXF7 (Prop_muxf7_I1_O)      0.247     2.958 r  u_smres_div/un_reg[3]_i_15/O
                         net (fo=6, unplaced)         0.767     3.725    u_smres_div/un_reg[3]_i_15_n_0
                         LUT5 (Prop_lut5_I0_O)        0.298     4.023 r  u_smres_div/un[3]_i_5/O
                         net (fo=23, unplaced)        0.482     4.505    u_smres_div/ti_reg[4]_rep__12_2[0]
                         LUT2 (Prop_lut2_I0_O)        0.124     4.629 r  u_smres_div/un[11]_i_32/O
                         net (fo=1, unplaced)         0.000     4.629    u_smres_div/un[11]_i_32_n_0
                         CARRY4 (Prop_carry4_S[3]_CO[3])
                                                      0.376     5.005 r  u_smres_div/un_reg[11]_i_31/CO[3]
                         net (fo=1, unplaced)         0.000     5.005    u_smres_div/un_reg[11]_i_31_n_0
                         CARRY4 (Prop_carry4_CI_O[1])
                                                      0.337     5.342 r  u_smres_div/un_reg[15]_i_31/O[1]
                         net (fo=2, unplaced)         0.622     5.964    u_smres_div/un_reg[15]_i_31_n_6
                         LUT3 (Prop_lut3_I0_O)        0.306     6.270 r  u_smres_div/un[15]_i_21/O
                         net (fo=2, unplaced)         0.460     6.730    u_smres_div/un[15]_i_21_n_0
                         LUT4 (Prop_lut4_I3_O)        0.124     6.854 r  u_smres_div/un[15]_i_25/O
                         net (fo=1, unplaced)         0.000     6.854    u_smres_div/un[15]_i_25_n_0
                         CARRY4 (Prop_carry4_S[1]_CO[3])
                                                      0.533     7.387 r  u_smres_div/un_reg[15]_i_17/CO[3]
                         net (fo=1, unplaced)         0.000     7.387    u_smres_div/un_reg[15]_i_17_n_0
                         CARRY4 (Prop_carry4_CI_O[1])
                                                      0.337     7.724 r  u_smres_div/un_reg[19]_i_17/O[1]
                         net (fo=2, unplaced)         0.323     8.047    u_smres_div/un_reg[19]_i_17_n_6
                         LUT3 (Prop_lut3_I2_O)        0.306     8.353 r  u_smres_div/un[19]_i_10/O
                         net (fo=2, unplaced)         0.460     8.813    u_smres_div/un[19]_i_10_n_0
                         LUT4 (Prop_lut4_I3_O)        0.124     8.937 r  u_smres_div/un[19]_i_14/O
                         net (fo=1, unplaced)         0.000     8.937    u_smres_div/un[19]_i_14_n_0
                         CARRY4 (Prop_carry4_S[1]_CO[3])
                                                      0.533     9.470 r  u_smres_div/un_reg[19]_i_3/CO[3]
                         net (fo=1, unplaced)         0.000     9.470    u_smres_div/un_reg[19]_i_3_n_0
                         CARRY4 (Prop_carry4_CI_O[1])
                                                      0.337     9.807 r  u_smres_div/un_reg[23]_i_3/O[1]
                         net (fo=2, unplaced)         0.323    10.130    u_smres_div/num3200_in[21]
                         LUT2 (Prop_lut2_I0_O)        0.306    10.436 r  u_smres_div/un[23]_i_6/O
                         net (fo=1, unplaced)         0.000    10.436    u_smres_div/un[23]_i_6_n_0
                         CARRY4 (Prop_carry4_S[1]_CO[3])
                                                      0.533    10.969 r  u_smres_div/un_reg[23]_i_2/CO[3]
                         net (fo=1, unplaced)         0.000    10.969    u_smres_div/un_reg[23]_i_2_n_0
                         CARRY4 (Prop_carry4_CI_O[2])
                                                      0.256    11.225 f  u_smres_div/un_reg[27]_i_2/O[2]
                         net (fo=2, unplaced)         0.463    11.688    u_smres_div/un_reg[27]_i_2_n_5
                         LUT1 (Prop_lut1_I0_O)        0.301    11.989 r  u_smres_div/un[28]_i_5/O
                         net (fo=1, unplaced)         0.000    11.989    u_smres_div/un[28]_i_5_n_0
                         CARRY4 (Prop_carry4_S[1]_CO[3])
                                                      0.533    12.522 r  u_smres_div/un_reg[28]_i_2/CO[3]
                         net (fo=1, unplaced)         0.000    12.522    u_smres_div/un_reg[28]_i_2_n_0
                         CARRY4 (Prop_carry4_CI_O[0])
                                                      0.232    12.754 r  u_smres_div/un_reg[31]_i_2/O[0]
                         net (fo=1, unplaced)         0.311    13.065    u_smres_div/un1[29]
                         LUT6 (Prop_lut6_I3_O)        0.295    13.360 r  u_smres_div/un[29]_i_1/O
                         net (fo=1, unplaced)         0.000    13.360    u_smres_div/un[29]_i_1_n_0
                         FDCE                                         r  u_smres_div/un_reg[29]/D
  -------------------------------------------------------------------    -------------------

                         (clock clk rise edge)       10.000    10.000 r  <hidden>
                                                      0.000    10.000 r  clk
                         net (fo=43294, unset)        0.924    10.924    u_smres_div/clk
                         FDCE                                         r  u_smres_div/un_reg[29]/C
                         clock pessimism              0.000    10.924    <hidden>
                         clock uncertainty           -0.035    10.889    <hidden>
                         FDCE (Setup_fdce_C_D)        0.044    10.933    u_smres_div/un_reg[29]
  -------------------------------------------------------------------
                         required time                         10.933    <hidden>
                         arrival time                         -13.360    <hidden>
  -------------------------------------------------------------------
                         slack                                 -2.427    <hidden>

Slack (VIOLATED) :        -2.410ns  (required time - arrival time)
  Source:                 u_rq/shr_r_reg[4]/C
                            (rising edge-triggered cell FDCE clocked by clk  {rise@0.000ns fall@5.000ns period=10.000ns})
  Destination:            u_rq/q_r_reg[51]/D
                            (rising edge-triggered cell FDCE clocked by clk  {rise@0.000ns fall@5.000ns period=10.000ns})
  Path Group:             clk
  Path Type:              Setup (Max at Slow Process Corner)
  Requirement:            10.000ns  (clk rise@10.000ns - clk rise@0.000ns)
  Data Path Delay:        12.370ns  (logic 7.499ns (60.622%)  route 4.871ns (39.378%))
  Logic Levels:           35  (CARRY4=30 LUT1=1 LUT4=1 LUT5=1 LUT6=2)
  Clock Path Skew:        -0.049ns (DCD - SCD + CPR)
    Destination Clock Delay (DCD):    0.924ns = ( 10.924 - 10.000 ) 
    Source Clock Delay      (SCD):    0.973ns
    Clock Pessimism Removal (CPR):    0.000ns
  Clock Uncertainty:      0.035ns  ((TSJ^2 + TIJ^2)^1/2 + DJ) / 2 + PE
    Total System Jitter     (TSJ):    0.071ns
    Total Input Jitter      (TIJ):    0.000ns
    Discrete Jitter          (DJ):    0.000ns
    Phase Error              (PE):    0.000ns

    Location             Delay type                Incr(ns)  Path(ns)    Netlist Resource(s)
  -------------------------------------------------------------------    -------------------
                         (clock clk rise edge)        0.000     0.000 r  <hidden>
                                                      0.000     0.000 r  clk
                         net (fo=43294, unset)        0.973     0.973    u_rq/clk
                         FDCE                                         r  u_rq/shr_r_reg[4]/C
  -------------------------------------------------------------------    -------------------
                         FDCE (Prop_fdce_C_Q)         0.478     1.451 r  u_rq/shr_r_reg[4]/Q
                         net (fo=177, unplaced)       1.079     2.530    u_rq/shr_r[4]
                         LUT6 (Prop_lut6_I0_O)        0.295     2.825 r  u_rq/q_r[3]_i_314/O
                         net (fo=1, unplaced)         0.665     3.490    u_rq/q_r[3]_i_314_n_0
                         CARRY4 (Prop_carry4_S[0]_CO[3])
                                                      0.637     4.127 r  u_rq/q_r_reg[3]_i_285/CO[3]
                         net (fo=1, unplaced)         0.000     4.127    u_rq/q_r_reg[3]_i_285_n_0
                         CARRY4 (Prop_carry4_CI_CO[3])
                                                      0.117     4.244 r  u_rq/q_r_reg[3]_i_262/CO[3]
                         net (fo=1, unplaced)         0.000     4.244    u_rq/q_r_reg[3]_i_262_n_0
                         CARRY4 (Prop_carry4_CI_CO[3])
                                                      0.117     4.361 r  u_rq/q_r_reg[3]_i_257/CO[3]
                         net (fo=1, unplaced)         0.000     4.361    u_rq/q_r_reg[3]_i_257_n_0
                         CARRY4 (Prop_carry4_CI_CO[3])
                                                      0.117     4.478 r  u_rq/q_r_reg[3]_i_254/CO[3]
                         net (fo=1, unplaced)         0.000     4.478    u_rq/q_r_reg[3]_i_254_n_0
                         CARRY4 (Prop_carry4_CI_CO[3])
                                                      0.117     4.595 r  u_rq/q_r_reg[3]_i_265/CO[3]
                         net (fo=1, unplaced)         0.000     4.595    u_rq/q_r_reg[3]_i_265_n_0
                         CARRY4 (Prop_carry4_CI_CO[3])
                                                      0.117     4.712 r  u_rq/q_r_reg[3]_i_232/CO[3]
                         net (fo=1, unplaced)         0.000     4.712    u_rq/q_r_reg[3]_i_232_n_0
                         CARRY4 (Prop_carry4_CI_CO[3])
                                                      0.117     4.829 r  u_rq/q_r_reg[3]_i_231/CO[3]
                         net (fo=1, unplaced)         0.000     4.829    u_rq/q_r_reg[3]_i_231_n_0
                         CARRY4 (Prop_carry4_CI_CO[3])
                                                      0.117     4.946 r  u_rq/q_r_reg[3]_i_208/CO[3]
                         net (fo=1, unplaced)         0.000     4.946    u_rq/q_r_reg[3]_i_208_n_0
                         CARRY4 (Prop_carry4_CI_CO[3])
                                                      0.117     5.063 r  u_rq/q_r_reg[3]_i_177/CO[3]
                         net (fo=1, unplaced)         0.000     5.063    u_rq/q_r_reg[3]_i_177_n_0
                         CARRY4 (Prop_carry4_CI_CO[3])
                                                      0.117     5.180 r  u_rq/q_r_reg[3]_i_146/CO[3]
                         net (fo=1, unplaced)         0.000     5.180    u_rq/q_r_reg[3]_i_146_n_0
                         CARRY4 (Prop_carry4_CI_CO[3])
                                                      0.117     5.297 r  u_rq/q_r_reg[3]_i_141/CO[3]
                         net (fo=1, unplaced)         0.000     5.297    u_rq/q_r_reg[3]_i_141_n_0
                         CARRY4 (Prop_carry4_CI_CO[3])
                                                      0.117     5.414 r  u_rq/q_r_reg[3]_i_84/CO[3]
                         net (fo=1, unplaced)         0.000     5.414    u_rq/q_r_reg[3]_i_84_n_0
                         CARRY4 (Prop_carry4_CI_CO[3])
                                                      0.117     5.531 r  u_rq/q_r_reg[3]_i_79/CO[3]
                         net (fo=1, unplaced)         0.000     5.531    u_rq/q_r_reg[3]_i_79_n_0
                         CARRY4 (Prop_carry4_CI_CO[3])
                                                      0.117     5.648 r  u_rq/q_r_reg[3]_i_49/CO[3]
                         net (fo=1, unplaced)         0.000     5.648    u_rq/q_r_reg[3]_i_49_n_0
                         CARRY4 (Prop_carry4_CI_O[2])
                                                      0.256     5.904 r  u_rq/q_r_reg[3]_i_43/O[2]
                         net (fo=2, unplaced)         0.463     6.367    u_rq/q_r_reg[3]_i_43_n_5
                         LUT4 (Prop_lut4_I3_O)        0.301     6.668 r  u_rq/q_r[3]_i_36/O
                         net (fo=1, unplaced)         0.449     7.117    u_rq/q_r[3]_i_36_n_0
                         LUT6 (Prop_lut6_I5_O)        0.124     7.241 r  u_rq/q_r[3]_i_11/O
                         net (fo=1, unplaced)         0.469     7.710    u_rq/q_r[3]_i_11_n_0
                         CARRY4 (Prop_carry4_DI[1]_CO[3])
                                                      0.520     8.230 r  u_rq/q_r_reg[3]_i_3/CO[3]
                         net (fo=2, unplaced)         0.831     9.061    u_rq/q_r3
                         CARRY4 (Prop_carry4_DI[0]_CO[3])
                                                      0.550     9.611 r  u_rq/q_r_reg[3]_i_2/CO[3]
                         net (fo=1, unplaced)         0.000     9.611    u_rq/q_r_reg[3]_i_2_n_0
                         CARRY4 (Prop_carry4_CI_CO[3])
                                                      0.117     9.728 r  u_rq/q_r_reg[7]_i_2/CO[3]
                         net (fo=1, unplaced)         0.000     9.728    u_rq/q_r_reg[7]_i_2_n_0
                         CARRY4 (Prop_carry4_CI_CO[3])
                                                      0.117     9.845 r  u_rq/q_r_reg[11]_i_2/CO[3]
                         net (fo=1, unplaced)         0.000     9.845    u_rq/q_r_reg[11]_i_2_n_0
                         CARRY4 (Prop_carry4_CI_CO[3])
                                                      0.117     9.962 r  u_rq/q_r_reg[15]_i_2/CO[3]
                         net (fo=1, unplaced)         0.000     9.962    u_rq/q_r_reg[15]_i_2_n_0
                         CARRY4 (Prop_carry4_CI_CO[3])
                                                      0.117    10.079 r  u_rq/q_r_reg[19]_i_2/CO[3]
                         net (fo=1, unplaced)         0.000    10.079    u_rq/q_r_reg[19]_i_2_n_0
                         CARRY4 (Prop_carry4_CI_CO[3])
                                                      0.117    10.196 r  u_rq/q_r_reg[23]_i_2/CO[3]
                         net (fo=1, unplaced)         0.000    10.196    u_rq/q_r_reg[23]_i_2_n_0
                         CARRY4 (Prop_carry4_CI_CO[3])
                                                      0.117    10.313 r  u_rq/q_r_reg[27]_i_2/CO[3]
                         net (fo=1, unplaced)         0.000    10.313    u_rq/q_r_reg[27]_i_2_n_0
                         CARRY4 (Prop_carry4_CI_CO[3])
                                                      0.117    10.430 r  u_rq/q_r_reg[31]_i_2/CO[3]
                         net (fo=1, unplaced)         0.000    10.430    u_rq/q_r_reg[31]_i_2_n_0
                         CARRY4 (Prop_carry4_CI_CO[3])
                                                      0.117    10.547 r  u_rq/q_r_reg[35]_i_2/CO[3]
                         net (fo=1, unplaced)         0.000    10.547    u_rq/q_r_reg[35]_i_2_n_0
                         CARRY4 (Prop_carry4_CI_CO[3])
                                                      0.117    10.664 r  u_rq/q_r_reg[39]_i_2/CO[3]
                         net (fo=1, unplaced)         0.000    10.664    u_rq/q_r_reg[39]_i_2_n_0
                         CARRY4 (Prop_carry4_CI_CO[3])
                                                      0.117    10.781 r  u_rq/q_r_reg[43]_i_2/CO[3]
                         net (fo=1, unplaced)         0.000    10.781    u_rq/q_r_reg[43]_i_2_n_0
                         CARRY4 (Prop_carry4_CI_O[2])
                                                      0.256    11.037 f  u_rq/q_r_reg[47]_i_2/O[2]
                         net (fo=2, unplaced)         0.463    11.500    u_rq/q_r2[46]
                         LUT1 (Prop_lut1_I0_O)        0.301    11.801 r  u_rq/q_r[48]_i_14/O
                         net (fo=1, unplaced)         0.000    11.801    u_rq/q_r[48]_i_14_n_0
                         CARRY4 (Prop_carry4_S[1]_CO[3])
                                                      0.533    12.334 r  u_rq/q_r_reg[48]_i_3/CO[3]
                         net (fo=1, unplaced)         0.000    12.334    u_rq/q_r_reg[48]_i_3_n_0
                         CARRY4 (Prop_carry4_CI_O[2])
                                                      0.256    12.590 r  u_rq/q_r_reg[52]_i_3/O[2]
                         net (fo=1, unplaced)         0.452    13.042    u_rq/q_r1[51]
                         LUT5 (Prop_lut5_I2_O)        0.301    13.343 r  u_rq/q_r[51]_i_1/O
                         net (fo=1, unplaced)         0.000    13.343    u_rq/q_r__0[51]
                         FDCE                                         r  u_rq/q_r_reg[51]/D
  -------------------------------------------------------------------    -------------------

                         (clock clk rise edge)       10.000    10.000 r  <hidden>
                                                      0.000    10.000 r  clk
                         net (fo=43294, unset)        0.924    10.924    u_rq/clk
                         FDCE                                         r  u_rq/q_r_reg[51]/C
                         clock pessimism              0.000    10.924    <hidden>
                         clock uncertainty           -0.035    10.889    <hidden>
                         FDCE (Setup_fdce_C_D)        0.044    10.933    u_rq/q_r_reg[51]
  -------------------------------------------------------------------
                         required time                         10.933    <hidden>
                         arrival time                         -13.343    <hidden>
  -------------------------------------------------------------------
                         slack                                 -2.410    <hidden>

Slack (VIOLATED) :        -2.387ns  (required time - arrival time)
  Source:                 elut_reg[23][0]/C
                            (rising edge-triggered cell FDRE clocked by clk  {rise@0.000ns fall@5.000ns period=10.000ns})
  Destination:            u_smres_div/un_reg[27]/D
                            (rising edge-triggered cell FDCE clocked by clk  {rise@0.000ns fall@5.000ns period=10.000ns})
  Path Group:             clk
  Path Type:              Setup (Max at Slow Process Corner)
  Requirement:            10.000ns  (clk rise@10.000ns - clk rise@0.000ns)
  Data Path Delay:        12.347ns  (logic 7.030ns (56.937%)  route 5.317ns (43.063%))
  Logic Levels:           20  (CARRY4=9 LUT1=1 LUT2=2 LUT3=2 LUT4=2 LUT5=1 LUT6=2 MUXF7=1)
  Clock Path Skew:        -0.049ns (DCD - SCD + CPR)
    Destination Clock Delay (DCD):    0.924ns = ( 10.924 - 10.000 ) 
    Source Clock Delay      (SCD):    0.973ns
    Clock Pessimism Removal (CPR):    0.000ns
  Clock Uncertainty:      0.035ns  ((TSJ^2 + TIJ^2)^1/2 + DJ) / 2 + PE
    Total System Jitter     (TSJ):    0.071ns
    Total Input Jitter      (TIJ):    0.000ns
    Discrete Jitter          (DJ):    0.000ns
    Phase Error              (PE):    0.000ns

    Location             Delay type                Incr(ns)  Path(ns)    Netlist Resource(s)
  -------------------------------------------------------------------    -------------------
                         (clock clk rise edge)        0.000     0.000 r  <hidden>
                                                      0.000     0.000 r  clk
                         net (fo=43294, unset)        0.973     0.973    clk
                         FDRE                                         r  elut_reg[23][0]/C
  -------------------------------------------------------------------    -------------------
                         FDRE (Prop_fdre_C_Q)         0.478     1.451 r  elut_reg[23][0]/Q
                         net (fo=1, unplaced)         0.965     2.416    u_smres_div/elut_reg[23][0]
                         LUT6 (Prop_lut6_I0_O)        0.295     2.711 r  u_smres_div/un[3]_i_20/O
                         net (fo=1, unplaced)         0.000     2.711    u_smres_div/un[3]_i_20_n_0
                         MUXF7 (Prop_muxf7_I1_O)      0.247     2.958 r  u_smres_div/un_reg[3]_i_15/O
                         net (fo=6, unplaced)         0.767     3.725    u_smres_div/un_reg[3]_i_15_n_0
                         LUT5 (Prop_lut5_I0_O)        0.298     4.023 r  u_smres_div/un[3]_i_5/O
                         net (fo=23, unplaced)        0.482     4.505    u_smres_div/ti_reg[4]_rep__12_2[0]
                         LUT2 (Prop_lut2_I0_O)        0.124     4.629 r  u_smres_div/un[11]_i_32/O
                         net (fo=1, unplaced)         0.000     4.629    u_smres_div/un[11]_i_32_n_0
                         CARRY4 (Prop_carry4_S[3]_CO[3])
                                                      0.376     5.005 r  u_smres_div/un_reg[11]_i_31/CO[3]
                         net (fo=1, unplaced)         0.000     5.005    u_smres_div/un_reg[11]_i_31_n_0
                         CARRY4 (Prop_carry4_CI_O[1])
                                                      0.337     5.342 r  u_smres_div/un_reg[15]_i_31/O[1]
                         net (fo=2, unplaced)         0.622     5.964    u_smres_div/un_reg[15]_i_31_n_6
                         LUT3 (Prop_lut3_I0_O)        0.306     6.270 r  u_smres_div/un[15]_i_21/O
                         net (fo=2, unplaced)         0.460     6.730    u_smres_div/un[15]_i_21_n_0
                         LUT4 (Prop_lut4_I3_O)        0.124     6.854 r  u_smres_div/un[15]_i_25/O
                         net (fo=1, unplaced)         0.000     6.854    u_smres_div/un[15]_i_25_n_0
                         CARRY4 (Prop_carry4_S[1]_CO[3])
                                                      0.533     7.387 r  u_smres_div/un_reg[15]_i_17/CO[3]
                         net (fo=1, unplaced)         0.000     7.387    u_smres_div/un_reg[15]_i_17_n_0
                         CARRY4 (Prop_carry4_CI_O[1])
                                                      0.337     7.724 r  u_smres_div/un_reg[19]_i_17/O[1]
                         net (fo=2, unplaced)         0.323     8.047    u_smres_div/un_reg[19]_i_17_n_6
                         LUT3 (Prop_lut3_I2_O)        0.306     8.353 r  u_smres_div/un[19]_i_10/O
                         net (fo=2, unplaced)         0.460     8.813    u_smres_div/un[19]_i_10_n_0
                         LUT4 (Prop_lut4_I3_O)        0.124     8.937 r  u_smres_div/un[19]_i_14/O
                         net (fo=1, unplaced)         0.000     8.937    u_smres_div/un[19]_i_14_n_0
                         CARRY4 (Prop_carry4_S[1]_CO[3])
                                                      0.533     9.470 r  u_smres_div/un_reg[19]_i_3/CO[3]
                         net (fo=1, unplaced)         0.000     9.470    u_smres_div/un_reg[19]_i_3_n_0
                         CARRY4 (Prop_carry4_CI_O[1])
                                                      0.337     9.807 r  u_smres_div/un_reg[23]_i_3/O[1]
                         net (fo=2, unplaced)         0.323    10.130    u_smres_div/num3200_in[21]
                         LUT2 (Prop_lut2_I0_O)        0.306    10.436 r  u_smres_div/un[23]_i_6/O
                         net (fo=1, unplaced)         0.000    10.436    u_smres_div/un[23]_i_6_n_0
                         CARRY4 (Prop_carry4_S[1]_CO[3])
                                                      0.533    10.969 r  u_smres_div/un_reg[23]_i_2/CO[3]
                         net (fo=1, unplaced)         0.000    10.969    u_smres_div/un_reg[23]_i_2_n_0
                         CARRY4 (Prop_carry4_CI_O[2])
                                                      0.256    11.225 f  u_smres_div/un_reg[27]_i_2/O[2]
                         net (fo=2, unplaced)         0.463    11.688    u_smres_div/un_reg[27]_i_2_n_5
                         LUT1 (Prop_lut1_I0_O)        0.301    11.989 r  u_smres_div/un[28]_i_5/O
                         net (fo=1, unplaced)         0.000    11.989    u_smres_div/un[28]_i_5_n_0
                         CARRY4 (Prop_carry4_S[1]_O[2])
                                                      0.578    12.567 r  u_smres_div/un_reg[28]_i_2/O[2]
                         net (fo=1, unplaced)         0.452    13.019    u_smres_div/un1[27]
                         LUT6 (Prop_lut6_I3_O)        0.301    13.320 r  u_smres_div/un[27]_i_1/O
                         net (fo=1, unplaced)         0.000    13.320    u_smres_div/un[27]_i_1_n_0
                         FDCE                                         r  u_smres_div/un_reg[27]/D
  -------------------------------------------------------------------    -------------------

                         (clock clk rise edge)       10.000    10.000 r  <hidden>
                                                      0.000    10.000 r  clk
                         net (fo=43294, unset)        0.924    10.924    u_smres_div/clk
                         FDCE                                         r  u_smres_div/un_reg[27]/C
                         clock pessimism              0.000    10.924    <hidden>
                         clock uncertainty           -0.035    10.889    <hidden>
                         FDCE (Setup_fdce_C_D)        0.044    10.933    u_smres_div/un_reg[27]
  -------------------------------------------------------------------
                         required time                         10.933    <hidden>
                         arrival time                         -13.320    <hidden>
  -------------------------------------------------------------------
                         slack                                 -2.387    <hidden>

Slack (VIOLATED) :        -2.370ns  (required time - arrival time)
  Source:                 u_rq/shr_r_reg[4]/C
                            (rising edge-triggered cell FDCE clocked by clk  {rise@0.000ns fall@5.000ns period=10.000ns})
  Destination:            u_rq/q_r_reg[48]/D
                            (rising edge-triggered cell FDCE clocked by clk  {rise@0.000ns fall@5.000ns period=10.000ns})
  Path Group:             clk
  Path Type:              Setup (Max at Slow Process Corner)
  Requirement:            10.000ns  (clk rise@10.000ns - clk rise@0.000ns)
  Data Path Delay:        12.330ns  (logic 7.463ns (60.527%)  route 4.867ns (39.473%))
  Logic Levels:           34  (CARRY4=29 LUT1=1 LUT4=1 LUT5=1 LUT6=2)
  Clock Path Skew:        -0.049ns (DCD - SCD + CPR)
    Destination Clock Delay (DCD):    0.924ns = ( 10.924 - 10.000 ) 
    Source Clock Delay      (SCD):    0.973ns
    Clock Pessimism Removal (CPR):    0.000ns
  Clock Uncertainty:      0.035ns  ((TSJ^2 + TIJ^2)^1/2 + DJ) / 2 + PE
    Total System Jitter     (TSJ):    0.071ns
    Total Input Jitter      (TIJ):    0.000ns
    Discrete Jitter          (DJ):    0.000ns
    Phase Error              (PE):    0.000ns

    Location             Delay type                Incr(ns)  Path(ns)    Netlist Resource(s)
  -------------------------------------------------------------------    -------------------
                         (clock clk rise edge)        0.000     0.000 r  <hidden>
                                                      0.000     0.000 r  clk
                         net (fo=43294, unset)        0.973     0.973    u_rq/clk
                         FDCE                                         r  u_rq/shr_r_reg[4]/C
  -------------------------------------------------------------------    -------------------
                         FDCE (Prop_fdce_C_Q)         0.478     1.451 r  u_rq/shr_r_reg[4]/Q
                         net (fo=177, unplaced)       1.079     2.530    u_rq/shr_r[4]
                         LUT6 (Prop_lut6_I0_O)        0.295     2.825 r  u_rq/q_r[3]_i_314/O
                         net (fo=1, unplaced)         0.665     3.490    u_rq/q_r[3]_i_314_n_0
                         CARRY4 (Prop_carry4_S[0]_CO[3])
                                                      0.637     4.127 r  u_rq/q_r_reg[3]_i_285/CO[3]
                         net (fo=1, unplaced)         0.000     4.127    u_rq/q_r_reg[3]_i_285_n_0
                         CARRY4 (Prop_carry4_CI_CO[3])
                                                      0.117     4.244 r  u_rq/q_r_reg[3]_i_262/CO[3]
                         net (fo=1, unplaced)         0.000     4.244    u_rq/q_r_reg[3]_i_262_n_0
                         CARRY4 (Prop_carry4_CI_CO[3])
                                                      0.117     4.361 r  u_rq/q_r_reg[3]_i_257/CO[3]
                         net (fo=1, unplaced)         0.000     4.361    u_rq/q_r_reg[3]_i_257_n_0
                         CARRY4 (Prop_carry4_CI_CO[3])
                                                      0.117     4.478 r  u_rq/q_r_reg[3]_i_254/CO[3]
                         net (fo=1, unplaced)         0.000     4.478    u_rq/q_r_reg[3]_i_254_n_0
                         CARRY4 (Prop_carry4_CI_CO[3])
                                                      0.117     4.595 r  u_rq/q_r_reg[3]_i_265/CO[3]
                         net (fo=1, unplaced)         0.000     4.595    u_rq/q_r_reg[3]_i_265_n_0
                         CARRY4 (Prop_carry4_CI_CO[3])
                                                      0.117     4.712 r  u_rq/q_r_reg[3]_i_232/CO[3]
                         net (fo=1, unplaced)         0.000     4.712    u_rq/q_r_reg[3]_i_232_n_0
                         CARRY4 (Prop_carry4_CI_CO[3])
                                                      0.117     4.829 r  u_rq/q_r_reg[3]_i_231/CO[3]
                         net (fo=1, unplaced)         0.000     4.829    u_rq/q_r_reg[3]_i_231_n_0
                         CARRY4 (Prop_carry4_CI_CO[3])
                                                      0.117     4.946 r  u_rq/q_r_reg[3]_i_208/CO[3]
                         net (fo=1, unplaced)         0.000     4.946    u_rq/q_r_reg[3]_i_208_n_0
                         CARRY4 (Prop_carry4_CI_CO[3])
                                                      0.117     5.063 r  u_rq/q_r_reg[3]_i_177/CO[3]
                         net (fo=1, unplaced)         0.000     5.063    u_rq/q_r_reg[3]_i_177_n_0
                         CARRY4 (Prop_carry4_CI_CO[3])
                                                      0.117     5.180 r  u_rq/q_r_reg[3]_i_146/CO[3]
                         net (fo=1, unplaced)         0.000     5.180    u_rq/q_r_reg[3]_i_146_n_0
                         CARRY4 (Prop_carry4_CI_CO[3])
                                                      0.117     5.297 r  u_rq/q_r_reg[3]_i_141/CO[3]
                         net (fo=1, unplaced)         0.000     5.297    u_rq/q_r_reg[3]_i_141_n_0
                         CARRY4 (Prop_carry4_CI_CO[3])
                                                      0.117     5.414 r  u_rq/q_r_reg[3]_i_84/CO[3]
                         net (fo=1, unplaced)         0.000     5.414    u_rq/q_r_reg[3]_i_84_n_0
                         CARRY4 (Prop_carry4_CI_CO[3])
                                                      0.117     5.531 r  u_rq/q_r_reg[3]_i_79/CO[3]
                         net (fo=1, unplaced)         0.000     5.531    u_rq/q_r_reg[3]_i_79_n_0
                         CARRY4 (Prop_carry4_CI_CO[3])
                                                      0.117     5.648 r  u_rq/q_r_reg[3]_i_49/CO[3]
                         net (fo=1, unplaced)         0.000     5.648    u_rq/q_r_reg[3]_i_49_n_0
                         CARRY4 (Prop_carry4_CI_O[2])
                                                      0.256     5.904 r  u_rq/q_r_reg[3]_i_43/O[2]
                         net (fo=2, unplaced)         0.463     6.367    u_rq/q_r_reg[3]_i_43_n_5
                         LUT4 (Prop_lut4_I3_O)        0.301     6.668 r  u_rq/q_r[3]_i_36/O
                         net (fo=1, unplaced)         0.449     7.117    u_rq/q_r[3]_i_36_n_0
                         LUT6 (Prop_lut6_I5_O)        0.124     7.241 r  u_rq/q_r[3]_i_11/O
                         net (fo=1, unplaced)         0.469     7.710    u_rq/q_r[3]_i_11_n_0
                         CARRY4 (Prop_carry4_DI[1]_CO[3])
                                                      0.520     8.230 r  u_rq/q_r_reg[3]_i_3/CO[3]
                         net (fo=2, unplaced)         0.831     9.061    u_rq/q_r3
                         CARRY4 (Prop_carry4_DI[0]_CO[3])
                                                      0.550     9.611 r  u_rq/q_r_reg[3]_i_2/CO[3]
                         net (fo=1, unplaced)         0.000     9.611    u_rq/q_r_reg[3]_i_2_n_0
                         CARRY4 (Prop_carry4_CI_CO[3])
                                                      0.117     9.728 r  u_rq/q_r_reg[7]_i_2/CO[3]
                         net (fo=1, unplaced)         0.000     9.728    u_rq/q_r_reg[7]_i_2_n_0
                         CARRY4 (Prop_carry4_CI_CO[3])
                                                      0.117     9.845 r  u_rq/q_r_reg[11]_i_2/CO[3]
                         net (fo=1, unplaced)         0.000     9.845    u_rq/q_r_reg[11]_i_2_n_0
                         CARRY4 (Prop_carry4_CI_CO[3])
                                                      0.117     9.962 r  u_rq/q_r_reg[15]_i_2/CO[3]
                         net (fo=1, unplaced)         0.000     9.962    u_rq/q_r_reg[15]_i_2_n_0
                         CARRY4 (Prop_carry4_CI_CO[3])
                                                      0.117    10.079 r  u_rq/q_r_reg[19]_i_2/CO[3]
                         net (fo=1, unplaced)         0.000    10.079    u_rq/q_r_reg[19]_i_2_n_0
                         CARRY4 (Prop_carry4_CI_CO[3])
                                                      0.117    10.196 r  u_rq/q_r_reg[23]_i_2/CO[3]
                         net (fo=1, unplaced)         0.000    10.196    u_rq/q_r_reg[23]_i_2_n_0
                         CARRY4 (Prop_carry4_CI_CO[3])
                                                      0.117    10.313 r  u_rq/q_r_reg[27]_i_2/CO[3]
                         net (fo=1, unplaced)         0.000    10.313    u_rq/q_r_reg[27]_i_2_n_0
                         CARRY4 (Prop_carry4_CI_CO[3])
                                                      0.117    10.430 r  u_rq/q_r_reg[31]_i_2/CO[3]
                         net (fo=1, unplaced)         0.000    10.430    u_rq/q_r_reg[31]_i_2_n_0
                         CARRY4 (Prop_carry4_CI_CO[3])
                                                      0.117    10.547 r  u_rq/q_r_reg[35]_i_2/CO[3]
                         net (fo=1, unplaced)         0.000    10.547    u_rq/q_r_reg[35]_i_2_n_0
                         CARRY4 (Prop_carry4_CI_CO[3])
                                                      0.117    10.664 r  u_rq/q_r_reg[39]_i_2/CO[3]
                         net (fo=1, unplaced)         0.000    10.664    u_rq/q_r_reg[39]_i_2_n_0
                         CARRY4 (Prop_carry4_CI_O[2])
                                                      0.256    10.920 f  u_rq/q_r_reg[43]_i_2/O[2]
                         net (fo=2, unplaced)         0.463    11.383    u_rq/q_r2[42]
                         LUT1 (Prop_lut1_I0_O)        0.301    11.684 r  u_rq/q_r[44]_i_14/O
                         net (fo=1, unplaced)         0.000    11.684    u_rq/q_r[44]_i_14_n_0
                         CARRY4 (Prop_carry4_S[1]_CO[3])
                                                      0.533    12.217 r  u_rq/q_r_reg[44]_i_3/CO[3]
                         net (fo=1, unplaced)         0.000    12.217    u_rq/q_r_reg[44]_i_3_n_0
                         CARRY4 (Prop_carry4_CI_O[3])
                                                      0.331    12.548 r  u_rq/q_r_reg[48]_i_3/O[3]
                         net (fo=1, unplaced)         0.448    12.996    u_rq/q_r1[48]
                         LUT5 (Prop_lut5_I2_O)        0.307    13.303 r  u_rq/q_r[48]_i_1/O
                         net (fo=1, unplaced)         0.000    13.303    u_rq/q_r__0[48]
                         FDCE                                         r  u_rq/q_r_reg[48]/D
  -------------------------------------------------------------------    -------------------

                         (clock clk rise edge)       10.000    10.000 r  <hidden>
                                                      0.000    10.000 r  clk
                         net (fo=43294, unset)        0.924    10.924    u_rq/clk
                         FDCE                                         r  u_rq/q_r_reg[48]/C
                         clock pessimism              0.000    10.924    <hidden>
                         clock uncertainty           -0.035    10.889    <hidden>
                         FDCE (Setup_fdce_C_D)        0.044    10.933    u_rq/q_r_reg[48]
  -------------------------------------------------------------------
                         required time                         10.933    <hidden>
                         arrival time                         -13.303    <hidden>
  -------------------------------------------------------------------
                         slack                                 -2.370    <hidden>

Slack (VIOLATED) :        -2.356ns  (required time - arrival time)
  Source:                 u_rq/shr_r_reg[4]/C
                            (rising edge-triggered cell FDCE clocked by clk  {rise@0.000ns fall@5.000ns period=10.000ns})
  Destination:            u_rq/q_r_reg[50]/D
                            (rising edge-triggered cell FDCE clocked by clk  {rise@0.000ns fall@5.000ns period=10.000ns})
  Path Group:             clk
  Path Type:              Setup (Max at Slow Process Corner)
  Requirement:            10.000ns  (clk rise@10.000ns - clk rise@0.000ns)
  Data Path Delay:        12.316ns  (logic 7.585ns (61.587%)  route 4.731ns (38.413%))
  Logic Levels:           35  (CARRY4=30 LUT1=1 LUT4=1 LUT5=1 LUT6=2)
  Clock Path Skew:        -0.049ns (DCD - SCD + CPR)
    Destination Clock Delay (DCD):    0.924ns = ( 10.924 - 10.000 ) 
    Source Clock Delay      (SCD):    0.973ns
    Clock Pessimism Removal (CPR):    0.000ns
  Clock Uncertainty:      0.035ns  ((TSJ^2 + TIJ^2)^1/2 + DJ) / 2 + PE
    Total System Jitter     (TSJ):    0.071ns
    Total Input Jitter      (TIJ):    0.000ns
    Discrete Jitter          (DJ):    0.000ns
    Phase Error              (PE):    0.000ns

    Location             Delay type                Incr(ns)  Path(ns)    Netlist Resource(s)
  -------------------------------------------------------------------    -------------------
                         (clock clk rise edge)        0.000     0.000 r  <hidden>
                                                      0.000     0.000 r  clk
                         net (fo=43294, unset)        0.973     0.973    u_rq/clk
                         FDCE                                         r  u_rq/shr_r_reg[4]/C
  -------------------------------------------------------------------    -------------------
                         FDCE (Prop_fdce_C_Q)         0.478     1.451 r  u_rq/shr_r_reg[4]/Q
                         net (fo=177, unplaced)       1.079     2.530    u_rq/shr_r[4]
                         LUT6 (Prop_lut6_I0_O)        0.295     2.825 r  u_rq/q_r[3]_i_314/O
                         net (fo=1, unplaced)         0.665     3.490    u_rq/q_r[3]_i_314_n_0
                         CARRY4 (Prop_carry4_S[0]_CO[3])
                                                      0.637     4.127 r  u_rq/q_r_reg[3]_i_285/CO[3]
                         net (fo=1, unplaced)         0.000     4.127    u_rq/q_r_reg[3]_i_285_n_0
                         CARRY4 (Prop_carry4_CI_CO[3])
                                                      0.117     4.244 r  u_rq/q_r_reg[3]_i_262/CO[3]
                         net (fo=1, unplaced)         0.000     4.244    u_rq/q_r_reg[3]_i_262_n_0
                         CARRY4 (Prop_carry4_CI_CO[3])
                                                      0.117     4.361 r  u_rq/q_r_reg[3]_i_257/CO[3]
                         net (fo=1, unplaced)         0.000     4.361    u_rq/q_r_reg[3]_i_257_n_0
                         CARRY4 (Prop_carry4_CI_CO[3])
                                                      0.117     4.478 r  u_rq/q_r_reg[3]_i_254/CO[3]
                         net (fo=1, unplaced)         0.000     4.478    u_rq/q_r_reg[3]_i_254_n_0
                         CARRY4 (Prop_carry4_CI_CO[3])
                                                      0.117     4.595 r  u_rq/q_r_reg[3]_i_265/CO[3]
                         net (fo=1, unplaced)         0.000     4.595    u_rq/q_r_reg[3]_i_265_n_0
                         CARRY4 (Prop_carry4_CI_CO[3])
                                                      0.117     4.712 r  u_rq/q_r_reg[3]_i_232/CO[3]
                         net (fo=1, unplaced)         0.000     4.712    u_rq/q_r_reg[3]_i_232_n_0
                         CARRY4 (Prop_carry4_CI_CO[3])
                                                      0.117     4.829 r  u_rq/q_r_reg[3]_i_231/CO[3]
                         net (fo=1, unplaced)         0.000     4.829    u_rq/q_r_reg[3]_i_231_n_0
                         CARRY4 (Prop_carry4_CI_CO[3])
                                                      0.117     4.946 r  u_rq/q_r_reg[3]_i_208/CO[3]
                         net (fo=1, unplaced)         0.000     4.946    u_rq/q_r_reg[3]_i_208_n_0
                         CARRY4 (Prop_carry4_CI_CO[3])
                                                      0.117     5.063 r  u_rq/q_r_reg[3]_i_177/CO[3]
                         net (fo=1, unplaced)         0.000     5.063    u_rq/q_r_reg[3]_i_177_n_0
                         CARRY4 (Prop_carry4_CI_CO[3])
                                                      0.117     5.180 r  u_rq/q_r_reg[3]_i_146/CO[3]
                         net (fo=1, unplaced)         0.000     5.180    u_rq/q_r_reg[3]_i_146_n_0
                         CARRY4 (Prop_carry4_CI_CO[3])
                                                      0.117     5.297 r  u_rq/q_r_reg[3]_i_141/CO[3]
                         net (fo=1, unplaced)         0.000     5.297    u_rq/q_r_reg[3]_i_141_n_0
                         CARRY4 (Prop_carry4_CI_CO[3])
                                                      0.117     5.414 r  u_rq/q_r_reg[3]_i_84/CO[3]
                         net (fo=1, unplaced)         0.000     5.414    u_rq/q_r_reg[3]_i_84_n_0
                         CARRY4 (Prop_carry4_CI_CO[3])
                                                      0.117     5.531 r  u_rq/q_r_reg[3]_i_79/CO[3]
                         net (fo=1, unplaced)         0.000     5.531    u_rq/q_r_reg[3]_i_79_n_0
                         CARRY4 (Prop_carry4_CI_CO[3])
                                                      0.117     5.648 r  u_rq/q_r_reg[3]_i_49/CO[3]
                         net (fo=1, unplaced)         0.000     5.648    u_rq/q_r_reg[3]_i_49_n_0
                         CARRY4 (Prop_carry4_CI_O[2])
                                                      0.256     5.904 r  u_rq/q_r_reg[3]_i_43/O[2]
                         net (fo=2, unplaced)         0.463     6.367    u_rq/q_r_reg[3]_i_43_n_5
                         LUT4 (Prop_lut4_I3_O)        0.301     6.668 r  u_rq/q_r[3]_i_36/O
                         net (fo=1, unplaced)         0.449     7.117    u_rq/q_r[3]_i_36_n_0
                         LUT6 (Prop_lut6_I5_O)        0.124     7.241 r  u_rq/q_r[3]_i_11/O
                         net (fo=1, unplaced)         0.469     7.710    u_rq/q_r[3]_i_11_n_0
                         CARRY4 (Prop_carry4_DI[1]_CO[3])
                                                      0.520     8.230 r  u_rq/q_r_reg[3]_i_3/CO[3]
                         net (fo=2, unplaced)         0.831     9.061    u_rq/q_r3
                         CARRY4 (Prop_carry4_DI[0]_CO[3])
                                                      0.550     9.611 r  u_rq/q_r_reg[3]_i_2/CO[3]
                         net (fo=1, unplaced)         0.000     9.611    u_rq/q_r_reg[3]_i_2_n_0
                         CARRY4 (Prop_carry4_CI_CO[3])
                                                      0.117     9.728 r  u_rq/q_r_reg[7]_i_2/CO[3]
                         net (fo=1, unplaced)         0.000     9.728    u_rq/q_r_reg[7]_i_2_n_0
                         CARRY4 (Prop_carry4_CI_CO[3])
                                                      0.117     9.845 r  u_rq/q_r_reg[11]_i_2/CO[3]
                         net (fo=1, unplaced)         0.000     9.845    u_rq/q_r_reg[11]_i_2_n_0
                         CARRY4 (Prop_carry4_CI_CO[3])
                                                      0.117     9.962 r  u_rq/q_r_reg[15]_i_2/CO[3]
                         net (fo=1, unplaced)         0.000     9.962    u_rq/q_r_reg[15]_i_2_n_0
                         CARRY4 (Prop_carry4_CI_CO[3])
                                                      0.117    10.079 r  u_rq/q_r_reg[19]_i_2/CO[3]
                         net (fo=1, unplaced)         0.000    10.079    u_rq/q_r_reg[19]_i_2_n_0
                         CARRY4 (Prop_carry4_CI_CO[3])
                                                      0.117    10.196 r  u_rq/q_r_reg[23]_i_2/CO[3]
                         net (fo=1, unplaced)         0.000    10.196    u_rq/q_r_reg[23]_i_2_n_0
                         CARRY4 (Prop_carry4_CI_CO[3])
                                                      0.117    10.313 r  u_rq/q_r_reg[27]_i_2/CO[3]
                         net (fo=1, unplaced)         0.000    10.313    u_rq/q_r_reg[27]_i_2_n_0
                         CARRY4 (Prop_carry4_CI_CO[3])
                                                      0.117    10.430 r  u_rq/q_r_reg[31]_i_2/CO[3]
                         net (fo=1, unplaced)         0.000    10.430    u_rq/q_r_reg[31]_i_2_n_0
                         CARRY4 (Prop_carry4_CI_CO[3])
                                                      0.117    10.547 r  u_rq/q_r_reg[35]_i_2/CO[3]
                         net (fo=1, unplaced)         0.000    10.547    u_rq/q_r_reg[35]_i_2_n_0
                         CARRY4 (Prop_carry4_CI_CO[3])
                                                      0.117    10.664 r  u_rq/q_r_reg[39]_i_2/CO[3]
                         net (fo=1, unplaced)         0.000    10.664    u_rq/q_r_reg[39]_i_2_n_0
                         CARRY4 (Prop_carry4_CI_CO[3])
                                                      0.117    10.781 r  u_rq/q_r_reg[43]_i_2/CO[3]
                         net (fo=1, unplaced)         0.000    10.781    u_rq/q_r_reg[43]_i_2_n_0
                         CARRY4 (Prop_carry4_CI_O[2])
                                                      0.256    11.037 f  u_rq/q_r_reg[47]_i_2/O[2]
                         net (fo=2, unplaced)         0.463    11.500    u_rq/q_r2[46]
                         LUT1 (Prop_lut1_I0_O)        0.301    11.801 r  u_rq/q_r[48]_i_14/O
                         net (fo=1, unplaced)         0.000    11.801    u_rq/q_r[48]_i_14_n_0
                         CARRY4 (Prop_carry4_S[1]_CO[3])
                                                      0.533    12.334 r  u_rq/q_r_reg[48]_i_3/CO[3]
                         net (fo=1, unplaced)         0.000    12.334    u_rq/q_r_reg[48]_i_3_n_0
                         CARRY4 (Prop_carry4_CI_O[1])
                                                      0.337    12.671 r  u_rq/q_r_reg[52]_i_3/O[1]
                         net (fo=1, unplaced)         0.312    12.983    u_rq/q_r1[50]
                         LUT5 (Prop_lut5_I2_O)        0.306    13.289 r  u_rq/q_r[50]_i_1/O
                         net (fo=1, unplaced)         0.000    13.289    u_rq/q_r__0[50]
                         FDCE                                         r  u_rq/q_r_reg[50]/D
  -------------------------------------------------------------------    -------------------

                         (clock clk rise edge)       10.000    10.000 r  <hidden>
                                                      0.000    10.000 r  clk
                         net (fo=43294, unset)        0.924    10.924    u_rq/clk
                         FDCE                                         r  u_rq/q_r_reg[50]/C
                         clock pessimism              0.000    10.924    <hidden>
                         clock uncertainty           -0.035    10.889    <hidden>
                         FDCE (Setup_fdce_C_D)        0.044    10.933    u_rq/q_r_reg[50]
  -------------------------------------------------------------------
                         required time                         10.933    <hidden>
                         arrival time                         -13.289    <hidden>
  -------------------------------------------------------------------
                         slack                                 -2.356    <hidden>

Slack (VIOLATED) :        -2.356ns  (required time - arrival time)
  Source:                 u_rq/shr_r_reg[4]/C
                            (rising edge-triggered cell FDCE clocked by clk  {rise@0.000ns fall@5.000ns period=10.000ns})
  Destination:            u_rq/q_r_reg[53]/D
                            (rising edge-triggered cell FDCE clocked by clk  {rise@0.000ns fall@5.000ns period=10.000ns})
  Path Group:             clk
  Path Type:              Setup (Max at Slow Process Corner)
  Requirement:            10.000ns  (clk rise@10.000ns - clk rise@0.000ns)
  Data Path Delay:        12.316ns  (logic 7.586ns (61.595%)  route 4.730ns (38.405%))
  Logic Levels:           36  (CARRY4=31 LUT1=1 LUT4=1 LUT5=1 LUT6=2)
  Clock Path Skew:        -0.049ns (DCD - SCD + CPR)
    Destination Clock Delay (DCD):    0.924ns = ( 10.924 - 10.000 ) 
    Source Clock Delay      (SCD):    0.973ns
    Clock Pessimism Removal (CPR):    0.000ns
  Clock Uncertainty:      0.035ns  ((TSJ^2 + TIJ^2)^1/2 + DJ) / 2 + PE
    Total System Jitter     (TSJ):    0.071ns
    Total Input Jitter      (TIJ):    0.000ns
    Discrete Jitter          (DJ):    0.000ns
    Phase Error              (PE):    0.000ns

    Location             Delay type                Incr(ns)  Path(ns)    Netlist Resource(s)
  -------------------------------------------------------------------    -------------------
                         (clock clk rise edge)        0.000     0.000 r  <hidden>
                                                      0.000     0.000 r  clk
                         net (fo=43294, unset)        0.973     0.973    u_rq/clk
                         FDCE                                         r  u_rq/shr_r_reg[4]/C
  -------------------------------------------------------------------    -------------------
                         FDCE (Prop_fdce_C_Q)         0.478     1.451 r  u_rq/shr_r_reg[4]/Q
                         net (fo=177, unplaced)       1.079     2.530    u_rq/shr_r[4]
                         LUT6 (Prop_lut6_I0_O)        0.295     2.825 r  u_rq/q_r[3]_i_314/O
                         net (fo=1, unplaced)         0.665     3.490    u_rq/q_r[3]_i_314_n_0
                         CARRY4 (Prop_carry4_S[0]_CO[3])
                                                      0.637     4.127 r  u_rq/q_r_reg[3]_i_285/CO[3]
                         net (fo=1, unplaced)         0.000     4.127    u_rq/q_r_reg[3]_i_285_n_0
                         CARRY4 (Prop_carry4_CI_CO[3])
                                                      0.117     4.244 r  u_rq/q_r_reg[3]_i_262/CO[3]
                         net (fo=1, unplaced)         0.000     4.244    u_rq/q_r_reg[3]_i_262_n_0
                         CARRY4 (Prop_carry4_CI_CO[3])
                                                      0.117     4.361 r  u_rq/q_r_reg[3]_i_257/CO[3]
                         net (fo=1, unplaced)         0.000     4.361    u_rq/q_r_reg[3]_i_257_n_0
                         CARRY4 (Prop_carry4_CI_CO[3])
                                                      0.117     4.478 r  u_rq/q_r_reg[3]_i_254/CO[3]
                         net (fo=1, unplaced)         0.000     4.478    u_rq/q_r_reg[3]_i_254_n_0
                         CARRY4 (Prop_carry4_CI_CO[3])
                                                      0.117     4.595 r  u_rq/q_r_reg[3]_i_265/CO[3]
                         net (fo=1, unplaced)         0.000     4.595    u_rq/q_r_reg[3]_i_265_n_0
                         CARRY4 (Prop_carry4_CI_CO[3])
                                                      0.117     4.712 r  u_rq/q_r_reg[3]_i_232/CO[3]
                         net (fo=1, unplaced)         0.000     4.712    u_rq/q_r_reg[3]_i_232_n_0
                         CARRY4 (Prop_carry4_CI_CO[3])
                                                      0.117     4.829 r  u_rq/q_r_reg[3]_i_231/CO[3]
                         net (fo=1, unplaced)         0.000     4.829    u_rq/q_r_reg[3]_i_231_n_0
                         CARRY4 (Prop_carry4_CI_CO[3])
                                                      0.117     4.946 r  u_rq/q_r_reg[3]_i_208/CO[3]
                         net (fo=1, unplaced)         0.000     4.946    u_rq/q_r_reg[3]_i_208_n_0
                         CARRY4 (Prop_carry4_CI_CO[3])
                                                      0.117     5.063 r  u_rq/q_r_reg[3]_i_177/CO[3]
                         net (fo=1, unplaced)         0.000     5.063    u_rq/q_r_reg[3]_i_177_n_0
                         CARRY4 (Prop_carry4_CI_CO[3])
                                                      0.117     5.180 r  u_rq/q_r_reg[3]_i_146/CO[3]
                         net (fo=1, unplaced)         0.000     5.180    u_rq/q_r_reg[3]_i_146_n_0
                         CARRY4 (Prop_carry4_CI_CO[3])
                                                      0.117     5.297 r  u_rq/q_r_reg[3]_i_141/CO[3]
                         net (fo=1, unplaced)         0.000     5.297    u_rq/q_r_reg[3]_i_141_n_0
                         CARRY4 (Prop_carry4_CI_CO[3])
                                                      0.117     5.414 r  u_rq/q_r_reg[3]_i_84/CO[3]
                         net (fo=1, unplaced)         0.000     5.414    u_rq/q_r_reg[3]_i_84_n_0
                         CARRY4 (Prop_carry4_CI_CO[3])
                                                      0.117     5.531 r  u_rq/q_r_reg[3]_i_79/CO[3]
                         net (fo=1, unplaced)         0.000     5.531    u_rq/q_r_reg[3]_i_79_n_0
                         CARRY4 (Prop_carry4_CI_CO[3])
                                                      0.117     5.648 r  u_rq/q_r_reg[3]_i_49/CO[3]
                         net (fo=1, unplaced)         0.000     5.648    u_rq/q_r_reg[3]_i_49_n_0
                         CARRY4 (Prop_carry4_CI_O[2])
                                                      0.256     5.904 r  u_rq/q_r_reg[3]_i_43/O[2]
                         net (fo=2, unplaced)         0.463     6.367    u_rq/q_r_reg[3]_i_43_n_5
                         LUT4 (Prop_lut4_I3_O)        0.301     6.668 r  u_rq/q_r[3]_i_36/O
                         net (fo=1, unplaced)         0.449     7.117    u_rq/q_r[3]_i_36_n_0
                         LUT6 (Prop_lut6_I5_O)        0.124     7.241 r  u_rq/q_r[3]_i_11/O
                         net (fo=1, unplaced)         0.469     7.710    u_rq/q_r[3]_i_11_n_0
                         CARRY4 (Prop_carry4_DI[1]_CO[3])
                                                      0.520     8.230 r  u_rq/q_r_reg[3]_i_3/CO[3]
                         net (fo=2, unplaced)         0.831     9.061    u_rq/q_r3
                         CARRY4 (Prop_carry4_DI[0]_CO[3])
                                                      0.550     9.611 r  u_rq/q_r_reg[3]_i_2/CO[3]
                         net (fo=1, unplaced)         0.000     9.611    u_rq/q_r_reg[3]_i_2_n_0
                         CARRY4 (Prop_carry4_CI_CO[3])
                                                      0.117     9.728 r  u_rq/q_r_reg[7]_i_2/CO[3]
                         net (fo=1, unplaced)         0.000     9.728    u_rq/q_r_reg[7]_i_2_n_0
                         CARRY4 (Prop_carry4_CI_CO[3])
                                                      0.117     9.845 r  u_rq/q_r_reg[11]_i_2/CO[3]
                         net (fo=1, unplaced)         0.000     9.845    u_rq/q_r_reg[11]_i_2_n_0
                         CARRY4 (Prop_carry4_CI_CO[3])
                                                      0.117     9.962 r  u_rq/q_r_reg[15]_i_2/CO[3]
                         net (fo=1, unplaced)         0.000     9.962    u_rq/q_r_reg[15]_i_2_n_0
                         CARRY4 (Prop_carry4_CI_CO[3])
                                                      0.117    10.079 r  u_rq/q_r_reg[19]_i_2/CO[3]
                         net (fo=1, unplaced)         0.000    10.079    u_rq/q_r_reg[19]_i_2_n_0
                         CARRY4 (Prop_carry4_CI_CO[3])
                                                      0.117    10.196 r  u_rq/q_r_reg[23]_i_2/CO[3]
                         net (fo=1, unplaced)         0.000    10.196    u_rq/q_r_reg[23]_i_2_n_0
                         CARRY4 (Prop_carry4_CI_CO[3])
                                                      0.117    10.313 r  u_rq/q_r_reg[27]_i_2/CO[3]
                         net (fo=1, unplaced)         0.000    10.313    u_rq/q_r_reg[27]_i_2_n_0
                         CARRY4 (Prop_carry4_CI_CO[3])
                                                      0.117    10.430 r  u_rq/q_r_reg[31]_i_2/CO[3]
                         net (fo=1, unplaced)         0.000    10.430    u_rq/q_r_reg[31]_i_2_n_0
                         CARRY4 (Prop_carry4_CI_CO[3])
                                                      0.117    10.547 r  u_rq/q_r_reg[35]_i_2/CO[3]
                         net (fo=1, unplaced)         0.000    10.547    u_rq/q_r_reg[35]_i_2_n_0
                         CARRY4 (Prop_carry4_CI_CO[3])
                                                      0.117    10.664 r  u_rq/q_r_reg[39]_i_2/CO[3]
                         net (fo=1, unplaced)         0.000    10.664    u_rq/q_r_reg[39]_i_2_n_0
                         CARRY4 (Prop_carry4_CI_CO[3])
                                                      0.117    10.781 r  u_rq/q_r_reg[43]_i_2/CO[3]
                         net (fo=1, unplaced)         0.000    10.781    u_rq/q_r_reg[43]_i_2_n_0
                         CARRY4 (Prop_carry4_CI_CO[3])
                                                      0.117    10.898 r  u_rq/q_r_reg[47]_i_2/CO[3]
                         net (fo=1, unplaced)         0.000    10.898    u_rq/q_r_reg[47]_i_2_n_0
                         CARRY4 (Prop_carry4_CI_O[2])
                                                      0.256    11.154 f  u_rq/q_r_reg[51]_i_2/O[2]
                         net (fo=2, unplaced)         0.463    11.617    u_rq/q_r2[50]
                         LUT1 (Prop_lut1_I0_O)        0.301    11.918 r  u_rq/q_r[52]_i_14/O
                         net (fo=1, unplaced)         0.000    11.918    u_rq/q_r[52]_i_14_n_0
                         CARRY4 (Prop_carry4_S[1]_CO[3])
                                                      0.533    12.451 r  u_rq/q_r_reg[52]_i_3/CO[3]
                         net (fo=1, unplaced)         0.000    12.451    u_rq/q_r_reg[52]_i_3_n_0
                         CARRY4 (Prop_carry4_CI_O[0])
                                                      0.232    12.683 r  u_rq/q_r_reg[56]_i_3/O[0]
                         net (fo=1, unplaced)         0.311    12.994    u_rq/q_r1[53]
                         LUT5 (Prop_lut5_I2_O)        0.295    13.289 r  u_rq/q_r[53]_i_1/O
                         net (fo=1, unplaced)         0.000    13.289    u_rq/q_r__0[53]
                         FDCE                                         r  u_rq/q_r_reg[53]/D
  -------------------------------------------------------------------    -------------------

                         (clock clk rise edge)       10.000    10.000 r  <hidden>
                                                      0.000    10.000 r  clk
                         net (fo=43294, unset)        0.924    10.924    u_rq/clk
                         FDCE                                         r  u_rq/q_r_reg[53]/C
                         clock pessimism              0.000    10.924    <hidden>
                         clock uncertainty           -0.035    10.889    <hidden>
                         FDCE (Setup_fdce_C_D)        0.044    10.933    u_rq/q_r_reg[53]
  -------------------------------------------------------------------
                         required time                         10.933    <hidden>
                         arrival time                         -13.289    <hidden>
  -------------------------------------------------------------------
                         slack                                 -2.356    <hidden>




