Copyright 1986-2022 Xilinx, Inc. All Rights Reserved. Copyright 2022-2026 Advanced Micro Devices, Inc. All Rights Reserved.
------------------------------------------------------------------------------------------------------------------------------------------------------------------------------------------------------------------------------------------
| Tool Version : Vivado v.2026.1 (win64) Build 6511674 Tue Jun 16 11:02:23 MDT 2026
| Date         : Thu Sep 10 20:52:45 2026
| Host         : laptop-Quan running 64-bit major release  (build 9200)
| Command      : report_timing -delay_type max -max_paths 20 -nworst 1 -sort_by slack -file D:/FPGA/FPGG_ART_Y_ASTRA_NATIVE_V1_RESEARCH/results/A7-NATIVE-GRAPH/ASTRA-FINAL-C4-C7-20260909/26_C4_D32_BITEXACT_PHYSICAL/timing_n20_e3s.rpt
| Design       : a7ng_astra_c4_lm06_d32_fr_v2
| Device       : 7a100t-csg324
| Speed File   : -1  PRODUCTION 1.23 2018-06-13
| Design State : Synthesized
------------------------------------------------------------------------------------------------------------------------------------------------------------------------------------------------------------------------------------------

Timing Report

Slack (VIOLATED) :        -3.755ns  (required time - arrival time)
  Source:                 dots_reg[23][1]/C
                            (rising edge-triggered cell FDRE clocked by clk  {rise@0.000ns fall@5.000ns period=10.000ns})
  Destination:            elut_reg[0][0]/D
                            (rising edge-triggered cell FDRE clocked by clk  {rise@0.000ns fall@5.000ns period=10.000ns})
  Path Group:             clk
  Path Type:              Setup (Max at Slow Process Corner)
  Requirement:            10.000ns  (clk rise@10.000ns - clk rise@0.000ns)
  Data Path Delay:        13.715ns  (logic 6.881ns (50.171%)  route 6.834ns (49.829%))
  Logic Levels:           23  (CARRY4=9 LUT1=1 LUT2=3 LUT3=1 LUT5=2 LUT6=3 MUXF7=4)
  Clock Path Skew:        -0.049ns (DCD - SCD + CPR)
    Destination Clock Delay (DCD):    0.924ns = ( 10.924 - 10.000 ) 
    Source Clock Delay      (SCD):    0.973ns
    Clock Pessimism Removal (CPR):    0.000ns
  Clock Uncertainty:      0.035ns  ((TSJ^2 + TIJ^2)^1/2 + DJ) / 2 + PE
    Total System Jitter     (TSJ):    0.071ns
    Total Input Jitter      (TIJ):    0.000ns
    Discrete Jitter          (DJ):    0.000ns
    Phase Error              (PE):    0.000ns

    Location             Delay type                Incr(ns)  Path(ns)    Netlist Resource(s)
  -------------------------------------------------------------------    -------------------
                         (clock clk rise edge)        0.000     0.000 r  <hidden>
                                                      0.000     0.000 r  clk
                         net (fo=43278, unset)        0.973     0.973    clk
                         FDRE                                         r  dots_reg[23][1]/C
  -------------------------------------------------------------------    -------------------
                         FDRE (Prop_fdre_C_Q)         0.478     1.451 r  dots_reg[23][1]/Q
                         net (fo=1, unplaced)         0.965     2.416    dots_reg[23]__0[1]
                         LUT6 (Prop_lut6_I0_O)        0.295     2.711 r  dmax[1]_P_i_7/O
                         net (fo=1, unplaced)         0.000     2.711    dmax[1]_P_i_7_n_0
                         MUXF7 (Prop_muxf7_I1_O)      0.247     2.958 r  dmax_reg[1]_P_i_3/O
                         net (fo=1, unplaced)         0.735     3.693    dmax_reg[1]_P_i_3_n_0
                         LUT5 (Prop_lut5_I0_O)        0.298     3.991 r  dmax[1]_P_i_2/O
                         net (fo=7, unplaced)         0.484     4.475    dots[1]
                         LUT2 (Prop_lut2_I0_O)        0.124     4.599 r  elut[0][13]_i_14/O
                         net (fo=1, unplaced)         0.000     4.599    elut[0][13]_i_14_n_0
                         CARRY4 (Prop_carry4_S[1]_CO[3])
                                                      0.533     5.132 r  elut_reg[0][13]_i_9/CO[3]
                         net (fo=1, unplaced)         0.000     5.132    elut_reg[0][13]_i_9_n_0
                         CARRY4 (Prop_carry4_CI_CO[3])
                                                      0.117     5.249 r  elut_reg[0][12]_i_35/CO[3]
                         net (fo=1, unplaced)         0.000     5.249    elut_reg[0][12]_i_35_n_0
                         CARRY4 (Prop_carry4_CI_CO[3])
                                                      0.117     5.366 r  elut_reg[0][12]_i_34/CO[3]
                         net (fo=1, unplaced)         0.000     5.366    elut_reg[0][12]_i_34_n_0
                         CARRY4 (Prop_carry4_CI_CO[3])
                                                      0.117     5.483 r  elut_reg[0][14]_i_90/CO[3]
                         net (fo=1, unplaced)         0.000     5.483    elut_reg[0][14]_i_90_n_0
                         CARRY4 (Prop_carry4_CI_CO[3])
                                                      0.117     5.600 r  elut_reg[0][14]_i_91/CO[3]
                         net (fo=1, unplaced)         0.000     5.600    elut_reg[0][14]_i_91_n_0
                         CARRY4 (Prop_carry4_CI_O[2])
                                                      0.256     5.856 f  elut_reg[0][14]_i_61/O[2]
                         net (fo=3, unplaced)         0.470     6.326    p_0_in__1[22]
                         LUT1 (Prop_lut1_I0_O)        0.301     6.627 r  elut[0][14]_i_115/O
                         net (fo=1, unplaced)         0.000     6.627    elut[0][14]_i_115_n_0
                         CARRY4 (Prop_carry4_S[1]_CO[3])
                                                      0.533     7.160 r  elut_reg[0][14]_i_81/CO[3]
                         net (fo=1, unplaced)         0.000     7.160    elut_reg[0][14]_i_81_n_0
                         CARRY4 (Prop_carry4_CI_O[1])
                                                      0.337     7.497 r  elut_reg[0][14]_i_50/O[1]
                         net (fo=4, unplaced)         0.635     8.132    elut_reg[0][14]_i_50_n_6
                         LUT2 (Prop_lut2_I0_O)        0.332     8.464 r  elut[0][12]_i_17/O
                         net (fo=1, unplaced)         0.000     8.464    elut[0][12]_i_17_n_0
                         CARRY4 (Prop_carry4_DI[0]_CO[2])
                                                      0.616     9.080 f  elut_reg[0][12]_i_5/CO[2]
                         net (fo=212, unplaced)       0.570     9.650    elut_reg[0][12]_i_5_n_1
                         LUT3 (Prop_lut3_I1_O)        0.310     9.960 r  elut[0][12]_i_25/O
                         net (fo=165, unplaced)       1.053    11.013    elut[0][12]_i_25_n_0
                         LUT5 (Prop_lut5_I0_O)        0.124    11.137 r  elut[0][0]_i_120/O
                         net (fo=1, unplaced)         0.000    11.137    elut[0][0]_i_120_n_0
                         MUXF7 (Prop_muxf7_I1_O)      0.247    11.384 r  elut_reg[0][0]_i_43/O
                         net (fo=1, unplaced)         0.735    12.119    elut_reg[0][0]_i_43_n_0
                         LUT6 (Prop_lut6_I0_O)        0.298    12.417 r  elut[0][0]_i_16/O
                         net (fo=1, unplaced)         0.000    12.417    elut[0][0]_i_16_n_0
                         MUXF7 (Prop_muxf7_I1_O)      0.247    12.664 r  elut_reg[0][0]_i_6/O
                         net (fo=1, unplaced)         0.735    13.399    elut_reg[0][0]_i_6_n_0
                         LUT6 (Prop_lut6_I1_O)        0.298    13.697 r  elut[0][0]_i_3/O
                         net (fo=1, unplaced)         0.000    13.697    elut[0][0]_i_3_n_0
                         MUXF7 (Prop_muxf7_I0_O)      0.241    13.938 r  elut_reg[0][0]_i_2/O
                         net (fo=1, unplaced)         0.452    14.390    elut_reg[0][0]_i_2_n_0
                         LUT2 (Prop_lut2_I0_O)        0.298    14.688 r  elut[0][0]_i_1/O
                         net (fo=24, unplaced)        0.000    14.688    elut[0][0]_i_1_n_0
                         FDRE                                         r  elut_reg[0][0]/D
  -------------------------------------------------------------------    -------------------

                         (clock clk rise edge)       10.000    10.000 r  <hidden>
                                                      0.000    10.000 r  clk
                         net (fo=43278, unset)        0.924    10.924    clk
                         FDRE                                         r  elut_reg[0][0]/C
                         clock pessimism              0.000    10.924    <hidden>
                         clock uncertainty           -0.035    10.889    <hidden>
                         FDRE (Setup_fdre_C_D)        0.044    10.933    elut_reg[0][0]
  -------------------------------------------------------------------
                         required time                         10.933    <hidden>
                         arrival time                         -14.688    <hidden>
  -------------------------------------------------------------------
                         slack                                 -3.755    <hidden>

Slack (VIOLATED) :        -3.755ns  (required time - arrival time)
  Source:                 dots_reg[23][1]/C
                            (rising edge-triggered cell FDRE clocked by clk  {rise@0.000ns fall@5.000ns period=10.000ns})
  Destination:            elut_reg[10][0]/D
                            (rising edge-triggered cell FDRE clocked by clk  {rise@0.000ns fall@5.000ns period=10.000ns})
  Path Group:             clk
  Path Type:              Setup (Max at Slow Process Corner)
  Requirement:            10.000ns  (clk rise@10.000ns - clk rise@0.000ns)
  Data Path Delay:        13.715ns  (logic 6.881ns (50.171%)  route 6.834ns (49.829%))
  Logic Levels:           23  (CARRY4=9 LUT1=1 LUT2=3 LUT3=1 LUT5=2 LUT6=3 MUXF7=4)
  Clock Path Skew:        -0.049ns (DCD - SCD + CPR)
    Destination Clock Delay (DCD):    0.924ns = ( 10.924 - 10.000 ) 
    Source Clock Delay      (SCD):    0.973ns
    Clock Pessimism Removal (CPR):    0.000ns
  Clock Uncertainty:      0.035ns  ((TSJ^2 + TIJ^2)^1/2 + DJ) / 2 + PE
    Total System Jitter     (TSJ):    0.071ns
    Total Input Jitter      (TIJ):    0.000ns
    Discrete Jitter          (DJ):    0.000ns
    Phase Error              (PE):    0.000ns

    Location             Delay type                Incr(ns)  Path(ns)    Netlist Resource(s)
  -------------------------------------------------------------------    -------------------
                         (clock clk rise edge)        0.000     0.000 r  <hidden>
                                                      0.000     0.000 r  clk
                         net (fo=43278, unset)        0.973     0.973    clk
                         FDRE                                         r  dots_reg[23][1]/C
  -------------------------------------------------------------------    -------------------
                         FDRE (Prop_fdre_C_Q)         0.478     1.451 r  dots_reg[23][1]/Q
                         net (fo=1, unplaced)         0.965     2.416    dots_reg[23]__0[1]
                         LUT6 (Prop_lut6_I0_O)        0.295     2.711 r  dmax[1]_P_i_7/O
                         net (fo=1, unplaced)         0.000     2.711    dmax[1]_P_i_7_n_0
                         MUXF7 (Prop_muxf7_I1_O)      0.247     2.958 r  dmax_reg[1]_P_i_3/O
                         net (fo=1, unplaced)         0.735     3.693    dmax_reg[1]_P_i_3_n_0
                         LUT5 (Prop_lut5_I0_O)        0.298     3.991 r  dmax[1]_P_i_2/O
                         net (fo=7, unplaced)         0.484     4.475    dots[1]
                         LUT2 (Prop_lut2_I0_O)        0.124     4.599 r  elut[0][13]_i_14/O
                         net (fo=1, unplaced)         0.000     4.599    elut[0][13]_i_14_n_0
                         CARRY4 (Prop_carry4_S[1]_CO[3])
                                                      0.533     5.132 r  elut_reg[0][13]_i_9/CO[3]
                         net (fo=1, unplaced)         0.000     5.132    elut_reg[0][13]_i_9_n_0
                         CARRY4 (Prop_carry4_CI_CO[3])
                                                      0.117     5.249 r  elut_reg[0][12]_i_35/CO[3]
                         net (fo=1, unplaced)         0.000     5.249    elut_reg[0][12]_i_35_n_0
                         CARRY4 (Prop_carry4_CI_CO[3])
                                                      0.117     5.366 r  elut_reg[0][12]_i_34/CO[3]
                         net (fo=1, unplaced)         0.000     5.366    elut_reg[0][12]_i_34_n_0
                         CARRY4 (Prop_carry4_CI_CO[3])
                                                      0.117     5.483 r  elut_reg[0][14]_i_90/CO[3]
                         net (fo=1, unplaced)         0.000     5.483    elut_reg[0][14]_i_90_n_0
                         CARRY4 (Prop_carry4_CI_CO[3])
                                                      0.117     5.600 r  elut_reg[0][14]_i_91/CO[3]
                         net (fo=1, unplaced)         0.000     5.600    elut_reg[0][14]_i_91_n_0
                         CARRY4 (Prop_carry4_CI_O[2])
                                                      0.256     5.856 f  elut_reg[0][14]_i_61/O[2]
                         net (fo=3, unplaced)         0.470     6.326    p_0_in__1[22]
                         LUT1 (Prop_lut1_I0_O)        0.301     6.627 r  elut[0][14]_i_115/O
                         net (fo=1, unplaced)         0.000     6.627    elut[0][14]_i_115_n_0
                         CARRY4 (Prop_carry4_S[1]_CO[3])
                                                      0.533     7.160 r  elut_reg[0][14]_i_81/CO[3]
                         net (fo=1, unplaced)         0.000     7.160    elut_reg[0][14]_i_81_n_0
                         CARRY4 (Prop_carry4_CI_O[1])
                                                      0.337     7.497 r  elut_reg[0][14]_i_50/O[1]
                         net (fo=4, unplaced)         0.635     8.132    elut_reg[0][14]_i_50_n_6
                         LUT2 (Prop_lut2_I0_O)        0.332     8.464 r  elut[0][12]_i_17/O
                         net (fo=1, unplaced)         0.000     8.464    elut[0][12]_i_17_n_0
                         CARRY4 (Prop_carry4_DI[0]_CO[2])
                                                      0.616     9.080 f  elut_reg[0][12]_i_5/CO[2]
                         net (fo=212, unplaced)       0.570     9.650    elut_reg[0][12]_i_5_n_1
                         LUT3 (Prop_lut3_I1_O)        0.310     9.960 r  elut[0][12]_i_25/O
                         net (fo=165, unplaced)       1.053    11.013    elut[0][12]_i_25_n_0
                         LUT5 (Prop_lut5_I0_O)        0.124    11.137 r  elut[0][0]_i_120/O
                         net (fo=1, unplaced)         0.000    11.137    elut[0][0]_i_120_n_0
                         MUXF7 (Prop_muxf7_I1_O)      0.247    11.384 r  elut_reg[0][0]_i_43/O
                         net (fo=1, unplaced)         0.735    12.119    elut_reg[0][0]_i_43_n_0
                         LUT6 (Prop_lut6_I0_O)        0.298    12.417 r  elut[0][0]_i_16/O
                         net (fo=1, unplaced)         0.000    12.417    elut[0][0]_i_16_n_0
                         MUXF7 (Prop_muxf7_I1_O)      0.247    12.664 r  elut_reg[0][0]_i_6/O
                         net (fo=1, unplaced)         0.735    13.399    elut_reg[0][0]_i_6_n_0
                         LUT6 (Prop_lut6_I1_O)        0.298    13.697 r  elut[0][0]_i_3/O
                         net (fo=1, unplaced)         0.000    13.697    elut[0][0]_i_3_n_0
                         MUXF7 (Prop_muxf7_I0_O)      0.241    13.938 r  elut_reg[0][0]_i_2/O
                         net (fo=1, unplaced)         0.452    14.390    elut_reg[0][0]_i_2_n_0
                         LUT2 (Prop_lut2_I0_O)        0.298    14.688 r  elut[0][0]_i_1/O
                         net (fo=24, unplaced)        0.000    14.688    elut[0][0]_i_1_n_0
                         FDRE                                         r  elut_reg[10][0]/D
  -------------------------------------------------------------------    -------------------

                         (clock clk rise edge)       10.000    10.000 r  <hidden>
                                                      0.000    10.000 r  clk
                         net (fo=43278, unset)        0.924    10.924    clk
                         FDRE                                         r  elut_reg[10][0]/C
                         clock pessimism              0.000    10.924    <hidden>
                         clock uncertainty           -0.035    10.889    <hidden>
                         FDRE (Setup_fdre_C_D)        0.044    10.933    elut_reg[10][0]
  -------------------------------------------------------------------
                         required time                         10.933    <hidden>
                         arrival time                         -14.688    <hidden>
  -------------------------------------------------------------------
                         slack                                 -3.755    <hidden>

Slack (VIOLATED) :        -3.755ns  (required time - arrival time)
  Source:                 dots_reg[23][1]/C
                            (rising edge-triggered cell FDRE clocked by clk  {rise@0.000ns fall@5.000ns period=10.000ns})
  Destination:            elut_reg[11][0]/D
                            (rising edge-triggered cell FDRE clocked by clk  {rise@0.000ns fall@5.000ns period=10.000ns})
  Path Group:             clk
  Path Type:              Setup (Max at Slow Process Corner)
  Requirement:            10.000ns  (clk rise@10.000ns - clk rise@0.000ns)
  Data Path Delay:        13.715ns  (logic 6.881ns (50.171%)  route 6.834ns (49.829%))
  Logic Levels:           23  (CARRY4=9 LUT1=1 LUT2=3 LUT3=1 LUT5=2 LUT6=3 MUXF7=4)
  Clock Path Skew:        -0.049ns (DCD - SCD + CPR)
    Destination Clock Delay (DCD):    0.924ns = ( 10.924 - 10.000 ) 
    Source Clock Delay      (SCD):    0.973ns
    Clock Pessimism Removal (CPR):    0.000ns
  Clock Uncertainty:      0.035ns  ((TSJ^2 + TIJ^2)^1/2 + DJ) / 2 + PE
    Total System Jitter     (TSJ):    0.071ns
    Total Input Jitter      (TIJ):    0.000ns
    Discrete Jitter          (DJ):    0.000ns
    Phase Error              (PE):    0.000ns

    Location             Delay type                Incr(ns)  Path(ns)    Netlist Resource(s)
  -------------------------------------------------------------------    -------------------
                         (clock clk rise edge)        0.000     0.000 r  <hidden>
                                                      0.000     0.000 r  clk
                         net (fo=43278, unset)        0.973     0.973    clk
                         FDRE                                         r  dots_reg[23][1]/C
  -------------------------------------------------------------------    -------------------
                         FDRE (Prop_fdre_C_Q)         0.478     1.451 r  dots_reg[23][1]/Q
                         net (fo=1, unplaced)         0.965     2.416    dots_reg[23]__0[1]
                         LUT6 (Prop_lut6_I0_O)        0.295     2.711 r  dmax[1]_P_i_7/O
                         net (fo=1, unplaced)         0.000     2.711    dmax[1]_P_i_7_n_0
                         MUXF7 (Prop_muxf7_I1_O)      0.247     2.958 r  dmax_reg[1]_P_i_3/O
                         net (fo=1, unplaced)         0.735     3.693    dmax_reg[1]_P_i_3_n_0
                         LUT5 (Prop_lut5_I0_O)        0.298     3.991 r  dmax[1]_P_i_2/O
                         net (fo=7, unplaced)         0.484     4.475    dots[1]
                         LUT2 (Prop_lut2_I0_O)        0.124     4.599 r  elut[0][13]_i_14/O
                         net (fo=1, unplaced)         0.000     4.599    elut[0][13]_i_14_n_0
                         CARRY4 (Prop_carry4_S[1]_CO[3])
                                                      0.533     5.132 r  elut_reg[0][13]_i_9/CO[3]
                         net (fo=1, unplaced)         0.000     5.132    elut_reg[0][13]_i_9_n_0
                         CARRY4 (Prop_carry4_CI_CO[3])
                                                      0.117     5.249 r  elut_reg[0][12]_i_35/CO[3]
                         net (fo=1, unplaced)         0.000     5.249    elut_reg[0][12]_i_35_n_0
                         CARRY4 (Prop_carry4_CI_CO[3])
                                                      0.117     5.366 r  elut_reg[0][12]_i_34/CO[3]
                         net (fo=1, unplaced)         0.000     5.366    elut_reg[0][12]_i_34_n_0
                         CARRY4 (Prop_carry4_CI_CO[3])
                                                      0.117     5.483 r  elut_reg[0][14]_i_90/CO[3]
                         net (fo=1, unplaced)         0.000     5.483    elut_reg[0][14]_i_90_n_0
                         CARRY4 (Prop_carry4_CI_CO[3])
                                                      0.117     5.600 r  elut_reg[0][14]_i_91/CO[3]
                         net (fo=1, unplaced)         0.000     5.600    elut_reg[0][14]_i_91_n_0
                         CARRY4 (Prop_carry4_CI_O[2])
                                                      0.256     5.856 f  elut_reg[0][14]_i_61/O[2]
                         net (fo=3, unplaced)         0.470     6.326    p_0_in__1[22]
                         LUT1 (Prop_lut1_I0_O)        0.301     6.627 r  elut[0][14]_i_115/O
                         net (fo=1, unplaced)         0.000     6.627    elut[0][14]_i_115_n_0
                         CARRY4 (Prop_carry4_S[1]_CO[3])
                                                      0.533     7.160 r  elut_reg[0][14]_i_81/CO[3]
                         net (fo=1, unplaced)         0.000     7.160    elut_reg[0][14]_i_81_n_0
                         CARRY4 (Prop_carry4_CI_O[1])
                                                      0.337     7.497 r  elut_reg[0][14]_i_50/O[1]
                         net (fo=4, unplaced)         0.635     8.132    elut_reg[0][14]_i_50_n_6
                         LUT2 (Prop_lut2_I0_O)        0.332     8.464 r  elut[0][12]_i_17/O
                         net (fo=1, unplaced)         0.000     8.464    elut[0][12]_i_17_n_0
                         CARRY4 (Prop_carry4_DI[0]_CO[2])
                                                      0.616     9.080 f  elut_reg[0][12]_i_5/CO[2]
                         net (fo=212, unplaced)       0.570     9.650    elut_reg[0][12]_i_5_n_1
                         LUT3 (Prop_lut3_I1_O)        0.310     9.960 r  elut[0][12]_i_25/O
                         net (fo=165, unplaced)       1.053    11.013    elut[0][12]_i_25_n_0
                         LUT5 (Prop_lut5_I0_O)        0.124    11.137 r  elut[0][0]_i_120/O
                         net (fo=1, unplaced)         0.000    11.137    elut[0][0]_i_120_n_0
                         MUXF7 (Prop_muxf7_I1_O)      0.247    11.384 r  elut_reg[0][0]_i_43/O
                         net (fo=1, unplaced)         0.735    12.119    elut_reg[0][0]_i_43_n_0
                         LUT6 (Prop_lut6_I0_O)        0.298    12.417 r  elut[0][0]_i_16/O
                         net (fo=1, unplaced)         0.000    12.417    elut[0][0]_i_16_n_0
                         MUXF7 (Prop_muxf7_I1_O)      0.247    12.664 r  elut_reg[0][0]_i_6/O
                         net (fo=1, unplaced)         0.735    13.399    elut_reg[0][0]_i_6_n_0
                         LUT6 (Prop_lut6_I1_O)        0.298    13.697 r  elut[0][0]_i_3/O
                         net (fo=1, unplaced)         0.000    13.697    elut[0][0]_i_3_n_0
                         MUXF7 (Prop_muxf7_I0_O)      0.241    13.938 r  elut_reg[0][0]_i_2/O
                         net (fo=1, unplaced)         0.452    14.390    elut_reg[0][0]_i_2_n_0
                         LUT2 (Prop_lut2_I0_O)        0.298    14.688 r  elut[0][0]_i_1/O
                         net (fo=24, unplaced)        0.000    14.688    elut[0][0]_i_1_n_0
                         FDRE                                         r  elut_reg[11][0]/D
  -------------------------------------------------------------------    -------------------

                         (clock clk rise edge)       10.000    10.000 r  <hidden>
                                                      0.000    10.000 r  clk
                         net (fo=43278, unset)        0.924    10.924    clk
                         FDRE                                         r  elut_reg[11][0]/C
                         clock pessimism              0.000    10.924    <hidden>
                         clock uncertainty           -0.035    10.889    <hidden>
                         FDRE (Setup_fdre_C_D)        0.044    10.933    elut_reg[11][0]
  -------------------------------------------------------------------
                         required time                         10.933    <hidden>
                         arrival time                         -14.688    <hidden>
  -------------------------------------------------------------------
                         slack                                 -3.755    <hidden>

Slack (VIOLATED) :        -3.755ns  (required time - arrival time)
  Source:                 dots_reg[23][1]/C
                            (rising edge-triggered cell FDRE clocked by clk  {rise@0.000ns fall@5.000ns period=10.000ns})
  Destination:            elut_reg[12][0]/D
                            (rising edge-triggered cell FDRE clocked by clk  {rise@0.000ns fall@5.000ns period=10.000ns})
  Path Group:             clk
  Path Type:              Setup (Max at Slow Process Corner)
  Requirement:            10.000ns  (clk rise@10.000ns - clk rise@0.000ns)
  Data Path Delay:        13.715ns  (logic 6.881ns (50.171%)  route 6.834ns (49.829%))
  Logic Levels:           23  (CARRY4=9 LUT1=1 LUT2=3 LUT3=1 LUT5=2 LUT6=3 MUXF7=4)
  Clock Path Skew:        -0.049ns (DCD - SCD + CPR)
    Destination Clock Delay (DCD):    0.924ns = ( 10.924 - 10.000 ) 
    Source Clock Delay      (SCD):    0.973ns
    Clock Pessimism Removal (CPR):    0.000ns
  Clock Uncertainty:      0.035ns  ((TSJ^2 + TIJ^2)^1/2 + DJ) / 2 + PE
    Total System Jitter     (TSJ):    0.071ns
    Total Input Jitter      (TIJ):    0.000ns
    Discrete Jitter          (DJ):    0.000ns
    Phase Error              (PE):    0.000ns

    Location             Delay type                Incr(ns)  Path(ns)    Netlist Resource(s)
  -------------------------------------------------------------------    -------------------
                         (clock clk rise edge)        0.000     0.000 r  <hidden>
                                                      0.000     0.000 r  clk
                         net (fo=43278, unset)        0.973     0.973    clk
                         FDRE                                         r  dots_reg[23][1]/C
  -------------------------------------------------------------------    -------------------
                         FDRE (Prop_fdre_C_Q)         0.478     1.451 r  dots_reg[23][1]/Q
                         net (fo=1, unplaced)         0.965     2.416    dots_reg[23]__0[1]
                         LUT6 (Prop_lut6_I0_O)        0.295     2.711 r  dmax[1]_P_i_7/O
                         net (fo=1, unplaced)         0.000     2.711    dmax[1]_P_i_7_n_0
                         MUXF7 (Prop_muxf7_I1_O)      0.247     2.958 r  dmax_reg[1]_P_i_3/O
                         net (fo=1, unplaced)         0.735     3.693    dmax_reg[1]_P_i_3_n_0
                         LUT5 (Prop_lut5_I0_O)        0.298     3.991 r  dmax[1]_P_i_2/O
                         net (fo=7, unplaced)         0.484     4.475    dots[1]
                         LUT2 (Prop_lut2_I0_O)        0.124     4.599 r  elut[0][13]_i_14/O
                         net (fo=1, unplaced)         0.000     4.599    elut[0][13]_i_14_n_0
                         CARRY4 (Prop_carry4_S[1]_CO[3])
                                                      0.533     5.132 r  elut_reg[0][13]_i_9/CO[3]
                         net (fo=1, unplaced)         0.000     5.132    elut_reg[0][13]_i_9_n_0
                         CARRY4 (Prop_carry4_CI_CO[3])
                                                      0.117     5.249 r  elut_reg[0][12]_i_35/CO[3]
                         net (fo=1, unplaced)         0.000     5.249    elut_reg[0][12]_i_35_n_0
                         CARRY4 (Prop_carry4_CI_CO[3])
                                                      0.117     5.366 r  elut_reg[0][12]_i_34/CO[3]
                         net (fo=1, unplaced)         0.000     5.366    elut_reg[0][12]_i_34_n_0
                         CARRY4 (Prop_carry4_CI_CO[3])
                                                      0.117     5.483 r  elut_reg[0][14]_i_90/CO[3]
                         net (fo=1, unplaced)         0.000     5.483    elut_reg[0][14]_i_90_n_0
                         CARRY4 (Prop_carry4_CI_CO[3])
                                                      0.117     5.600 r  elut_reg[0][14]_i_91/CO[3]
                         net (fo=1, unplaced)         0.000     5.600    elut_reg[0][14]_i_91_n_0
                         CARRY4 (Prop_carry4_CI_O[2])
                                                      0.256     5.856 f  elut_reg[0][14]_i_61/O[2]
                         net (fo=3, unplaced)         0.470     6.326    p_0_in__1[22]
                         LUT1 (Prop_lut1_I0_O)        0.301     6.627 r  elut[0][14]_i_115/O
                         net (fo=1, unplaced)         0.000     6.627    elut[0][14]_i_115_n_0
                         CARRY4 (Prop_carry4_S[1]_CO[3])
                                                      0.533     7.160 r  elut_reg[0][14]_i_81/CO[3]
                         net (fo=1, unplaced)         0.000     7.160    elut_reg[0][14]_i_81_n_0
                         CARRY4 (Prop_carry4_CI_O[1])
                                                      0.337     7.497 r  elut_reg[0][14]_i_50/O[1]
                         net (fo=4, unplaced)         0.635     8.132    elut_reg[0][14]_i_50_n_6
                         LUT2 (Prop_lut2_I0_O)        0.332     8.464 r  elut[0][12]_i_17/O
                         net (fo=1, unplaced)         0.000     8.464    elut[0][12]_i_17_n_0
                         CARRY4 (Prop_carry4_DI[0]_CO[2])
                                                      0.616     9.080 f  elut_reg[0][12]_i_5/CO[2]
                         net (fo=212, unplaced)       0.570     9.650    elut_reg[0][12]_i_5_n_1
                         LUT3 (Prop_lut3_I1_O)        0.310     9.960 r  elut[0][12]_i_25/O
                         net (fo=165, unplaced)       1.053    11.013    elut[0][12]_i_25_n_0
                         LUT5 (Prop_lut5_I0_O)        0.124    11.137 r  elut[0][0]_i_120/O
                         net (fo=1, unplaced)         0.000    11.137    elut[0][0]_i_120_n_0
                         MUXF7 (Prop_muxf7_I1_O)      0.247    11.384 r  elut_reg[0][0]_i_43/O
                         net (fo=1, unplaced)         0.735    12.119    elut_reg[0][0]_i_43_n_0
                         LUT6 (Prop_lut6_I0_O)        0.298    12.417 r  elut[0][0]_i_16/O
                         net (fo=1, unplaced)         0.000    12.417    elut[0][0]_i_16_n_0
                         MUXF7 (Prop_muxf7_I1_O)      0.247    12.664 r  elut_reg[0][0]_i_6/O
                         net (fo=1, unplaced)         0.735    13.399    elut_reg[0][0]_i_6_n_0
                         LUT6 (Prop_lut6_I1_O)        0.298    13.697 r  elut[0][0]_i_3/O
                         net (fo=1, unplaced)         0.000    13.697    elut[0][0]_i_3_n_0
                         MUXF7 (Prop_muxf7_I0_O)      0.241    13.938 r  elut_reg[0][0]_i_2/O
                         net (fo=1, unplaced)         0.452    14.390    elut_reg[0][0]_i_2_n_0
                         LUT2 (Prop_lut2_I0_O)        0.298    14.688 r  elut[0][0]_i_1/O
                         net (fo=24, unplaced)        0.000    14.688    elut[0][0]_i_1_n_0
                         FDRE                                         r  elut_reg[12][0]/D
  -------------------------------------------------------------------    -------------------

                         (clock clk rise edge)       10.000    10.000 r  <hidden>
                                                      0.000    10.000 r  clk
                         net (fo=43278, unset)        0.924    10.924    clk
                         FDRE                                         r  elut_reg[12][0]/C
                         clock pessimism              0.000    10.924    <hidden>
                         clock uncertainty           -0.035    10.889    <hidden>
                         FDRE (Setup_fdre_C_D)        0.044    10.933    elut_reg[12][0]
  -------------------------------------------------------------------
                         required time                         10.933    <hidden>
                         arrival time                         -14.688    <hidden>
  -------------------------------------------------------------------
                         slack                                 -3.755    <hidden>

Slack (VIOLATED) :        -3.755ns  (required time - arrival time)
  Source:                 dots_reg[23][1]/C
                            (rising edge-triggered cell FDRE clocked by clk  {rise@0.000ns fall@5.000ns period=10.000ns})
  Destination:            elut_reg[13][0]/D
                            (rising edge-triggered cell FDRE clocked by clk  {rise@0.000ns fall@5.000ns period=10.000ns})
  Path Group:             clk
  Path Type:              Setup (Max at Slow Process Corner)
  Requirement:            10.000ns  (clk rise@10.000ns - clk rise@0.000ns)
  Data Path Delay:        13.715ns  (logic 6.881ns (50.171%)  route 6.834ns (49.829%))
  Logic Levels:           23  (CARRY4=9 LUT1=1 LUT2=3 LUT3=1 LUT5=2 LUT6=3 MUXF7=4)
  Clock Path Skew:        -0.049ns (DCD - SCD + CPR)
    Destination Clock Delay (DCD):    0.924ns = ( 10.924 - 10.000 ) 
    Source Clock Delay      (SCD):    0.973ns
    Clock Pessimism Removal (CPR):    0.000ns
  Clock Uncertainty:      0.035ns  ((TSJ^2 + TIJ^2)^1/2 + DJ) / 2 + PE
    Total System Jitter     (TSJ):    0.071ns
    Total Input Jitter      (TIJ):    0.000ns
    Discrete Jitter          (DJ):    0.000ns
    Phase Error              (PE):    0.000ns

    Location             Delay type                Incr(ns)  Path(ns)    Netlist Resource(s)
  -------------------------------------------------------------------    -------------------
                         (clock clk rise edge)        0.000     0.000 r  <hidden>
                                                      0.000     0.000 r  clk
                         net (fo=43278, unset)        0.973     0.973    clk
                         FDRE                                         r  dots_reg[23][1]/C
  -------------------------------------------------------------------    -------------------
                         FDRE (Prop_fdre_C_Q)         0.478     1.451 r  dots_reg[23][1]/Q
                         net (fo=1, unplaced)         0.965     2.416    dots_reg[23]__0[1]
                         LUT6 (Prop_lut6_I0_O)        0.295     2.711 r  dmax[1]_P_i_7/O
                         net (fo=1, unplaced)         0.000     2.711    dmax[1]_P_i_7_n_0
                         MUXF7 (Prop_muxf7_I1_O)      0.247     2.958 r  dmax_reg[1]_P_i_3/O
                         net (fo=1, unplaced)         0.735     3.693    dmax_reg[1]_P_i_3_n_0
                         LUT5 (Prop_lut5_I0_O)        0.298     3.991 r  dmax[1]_P_i_2/O
                         net (fo=7, unplaced)         0.484     4.475    dots[1]
                         LUT2 (Prop_lut2_I0_O)        0.124     4.599 r  elut[0][13]_i_14/O
                         net (fo=1, unplaced)         0.000     4.599    elut[0][13]_i_14_n_0
                         CARRY4 (Prop_carry4_S[1]_CO[3])
                                                      0.533     5.132 r  elut_reg[0][13]_i_9/CO[3]
                         net (fo=1, unplaced)         0.000     5.132    elut_reg[0][13]_i_9_n_0
                         CARRY4 (Prop_carry4_CI_CO[3])
                                                      0.117     5.249 r  elut_reg[0][12]_i_35/CO[3]
                         net (fo=1, unplaced)         0.000     5.249    elut_reg[0][12]_i_35_n_0
                         CARRY4 (Prop_carry4_CI_CO[3])
                                                      0.117     5.366 r  elut_reg[0][12]_i_34/CO[3]
                         net (fo=1, unplaced)         0.000     5.366    elut_reg[0][12]_i_34_n_0
                         CARRY4 (Prop_carry4_CI_CO[3])
                                                      0.117     5.483 r  elut_reg[0][14]_i_90/CO[3]
                         net (fo=1, unplaced)         0.000     5.483    elut_reg[0][14]_i_90_n_0
                         CARRY4 (Prop_carry4_CI_CO[3])
                                                      0.117     5.600 r  elut_reg[0][14]_i_91/CO[3]
                         net (fo=1, unplaced)         0.000     5.600    elut_reg[0][14]_i_91_n_0
                         CARRY4 (Prop_carry4_CI_O[2])
                                                      0.256     5.856 f  elut_reg[0][14]_i_61/O[2]
                         net (fo=3, unplaced)         0.470     6.326    p_0_in__1[22]
                         LUT1 (Prop_lut1_I0_O)        0.301     6.627 r  elut[0][14]_i_115/O
                         net (fo=1, unplaced)         0.000     6.627    elut[0][14]_i_115_n_0
                         CARRY4 (Prop_carry4_S[1]_CO[3])
                                                      0.533     7.160 r  elut_reg[0][14]_i_81/CO[3]
                         net (fo=1, unplaced)         0.000     7.160    elut_reg[0][14]_i_81_n_0
                         CARRY4 (Prop_carry4_CI_O[1])
                                                      0.337     7.497 r  elut_reg[0][14]_i_50/O[1]
                         net (fo=4, unplaced)         0.635     8.132    elut_reg[0][14]_i_50_n_6
                         LUT2 (Prop_lut2_I0_O)        0.332     8.464 r  elut[0][12]_i_17/O
                         net (fo=1, unplaced)         0.000     8.464    elut[0][12]_i_17_n_0
                         CARRY4 (Prop_carry4_DI[0]_CO[2])
                                                      0.616     9.080 f  elut_reg[0][12]_i_5/CO[2]
                         net (fo=212, unplaced)       0.570     9.650    elut_reg[0][12]_i_5_n_1
                         LUT3 (Prop_lut3_I1_O)        0.310     9.960 r  elut[0][12]_i_25/O
                         net (fo=165, unplaced)       1.053    11.013    elut[0][12]_i_25_n_0
                         LUT5 (Prop_lut5_I0_O)        0.124    11.137 r  elut[0][0]_i_120/O
                         net (fo=1, unplaced)         0.000    11.137    elut[0][0]_i_120_n_0
                         MUXF7 (Prop_muxf7_I1_O)      0.247    11.384 r  elut_reg[0][0]_i_43/O
                         net (fo=1, unplaced)         0.735    12.119    elut_reg[0][0]_i_43_n_0
                         LUT6 (Prop_lut6_I0_O)        0.298    12.417 r  elut[0][0]_i_16/O
                         net (fo=1, unplaced)         0.000    12.417    elut[0][0]_i_16_n_0
                         MUXF7 (Prop_muxf7_I1_O)      0.247    12.664 r  elut_reg[0][0]_i_6/O
                         net (fo=1, unplaced)         0.735    13.399    elut_reg[0][0]_i_6_n_0
                         LUT6 (Prop_lut6_I1_O)        0.298    13.697 r  elut[0][0]_i_3/O
                         net (fo=1, unplaced)         0.000    13.697    elut[0][0]_i_3_n_0
                         MUXF7 (Prop_muxf7_I0_O)      0.241    13.938 r  elut_reg[0][0]_i_2/O
                         net (fo=1, unplaced)         0.452    14.390    elut_reg[0][0]_i_2_n_0
                         LUT2 (Prop_lut2_I0_O)        0.298    14.688 r  elut[0][0]_i_1/O
                         net (fo=24, unplaced)        0.000    14.688    elut[0][0]_i_1_n_0
                         FDRE                                         r  elut_reg[13][0]/D
  -------------------------------------------------------------------    -------------------

                         (clock clk rise edge)       10.000    10.000 r  <hidden>
                                                      0.000    10.000 r  clk
                         net (fo=43278, unset)        0.924    10.924    clk
                         FDRE                                         r  elut_reg[13][0]/C
                         clock pessimism              0.000    10.924    <hidden>
                         clock uncertainty           -0.035    10.889    <hidden>
                         FDRE (Setup_fdre_C_D)        0.044    10.933    elut_reg[13][0]
  -------------------------------------------------------------------
                         required time                         10.933    <hidden>
                         arrival time                         -14.688    <hidden>
  -------------------------------------------------------------------
                         slack                                 -3.755    <hidden>

Slack (VIOLATED) :        -3.755ns  (required time - arrival time)
  Source:                 dots_reg[23][1]/C
                            (rising edge-triggered cell FDRE clocked by clk  {rise@0.000ns fall@5.000ns period=10.000ns})
  Destination:            elut_reg[14][0]/D
                            (rising edge-triggered cell FDRE clocked by clk  {rise@0.000ns fall@5.000ns period=10.000ns})
  Path Group:             clk
  Path Type:              Setup (Max at Slow Process Corner)
  Requirement:            10.000ns  (clk rise@10.000ns - clk rise@0.000ns)
  Data Path Delay:        13.715ns  (logic 6.881ns (50.171%)  route 6.834ns (49.829%))
  Logic Levels:           23  (CARRY4=9 LUT1=1 LUT2=3 LUT3=1 LUT5=2 LUT6=3 MUXF7=4)
  Clock Path Skew:        -0.049ns (DCD - SCD + CPR)
    Destination Clock Delay (DCD):    0.924ns = ( 10.924 - 10.000 ) 
    Source Clock Delay      (SCD):    0.973ns
    Clock Pessimism Removal (CPR):    0.000ns
  Clock Uncertainty:      0.035ns  ((TSJ^2 + TIJ^2)^1/2 + DJ) / 2 + PE
    Total System Jitter     (TSJ):    0.071ns
    Total Input Jitter      (TIJ):    0.000ns
    Discrete Jitter          (DJ):    0.000ns
    Phase Error              (PE):    0.000ns

    Location             Delay type                Incr(ns)  Path(ns)    Netlist Resource(s)
  -------------------------------------------------------------------    -------------------
                         (clock clk rise edge)        0.000     0.000 r  <hidden>
                                                      0.000     0.000 r  clk
                         net (fo=43278, unset)        0.973     0.973    clk
                         FDRE                                         r  dots_reg[23][1]/C
  -------------------------------------------------------------------    -------------------
                         FDRE (Prop_fdre_C_Q)         0.478     1.451 r  dots_reg[23][1]/Q
                         net (fo=1, unplaced)         0.965     2.416    dots_reg[23]__0[1]
                         LUT6 (Prop_lut6_I0_O)        0.295     2.711 r  dmax[1]_P_i_7/O
                         net (fo=1, unplaced)         0.000     2.711    dmax[1]_P_i_7_n_0
                         MUXF7 (Prop_muxf7_I1_O)      0.247     2.958 r  dmax_reg[1]_P_i_3/O
                         net (fo=1, unplaced)         0.735     3.693    dmax_reg[1]_P_i_3_n_0
                         LUT5 (Prop_lut5_I0_O)        0.298     3.991 r  dmax[1]_P_i_2/O
                         net (fo=7, unplaced)         0.484     4.475    dots[1]
                         LUT2 (Prop_lut2_I0_O)        0.124     4.599 r  elut[0][13]_i_14/O
                         net (fo=1, unplaced)         0.000     4.599    elut[0][13]_i_14_n_0
                         CARRY4 (Prop_carry4_S[1]_CO[3])
                                                      0.533     5.132 r  elut_reg[0][13]_i_9/CO[3]
                         net (fo=1, unplaced)         0.000     5.132    elut_reg[0][13]_i_9_n_0
                         CARRY4 (Prop_carry4_CI_CO[3])
                                                      0.117     5.249 r  elut_reg[0][12]_i_35/CO[3]
                         net (fo=1, unplaced)         0.000     5.249    elut_reg[0][12]_i_35_n_0
                         CARRY4 (Prop_carry4_CI_CO[3])
                                                      0.117     5.366 r  elut_reg[0][12]_i_34/CO[3]
                         net (fo=1, unplaced)         0.000     5.366    elut_reg[0][12]_i_34_n_0
                         CARRY4 (Prop_carry4_CI_CO[3])
                                                      0.117     5.483 r  elut_reg[0][14]_i_90/CO[3]
                         net (fo=1, unplaced)         0.000     5.483    elut_reg[0][14]_i_90_n_0
                         CARRY4 (Prop_carry4_CI_CO[3])
                                                      0.117     5.600 r  elut_reg[0][14]_i_91/CO[3]
                         net (fo=1, unplaced)         0.000     5.600    elut_reg[0][14]_i_91_n_0
                         CARRY4 (Prop_carry4_CI_O[2])
                                                      0.256     5.856 f  elut_reg[0][14]_i_61/O[2]
                         net (fo=3, unplaced)         0.470     6.326    p_0_in__1[22]
                         LUT1 (Prop_lut1_I0_O)        0.301     6.627 r  elut[0][14]_i_115/O
                         net (fo=1, unplaced)         0.000     6.627    elut[0][14]_i_115_n_0
                         CARRY4 (Prop_carry4_S[1]_CO[3])
                                                      0.533     7.160 r  elut_reg[0][14]_i_81/CO[3]
                         net (fo=1, unplaced)         0.000     7.160    elut_reg[0][14]_i_81_n_0
                         CARRY4 (Prop_carry4_CI_O[1])
                                                      0.337     7.497 r  elut_reg[0][14]_i_50/O[1]
                         net (fo=4, unplaced)         0.635     8.132    elut_reg[0][14]_i_50_n_6
                         LUT2 (Prop_lut2_I0_O)        0.332     8.464 r  elut[0][12]_i_17/O
                         net (fo=1, unplaced)         0.000     8.464    elut[0][12]_i_17_n_0
                         CARRY4 (Prop_carry4_DI[0]_CO[2])
                                                      0.616     9.080 f  elut_reg[0][12]_i_5/CO[2]
                         net (fo=212, unplaced)       0.570     9.650    elut_reg[0][12]_i_5_n_1
                         LUT3 (Prop_lut3_I1_O)        0.310     9.960 r  elut[0][12]_i_25/O
                         net (fo=165, unplaced)       1.053    11.013    elut[0][12]_i_25_n_0
                         LUT5 (Prop_lut5_I0_O)        0.124    11.137 r  elut[0][0]_i_120/O
                         net (fo=1, unplaced)         0.000    11.137    elut[0][0]_i_120_n_0
                         MUXF7 (Prop_muxf7_I1_O)      0.247    11.384 r  elut_reg[0][0]_i_43/O
                         net (fo=1, unplaced)         0.735    12.119    elut_reg[0][0]_i_43_n_0
                         LUT6 (Prop_lut6_I0_O)        0.298    12.417 r  elut[0][0]_i_16/O
                         net (fo=1, unplaced)         0.000    12.417    elut[0][0]_i_16_n_0
                         MUXF7 (Prop_muxf7_I1_O)      0.247    12.664 r  elut_reg[0][0]_i_6/O
                         net (fo=1, unplaced)         0.735    13.399    elut_reg[0][0]_i_6_n_0
                         LUT6 (Prop_lut6_I1_O)        0.298    13.697 r  elut[0][0]_i_3/O
                         net (fo=1, unplaced)         0.000    13.697    elut[0][0]_i_3_n_0
                         MUXF7 (Prop_muxf7_I0_O)      0.241    13.938 r  elut_reg[0][0]_i_2/O
                         net (fo=1, unplaced)         0.452    14.390    elut_reg[0][0]_i_2_n_0
                         LUT2 (Prop_lut2_I0_O)        0.298    14.688 r  elut[0][0]_i_1/O
                         net (fo=24, unplaced)        0.000    14.688    elut[0][0]_i_1_n_0
                         FDRE                                         r  elut_reg[14][0]/D
  -------------------------------------------------------------------    -------------------

                         (clock clk rise edge)       10.000    10.000 r  <hidden>
                                                      0.000    10.000 r  clk
                         net (fo=43278, unset)        0.924    10.924    clk
                         FDRE                                         r  elut_reg[14][0]/C
                         clock pessimism              0.000    10.924    <hidden>
                         clock uncertainty           -0.035    10.889    <hidden>
                         FDRE (Setup_fdre_C_D)        0.044    10.933    elut_reg[14][0]
  -------------------------------------------------------------------
                         required time                         10.933    <hidden>
                         arrival time                         -14.688    <hidden>
  -------------------------------------------------------------------
                         slack                                 -3.755    <hidden>

Slack (VIOLATED) :        -3.755ns  (required time - arrival time)
  Source:                 dots_reg[23][1]/C
                            (rising edge-triggered cell FDRE clocked by clk  {rise@0.000ns fall@5.000ns period=10.000ns})
  Destination:            elut_reg[15][0]/D
                            (rising edge-triggered cell FDRE clocked by clk  {rise@0.000ns fall@5.000ns period=10.000ns})
  Path Group:             clk
  Path Type:              Setup (Max at Slow Process Corner)
  Requirement:            10.000ns  (clk rise@10.000ns - clk rise@0.000ns)
  Data Path Delay:        13.715ns  (logic 6.881ns (50.171%)  route 6.834ns (49.829%))
  Logic Levels:           23  (CARRY4=9 LUT1=1 LUT2=3 LUT3=1 LUT5=2 LUT6=3 MUXF7=4)
  Clock Path Skew:        -0.049ns (DCD - SCD + CPR)
    Destination Clock Delay (DCD):    0.924ns = ( 10.924 - 10.000 ) 
    Source Clock Delay      (SCD):    0.973ns
    Clock Pessimism Removal (CPR):    0.000ns
  Clock Uncertainty:      0.035ns  ((TSJ^2 + TIJ^2)^1/2 + DJ) / 2 + PE
    Total System Jitter     (TSJ):    0.071ns
    Total Input Jitter      (TIJ):    0.000ns
    Discrete Jitter          (DJ):    0.000ns
    Phase Error              (PE):    0.000ns

    Location             Delay type                Incr(ns)  Path(ns)    Netlist Resource(s)
  -------------------------------------------------------------------    -------------------
                         (clock clk rise edge)        0.000     0.000 r  <hidden>
                                                      0.000     0.000 r  clk
                         net (fo=43278, unset)        0.973     0.973    clk
                         FDRE                                         r  dots_reg[23][1]/C
  -------------------------------------------------------------------    -------------------
                         FDRE (Prop_fdre_C_Q)         0.478     1.451 r  dots_reg[23][1]/Q
                         net (fo=1, unplaced)         0.965     2.416    dots_reg[23]__0[1]
                         LUT6 (Prop_lut6_I0_O)        0.295     2.711 r  dmax[1]_P_i_7/O
                         net (fo=1, unplaced)         0.000     2.711    dmax[1]_P_i_7_n_0
                         MUXF7 (Prop_muxf7_I1_O)      0.247     2.958 r  dmax_reg[1]_P_i_3/O
                         net (fo=1, unplaced)         0.735     3.693    dmax_reg[1]_P_i_3_n_0
                         LUT5 (Prop_lut5_I0_O)        0.298     3.991 r  dmax[1]_P_i_2/O
                         net (fo=7, unplaced)         0.484     4.475    dots[1]
                         LUT2 (Prop_lut2_I0_O)        0.124     4.599 r  elut[0][13]_i_14/O
                         net (fo=1, unplaced)         0.000     4.599    elut[0][13]_i_14_n_0
                         CARRY4 (Prop_carry4_S[1]_CO[3])
                                                      0.533     5.132 r  elut_reg[0][13]_i_9/CO[3]
                         net (fo=1, unplaced)         0.000     5.132    elut_reg[0][13]_i_9_n_0
                         CARRY4 (Prop_carry4_CI_CO[3])
                                                      0.117     5.249 r  elut_reg[0][12]_i_35/CO[3]
                         net (fo=1, unplaced)         0.000     5.249    elut_reg[0][12]_i_35_n_0
                         CARRY4 (Prop_carry4_CI_CO[3])
                                                      0.117     5.366 r  elut_reg[0][12]_i_34/CO[3]
                         net (fo=1, unplaced)         0.000     5.366    elut_reg[0][12]_i_34_n_0
                         CARRY4 (Prop_carry4_CI_CO[3])
                                                      0.117     5.483 r  elut_reg[0][14]_i_90/CO[3]
                         net (fo=1, unplaced)         0.000     5.483    elut_reg[0][14]_i_90_n_0
                         CARRY4 (Prop_carry4_CI_CO[3])
                                                      0.117     5.600 r  elut_reg[0][14]_i_91/CO[3]
                         net (fo=1, unplaced)         0.000     5.600    elut_reg[0][14]_i_91_n_0
                         CARRY4 (Prop_carry4_CI_O[2])
                                                      0.256     5.856 f  elut_reg[0][14]_i_61/O[2]
                         net (fo=3, unplaced)         0.470     6.326    p_0_in__1[22]
                         LUT1 (Prop_lut1_I0_O)        0.301     6.627 r  elut[0][14]_i_115/O
                         net (fo=1, unplaced)         0.000     6.627    elut[0][14]_i_115_n_0
                         CARRY4 (Prop_carry4_S[1]_CO[3])
                                                      0.533     7.160 r  elut_reg[0][14]_i_81/CO[3]
                         net (fo=1, unplaced)         0.000     7.160    elut_reg[0][14]_i_81_n_0
                         CARRY4 (Prop_carry4_CI_O[1])
                                                      0.337     7.497 r  elut_reg[0][14]_i_50/O[1]
                         net (fo=4, unplaced)         0.635     8.132    elut_reg[0][14]_i_50_n_6
                         LUT2 (Prop_lut2_I0_O)        0.332     8.464 r  elut[0][12]_i_17/O
                         net (fo=1, unplaced)         0.000     8.464    elut[0][12]_i_17_n_0
                         CARRY4 (Prop_carry4_DI[0]_CO[2])
                                                      0.616     9.080 f  elut_reg[0][12]_i_5/CO[2]
                         net (fo=212, unplaced)       0.570     9.650    elut_reg[0][12]_i_5_n_1
                         LUT3 (Prop_lut3_I1_O)        0.310     9.960 r  elut[0][12]_i_25/O
                         net (fo=165, unplaced)       1.053    11.013    elut[0][12]_i_25_n_0
                         LUT5 (Prop_lut5_I0_O)        0.124    11.137 r  elut[0][0]_i_120/O
                         net (fo=1, unplaced)         0.000    11.137    elut[0][0]_i_120_n_0
                         MUXF7 (Prop_muxf7_I1_O)      0.247    11.384 r  elut_reg[0][0]_i_43/O
                         net (fo=1, unplaced)         0.735    12.119    elut_reg[0][0]_i_43_n_0
                         LUT6 (Prop_lut6_I0_O)        0.298    12.417 r  elut[0][0]_i_16/O
                         net (fo=1, unplaced)         0.000    12.417    elut[0][0]_i_16_n_0
                         MUXF7 (Prop_muxf7_I1_O)      0.247    12.664 r  elut_reg[0][0]_i_6/O
                         net (fo=1, unplaced)         0.735    13.399    elut_reg[0][0]_i_6_n_0
                         LUT6 (Prop_lut6_I1_O)        0.298    13.697 r  elut[0][0]_i_3/O
                         net (fo=1, unplaced)         0.000    13.697    elut[0][0]_i_3_n_0
                         MUXF7 (Prop_muxf7_I0_O)      0.241    13.938 r  elut_reg[0][0]_i_2/O
                         net (fo=1, unplaced)         0.452    14.390    elut_reg[0][0]_i_2_n_0
                         LUT2 (Prop_lut2_I0_O)        0.298    14.688 r  elut[0][0]_i_1/O
                         net (fo=24, unplaced)        0.000    14.688    elut[0][0]_i_1_n_0
                         FDRE                                         r  elut_reg[15][0]/D
  -------------------------------------------------------------------    -------------------

                         (clock clk rise edge)       10.000    10.000 r  <hidden>
                                                      0.000    10.000 r  clk
                         net (fo=43278, unset)        0.924    10.924    clk
                         FDRE                                         r  elut_reg[15][0]/C
                         clock pessimism              0.000    10.924    <hidden>
                         clock uncertainty           -0.035    10.889    <hidden>
                         FDRE (Setup_fdre_C_D)        0.044    10.933    elut_reg[15][0]
  -------------------------------------------------------------------
                         required time                         10.933    <hidden>
                         arrival time                         -14.688    <hidden>
  -------------------------------------------------------------------
                         slack                                 -3.755    <hidden>

Slack (VIOLATED) :        -3.755ns  (required time - arrival time)
  Source:                 dots_reg[23][1]/C
                            (rising edge-triggered cell FDRE clocked by clk  {rise@0.000ns fall@5.000ns period=10.000ns})
  Destination:            elut_reg[16][0]/D
                            (rising edge-triggered cell FDRE clocked by clk  {rise@0.000ns fall@5.000ns period=10.000ns})
  Path Group:             clk
  Path Type:              Setup (Max at Slow Process Corner)
  Requirement:            10.000ns  (clk rise@10.000ns - clk rise@0.000ns)
  Data Path Delay:        13.715ns  (logic 6.881ns (50.171%)  route 6.834ns (49.829%))
  Logic Levels:           23  (CARRY4=9 LUT1=1 LUT2=3 LUT3=1 LUT5=2 LUT6=3 MUXF7=4)
  Clock Path Skew:        -0.049ns (DCD - SCD + CPR)
    Destination Clock Delay (DCD):    0.924ns = ( 10.924 - 10.000 ) 
    Source Clock Delay      (SCD):    0.973ns
    Clock Pessimism Removal (CPR):    0.000ns
  Clock Uncertainty:      0.035ns  ((TSJ^2 + TIJ^2)^1/2 + DJ) / 2 + PE
    Total System Jitter     (TSJ):    0.071ns
    Total Input Jitter      (TIJ):    0.000ns
    Discrete Jitter          (DJ):    0.000ns
    Phase Error              (PE):    0.000ns

    Location             Delay type                Incr(ns)  Path(ns)    Netlist Resource(s)
  -------------------------------------------------------------------    -------------------
                         (clock clk rise edge)        0.000     0.000 r  <hidden>
                                                      0.000     0.000 r  clk
                         net (fo=43278, unset)        0.973     0.973    clk
                         FDRE                                         r  dots_reg[23][1]/C
  -------------------------------------------------------------------    -------------------
                         FDRE (Prop_fdre_C_Q)         0.478     1.451 r  dots_reg[23][1]/Q
                         net (fo=1, unplaced)         0.965     2.416    dots_reg[23]__0[1]
                         LUT6 (Prop_lut6_I0_O)        0.295     2.711 r  dmax[1]_P_i_7/O
                         net (fo=1, unplaced)         0.000     2.711    dmax[1]_P_i_7_n_0
                         MUXF7 (Prop_muxf7_I1_O)      0.247     2.958 r  dmax_reg[1]_P_i_3/O
                         net (fo=1, unplaced)         0.735     3.693    dmax_reg[1]_P_i_3_n_0
                         LUT5 (Prop_lut5_I0_O)        0.298     3.991 r  dmax[1]_P_i_2/O
                         net (fo=7, unplaced)         0.484     4.475    dots[1]
                         LUT2 (Prop_lut2_I0_O)        0.124     4.599 r  elut[0][13]_i_14/O
                         net (fo=1, unplaced)         0.000     4.599    elut[0][13]_i_14_n_0
                         CARRY4 (Prop_carry4_S[1]_CO[3])
                                                      0.533     5.132 r  elut_reg[0][13]_i_9/CO[3]
                         net (fo=1, unplaced)         0.000     5.132    elut_reg[0][13]_i_9_n_0
                         CARRY4 (Prop_carry4_CI_CO[3])
                                                      0.117     5.249 r  elut_reg[0][12]_i_35/CO[3]
                         net (fo=1, unplaced)         0.000     5.249    elut_reg[0][12]_i_35_n_0
                         CARRY4 (Prop_carry4_CI_CO[3])
                                                      0.117     5.366 r  elut_reg[0][12]_i_34/CO[3]
                         net (fo=1, unplaced)         0.000     5.366    elut_reg[0][12]_i_34_n_0
                         CARRY4 (Prop_carry4_CI_CO[3])
                                                      0.117     5.483 r  elut_reg[0][14]_i_90/CO[3]
                         net (fo=1, unplaced)         0.000     5.483    elut_reg[0][14]_i_90_n_0
                         CARRY4 (Prop_carry4_CI_CO[3])
                                                      0.117     5.600 r  elut_reg[0][14]_i_91/CO[3]
                         net (fo=1, unplaced)         0.000     5.600    elut_reg[0][14]_i_91_n_0
                         CARRY4 (Prop_carry4_CI_O[2])
                                                      0.256     5.856 f  elut_reg[0][14]_i_61/O[2]
                         net (fo=3, unplaced)         0.470     6.326    p_0_in__1[22]
                         LUT1 (Prop_lut1_I0_O)        0.301     6.627 r  elut[0][14]_i_115/O
                         net (fo=1, unplaced)         0.000     6.627    elut[0][14]_i_115_n_0
                         CARRY4 (Prop_carry4_S[1]_CO[3])
                                                      0.533     7.160 r  elut_reg[0][14]_i_81/CO[3]
                         net (fo=1, unplaced)         0.000     7.160    elut_reg[0][14]_i_81_n_0
                         CARRY4 (Prop_carry4_CI_O[1])
                                                      0.337     7.497 r  elut_reg[0][14]_i_50/O[1]
                         net (fo=4, unplaced)         0.635     8.132    elut_reg[0][14]_i_50_n_6
                         LUT2 (Prop_lut2_I0_O)        0.332     8.464 r  elut[0][12]_i_17/O
                         net (fo=1, unplaced)         0.000     8.464    elut[0][12]_i_17_n_0
                         CARRY4 (Prop_carry4_DI[0]_CO[2])
                                                      0.616     9.080 f  elut_reg[0][12]_i_5/CO[2]
                         net (fo=212, unplaced)       0.570     9.650    elut_reg[0][12]_i_5_n_1
                         LUT3 (Prop_lut3_I1_O)        0.310     9.960 r  elut[0][12]_i_25/O
                         net (fo=165, unplaced)       1.053    11.013    elut[0][12]_i_25_n_0
                         LUT5 (Prop_lut5_I0_O)        0.124    11.137 r  elut[0][0]_i_120/O
                         net (fo=1, unplaced)         0.000    11.137    elut[0][0]_i_120_n_0
                         MUXF7 (Prop_muxf7_I1_O)      0.247    11.384 r  elut_reg[0][0]_i_43/O
                         net (fo=1, unplaced)         0.735    12.119    elut_reg[0][0]_i_43_n_0
                         LUT6 (Prop_lut6_I0_O)        0.298    12.417 r  elut[0][0]_i_16/O
                         net (fo=1, unplaced)         0.000    12.417    elut[0][0]_i_16_n_0
                         MUXF7 (Prop_muxf7_I1_O)      0.247    12.664 r  elut_reg[0][0]_i_6/O
                         net (fo=1, unplaced)         0.735    13.399    elut_reg[0][0]_i_6_n_0
                         LUT6 (Prop_lut6_I1_O)        0.298    13.697 r  elut[0][0]_i_3/O
                         net (fo=1, unplaced)         0.000    13.697    elut[0][0]_i_3_n_0
                         MUXF7 (Prop_muxf7_I0_O)      0.241    13.938 r  elut_reg[0][0]_i_2/O
                         net (fo=1, unplaced)         0.452    14.390    elut_reg[0][0]_i_2_n_0
                         LUT2 (Prop_lut2_I0_O)        0.298    14.688 r  elut[0][0]_i_1/O
                         net (fo=24, unplaced)        0.000    14.688    elut[0][0]_i_1_n_0
                         FDRE                                         r  elut_reg[16][0]/D
  -------------------------------------------------------------------    -------------------

                         (clock clk rise edge)       10.000    10.000 r  <hidden>
                                                      0.000    10.000 r  clk
                         net (fo=43278, unset)        0.924    10.924    clk
                         FDRE                                         r  elut_reg[16][0]/C
                         clock pessimism              0.000    10.924    <hidden>
                         clock uncertainty           -0.035    10.889    <hidden>
                         FDRE (Setup_fdre_C_D)        0.044    10.933    elut_reg[16][0]
  -------------------------------------------------------------------
                         required time                         10.933    <hidden>
                         arrival time                         -14.688    <hidden>
  -------------------------------------------------------------------
                         slack                                 -3.755    <hidden>

Slack (VIOLATED) :        -3.755ns  (required time - arrival time)
  Source:                 dots_reg[23][1]/C
                            (rising edge-triggered cell FDRE clocked by clk  {rise@0.000ns fall@5.000ns period=10.000ns})
  Destination:            elut_reg[17][0]/D
                            (rising edge-triggered cell FDRE clocked by clk  {rise@0.000ns fall@5.000ns period=10.000ns})
  Path Group:             clk
  Path Type:              Setup (Max at Slow Process Corner)
  Requirement:            10.000ns  (clk rise@10.000ns - clk rise@0.000ns)
  Data Path Delay:        13.715ns  (logic 6.881ns (50.171%)  route 6.834ns (49.829%))
  Logic Levels:           23  (CARRY4=9 LUT1=1 LUT2=3 LUT3=1 LUT5=2 LUT6=3 MUXF7=4)
  Clock Path Skew:        -0.049ns (DCD - SCD + CPR)
    Destination Clock Delay (DCD):    0.924ns = ( 10.924 - 10.000 ) 
    Source Clock Delay      (SCD):    0.973ns
    Clock Pessimism Removal (CPR):    0.000ns
  Clock Uncertainty:      0.035ns  ((TSJ^2 + TIJ^2)^1/2 + DJ) / 2 + PE
    Total System Jitter     (TSJ):    0.071ns
    Total Input Jitter      (TIJ):    0.000ns
    Discrete Jitter          (DJ):    0.000ns
    Phase Error              (PE):    0.000ns

    Location             Delay type                Incr(ns)  Path(ns)    Netlist Resource(s)
  -------------------------------------------------------------------    -------------------
                         (clock clk rise edge)        0.000     0.000 r  <hidden>
                                                      0.000     0.000 r  clk
                         net (fo=43278, unset)        0.973     0.973    clk
                         FDRE                                         r  dots_reg[23][1]/C
  -------------------------------------------------------------------    -------------------
                         FDRE (Prop_fdre_C_Q)         0.478     1.451 r  dots_reg[23][1]/Q
                         net (fo=1, unplaced)         0.965     2.416    dots_reg[23]__0[1]
                         LUT6 (Prop_lut6_I0_O)        0.295     2.711 r  dmax[1]_P_i_7/O
                         net (fo=1, unplaced)         0.000     2.711    dmax[1]_P_i_7_n_0
                         MUXF7 (Prop_muxf7_I1_O)      0.247     2.958 r  dmax_reg[1]_P_i_3/O
                         net (fo=1, unplaced)         0.735     3.693    dmax_reg[1]_P_i_3_n_0
                         LUT5 (Prop_lut5_I0_O)        0.298     3.991 r  dmax[1]_P_i_2/O
                         net (fo=7, unplaced)         0.484     4.475    dots[1]
                         LUT2 (Prop_lut2_I0_O)        0.124     4.599 r  elut[0][13]_i_14/O
                         net (fo=1, unplaced)         0.000     4.599    elut[0][13]_i_14_n_0
                         CARRY4 (Prop_carry4_S[1]_CO[3])
                                                      0.533     5.132 r  elut_reg[0][13]_i_9/CO[3]
                         net (fo=1, unplaced)         0.000     5.132    elut_reg[0][13]_i_9_n_0
                         CARRY4 (Prop_carry4_CI_CO[3])
                                                      0.117     5.249 r  elut_reg[0][12]_i_35/CO[3]
                         net (fo=1, unplaced)         0.000     5.249    elut_reg[0][12]_i_35_n_0
                         CARRY4 (Prop_carry4_CI_CO[3])
                                                      0.117     5.366 r  elut_reg[0][12]_i_34/CO[3]
                         net (fo=1, unplaced)         0.000     5.366    elut_reg[0][12]_i_34_n_0
                         CARRY4 (Prop_carry4_CI_CO[3])
                                                      0.117     5.483 r  elut_reg[0][14]_i_90/CO[3]
                         net (fo=1, unplaced)         0.000     5.483    elut_reg[0][14]_i_90_n_0
                         CARRY4 (Prop_carry4_CI_CO[3])
                                                      0.117     5.600 r  elut_reg[0][14]_i_91/CO[3]
                         net (fo=1, unplaced)         0.000     5.600    elut_reg[0][14]_i_91_n_0
                         CARRY4 (Prop_carry4_CI_O[2])
                                                      0.256     5.856 f  elut_reg[0][14]_i_61/O[2]
                         net (fo=3, unplaced)         0.470     6.326    p_0_in__1[22]
                         LUT1 (Prop_lut1_I0_O)        0.301     6.627 r  elut[0][14]_i_115/O
                         net (fo=1, unplaced)         0.000     6.627    elut[0][14]_i_115_n_0
                         CARRY4 (Prop_carry4_S[1]_CO[3])
                                                      0.533     7.160 r  elut_reg[0][14]_i_81/CO[3]
                         net (fo=1, unplaced)         0.000     7.160    elut_reg[0][14]_i_81_n_0
                         CARRY4 (Prop_carry4_CI_O[1])
                                                      0.337     7.497 r  elut_reg[0][14]_i_50/O[1]
                         net (fo=4, unplaced)         0.635     8.132    elut_reg[0][14]_i_50_n_6
                         LUT2 (Prop_lut2_I0_O)        0.332     8.464 r  elut[0][12]_i_17/O
                         net (fo=1, unplaced)         0.000     8.464    elut[0][12]_i_17_n_0
                         CARRY4 (Prop_carry4_DI[0]_CO[2])
                                                      0.616     9.080 f  elut_reg[0][12]_i_5/CO[2]
                         net (fo=212, unplaced)       0.570     9.650    elut_reg[0][12]_i_5_n_1
                         LUT3 (Prop_lut3_I1_O)        0.310     9.960 r  elut[0][12]_i_25/O
                         net (fo=165, unplaced)       1.053    11.013    elut[0][12]_i_25_n_0
                         LUT5 (Prop_lut5_I0_O)        0.124    11.137 r  elut[0][0]_i_120/O
                         net (fo=1, unplaced)         0.000    11.137    elut[0][0]_i_120_n_0
                         MUXF7 (Prop_muxf7_I1_O)      0.247    11.384 r  elut_reg[0][0]_i_43/O
                         net (fo=1, unplaced)         0.735    12.119    elut_reg[0][0]_i_43_n_0
                         LUT6 (Prop_lut6_I0_O)        0.298    12.417 r  elut[0][0]_i_16/O
                         net (fo=1, unplaced)         0.000    12.417    elut[0][0]_i_16_n_0
                         MUXF7 (Prop_muxf7_I1_O)      0.247    12.664 r  elut_reg[0][0]_i_6/O
                         net (fo=1, unplaced)         0.735    13.399    elut_reg[0][0]_i_6_n_0
                         LUT6 (Prop_lut6_I1_O)        0.298    13.697 r  elut[0][0]_i_3/O
                         net (fo=1, unplaced)         0.000    13.697    elut[0][0]_i_3_n_0
                         MUXF7 (Prop_muxf7_I0_O)      0.241    13.938 r  elut_reg[0][0]_i_2/O
                         net (fo=1, unplaced)         0.452    14.390    elut_reg[0][0]_i_2_n_0
                         LUT2 (Prop_lut2_I0_O)        0.298    14.688 r  elut[0][0]_i_1/O
                         net (fo=24, unplaced)        0.000    14.688    elut[0][0]_i_1_n_0
                         FDRE                                         r  elut_reg[17][0]/D
  -------------------------------------------------------------------    -------------------

                         (clock clk rise edge)       10.000    10.000 r  <hidden>
                                                      0.000    10.000 r  clk
                         net (fo=43278, unset)        0.924    10.924    clk
                         FDRE                                         r  elut_reg[17][0]/C
                         clock pessimism              0.000    10.924    <hidden>
                         clock uncertainty           -0.035    10.889    <hidden>
                         FDRE (Setup_fdre_C_D)        0.044    10.933    elut_reg[17][0]
  -------------------------------------------------------------------
                         required time                         10.933    <hidden>
                         arrival time                         -14.688    <hidden>
  -------------------------------------------------------------------
                         slack                                 -3.755    <hidden>

Slack (VIOLATED) :        -3.755ns  (required time - arrival time)
  Source:                 dots_reg[23][1]/C
                            (rising edge-triggered cell FDRE clocked by clk  {rise@0.000ns fall@5.000ns period=10.000ns})
  Destination:            elut_reg[18][0]/D
                            (rising edge-triggered cell FDRE clocked by clk  {rise@0.000ns fall@5.000ns period=10.000ns})
  Path Group:             clk
  Path Type:              Setup (Max at Slow Process Corner)
  Requirement:            10.000ns  (clk rise@10.000ns - clk rise@0.000ns)
  Data Path Delay:        13.715ns  (logic 6.881ns (50.171%)  route 6.834ns (49.829%))
  Logic Levels:           23  (CARRY4=9 LUT1=1 LUT2=3 LUT3=1 LUT5=2 LUT6=3 MUXF7=4)
  Clock Path Skew:        -0.049ns (DCD - SCD + CPR)
    Destination Clock Delay (DCD):    0.924ns = ( 10.924 - 10.000 ) 
    Source Clock Delay      (SCD):    0.973ns
    Clock Pessimism Removal (CPR):    0.000ns
  Clock Uncertainty:      0.035ns  ((TSJ^2 + TIJ^2)^1/2 + DJ) / 2 + PE
    Total System Jitter     (TSJ):    0.071ns
    Total Input Jitter      (TIJ):    0.000ns
    Discrete Jitter          (DJ):    0.000ns
    Phase Error              (PE):    0.000ns

    Location             Delay type                Incr(ns)  Path(ns)    Netlist Resource(s)
  -------------------------------------------------------------------    -------------------
                         (clock clk rise edge)        0.000     0.000 r  <hidden>
                                                      0.000     0.000 r  clk
                         net (fo=43278, unset)        0.973     0.973    clk
                         FDRE                                         r  dots_reg[23][1]/C
  -------------------------------------------------------------------    -------------------
                         FDRE (Prop_fdre_C_Q)         0.478     1.451 r  dots_reg[23][1]/Q
                         net (fo=1, unplaced)         0.965     2.416    dots_reg[23]__0[1]
                         LUT6 (Prop_lut6_I0_O)        0.295     2.711 r  dmax[1]_P_i_7/O
                         net (fo=1, unplaced)         0.000     2.711    dmax[1]_P_i_7_n_0
                         MUXF7 (Prop_muxf7_I1_O)      0.247     2.958 r  dmax_reg[1]_P_i_3/O
                         net (fo=1, unplaced)         0.735     3.693    dmax_reg[1]_P_i_3_n_0
                         LUT5 (Prop_lut5_I0_O)        0.298     3.991 r  dmax[1]_P_i_2/O
                         net (fo=7, unplaced)         0.484     4.475    dots[1]
                         LUT2 (Prop_lut2_I0_O)        0.124     4.599 r  elut[0][13]_i_14/O
                         net (fo=1, unplaced)         0.000     4.599    elut[0][13]_i_14_n_0
                         CARRY4 (Prop_carry4_S[1]_CO[3])
                                                      0.533     5.132 r  elut_reg[0][13]_i_9/CO[3]
                         net (fo=1, unplaced)         0.000     5.132    elut_reg[0][13]_i_9_n_0
                         CARRY4 (Prop_carry4_CI_CO[3])
                                                      0.117     5.249 r  elut_reg[0][12]_i_35/CO[3]
                         net (fo=1, unplaced)         0.000     5.249    elut_reg[0][12]_i_35_n_0
                         CARRY4 (Prop_carry4_CI_CO[3])
                                                      0.117     5.366 r  elut_reg[0][12]_i_34/CO[3]
                         net (fo=1, unplaced)         0.000     5.366    elut_reg[0][12]_i_34_n_0
                         CARRY4 (Prop_carry4_CI_CO[3])
                                                      0.117     5.483 r  elut_reg[0][14]_i_90/CO[3]
                         net (fo=1, unplaced)         0.000     5.483    elut_reg[0][14]_i_90_n_0
                         CARRY4 (Prop_carry4_CI_CO[3])
                                                      0.117     5.600 r  elut_reg[0][14]_i_91/CO[3]
                         net (fo=1, unplaced)         0.000     5.600    elut_reg[0][14]_i_91_n_0
                         CARRY4 (Prop_carry4_CI_O[2])
                                                      0.256     5.856 f  elut_reg[0][14]_i_61/O[2]
                         net (fo=3, unplaced)         0.470     6.326    p_0_in__1[22]
                         LUT1 (Prop_lut1_I0_O)        0.301     6.627 r  elut[0][14]_i_115/O
                         net (fo=1, unplaced)         0.000     6.627    elut[0][14]_i_115_n_0
                         CARRY4 (Prop_carry4_S[1]_CO[3])
                                                      0.533     7.160 r  elut_reg[0][14]_i_81/CO[3]
                         net (fo=1, unplaced)         0.000     7.160    elut_reg[0][14]_i_81_n_0
                         CARRY4 (Prop_carry4_CI_O[1])
                                                      0.337     7.497 r  elut_reg[0][14]_i_50/O[1]
                         net (fo=4, unplaced)         0.635     8.132    elut_reg[0][14]_i_50_n_6
                         LUT2 (Prop_lut2_I0_O)        0.332     8.464 r  elut[0][12]_i_17/O
                         net (fo=1, unplaced)         0.000     8.464    elut[0][12]_i_17_n_0
                         CARRY4 (Prop_carry4_DI[0]_CO[2])
                                                      0.616     9.080 f  elut_reg[0][12]_i_5/CO[2]
                         net (fo=212, unplaced)       0.570     9.650    elut_reg[0][12]_i_5_n_1
                         LUT3 (Prop_lut3_I1_O)        0.310     9.960 r  elut[0][12]_i_25/O
                         net (fo=165, unplaced)       1.053    11.013    elut[0][12]_i_25_n_0
                         LUT5 (Prop_lut5_I0_O)        0.124    11.137 r  elut[0][0]_i_120/O
                         net (fo=1, unplaced)         0.000    11.137    elut[0][0]_i_120_n_0
                         MUXF7 (Prop_muxf7_I1_O)      0.247    11.384 r  elut_reg[0][0]_i_43/O
                         net (fo=1, unplaced)         0.735    12.119    elut_reg[0][0]_i_43_n_0
                         LUT6 (Prop_lut6_I0_O)        0.298    12.417 r  elut[0][0]_i_16/O
                         net (fo=1, unplaced)         0.000    12.417    elut[0][0]_i_16_n_0
                         MUXF7 (Prop_muxf7_I1_O)      0.247    12.664 r  elut_reg[0][0]_i_6/O
                         net (fo=1, unplaced)         0.735    13.399    elut_reg[0][0]_i_6_n_0
                         LUT6 (Prop_lut6_I1_O)        0.298    13.697 r  elut[0][0]_i_3/O
                         net (fo=1, unplaced)         0.000    13.697    elut[0][0]_i_3_n_0
                         MUXF7 (Prop_muxf7_I0_O)      0.241    13.938 r  elut_reg[0][0]_i_2/O
                         net (fo=1, unplaced)         0.452    14.390    elut_reg[0][0]_i_2_n_0
                         LUT2 (Prop_lut2_I0_O)        0.298    14.688 r  elut[0][0]_i_1/O
                         net (fo=24, unplaced)        0.000    14.688    elut[0][0]_i_1_n_0
                         FDRE                                         r  elut_reg[18][0]/D
  -------------------------------------------------------------------    -------------------

                         (clock clk rise edge)       10.000    10.000 r  <hidden>
                                                      0.000    10.000 r  clk
                         net (fo=43278, unset)        0.924    10.924    clk
                         FDRE                                         r  elut_reg[18][0]/C
                         clock pessimism              0.000    10.924    <hidden>
                         clock uncertainty           -0.035    10.889    <hidden>
                         FDRE (Setup_fdre_C_D)        0.044    10.933    elut_reg[18][0]
  -------------------------------------------------------------------
                         required time                         10.933    <hidden>
                         arrival time                         -14.688    <hidden>
  -------------------------------------------------------------------
                         slack                                 -3.755    <hidden>

Slack (VIOLATED) :        -3.755ns  (required time - arrival time)
  Source:                 dots_reg[23][1]/C
                            (rising edge-triggered cell FDRE clocked by clk  {rise@0.000ns fall@5.000ns period=10.000ns})
  Destination:            elut_reg[19][0]/D
                            (rising edge-triggered cell FDRE clocked by clk  {rise@0.000ns fall@5.000ns period=10.000ns})
  Path Group:             clk
  Path Type:              Setup (Max at Slow Process Corner)
  Requirement:            10.000ns  (clk rise@10.000ns - clk rise@0.000ns)
  Data Path Delay:        13.715ns  (logic 6.881ns (50.171%)  route 6.834ns (49.829%))
  Logic Levels:           23  (CARRY4=9 LUT1=1 LUT2=3 LUT3=1 LUT5=2 LUT6=3 MUXF7=4)
  Clock Path Skew:        -0.049ns (DCD - SCD + CPR)
    Destination Clock Delay (DCD):    0.924ns = ( 10.924 - 10.000 ) 
    Source Clock Delay      (SCD):    0.973ns
    Clock Pessimism Removal (CPR):    0.000ns
  Clock Uncertainty:      0.035ns  ((TSJ^2 + TIJ^2)^1/2 + DJ) / 2 + PE
    Total System Jitter     (TSJ):    0.071ns
    Total Input Jitter      (TIJ):    0.000ns
    Discrete Jitter          (DJ):    0.000ns
    Phase Error              (PE):    0.000ns

    Location             Delay type                Incr(ns)  Path(ns)    Netlist Resource(s)
  -------------------------------------------------------------------    -------------------
                         (clock clk rise edge)        0.000     0.000 r  <hidden>
                                                      0.000     0.000 r  clk
                         net (fo=43278, unset)        0.973     0.973    clk
                         FDRE                                         r  dots_reg[23][1]/C
  -------------------------------------------------------------------    -------------------
                         FDRE (Prop_fdre_C_Q)         0.478     1.451 r  dots_reg[23][1]/Q
                         net (fo=1, unplaced)         0.965     2.416    dots_reg[23]__0[1]
                         LUT6 (Prop_lut6_I0_O)        0.295     2.711 r  dmax[1]_P_i_7/O
                         net (fo=1, unplaced)         0.000     2.711    dmax[1]_P_i_7_n_0
                         MUXF7 (Prop_muxf7_I1_O)      0.247     2.958 r  dmax_reg[1]_P_i_3/O
                         net (fo=1, unplaced)         0.735     3.693    dmax_reg[1]_P_i_3_n_0
                         LUT5 (Prop_lut5_I0_O)        0.298     3.991 r  dmax[1]_P_i_2/O
                         net (fo=7, unplaced)         0.484     4.475    dots[1]
                         LUT2 (Prop_lut2_I0_O)        0.124     4.599 r  elut[0][13]_i_14/O
                         net (fo=1, unplaced)         0.000     4.599    elut[0][13]_i_14_n_0
                         CARRY4 (Prop_carry4_S[1]_CO[3])
                                                      0.533     5.132 r  elut_reg[0][13]_i_9/CO[3]
                         net (fo=1, unplaced)         0.000     5.132    elut_reg[0][13]_i_9_n_0
                         CARRY4 (Prop_carry4_CI_CO[3])
                                                      0.117     5.249 r  elut_reg[0][12]_i_35/CO[3]
                         net (fo=1, unplaced)         0.000     5.249    elut_reg[0][12]_i_35_n_0
                         CARRY4 (Prop_carry4_CI_CO[3])
                                                      0.117     5.366 r  elut_reg[0][12]_i_34/CO[3]
                         net (fo=1, unplaced)         0.000     5.366    elut_reg[0][12]_i_34_n_0
                         CARRY4 (Prop_carry4_CI_CO[3])
                                                      0.117     5.483 r  elut_reg[0][14]_i_90/CO[3]
                         net (fo=1, unplaced)         0.000     5.483    elut_reg[0][14]_i_90_n_0
                         CARRY4 (Prop_carry4_CI_CO[3])
                                                      0.117     5.600 r  elut_reg[0][14]_i_91/CO[3]
                         net (fo=1, unplaced)         0.000     5.600    elut_reg[0][14]_i_91_n_0
                         CARRY4 (Prop_carry4_CI_O[2])
                                                      0.256     5.856 f  elut_reg[0][14]_i_61/O[2]
                         net (fo=3, unplaced)         0.470     6.326    p_0_in__1[22]
                         LUT1 (Prop_lut1_I0_O)        0.301     6.627 r  elut[0][14]_i_115/O
                         net (fo=1, unplaced)         0.000     6.627    elut[0][14]_i_115_n_0
                         CARRY4 (Prop_carry4_S[1]_CO[3])
                                                      0.533     7.160 r  elut_reg[0][14]_i_81/CO[3]
                         net (fo=1, unplaced)         0.000     7.160    elut_reg[0][14]_i_81_n_0
                         CARRY4 (Prop_carry4_CI_O[1])
                                                      0.337     7.497 r  elut_reg[0][14]_i_50/O[1]
                         net (fo=4, unplaced)         0.635     8.132    elut_reg[0][14]_i_50_n_6
                         LUT2 (Prop_lut2_I0_O)        0.332     8.464 r  elut[0][12]_i_17/O
                         net (fo=1, unplaced)         0.000     8.464    elut[0][12]_i_17_n_0
                         CARRY4 (Prop_carry4_DI[0]_CO[2])
                                                      0.616     9.080 f  elut_reg[0][12]_i_5/CO[2]
                         net (fo=212, unplaced)       0.570     9.650    elut_reg[0][12]_i_5_n_1
                         LUT3 (Prop_lut3_I1_O)        0.310     9.960 r  elut[0][12]_i_25/O
                         net (fo=165, unplaced)       1.053    11.013    elut[0][12]_i_25_n_0
                         LUT5 (Prop_lut5_I0_O)        0.124    11.137 r  elut[0][0]_i_120/O
                         net (fo=1, unplaced)         0.000    11.137    elut[0][0]_i_120_n_0
                         MUXF7 (Prop_muxf7_I1_O)      0.247    11.384 r  elut_reg[0][0]_i_43/O
                         net (fo=1, unplaced)         0.735    12.119    elut_reg[0][0]_i_43_n_0
                         LUT6 (Prop_lut6_I0_O)        0.298    12.417 r  elut[0][0]_i_16/O
                         net (fo=1, unplaced)         0.000    12.417    elut[0][0]_i_16_n_0
                         MUXF7 (Prop_muxf7_I1_O)      0.247    12.664 r  elut_reg[0][0]_i_6/O
                         net (fo=1, unplaced)         0.735    13.399    elut_reg[0][0]_i_6_n_0
                         LUT6 (Prop_lut6_I1_O)        0.298    13.697 r  elut[0][0]_i_3/O
                         net (fo=1, unplaced)         0.000    13.697    elut[0][0]_i_3_n_0
                         MUXF7 (Prop_muxf7_I0_O)      0.241    13.938 r  elut_reg[0][0]_i_2/O
                         net (fo=1, unplaced)         0.452    14.390    elut_reg[0][0]_i_2_n_0
                         LUT2 (Prop_lut2_I0_O)        0.298    14.688 r  elut[0][0]_i_1/O
                         net (fo=24, unplaced)        0.000    14.688    elut[0][0]_i_1_n_0
                         FDRE                                         r  elut_reg[19][0]/D
  -------------------------------------------------------------------    -------------------

                         (clock clk rise edge)       10.000    10.000 r  <hidden>
                                                      0.000    10.000 r  clk
                         net (fo=43278, unset)        0.924    10.924    clk
                         FDRE                                         r  elut_reg[19][0]/C
                         clock pessimism              0.000    10.924    <hidden>
                         clock uncertainty           -0.035    10.889    <hidden>
                         FDRE (Setup_fdre_C_D)        0.044    10.933    elut_reg[19][0]
  -------------------------------------------------------------------
                         required time                         10.933    <hidden>
                         arrival time                         -14.688    <hidden>
  -------------------------------------------------------------------
                         slack                                 -3.755    <hidden>

Slack (VIOLATED) :        -3.755ns  (required time - arrival time)
  Source:                 dots_reg[23][1]/C
                            (rising edge-triggered cell FDRE clocked by clk  {rise@0.000ns fall@5.000ns period=10.000ns})
  Destination:            elut_reg[1][0]/D
                            (rising edge-triggered cell FDRE clocked by clk  {rise@0.000ns fall@5.000ns period=10.000ns})
  Path Group:             clk
  Path Type:              Setup (Max at Slow Process Corner)
  Requirement:            10.000ns  (clk rise@10.000ns - clk rise@0.000ns)
  Data Path Delay:        13.715ns  (logic 6.881ns (50.171%)  route 6.834ns (49.829%))
  Logic Levels:           23  (CARRY4=9 LUT1=1 LUT2=3 LUT3=1 LUT5=2 LUT6=3 MUXF7=4)
  Clock Path Skew:        -0.049ns (DCD - SCD + CPR)
    Destination Clock Delay (DCD):    0.924ns = ( 10.924 - 10.000 ) 
    Source Clock Delay      (SCD):    0.973ns
    Clock Pessimism Removal (CPR):    0.000ns
  Clock Uncertainty:      0.035ns  ((TSJ^2 + TIJ^2)^1/2 + DJ) / 2 + PE
    Total System Jitter     (TSJ):    0.071ns
    Total Input Jitter      (TIJ):    0.000ns
    Discrete Jitter          (DJ):    0.000ns
    Phase Error              (PE):    0.000ns

    Location             Delay type                Incr(ns)  Path(ns)    Netlist Resource(s)
  -------------------------------------------------------------------    -------------------
                         (clock clk rise edge)        0.000     0.000 r  <hidden>
                                                      0.000     0.000 r  clk
                         net (fo=43278, unset)        0.973     0.973    clk
                         FDRE                                         r  dots_reg[23][1]/C
  -------------------------------------------------------------------    -------------------
                         FDRE (Prop_fdre_C_Q)         0.478     1.451 r  dots_reg[23][1]/Q
                         net (fo=1, unplaced)         0.965     2.416    dots_reg[23]__0[1]
                         LUT6 (Prop_lut6_I0_O)        0.295     2.711 r  dmax[1]_P_i_7/O
                         net (fo=1, unplaced)         0.000     2.711    dmax[1]_P_i_7_n_0
                         MUXF7 (Prop_muxf7_I1_O)      0.247     2.958 r  dmax_reg[1]_P_i_3/O
                         net (fo=1, unplaced)         0.735     3.693    dmax_reg[1]_P_i_3_n_0
                         LUT5 (Prop_lut5_I0_O)        0.298     3.991 r  dmax[1]_P_i_2/O
                         net (fo=7, unplaced)         0.484     4.475    dots[1]
                         LUT2 (Prop_lut2_I0_O)        0.124     4.599 r  elut[0][13]_i_14/O
                         net (fo=1, unplaced)         0.000     4.599    elut[0][13]_i_14_n_0
                         CARRY4 (Prop_carry4_S[1]_CO[3])
                                                      0.533     5.132 r  elut_reg[0][13]_i_9/CO[3]
                         net (fo=1, unplaced)         0.000     5.132    elut_reg[0][13]_i_9_n_0
                         CARRY4 (Prop_carry4_CI_CO[3])
                                                      0.117     5.249 r  elut_reg[0][12]_i_35/CO[3]
                         net (fo=1, unplaced)         0.000     5.249    elut_reg[0][12]_i_35_n_0
                         CARRY4 (Prop_carry4_CI_CO[3])
                                                      0.117     5.366 r  elut_reg[0][12]_i_34/CO[3]
                         net (fo=1, unplaced)         0.000     5.366    elut_reg[0][12]_i_34_n_0
                         CARRY4 (Prop_carry4_CI_CO[3])
                                                      0.117     5.483 r  elut_reg[0][14]_i_90/CO[3]
                         net (fo=1, unplaced)         0.000     5.483    elut_reg[0][14]_i_90_n_0
                         CARRY4 (Prop_carry4_CI_CO[3])
                                                      0.117     5.600 r  elut_reg[0][14]_i_91/CO[3]
                         net (fo=1, unplaced)         0.000     5.600    elut_reg[0][14]_i_91_n_0
                         CARRY4 (Prop_carry4_CI_O[2])
                                                      0.256     5.856 f  elut_reg[0][14]_i_61/O[2]
                         net (fo=3, unplaced)         0.470     6.326    p_0_in__1[22]
                         LUT1 (Prop_lut1_I0_O)        0.301     6.627 r  elut[0][14]_i_115/O
                         net (fo=1, unplaced)         0.000     6.627    elut[0][14]_i_115_n_0
                         CARRY4 (Prop_carry4_S[1]_CO[3])
                                                      0.533     7.160 r  elut_reg[0][14]_i_81/CO[3]
                         net (fo=1, unplaced)         0.000     7.160    elut_reg[0][14]_i_81_n_0
                         CARRY4 (Prop_carry4_CI_O[1])
                                                      0.337     7.497 r  elut_reg[0][14]_i_50/O[1]
                         net (fo=4, unplaced)         0.635     8.132    elut_reg[0][14]_i_50_n_6
                         LUT2 (Prop_lut2_I0_O)        0.332     8.464 r  elut[0][12]_i_17/O
                         net (fo=1, unplaced)         0.000     8.464    elut[0][12]_i_17_n_0
                         CARRY4 (Prop_carry4_DI[0]_CO[2])
                                                      0.616     9.080 f  elut_reg[0][12]_i_5/CO[2]
                         net (fo=212, unplaced)       0.570     9.650    elut_reg[0][12]_i_5_n_1
                         LUT3 (Prop_lut3_I1_O)        0.310     9.960 r  elut[0][12]_i_25/O
                         net (fo=165, unplaced)       1.053    11.013    elut[0][12]_i_25_n_0
                         LUT5 (Prop_lut5_I0_O)        0.124    11.137 r  elut[0][0]_i_120/O
                         net (fo=1, unplaced)         0.000    11.137    elut[0][0]_i_120_n_0
                         MUXF7 (Prop_muxf7_I1_O)      0.247    11.384 r  elut_reg[0][0]_i_43/O
                         net (fo=1, unplaced)         0.735    12.119    elut_reg[0][0]_i_43_n_0
                         LUT6 (Prop_lut6_I0_O)        0.298    12.417 r  elut[0][0]_i_16/O
                         net (fo=1, unplaced)         0.000    12.417    elut[0][0]_i_16_n_0
                         MUXF7 (Prop_muxf7_I1_O)      0.247    12.664 r  elut_reg[0][0]_i_6/O
                         net (fo=1, unplaced)         0.735    13.399    elut_reg[0][0]_i_6_n_0
                         LUT6 (Prop_lut6_I1_O)        0.298    13.697 r  elut[0][0]_i_3/O
                         net (fo=1, unplaced)         0.000    13.697    elut[0][0]_i_3_n_0
                         MUXF7 (Prop_muxf7_I0_O)      0.241    13.938 r  elut_reg[0][0]_i_2/O
                         net (fo=1, unplaced)         0.452    14.390    elut_reg[0][0]_i_2_n_0
                         LUT2 (Prop_lut2_I0_O)        0.298    14.688 r  elut[0][0]_i_1/O
                         net (fo=24, unplaced)        0.000    14.688    elut[0][0]_i_1_n_0
                         FDRE                                         r  elut_reg[1][0]/D
  -------------------------------------------------------------------    -------------------

                         (clock clk rise edge)       10.000    10.000 r  <hidden>
                                                      0.000    10.000 r  clk
                         net (fo=43278, unset)        0.924    10.924    clk
                         FDRE                                         r  elut_reg[1][0]/C
                         clock pessimism              0.000    10.924    <hidden>
                         clock uncertainty           -0.035    10.889    <hidden>
                         FDRE (Setup_fdre_C_D)        0.044    10.933    elut_reg[1][0]
  -------------------------------------------------------------------
                         required time                         10.933    <hidden>
                         arrival time                         -14.688    <hidden>
  -------------------------------------------------------------------
                         slack                                 -3.755    <hidden>

Slack (VIOLATED) :        -3.755ns  (required time - arrival time)
  Source:                 dots_reg[23][1]/C
                            (rising edge-triggered cell FDRE clocked by clk  {rise@0.000ns fall@5.000ns period=10.000ns})
  Destination:            elut_reg[20][0]/D
                            (rising edge-triggered cell FDRE clocked by clk  {rise@0.000ns fall@5.000ns period=10.000ns})
  Path Group:             clk
  Path Type:              Setup (Max at Slow Process Corner)
  Requirement:            10.000ns  (clk rise@10.000ns - clk rise@0.000ns)
  Data Path Delay:        13.715ns  (logic 6.881ns (50.171%)  route 6.834ns (49.829%))
  Logic Levels:           23  (CARRY4=9 LUT1=1 LUT2=3 LUT3=1 LUT5=2 LUT6=3 MUXF7=4)
  Clock Path Skew:        -0.049ns (DCD - SCD + CPR)
    Destination Clock Delay (DCD):    0.924ns = ( 10.924 - 10.000 ) 
    Source Clock Delay      (SCD):    0.973ns
    Clock Pessimism Removal (CPR):    0.000ns
  Clock Uncertainty:      0.035ns  ((TSJ^2 + TIJ^2)^1/2 + DJ) / 2 + PE
    Total System Jitter     (TSJ):    0.071ns
    Total Input Jitter      (TIJ):    0.000ns
    Discrete Jitter          (DJ):    0.000ns
    Phase Error              (PE):    0.000ns

    Location             Delay type                Incr(ns)  Path(ns)    Netlist Resource(s)
  -------------------------------------------------------------------    -------------------
                         (clock clk rise edge)        0.000     0.000 r  <hidden>
                                                      0.000     0.000 r  clk
                         net (fo=43278, unset)        0.973     0.973    clk
                         FDRE                                         r  dots_reg[23][1]/C
  -------------------------------------------------------------------    -------------------
                         FDRE (Prop_fdre_C_Q)         0.478     1.451 r  dots_reg[23][1]/Q
                         net (fo=1, unplaced)         0.965     2.416    dots_reg[23]__0[1]
                         LUT6 (Prop_lut6_I0_O)        0.295     2.711 r  dmax[1]_P_i_7/O
                         net (fo=1, unplaced)         0.000     2.711    dmax[1]_P_i_7_n_0
                         MUXF7 (Prop_muxf7_I1_O)      0.247     2.958 r  dmax_reg[1]_P_i_3/O
                         net (fo=1, unplaced)         0.735     3.693    dmax_reg[1]_P_i_3_n_0
                         LUT5 (Prop_lut5_I0_O)        0.298     3.991 r  dmax[1]_P_i_2/O
                         net (fo=7, unplaced)         0.484     4.475    dots[1]
                         LUT2 (Prop_lut2_I0_O)        0.124     4.599 r  elut[0][13]_i_14/O
                         net (fo=1, unplaced)         0.000     4.599    elut[0][13]_i_14_n_0
                         CARRY4 (Prop_carry4_S[1]_CO[3])
                                                      0.533     5.132 r  elut_reg[0][13]_i_9/CO[3]
                         net (fo=1, unplaced)         0.000     5.132    elut_reg[0][13]_i_9_n_0
                         CARRY4 (Prop_carry4_CI_CO[3])
                                                      0.117     5.249 r  elut_reg[0][12]_i_35/CO[3]
                         net (fo=1, unplaced)         0.000     5.249    elut_reg[0][12]_i_35_n_0
                         CARRY4 (Prop_carry4_CI_CO[3])
                                                      0.117     5.366 r  elut_reg[0][12]_i_34/CO[3]
                         net (fo=1, unplaced)         0.000     5.366    elut_reg[0][12]_i_34_n_0
                         CARRY4 (Prop_carry4_CI_CO[3])
                                                      0.117     5.483 r  elut_reg[0][14]_i_90/CO[3]
                         net (fo=1, unplaced)         0.000     5.483    elut_reg[0][14]_i_90_n_0
                         CARRY4 (Prop_carry4_CI_CO[3])
                                                      0.117     5.600 r  elut_reg[0][14]_i_91/CO[3]
                         net (fo=1, unplaced)         0.000     5.600    elut_reg[0][14]_i_91_n_0
                         CARRY4 (Prop_carry4_CI_O[2])
                                                      0.256     5.856 f  elut_reg[0][14]_i_61/O[2]
                         net (fo=3, unplaced)         0.470     6.326    p_0_in__1[22]
                         LUT1 (Prop_lut1_I0_O)        0.301     6.627 r  elut[0][14]_i_115/O
                         net (fo=1, unplaced)         0.000     6.627    elut[0][14]_i_115_n_0
                         CARRY4 (Prop_carry4_S[1]_CO[3])
                                                      0.533     7.160 r  elut_reg[0][14]_i_81/CO[3]
                         net (fo=1, unplaced)         0.000     7.160    elut_reg[0][14]_i_81_n_0
                         CARRY4 (Prop_carry4_CI_O[1])
                                                      0.337     7.497 r  elut_reg[0][14]_i_50/O[1]
                         net (fo=4, unplaced)         0.635     8.132    elut_reg[0][14]_i_50_n_6
                         LUT2 (Prop_lut2_I0_O)        0.332     8.464 r  elut[0][12]_i_17/O
                         net (fo=1, unplaced)         0.000     8.464    elut[0][12]_i_17_n_0
                         CARRY4 (Prop_carry4_DI[0]_CO[2])
                                                      0.616     9.080 f  elut_reg[0][12]_i_5/CO[2]
                         net (fo=212, unplaced)       0.570     9.650    elut_reg[0][12]_i_5_n_1
                         LUT3 (Prop_lut3_I1_O)        0.310     9.960 r  elut[0][12]_i_25/O
                         net (fo=165, unplaced)       1.053    11.013    elut[0][12]_i_25_n_0
                         LUT5 (Prop_lut5_I0_O)        0.124    11.137 r  elut[0][0]_i_120/O
                         net (fo=1, unplaced)         0.000    11.137    elut[0][0]_i_120_n_0
                         MUXF7 (Prop_muxf7_I1_O)      0.247    11.384 r  elut_reg[0][0]_i_43/O
                         net (fo=1, unplaced)         0.735    12.119    elut_reg[0][0]_i_43_n_0
                         LUT6 (Prop_lut6_I0_O)        0.298    12.417 r  elut[0][0]_i_16/O
                         net (fo=1, unplaced)         0.000    12.417    elut[0][0]_i_16_n_0
                         MUXF7 (Prop_muxf7_I1_O)      0.247    12.664 r  elut_reg[0][0]_i_6/O
                         net (fo=1, unplaced)         0.735    13.399    elut_reg[0][0]_i_6_n_0
                         LUT6 (Prop_lut6_I1_O)        0.298    13.697 r  elut[0][0]_i_3/O
                         net (fo=1, unplaced)         0.000    13.697    elut[0][0]_i_3_n_0
                         MUXF7 (Prop_muxf7_I0_O)      0.241    13.938 r  elut_reg[0][0]_i_2/O
                         net (fo=1, unplaced)         0.452    14.390    elut_reg[0][0]_i_2_n_0
                         LUT2 (Prop_lut2_I0_O)        0.298    14.688 r  elut[0][0]_i_1/O
                         net (fo=24, unplaced)        0.000    14.688    elut[0][0]_i_1_n_0
                         FDRE                                         r  elut_reg[20][0]/D
  -------------------------------------------------------------------    -------------------

                         (clock clk rise edge)       10.000    10.000 r  <hidden>
                                                      0.000    10.000 r  clk
                         net (fo=43278, unset)        0.924    10.924    clk
                         FDRE                                         r  elut_reg[20][0]/C
                         clock pessimism              0.000    10.924    <hidden>
                         clock uncertainty           -0.035    10.889    <hidden>
                         FDRE (Setup_fdre_C_D)        0.044    10.933    elut_reg[20][0]
  -------------------------------------------------------------------
                         required time                         10.933    <hidden>
                         arrival time                         -14.688    <hidden>
  -------------------------------------------------------------------
                         slack                                 -3.755    <hidden>

Slack (VIOLATED) :        -3.755ns  (required time - arrival time)
  Source:                 dots_reg[23][1]/C
                            (rising edge-triggered cell FDRE clocked by clk  {rise@0.000ns fall@5.000ns period=10.000ns})
  Destination:            elut_reg[21][0]/D
                            (rising edge-triggered cell FDRE clocked by clk  {rise@0.000ns fall@5.000ns period=10.000ns})
  Path Group:             clk
  Path Type:              Setup (Max at Slow Process Corner)
  Requirement:            10.000ns  (clk rise@10.000ns - clk rise@0.000ns)
  Data Path Delay:        13.715ns  (logic 6.881ns (50.171%)  route 6.834ns (49.829%))
  Logic Levels:           23  (CARRY4=9 LUT1=1 LUT2=3 LUT3=1 LUT5=2 LUT6=3 MUXF7=4)
  Clock Path Skew:        -0.049ns (DCD - SCD + CPR)
    Destination Clock Delay (DCD):    0.924ns = ( 10.924 - 10.000 ) 
    Source Clock Delay      (SCD):    0.973ns
    Clock Pessimism Removal (CPR):    0.000ns
  Clock Uncertainty:      0.035ns  ((TSJ^2 + TIJ^2)^1/2 + DJ) / 2 + PE
    Total System Jitter     (TSJ):    0.071ns
    Total Input Jitter      (TIJ):    0.000ns
    Discrete Jitter          (DJ):    0.000ns
    Phase Error              (PE):    0.000ns

    Location             Delay type                Incr(ns)  Path(ns)    Netlist Resource(s)
  -------------------------------------------------------------------    -------------------
                         (clock clk rise edge)        0.000     0.000 r  <hidden>
                                                      0.000     0.000 r  clk
                         net (fo=43278, unset)        0.973     0.973    clk
                         FDRE                                         r  dots_reg[23][1]/C
  -------------------------------------------------------------------    -------------------
                         FDRE (Prop_fdre_C_Q)         0.478     1.451 r  dots_reg[23][1]/Q
                         net (fo=1, unplaced)         0.965     2.416    dots_reg[23]__0[1]
                         LUT6 (Prop_lut6_I0_O)        0.295     2.711 r  dmax[1]_P_i_7/O
                         net (fo=1, unplaced)         0.000     2.711    dmax[1]_P_i_7_n_0
                         MUXF7 (Prop_muxf7_I1_O)      0.247     2.958 r  dmax_reg[1]_P_i_3/O
                         net (fo=1, unplaced)         0.735     3.693    dmax_reg[1]_P_i_3_n_0
                         LUT5 (Prop_lut5_I0_O)        0.298     3.991 r  dmax[1]_P_i_2/O
                         net (fo=7, unplaced)         0.484     4.475    dots[1]
                         LUT2 (Prop_lut2_I0_O)        0.124     4.599 r  elut[0][13]_i_14/O
                         net (fo=1, unplaced)         0.000     4.599    elut[0][13]_i_14_n_0
                         CARRY4 (Prop_carry4_S[1]_CO[3])
                                                      0.533     5.132 r  elut_reg[0][13]_i_9/CO[3]
                         net (fo=1, unplaced)         0.000     5.132    elut_reg[0][13]_i_9_n_0
                         CARRY4 (Prop_carry4_CI_CO[3])
                                                      0.117     5.249 r  elut_reg[0][12]_i_35/CO[3]
                         net (fo=1, unplaced)         0.000     5.249    elut_reg[0][12]_i_35_n_0
                         CARRY4 (Prop_carry4_CI_CO[3])
                                                      0.117     5.366 r  elut_reg[0][12]_i_34/CO[3]
                         net (fo=1, unplaced)         0.000     5.366    elut_reg[0][12]_i_34_n_0
                         CARRY4 (Prop_carry4_CI_CO[3])
                                                      0.117     5.483 r  elut_reg[0][14]_i_90/CO[3]
                         net (fo=1, unplaced)         0.000     5.483    elut_reg[0][14]_i_90_n_0
                         CARRY4 (Prop_carry4_CI_CO[3])
                                                      0.117     5.600 r  elut_reg[0][14]_i_91/CO[3]
                         net (fo=1, unplaced)         0.000     5.600    elut_reg[0][14]_i_91_n_0
                         CARRY4 (Prop_carry4_CI_O[2])
                                                      0.256     5.856 f  elut_reg[0][14]_i_61/O[2]
                         net (fo=3, unplaced)         0.470     6.326    p_0_in__1[22]
                         LUT1 (Prop_lut1_I0_O)        0.301     6.627 r  elut[0][14]_i_115/O
                         net (fo=1, unplaced)         0.000     6.627    elut[0][14]_i_115_n_0
                         CARRY4 (Prop_carry4_S[1]_CO[3])
                                                      0.533     7.160 r  elut_reg[0][14]_i_81/CO[3]
                         net (fo=1, unplaced)         0.000     7.160    elut_reg[0][14]_i_81_n_0
                         CARRY4 (Prop_carry4_CI_O[1])
                                                      0.337     7.497 r  elut_reg[0][14]_i_50/O[1]
                         net (fo=4, unplaced)         0.635     8.132    elut_reg[0][14]_i_50_n_6
                         LUT2 (Prop_lut2_I0_O)        0.332     8.464 r  elut[0][12]_i_17/O
                         net (fo=1, unplaced)         0.000     8.464    elut[0][12]_i_17_n_0
                         CARRY4 (Prop_carry4_DI[0]_CO[2])
                                                      0.616     9.080 f  elut_reg[0][12]_i_5/CO[2]
                         net (fo=212, unplaced)       0.570     9.650    elut_reg[0][12]_i_5_n_1
                         LUT3 (Prop_lut3_I1_O)        0.310     9.960 r  elut[0][12]_i_25/O
                         net (fo=165, unplaced)       1.053    11.013    elut[0][12]_i_25_n_0
                         LUT5 (Prop_lut5_I0_O)        0.124    11.137 r  elut[0][0]_i_120/O
                         net (fo=1, unplaced)         0.000    11.137    elut[0][0]_i_120_n_0
                         MUXF7 (Prop_muxf7_I1_O)      0.247    11.384 r  elut_reg[0][0]_i_43/O
                         net (fo=1, unplaced)         0.735    12.119    elut_reg[0][0]_i_43_n_0
                         LUT6 (Prop_lut6_I0_O)        0.298    12.417 r  elut[0][0]_i_16/O
                         net (fo=1, unplaced)         0.000    12.417    elut[0][0]_i_16_n_0
                         MUXF7 (Prop_muxf7_I1_O)      0.247    12.664 r  elut_reg[0][0]_i_6/O
                         net (fo=1, unplaced)         0.735    13.399    elut_reg[0][0]_i_6_n_0
                         LUT6 (Prop_lut6_I1_O)        0.298    13.697 r  elut[0][0]_i_3/O
                         net (fo=1, unplaced)         0.000    13.697    elut[0][0]_i_3_n_0
                         MUXF7 (Prop_muxf7_I0_O)      0.241    13.938 r  elut_reg[0][0]_i_2/O
                         net (fo=1, unplaced)         0.452    14.390    elut_reg[0][0]_i_2_n_0
                         LUT2 (Prop_lut2_I0_O)        0.298    14.688 r  elut[0][0]_i_1/O
                         net (fo=24, unplaced)        0.000    14.688    elut[0][0]_i_1_n_0
                         FDRE                                         r  elut_reg[21][0]/D
  -------------------------------------------------------------------    -------------------

                         (clock clk rise edge)       10.000    10.000 r  <hidden>
                                                      0.000    10.000 r  clk
                         net (fo=43278, unset)        0.924    10.924    clk
                         FDRE                                         r  elut_reg[21][0]/C
                         clock pessimism              0.000    10.924    <hidden>
                         clock uncertainty           -0.035    10.889    <hidden>
                         FDRE (Setup_fdre_C_D)        0.044    10.933    elut_reg[21][0]
  -------------------------------------------------------------------
                         required time                         10.933    <hidden>
                         arrival time                         -14.688    <hidden>
  -------------------------------------------------------------------
                         slack                                 -3.755    <hidden>

Slack (VIOLATED) :        -3.755ns  (required time - arrival time)
  Source:                 dots_reg[23][1]/C
                            (rising edge-triggered cell FDRE clocked by clk  {rise@0.000ns fall@5.000ns period=10.000ns})
  Destination:            elut_reg[22][0]/D
                            (rising edge-triggered cell FDRE clocked by clk  {rise@0.000ns fall@5.000ns period=10.000ns})
  Path Group:             clk
  Path Type:              Setup (Max at Slow Process Corner)
  Requirement:            10.000ns  (clk rise@10.000ns - clk rise@0.000ns)
  Data Path Delay:        13.715ns  (logic 6.881ns (50.171%)  route 6.834ns (49.829%))
  Logic Levels:           23  (CARRY4=9 LUT1=1 LUT2=3 LUT3=1 LUT5=2 LUT6=3 MUXF7=4)
  Clock Path Skew:        -0.049ns (DCD - SCD + CPR)
    Destination Clock Delay (DCD):    0.924ns = ( 10.924 - 10.000 ) 
    Source Clock Delay      (SCD):    0.973ns
    Clock Pessimism Removal (CPR):    0.000ns
  Clock Uncertainty:      0.035ns  ((TSJ^2 + TIJ^2)^1/2 + DJ) / 2 + PE
    Total System Jitter     (TSJ):    0.071ns
    Total Input Jitter      (TIJ):    0.000ns
    Discrete Jitter          (DJ):    0.000ns
    Phase Error              (PE):    0.000ns

    Location             Delay type                Incr(ns)  Path(ns)    Netlist Resource(s)
  -------------------------------------------------------------------    -------------------
                         (clock clk rise edge)        0.000     0.000 r  <hidden>
                                                      0.000     0.000 r  clk
                         net (fo=43278, unset)        0.973     0.973    clk
                         FDRE                                         r  dots_reg[23][1]/C
  -------------------------------------------------------------------    -------------------
                         FDRE (Prop_fdre_C_Q)         0.478     1.451 r  dots_reg[23][1]/Q
                         net (fo=1, unplaced)         0.965     2.416    dots_reg[23]__0[1]
                         LUT6 (Prop_lut6_I0_O)        0.295     2.711 r  dmax[1]_P_i_7/O
                         net (fo=1, unplaced)         0.000     2.711    dmax[1]_P_i_7_n_0
                         MUXF7 (Prop_muxf7_I1_O)      0.247     2.958 r  dmax_reg[1]_P_i_3/O
                         net (fo=1, unplaced)         0.735     3.693    dmax_reg[1]_P_i_3_n_0
                         LUT5 (Prop_lut5_I0_O)        0.298     3.991 r  dmax[1]_P_i_2/O
                         net (fo=7, unplaced)         0.484     4.475    dots[1]
                         LUT2 (Prop_lut2_I0_O)        0.124     4.599 r  elut[0][13]_i_14/O
                         net (fo=1, unplaced)         0.000     4.599    elut[0][13]_i_14_n_0
                         CARRY4 (Prop_carry4_S[1]_CO[3])
                                                      0.533     5.132 r  elut_reg[0][13]_i_9/CO[3]
                         net (fo=1, unplaced)         0.000     5.132    elut_reg[0][13]_i_9_n_0
                         CARRY4 (Prop_carry4_CI_CO[3])
                                                      0.117     5.249 r  elut_reg[0][12]_i_35/CO[3]
                         net (fo=1, unplaced)         0.000     5.249    elut_reg[0][12]_i_35_n_0
                         CARRY4 (Prop_carry4_CI_CO[3])
                                                      0.117     5.366 r  elut_reg[0][12]_i_34/CO[3]
                         net (fo=1, unplaced)         0.000     5.366    elut_reg[0][12]_i_34_n_0
                         CARRY4 (Prop_carry4_CI_CO[3])
                                                      0.117     5.483 r  elut_reg[0][14]_i_90/CO[3]
                         net (fo=1, unplaced)         0.000     5.483    elut_reg[0][14]_i_90_n_0
                         CARRY4 (Prop_carry4_CI_CO[3])
                                                      0.117     5.600 r  elut_reg[0][14]_i_91/CO[3]
                         net (fo=1, unplaced)         0.000     5.600    elut_reg[0][14]_i_91_n_0
                         CARRY4 (Prop_carry4_CI_O[2])
                                                      0.256     5.856 f  elut_reg[0][14]_i_61/O[2]
                         net (fo=3, unplaced)         0.470     6.326    p_0_in__1[22]
                         LUT1 (Prop_lut1_I0_O)        0.301     6.627 r  elut[0][14]_i_115/O
                         net (fo=1, unplaced)         0.000     6.627    elut[0][14]_i_115_n_0
                         CARRY4 (Prop_carry4_S[1]_CO[3])
                                                      0.533     7.160 r  elut_reg[0][14]_i_81/CO[3]
                         net (fo=1, unplaced)         0.000     7.160    elut_reg[0][14]_i_81_n_0
                         CARRY4 (Prop_carry4_CI_O[1])
                                                      0.337     7.497 r  elut_reg[0][14]_i_50/O[1]
                         net (fo=4, unplaced)         0.635     8.132    elut_reg[0][14]_i_50_n_6
                         LUT2 (Prop_lut2_I0_O)        0.332     8.464 r  elut[0][12]_i_17/O
                         net (fo=1, unplaced)         0.000     8.464    elut[0][12]_i_17_n_0
                         CARRY4 (Prop_carry4_DI[0]_CO[2])
                                                      0.616     9.080 f  elut_reg[0][12]_i_5/CO[2]
                         net (fo=212, unplaced)       0.570     9.650    elut_reg[0][12]_i_5_n_1
                         LUT3 (Prop_lut3_I1_O)        0.310     9.960 r  elut[0][12]_i_25/O
                         net (fo=165, unplaced)       1.053    11.013    elut[0][12]_i_25_n_0
                         LUT5 (Prop_lut5_I0_O)        0.124    11.137 r  elut[0][0]_i_120/O
                         net (fo=1, unplaced)         0.000    11.137    elut[0][0]_i_120_n_0
                         MUXF7 (Prop_muxf7_I1_O)      0.247    11.384 r  elut_reg[0][0]_i_43/O
                         net (fo=1, unplaced)         0.735    12.119    elut_reg[0][0]_i_43_n_0
                         LUT6 (Prop_lut6_I0_O)        0.298    12.417 r  elut[0][0]_i_16/O
                         net (fo=1, unplaced)         0.000    12.417    elut[0][0]_i_16_n_0
                         MUXF7 (Prop_muxf7_I1_O)      0.247    12.664 r  elut_reg[0][0]_i_6/O
                         net (fo=1, unplaced)         0.735    13.399    elut_reg[0][0]_i_6_n_0
                         LUT6 (Prop_lut6_I1_O)        0.298    13.697 r  elut[0][0]_i_3/O
                         net (fo=1, unplaced)         0.000    13.697    elut[0][0]_i_3_n_0
                         MUXF7 (Prop_muxf7_I0_O)      0.241    13.938 r  elut_reg[0][0]_i_2/O
                         net (fo=1, unplaced)         0.452    14.390    elut_reg[0][0]_i_2_n_0
                         LUT2 (Prop_lut2_I0_O)        0.298    14.688 r  elut[0][0]_i_1/O
                         net (fo=24, unplaced)        0.000    14.688    elut[0][0]_i_1_n_0
                         FDRE                                         r  elut_reg[22][0]/D
  -------------------------------------------------------------------    -------------------

                         (clock clk rise edge)       10.000    10.000 r  <hidden>
                                                      0.000    10.000 r  clk
                         net (fo=43278, unset)        0.924    10.924    clk
                         FDRE                                         r  elut_reg[22][0]/C
                         clock pessimism              0.000    10.924    <hidden>
                         clock uncertainty           -0.035    10.889    <hidden>
                         FDRE (Setup_fdre_C_D)        0.044    10.933    elut_reg[22][0]
  -------------------------------------------------------------------
                         required time                         10.933    <hidden>
                         arrival time                         -14.688    <hidden>
  -------------------------------------------------------------------
                         slack                                 -3.755    <hidden>

Slack (VIOLATED) :        -3.755ns  (required time - arrival time)
  Source:                 dots_reg[23][1]/C
                            (rising edge-triggered cell FDRE clocked by clk  {rise@0.000ns fall@5.000ns period=10.000ns})
  Destination:            elut_reg[23][0]/D
                            (rising edge-triggered cell FDRE clocked by clk  {rise@0.000ns fall@5.000ns period=10.000ns})
  Path Group:             clk
  Path Type:              Setup (Max at Slow Process Corner)
  Requirement:            10.000ns  (clk rise@10.000ns - clk rise@0.000ns)
  Data Path Delay:        13.715ns  (logic 6.881ns (50.171%)  route 6.834ns (49.829%))
  Logic Levels:           23  (CARRY4=9 LUT1=1 LUT2=3 LUT3=1 LUT5=2 LUT6=3 MUXF7=4)
  Clock Path Skew:        -0.049ns (DCD - SCD + CPR)
    Destination Clock Delay (DCD):    0.924ns = ( 10.924 - 10.000 ) 
    Source Clock Delay      (SCD):    0.973ns
    Clock Pessimism Removal (CPR):    0.000ns
  Clock Uncertainty:      0.035ns  ((TSJ^2 + TIJ^2)^1/2 + DJ) / 2 + PE
    Total System Jitter     (TSJ):    0.071ns
    Total Input Jitter      (TIJ):    0.000ns
    Discrete Jitter          (DJ):    0.000ns
    Phase Error              (PE):    0.000ns

    Location             Delay type                Incr(ns)  Path(ns)    Netlist Resource(s)
  -------------------------------------------------------------------    -------------------
                         (clock clk rise edge)        0.000     0.000 r  <hidden>
                                                      0.000     0.000 r  clk
                         net (fo=43278, unset)        0.973     0.973    clk
                         FDRE                                         r  dots_reg[23][1]/C
  -------------------------------------------------------------------    -------------------
                         FDRE (Prop_fdre_C_Q)         0.478     1.451 r  dots_reg[23][1]/Q
                         net (fo=1, unplaced)         0.965     2.416    dots_reg[23]__0[1]
                         LUT6 (Prop_lut6_I0_O)        0.295     2.711 r  dmax[1]_P_i_7/O
                         net (fo=1, unplaced)         0.000     2.711    dmax[1]_P_i_7_n_0
                         MUXF7 (Prop_muxf7_I1_O)      0.247     2.958 r  dmax_reg[1]_P_i_3/O
                         net (fo=1, unplaced)         0.735     3.693    dmax_reg[1]_P_i_3_n_0
                         LUT5 (Prop_lut5_I0_O)        0.298     3.991 r  dmax[1]_P_i_2/O
                         net (fo=7, unplaced)         0.484     4.475    dots[1]
                         LUT2 (Prop_lut2_I0_O)        0.124     4.599 r  elut[0][13]_i_14/O
                         net (fo=1, unplaced)         0.000     4.599    elut[0][13]_i_14_n_0
                         CARRY4 (Prop_carry4_S[1]_CO[3])
                                                      0.533     5.132 r  elut_reg[0][13]_i_9/CO[3]
                         net (fo=1, unplaced)         0.000     5.132    elut_reg[0][13]_i_9_n_0
                         CARRY4 (Prop_carry4_CI_CO[3])
                                                      0.117     5.249 r  elut_reg[0][12]_i_35/CO[3]
                         net (fo=1, unplaced)         0.000     5.249    elut_reg[0][12]_i_35_n_0
                         CARRY4 (Prop_carry4_CI_CO[3])
                                                      0.117     5.366 r  elut_reg[0][12]_i_34/CO[3]
                         net (fo=1, unplaced)         0.000     5.366    elut_reg[0][12]_i_34_n_0
                         CARRY4 (Prop_carry4_CI_CO[3])
                                                      0.117     5.483 r  elut_reg[0][14]_i_90/CO[3]
                         net (fo=1, unplaced)         0.000     5.483    elut_reg[0][14]_i_90_n_0
                         CARRY4 (Prop_carry4_CI_CO[3])
                                                      0.117     5.600 r  elut_reg[0][14]_i_91/CO[3]
                         net (fo=1, unplaced)         0.000     5.600    elut_reg[0][14]_i_91_n_0
                         CARRY4 (Prop_carry4_CI_O[2])
                                                      0.256     5.856 f  elut_reg[0][14]_i_61/O[2]
                         net (fo=3, unplaced)         0.470     6.326    p_0_in__1[22]
                         LUT1 (Prop_lut1_I0_O)        0.301     6.627 r  elut[0][14]_i_115/O
                         net (fo=1, unplaced)         0.000     6.627    elut[0][14]_i_115_n_0
                         CARRY4 (Prop_carry4_S[1]_CO[3])
                                                      0.533     7.160 r  elut_reg[0][14]_i_81/CO[3]
                         net (fo=1, unplaced)         0.000     7.160    elut_reg[0][14]_i_81_n_0
                         CARRY4 (Prop_carry4_CI_O[1])
                                                      0.337     7.497 r  elut_reg[0][14]_i_50/O[1]
                         net (fo=4, unplaced)         0.635     8.132    elut_reg[0][14]_i_50_n_6
                         LUT2 (Prop_lut2_I0_O)        0.332     8.464 r  elut[0][12]_i_17/O
                         net (fo=1, unplaced)         0.000     8.464    elut[0][12]_i_17_n_0
                         CARRY4 (Prop_carry4_DI[0]_CO[2])
                                                      0.616     9.080 f  elut_reg[0][12]_i_5/CO[2]
                         net (fo=212, unplaced)       0.570     9.650    elut_reg[0][12]_i_5_n_1
                         LUT3 (Prop_lut3_I1_O)        0.310     9.960 r  elut[0][12]_i_25/O
                         net (fo=165, unplaced)       1.053    11.013    elut[0][12]_i_25_n_0
                         LUT5 (Prop_lut5_I0_O)        0.124    11.137 r  elut[0][0]_i_120/O
                         net (fo=1, unplaced)         0.000    11.137    elut[0][0]_i_120_n_0
                         MUXF7 (Prop_muxf7_I1_O)      0.247    11.384 r  elut_reg[0][0]_i_43/O
                         net (fo=1, unplaced)         0.735    12.119    elut_reg[0][0]_i_43_n_0
                         LUT6 (Prop_lut6_I0_O)        0.298    12.417 r  elut[0][0]_i_16/O
                         net (fo=1, unplaced)         0.000    12.417    elut[0][0]_i_16_n_0
                         MUXF7 (Prop_muxf7_I1_O)      0.247    12.664 r  elut_reg[0][0]_i_6/O
                         net (fo=1, unplaced)         0.735    13.399    elut_reg[0][0]_i_6_n_0
                         LUT6 (Prop_lut6_I1_O)        0.298    13.697 r  elut[0][0]_i_3/O
                         net (fo=1, unplaced)         0.000    13.697    elut[0][0]_i_3_n_0
                         MUXF7 (Prop_muxf7_I0_O)      0.241    13.938 r  elut_reg[0][0]_i_2/O
                         net (fo=1, unplaced)         0.452    14.390    elut_reg[0][0]_i_2_n_0
                         LUT2 (Prop_lut2_I0_O)        0.298    14.688 r  elut[0][0]_i_1/O
                         net (fo=24, unplaced)        0.000    14.688    elut[0][0]_i_1_n_0
                         FDRE                                         r  elut_reg[23][0]/D
  -------------------------------------------------------------------    -------------------

                         (clock clk rise edge)       10.000    10.000 r  <hidden>
                                                      0.000    10.000 r  clk
                         net (fo=43278, unset)        0.924    10.924    clk
                         FDRE                                         r  elut_reg[23][0]/C
                         clock pessimism              0.000    10.924    <hidden>
                         clock uncertainty           -0.035    10.889    <hidden>
                         FDRE (Setup_fdre_C_D)        0.044    10.933    elut_reg[23][0]
  -------------------------------------------------------------------
                         required time                         10.933    <hidden>
                         arrival time                         -14.688    <hidden>
  -------------------------------------------------------------------
                         slack                                 -3.755    <hidden>

Slack (VIOLATED) :        -3.755ns  (required time - arrival time)
  Source:                 dots_reg[23][1]/C
                            (rising edge-triggered cell FDRE clocked by clk  {rise@0.000ns fall@5.000ns period=10.000ns})
  Destination:            elut_reg[2][0]/D
                            (rising edge-triggered cell FDRE clocked by clk  {rise@0.000ns fall@5.000ns period=10.000ns})
  Path Group:             clk
  Path Type:              Setup (Max at Slow Process Corner)
  Requirement:            10.000ns  (clk rise@10.000ns - clk rise@0.000ns)
  Data Path Delay:        13.715ns  (logic 6.881ns (50.171%)  route 6.834ns (49.829%))
  Logic Levels:           23  (CARRY4=9 LUT1=1 LUT2=3 LUT3=1 LUT5=2 LUT6=3 MUXF7=4)
  Clock Path Skew:        -0.049ns (DCD - SCD + CPR)
    Destination Clock Delay (DCD):    0.924ns = ( 10.924 - 10.000 ) 
    Source Clock Delay      (SCD):    0.973ns
    Clock Pessimism Removal (CPR):    0.000ns
  Clock Uncertainty:      0.035ns  ((TSJ^2 + TIJ^2)^1/2 + DJ) / 2 + PE
    Total System Jitter     (TSJ):    0.071ns
    Total Input Jitter      (TIJ):    0.000ns
    Discrete Jitter          (DJ):    0.000ns
    Phase Error              (PE):    0.000ns

    Location             Delay type                Incr(ns)  Path(ns)    Netlist Resource(s)
  -------------------------------------------------------------------    -------------------
                         (clock clk rise edge)        0.000     0.000 r  <hidden>
                                                      0.000     0.000 r  clk
                         net (fo=43278, unset)        0.973     0.973    clk
                         FDRE                                         r  dots_reg[23][1]/C
  -------------------------------------------------------------------    -------------------
                         FDRE (Prop_fdre_C_Q)         0.478     1.451 r  dots_reg[23][1]/Q
                         net (fo=1, unplaced)         0.965     2.416    dots_reg[23]__0[1]
                         LUT6 (Prop_lut6_I0_O)        0.295     2.711 r  dmax[1]_P_i_7/O
                         net (fo=1, unplaced)         0.000     2.711    dmax[1]_P_i_7_n_0
                         MUXF7 (Prop_muxf7_I1_O)      0.247     2.958 r  dmax_reg[1]_P_i_3/O
                         net (fo=1, unplaced)         0.735     3.693    dmax_reg[1]_P_i_3_n_0
                         LUT5 (Prop_lut5_I0_O)        0.298     3.991 r  dmax[1]_P_i_2/O
                         net (fo=7, unplaced)         0.484     4.475    dots[1]
                         LUT2 (Prop_lut2_I0_O)        0.124     4.599 r  elut[0][13]_i_14/O
                         net (fo=1, unplaced)         0.000     4.599    elut[0][13]_i_14_n_0
                         CARRY4 (Prop_carry4_S[1]_CO[3])
                                                      0.533     5.132 r  elut_reg[0][13]_i_9/CO[3]
                         net (fo=1, unplaced)         0.000     5.132    elut_reg[0][13]_i_9_n_0
                         CARRY4 (Prop_carry4_CI_CO[3])
                                                      0.117     5.249 r  elut_reg[0][12]_i_35/CO[3]
                         net (fo=1, unplaced)         0.000     5.249    elut_reg[0][12]_i_35_n_0
                         CARRY4 (Prop_carry4_CI_CO[3])
                                                      0.117     5.366 r  elut_reg[0][12]_i_34/CO[3]
                         net (fo=1, unplaced)         0.000     5.366    elut_reg[0][12]_i_34_n_0
                         CARRY4 (Prop_carry4_CI_CO[3])
                                                      0.117     5.483 r  elut_reg[0][14]_i_90/CO[3]
                         net (fo=1, unplaced)         0.000     5.483    elut_reg[0][14]_i_90_n_0
                         CARRY4 (Prop_carry4_CI_CO[3])
                                                      0.117     5.600 r  elut_reg[0][14]_i_91/CO[3]
                         net (fo=1, unplaced)         0.000     5.600    elut_reg[0][14]_i_91_n_0
                         CARRY4 (Prop_carry4_CI_O[2])
                                                      0.256     5.856 f  elut_reg[0][14]_i_61/O[2]
                         net (fo=3, unplaced)         0.470     6.326    p_0_in__1[22]
                         LUT1 (Prop_lut1_I0_O)        0.301     6.627 r  elut[0][14]_i_115/O
                         net (fo=1, unplaced)         0.000     6.627    elut[0][14]_i_115_n_0
                         CARRY4 (Prop_carry4_S[1]_CO[3])
                                                      0.533     7.160 r  elut_reg[0][14]_i_81/CO[3]
                         net (fo=1, unplaced)         0.000     7.160    elut_reg[0][14]_i_81_n_0
                         CARRY4 (Prop_carry4_CI_O[1])
                                                      0.337     7.497 r  elut_reg[0][14]_i_50/O[1]
                         net (fo=4, unplaced)         0.635     8.132    elut_reg[0][14]_i_50_n_6
                         LUT2 (Prop_lut2_I0_O)        0.332     8.464 r  elut[0][12]_i_17/O
                         net (fo=1, unplaced)         0.000     8.464    elut[0][12]_i_17_n_0
                         CARRY4 (Prop_carry4_DI[0]_CO[2])
                                                      0.616     9.080 f  elut_reg[0][12]_i_5/CO[2]
                         net (fo=212, unplaced)       0.570     9.650    elut_reg[0][12]_i_5_n_1
                         LUT3 (Prop_lut3_I1_O)        0.310     9.960 r  elut[0][12]_i_25/O
                         net (fo=165, unplaced)       1.053    11.013    elut[0][12]_i_25_n_0
                         LUT5 (Prop_lut5_I0_O)        0.124    11.137 r  elut[0][0]_i_120/O
                         net (fo=1, unplaced)         0.000    11.137    elut[0][0]_i_120_n_0
                         MUXF7 (Prop_muxf7_I1_O)      0.247    11.384 r  elut_reg[0][0]_i_43/O
                         net (fo=1, unplaced)         0.735    12.119    elut_reg[0][0]_i_43_n_0
                         LUT6 (Prop_lut6_I0_O)        0.298    12.417 r  elut[0][0]_i_16/O
                         net (fo=1, unplaced)         0.000    12.417    elut[0][0]_i_16_n_0
                         MUXF7 (Prop_muxf7_I1_O)      0.247    12.664 r  elut_reg[0][0]_i_6/O
                         net (fo=1, unplaced)         0.735    13.399    elut_reg[0][0]_i_6_n_0
                         LUT6 (Prop_lut6_I1_O)        0.298    13.697 r  elut[0][0]_i_3/O
                         net (fo=1, unplaced)         0.000    13.697    elut[0][0]_i_3_n_0
                         MUXF7 (Prop_muxf7_I0_O)      0.241    13.938 r  elut_reg[0][0]_i_2/O
                         net (fo=1, unplaced)         0.452    14.390    elut_reg[0][0]_i_2_n_0
                         LUT2 (Prop_lut2_I0_O)        0.298    14.688 r  elut[0][0]_i_1/O
                         net (fo=24, unplaced)        0.000    14.688    elut[0][0]_i_1_n_0
                         FDRE                                         r  elut_reg[2][0]/D
  -------------------------------------------------------------------    -------------------

                         (clock clk rise edge)       10.000    10.000 r  <hidden>
                                                      0.000    10.000 r  clk
                         net (fo=43278, unset)        0.924    10.924    clk
                         FDRE                                         r  elut_reg[2][0]/C
                         clock pessimism              0.000    10.924    <hidden>
                         clock uncertainty           -0.035    10.889    <hidden>
                         FDRE (Setup_fdre_C_D)        0.044    10.933    elut_reg[2][0]
  -------------------------------------------------------------------
                         required time                         10.933    <hidden>
                         arrival time                         -14.688    <hidden>
  -------------------------------------------------------------------
                         slack                                 -3.755    <hidden>

Slack (VIOLATED) :        -3.755ns  (required time - arrival time)
  Source:                 dots_reg[23][1]/C
                            (rising edge-triggered cell FDRE clocked by clk  {rise@0.000ns fall@5.000ns period=10.000ns})
  Destination:            elut_reg[3][0]/D
                            (rising edge-triggered cell FDRE clocked by clk  {rise@0.000ns fall@5.000ns period=10.000ns})
  Path Group:             clk
  Path Type:              Setup (Max at Slow Process Corner)
  Requirement:            10.000ns  (clk rise@10.000ns - clk rise@0.000ns)
  Data Path Delay:        13.715ns  (logic 6.881ns (50.171%)  route 6.834ns (49.829%))
  Logic Levels:           23  (CARRY4=9 LUT1=1 LUT2=3 LUT3=1 LUT5=2 LUT6=3 MUXF7=4)
  Clock Path Skew:        -0.049ns (DCD - SCD + CPR)
    Destination Clock Delay (DCD):    0.924ns = ( 10.924 - 10.000 ) 
    Source Clock Delay      (SCD):    0.973ns
    Clock Pessimism Removal (CPR):    0.000ns
  Clock Uncertainty:      0.035ns  ((TSJ^2 + TIJ^2)^1/2 + DJ) / 2 + PE
    Total System Jitter     (TSJ):    0.071ns
    Total Input Jitter      (TIJ):    0.000ns
    Discrete Jitter          (DJ):    0.000ns
    Phase Error              (PE):    0.000ns

    Location             Delay type                Incr(ns)  Path(ns)    Netlist Resource(s)
  -------------------------------------------------------------------    -------------------
                         (clock clk rise edge)        0.000     0.000 r  <hidden>
                                                      0.000     0.000 r  clk
                         net (fo=43278, unset)        0.973     0.973    clk
                         FDRE                                         r  dots_reg[23][1]/C
  -------------------------------------------------------------------    -------------------
                         FDRE (Prop_fdre_C_Q)         0.478     1.451 r  dots_reg[23][1]/Q
                         net (fo=1, unplaced)         0.965     2.416    dots_reg[23]__0[1]
                         LUT6 (Prop_lut6_I0_O)        0.295     2.711 r  dmax[1]_P_i_7/O
                         net (fo=1, unplaced)         0.000     2.711    dmax[1]_P_i_7_n_0
                         MUXF7 (Prop_muxf7_I1_O)      0.247     2.958 r  dmax_reg[1]_P_i_3/O
                         net (fo=1, unplaced)         0.735     3.693    dmax_reg[1]_P_i_3_n_0
                         LUT5 (Prop_lut5_I0_O)        0.298     3.991 r  dmax[1]_P_i_2/O
                         net (fo=7, unplaced)         0.484     4.475    dots[1]
                         LUT2 (Prop_lut2_I0_O)        0.124     4.599 r  elut[0][13]_i_14/O
                         net (fo=1, unplaced)         0.000     4.599    elut[0][13]_i_14_n_0
                         CARRY4 (Prop_carry4_S[1]_CO[3])
                                                      0.533     5.132 r  elut_reg[0][13]_i_9/CO[3]
                         net (fo=1, unplaced)         0.000     5.132    elut_reg[0][13]_i_9_n_0
                         CARRY4 (Prop_carry4_CI_CO[3])
                                                      0.117     5.249 r  elut_reg[0][12]_i_35/CO[3]
                         net (fo=1, unplaced)         0.000     5.249    elut_reg[0][12]_i_35_n_0
                         CARRY4 (Prop_carry4_CI_CO[3])
                                                      0.117     5.366 r  elut_reg[0][12]_i_34/CO[3]
                         net (fo=1, unplaced)         0.000     5.366    elut_reg[0][12]_i_34_n_0
                         CARRY4 (Prop_carry4_CI_CO[3])
                                                      0.117     5.483 r  elut_reg[0][14]_i_90/CO[3]
                         net (fo=1, unplaced)         0.000     5.483    elut_reg[0][14]_i_90_n_0
                         CARRY4 (Prop_carry4_CI_CO[3])
                                                      0.117     5.600 r  elut_reg[0][14]_i_91/CO[3]
                         net (fo=1, unplaced)         0.000     5.600    elut_reg[0][14]_i_91_n_0
                         CARRY4 (Prop_carry4_CI_O[2])
                                                      0.256     5.856 f  elut_reg[0][14]_i_61/O[2]
                         net (fo=3, unplaced)         0.470     6.326    p_0_in__1[22]
                         LUT1 (Prop_lut1_I0_O)        0.301     6.627 r  elut[0][14]_i_115/O
                         net (fo=1, unplaced)         0.000     6.627    elut[0][14]_i_115_n_0
                         CARRY4 (Prop_carry4_S[1]_CO[3])
                                                      0.533     7.160 r  elut_reg[0][14]_i_81/CO[3]
                         net (fo=1, unplaced)         0.000     7.160    elut_reg[0][14]_i_81_n_0
                         CARRY4 (Prop_carry4_CI_O[1])
                                                      0.337     7.497 r  elut_reg[0][14]_i_50/O[1]
                         net (fo=4, unplaced)         0.635     8.132    elut_reg[0][14]_i_50_n_6
                         LUT2 (Prop_lut2_I0_O)        0.332     8.464 r  elut[0][12]_i_17/O
                         net (fo=1, unplaced)         0.000     8.464    elut[0][12]_i_17_n_0
                         CARRY4 (Prop_carry4_DI[0]_CO[2])
                                                      0.616     9.080 f  elut_reg[0][12]_i_5/CO[2]
                         net (fo=212, unplaced)       0.570     9.650    elut_reg[0][12]_i_5_n_1
                         LUT3 (Prop_lut3_I1_O)        0.310     9.960 r  elut[0][12]_i_25/O
                         net (fo=165, unplaced)       1.053    11.013    elut[0][12]_i_25_n_0
                         LUT5 (Prop_lut5_I0_O)        0.124    11.137 r  elut[0][0]_i_120/O
                         net (fo=1, unplaced)         0.000    11.137    elut[0][0]_i_120_n_0
                         MUXF7 (Prop_muxf7_I1_O)      0.247    11.384 r  elut_reg[0][0]_i_43/O
                         net (fo=1, unplaced)         0.735    12.119    elut_reg[0][0]_i_43_n_0
                         LUT6 (Prop_lut6_I0_O)        0.298    12.417 r  elut[0][0]_i_16/O
                         net (fo=1, unplaced)         0.000    12.417    elut[0][0]_i_16_n_0
                         MUXF7 (Prop_muxf7_I1_O)      0.247    12.664 r  elut_reg[0][0]_i_6/O
                         net (fo=1, unplaced)         0.735    13.399    elut_reg[0][0]_i_6_n_0
                         LUT6 (Prop_lut6_I1_O)        0.298    13.697 r  elut[0][0]_i_3/O
                         net (fo=1, unplaced)         0.000    13.697    elut[0][0]_i_3_n_0
                         MUXF7 (Prop_muxf7_I0_O)      0.241    13.938 r  elut_reg[0][0]_i_2/O
                         net (fo=1, unplaced)         0.452    14.390    elut_reg[0][0]_i_2_n_0
                         LUT2 (Prop_lut2_I0_O)        0.298    14.688 r  elut[0][0]_i_1/O
                         net (fo=24, unplaced)        0.000    14.688    elut[0][0]_i_1_n_0
                         FDRE                                         r  elut_reg[3][0]/D
  -------------------------------------------------------------------    -------------------

                         (clock clk rise edge)       10.000    10.000 r  <hidden>
                                                      0.000    10.000 r  clk
                         net (fo=43278, unset)        0.924    10.924    clk
                         FDRE                                         r  elut_reg[3][0]/C
                         clock pessimism              0.000    10.924    <hidden>
                         clock uncertainty           -0.035    10.889    <hidden>
                         FDRE (Setup_fdre_C_D)        0.044    10.933    elut_reg[3][0]
  -------------------------------------------------------------------
                         required time                         10.933    <hidden>
                         arrival time                         -14.688    <hidden>
  -------------------------------------------------------------------
                         slack                                 -3.755    <hidden>

Slack (VIOLATED) :        -3.755ns  (required time - arrival time)
  Source:                 dots_reg[23][1]/C
                            (rising edge-triggered cell FDRE clocked by clk  {rise@0.000ns fall@5.000ns period=10.000ns})
  Destination:            elut_reg[4][0]/D
                            (rising edge-triggered cell FDRE clocked by clk  {rise@0.000ns fall@5.000ns period=10.000ns})
  Path Group:             clk
  Path Type:              Setup (Max at Slow Process Corner)
  Requirement:            10.000ns  (clk rise@10.000ns - clk rise@0.000ns)
  Data Path Delay:        13.715ns  (logic 6.881ns (50.171%)  route 6.834ns (49.829%))
  Logic Levels:           23  (CARRY4=9 LUT1=1 LUT2=3 LUT3=1 LUT5=2 LUT6=3 MUXF7=4)
  Clock Path Skew:        -0.049ns (DCD - SCD + CPR)
    Destination Clock Delay (DCD):    0.924ns = ( 10.924 - 10.000 ) 
    Source Clock Delay      (SCD):    0.973ns
    Clock Pessimism Removal (CPR):    0.000ns
  Clock Uncertainty:      0.035ns  ((TSJ^2 + TIJ^2)^1/2 + DJ) / 2 + PE
    Total System Jitter     (TSJ):    0.071ns
    Total Input Jitter      (TIJ):    0.000ns
    Discrete Jitter          (DJ):    0.000ns
    Phase Error              (PE):    0.000ns

    Location             Delay type                Incr(ns)  Path(ns)    Netlist Resource(s)
  -------------------------------------------------------------------    -------------------
                         (clock clk rise edge)        0.000     0.000 r  <hidden>
                                                      0.000     0.000 r  clk
                         net (fo=43278, unset)        0.973     0.973    clk
                         FDRE                                         r  dots_reg[23][1]/C
  -------------------------------------------------------------------    -------------------
                         FDRE (Prop_fdre_C_Q)         0.478     1.451 r  dots_reg[23][1]/Q
                         net (fo=1, unplaced)         0.965     2.416    dots_reg[23]__0[1]
                         LUT6 (Prop_lut6_I0_O)        0.295     2.711 r  dmax[1]_P_i_7/O
                         net (fo=1, unplaced)         0.000     2.711    dmax[1]_P_i_7_n_0
                         MUXF7 (Prop_muxf7_I1_O)      0.247     2.958 r  dmax_reg[1]_P_i_3/O
                         net (fo=1, unplaced)         0.735     3.693    dmax_reg[1]_P_i_3_n_0
                         LUT5 (Prop_lut5_I0_O)        0.298     3.991 r  dmax[1]_P_i_2/O
                         net (fo=7, unplaced)         0.484     4.475    dots[1]
                         LUT2 (Prop_lut2_I0_O)        0.124     4.599 r  elut[0][13]_i_14/O
                         net (fo=1, unplaced)         0.000     4.599    elut[0][13]_i_14_n_0
                         CARRY4 (Prop_carry4_S[1]_CO[3])
                                                      0.533     5.132 r  elut_reg[0][13]_i_9/CO[3]
                         net (fo=1, unplaced)         0.000     5.132    elut_reg[0][13]_i_9_n_0
                         CARRY4 (Prop_carry4_CI_CO[3])
                                                      0.117     5.249 r  elut_reg[0][12]_i_35/CO[3]
                         net (fo=1, unplaced)         0.000     5.249    elut_reg[0][12]_i_35_n_0
                         CARRY4 (Prop_carry4_CI_CO[3])
                                                      0.117     5.366 r  elut_reg[0][12]_i_34/CO[3]
                         net (fo=1, unplaced)         0.000     5.366    elut_reg[0][12]_i_34_n_0
                         CARRY4 (Prop_carry4_CI_CO[3])
                                                      0.117     5.483 r  elut_reg[0][14]_i_90/CO[3]
                         net (fo=1, unplaced)         0.000     5.483    elut_reg[0][14]_i_90_n_0
                         CARRY4 (Prop_carry4_CI_CO[3])
                                                      0.117     5.600 r  elut_reg[0][14]_i_91/CO[3]
                         net (fo=1, unplaced)         0.000     5.600    elut_reg[0][14]_i_91_n_0
                         CARRY4 (Prop_carry4_CI_O[2])
                                                      0.256     5.856 f  elut_reg[0][14]_i_61/O[2]
                         net (fo=3, unplaced)         0.470     6.326    p_0_in__1[22]
                         LUT1 (Prop_lut1_I0_O)        0.301     6.627 r  elut[0][14]_i_115/O
                         net (fo=1, unplaced)         0.000     6.627    elut[0][14]_i_115_n_0
                         CARRY4 (Prop_carry4_S[1]_CO[3])
                                                      0.533     7.160 r  elut_reg[0][14]_i_81/CO[3]
                         net (fo=1, unplaced)         0.000     7.160    elut_reg[0][14]_i_81_n_0
                         CARRY4 (Prop_carry4_CI_O[1])
                                                      0.337     7.497 r  elut_reg[0][14]_i_50/O[1]
                         net (fo=4, unplaced)         0.635     8.132    elut_reg[0][14]_i_50_n_6
                         LUT2 (Prop_lut2_I0_O)        0.332     8.464 r  elut[0][12]_i_17/O
                         net (fo=1, unplaced)         0.000     8.464    elut[0][12]_i_17_n_0
                         CARRY4 (Prop_carry4_DI[0]_CO[2])
                                                      0.616     9.080 f  elut_reg[0][12]_i_5/CO[2]
                         net (fo=212, unplaced)       0.570     9.650    elut_reg[0][12]_i_5_n_1
                         LUT3 (Prop_lut3_I1_O)        0.310     9.960 r  elut[0][12]_i_25/O
                         net (fo=165, unplaced)       1.053    11.013    elut[0][12]_i_25_n_0
                         LUT5 (Prop_lut5_I0_O)        0.124    11.137 r  elut[0][0]_i_120/O
                         net (fo=1, unplaced)         0.000    11.137    elut[0][0]_i_120_n_0
                         MUXF7 (Prop_muxf7_I1_O)      0.247    11.384 r  elut_reg[0][0]_i_43/O
                         net (fo=1, unplaced)         0.735    12.119    elut_reg[0][0]_i_43_n_0
                         LUT6 (Prop_lut6_I0_O)        0.298    12.417 r  elut[0][0]_i_16/O
                         net (fo=1, unplaced)         0.000    12.417    elut[0][0]_i_16_n_0
                         MUXF7 (Prop_muxf7_I1_O)      0.247    12.664 r  elut_reg[0][0]_i_6/O
                         net (fo=1, unplaced)         0.735    13.399    elut_reg[0][0]_i_6_n_0
                         LUT6 (Prop_lut6_I1_O)        0.298    13.697 r  elut[0][0]_i_3/O
                         net (fo=1, unplaced)         0.000    13.697    elut[0][0]_i_3_n_0
                         MUXF7 (Prop_muxf7_I0_O)      0.241    13.938 r  elut_reg[0][0]_i_2/O
                         net (fo=1, unplaced)         0.452    14.390    elut_reg[0][0]_i_2_n_0
                         LUT2 (Prop_lut2_I0_O)        0.298    14.688 r  elut[0][0]_i_1/O
                         net (fo=24, unplaced)        0.000    14.688    elut[0][0]_i_1_n_0
                         FDRE                                         r  elut_reg[4][0]/D
  -------------------------------------------------------------------    -------------------

                         (clock clk rise edge)       10.000    10.000 r  <hidden>
                                                      0.000    10.000 r  clk
                         net (fo=43278, unset)        0.924    10.924    clk
                         FDRE                                         r  elut_reg[4][0]/C
                         clock pessimism              0.000    10.924    <hidden>
                         clock uncertainty           -0.035    10.889    <hidden>
                         FDRE (Setup_fdre_C_D)        0.044    10.933    elut_reg[4][0]
  -------------------------------------------------------------------
                         required time                         10.933    <hidden>
                         arrival time                         -14.688    <hidden>
  -------------------------------------------------------------------
                         slack                                 -3.755    <hidden>

Slack (VIOLATED) :        -3.755ns  (required time - arrival time)
  Source:                 dots_reg[23][1]/C
                            (rising edge-triggered cell FDRE clocked by clk  {rise@0.000ns fall@5.000ns period=10.000ns})
  Destination:            elut_reg[5][0]/D
                            (rising edge-triggered cell FDRE clocked by clk  {rise@0.000ns fall@5.000ns period=10.000ns})
  Path Group:             clk
  Path Type:              Setup (Max at Slow Process Corner)
  Requirement:            10.000ns  (clk rise@10.000ns - clk rise@0.000ns)
  Data Path Delay:        13.715ns  (logic 6.881ns (50.171%)  route 6.834ns (49.829%))
  Logic Levels:           23  (CARRY4=9 LUT1=1 LUT2=3 LUT3=1 LUT5=2 LUT6=3 MUXF7=4)
  Clock Path Skew:        -0.049ns (DCD - SCD + CPR)
    Destination Clock Delay (DCD):    0.924ns = ( 10.924 - 10.000 ) 
    Source Clock Delay      (SCD):    0.973ns
    Clock Pessimism Removal (CPR):    0.000ns
  Clock Uncertainty:      0.035ns  ((TSJ^2 + TIJ^2)^1/2 + DJ) / 2 + PE
    Total System Jitter     (TSJ):    0.071ns
    Total Input Jitter      (TIJ):    0.000ns
    Discrete Jitter          (DJ):    0.000ns
    Phase Error              (PE):    0.000ns

    Location             Delay type                Incr(ns)  Path(ns)    Netlist Resource(s)
  -------------------------------------------------------------------    -------------------
                         (clock clk rise edge)        0.000     0.000 r  <hidden>
                                                      0.000     0.000 r  clk
                         net (fo=43278, unset)        0.973     0.973    clk
                         FDRE                                         r  dots_reg[23][1]/C
  -------------------------------------------------------------------    -------------------
                         FDRE (Prop_fdre_C_Q)         0.478     1.451 r  dots_reg[23][1]/Q
                         net (fo=1, unplaced)         0.965     2.416    dots_reg[23]__0[1]
                         LUT6 (Prop_lut6_I0_O)        0.295     2.711 r  dmax[1]_P_i_7/O
                         net (fo=1, unplaced)         0.000     2.711    dmax[1]_P_i_7_n_0
                         MUXF7 (Prop_muxf7_I1_O)      0.247     2.958 r  dmax_reg[1]_P_i_3/O
                         net (fo=1, unplaced)         0.735     3.693    dmax_reg[1]_P_i_3_n_0
                         LUT5 (Prop_lut5_I0_O)        0.298     3.991 r  dmax[1]_P_i_2/O
                         net (fo=7, unplaced)         0.484     4.475    dots[1]
                         LUT2 (Prop_lut2_I0_O)        0.124     4.599 r  elut[0][13]_i_14/O
                         net (fo=1, unplaced)         0.000     4.599    elut[0][13]_i_14_n_0
                         CARRY4 (Prop_carry4_S[1]_CO[3])
                                                      0.533     5.132 r  elut_reg[0][13]_i_9/CO[3]
                         net (fo=1, unplaced)         0.000     5.132    elut_reg[0][13]_i_9_n_0
                         CARRY4 (Prop_carry4_CI_CO[3])
                                                      0.117     5.249 r  elut_reg[0][12]_i_35/CO[3]
                         net (fo=1, unplaced)         0.000     5.249    elut_reg[0][12]_i_35_n_0
                         CARRY4 (Prop_carry4_CI_CO[3])
                                                      0.117     5.366 r  elut_reg[0][12]_i_34/CO[3]
                         net (fo=1, unplaced)         0.000     5.366    elut_reg[0][12]_i_34_n_0
                         CARRY4 (Prop_carry4_CI_CO[3])
                                                      0.117     5.483 r  elut_reg[0][14]_i_90/CO[3]
                         net (fo=1, unplaced)         0.000     5.483    elut_reg[0][14]_i_90_n_0
                         CARRY4 (Prop_carry4_CI_CO[3])
                                                      0.117     5.600 r  elut_reg[0][14]_i_91/CO[3]
                         net (fo=1, unplaced)         0.000     5.600    elut_reg[0][14]_i_91_n_0
                         CARRY4 (Prop_carry4_CI_O[2])
                                                      0.256     5.856 f  elut_reg[0][14]_i_61/O[2]
                         net (fo=3, unplaced)         0.470     6.326    p_0_in__1[22]
                         LUT1 (Prop_lut1_I0_O)        0.301     6.627 r  elut[0][14]_i_115/O
                         net (fo=1, unplaced)         0.000     6.627    elut[0][14]_i_115_n_0
                         CARRY4 (Prop_carry4_S[1]_CO[3])
                                                      0.533     7.160 r  elut_reg[0][14]_i_81/CO[3]
                         net (fo=1, unplaced)         0.000     7.160    elut_reg[0][14]_i_81_n_0
                         CARRY4 (Prop_carry4_CI_O[1])
                                                      0.337     7.497 r  elut_reg[0][14]_i_50/O[1]
                         net (fo=4, unplaced)         0.635     8.132    elut_reg[0][14]_i_50_n_6
                         LUT2 (Prop_lut2_I0_O)        0.332     8.464 r  elut[0][12]_i_17/O
                         net (fo=1, unplaced)         0.000     8.464    elut[0][12]_i_17_n_0
                         CARRY4 (Prop_carry4_DI[0]_CO[2])
                                                      0.616     9.080 f  elut_reg[0][12]_i_5/CO[2]
                         net (fo=212, unplaced)       0.570     9.650    elut_reg[0][12]_i_5_n_1
                         LUT3 (Prop_lut3_I1_O)        0.310     9.960 r  elut[0][12]_i_25/O
                         net (fo=165, unplaced)       1.053    11.013    elut[0][12]_i_25_n_0
                         LUT5 (Prop_lut5_I0_O)        0.124    11.137 r  elut[0][0]_i_120/O
                         net (fo=1, unplaced)         0.000    11.137    elut[0][0]_i_120_n_0
                         MUXF7 (Prop_muxf7_I1_O)      0.247    11.384 r  elut_reg[0][0]_i_43/O
                         net (fo=1, unplaced)         0.735    12.119    elut_reg[0][0]_i_43_n_0
                         LUT6 (Prop_lut6_I0_O)        0.298    12.417 r  elut[0][0]_i_16/O
                         net (fo=1, unplaced)         0.000    12.417    elut[0][0]_i_16_n_0
                         MUXF7 (Prop_muxf7_I1_O)      0.247    12.664 r  elut_reg[0][0]_i_6/O
                         net (fo=1, unplaced)         0.735    13.399    elut_reg[0][0]_i_6_n_0
                         LUT6 (Prop_lut6_I1_O)        0.298    13.697 r  elut[0][0]_i_3/O
                         net (fo=1, unplaced)         0.000    13.697    elut[0][0]_i_3_n_0
                         MUXF7 (Prop_muxf7_I0_O)      0.241    13.938 r  elut_reg[0][0]_i_2/O
                         net (fo=1, unplaced)         0.452    14.390    elut_reg[0][0]_i_2_n_0
                         LUT2 (Prop_lut2_I0_O)        0.298    14.688 r  elut[0][0]_i_1/O
                         net (fo=24, unplaced)        0.000    14.688    elut[0][0]_i_1_n_0
                         FDRE                                         r  elut_reg[5][0]/D
  -------------------------------------------------------------------    -------------------

                         (clock clk rise edge)       10.000    10.000 r  <hidden>
                                                      0.000    10.000 r  clk
                         net (fo=43278, unset)        0.924    10.924    clk
                         FDRE                                         r  elut_reg[5][0]/C
                         clock pessimism              0.000    10.924    <hidden>
                         clock uncertainty           -0.035    10.889    <hidden>
                         FDRE (Setup_fdre_C_D)        0.044    10.933    elut_reg[5][0]
  -------------------------------------------------------------------
                         required time                         10.933    <hidden>
                         arrival time                         -14.688    <hidden>
  -------------------------------------------------------------------
                         slack                                 -3.755    <hidden>




