Copyright 1986-2022 Xilinx, Inc. All Rights Reserved. Copyright 2022-2026 Advanced Micro Devices, Inc. All Rights Reserved.
------------------------------------------------------------------------------------------------------------------------------------------------------------------------------------------------------------------------------------------
| Tool Version : Vivado v.2026.1 (win64) Build 6511674 Tue Jun 16 11:02:23 MDT 2026
| Date         : Thu Sep 10 06:25:48 2026
| Host         : laptop-Quan running 64-bit major release  (build 9200)
| Command      : report_timing -delay_type max -max_paths 20 -nworst 1 -sort_by slack -file D:/FPGA/FPGG_ART_Y_ASTRA_NATIVE_V1_RESEARCH/results/A7-NATIVE-GRAPH/ASTRA-FINAL-C4-C7-20260909/26_C4_D32_BITEXACT_PHYSICAL/timing_n20_e3m.rpt
| Design       : a7ng_astra_c4_lm06_d32_fr_v2
| Device       : 7a100t-csg324
| Speed File   : -1  PRODUCTION 1.23 2018-06-13
| Design State : Synthesized
------------------------------------------------------------------------------------------------------------------------------------------------------------------------------------------------------------------------------------------

Timing Report

Slack (VIOLATED) :        -5.998ns  (required time - arrival time)
  Source:                 di_reg[4]/C
                            (rising edge-triggered cell FDCE clocked by clk  {rise@0.000ns fall@5.000ns period=10.000ns})
  Destination:            rq_val_r_reg[63]/D
                            (rising edge-triggered cell FDCE clocked by clk  {rise@0.000ns fall@5.000ns period=10.000ns})
  Path Group:             clk
  Path Type:              Setup (Max at Slow Process Corner)
  Requirement:            10.000ns  (clk rise@10.000ns - clk rise@0.000ns)
  Data Path Delay:        15.958ns  (logic 8.263ns (51.781%)  route 7.695ns (48.219%))
  Logic Levels:           21  (CARRY4=9 DSP48E1=1 LUT2=1 LUT3=1 LUT4=1 LUT5=2 LUT6=6)
  Clock Path Skew:        -0.049ns (DCD - SCD + CPR)
    Destination Clock Delay (DCD):    0.924ns = ( 10.924 - 10.000 ) 
    Source Clock Delay      (SCD):    0.973ns
    Clock Pessimism Removal (CPR):    0.000ns
  Clock Uncertainty:      0.035ns  ((TSJ^2 + TIJ^2)^1/2 + DJ) / 2 + PE
    Total System Jitter     (TSJ):    0.071ns
    Total Input Jitter      (TIJ):    0.000ns
    Discrete Jitter          (DJ):    0.000ns
    Phase Error              (PE):    0.000ns

    Location             Delay type                Incr(ns)  Path(ns)    Netlist Resource(s)
  -------------------------------------------------------------------    -------------------
                         (clock clk rise edge)        0.000     0.000 r  <hidden>
                                                      0.000     0.000 r  clk
                         net (fo=43238, unset)        0.973     0.973    clk
                         FDCE                                         r  di_reg[4]/C
  -------------------------------------------------------------------    -------------------
                         FDCE (Prop_fdce_C_Q)         0.478     1.451 r  di_reg[4]/Q
                         net (fo=127, unplaced)       0.772     2.223    di_reg_n_0_[4]
                         CARRY4 (Prop_carry4_S[0]_O[2])
                                                      0.839     3.062 r  g0_b0__2_i_1/O[2]
                         net (fo=402, unplaced)       0.870     3.932    a05_out[6]
                         LUT6 (Prop_lut6_I0_O)        0.301     4.233 r  acc1__3_i_299/O
                         net (fo=1, unplaced)         0.449     4.682    acc1__3_i_299_n_0
                         LUT3 (Prop_lut3_I2_O)        0.124     4.806 r  acc1__3_i_94/O
                         net (fo=2, unplaced)         0.460     5.266    acc1__3_i_94_n_0
                         LUT5 (Prop_lut5_I4_O)        0.124     5.390 r  acc1__3_i_83/O
                         net (fo=1, unplaced)         0.732     6.122    acc1__3_i_83_n_0
                         LUT6 (Prop_lut6_I0_O)        0.124     6.246 r  acc1__3_i_27/O
                         net (fo=1, unplaced)         0.449     6.695    p_0_out[6]
                         LUT4 (Prop_lut4_I0_O)        0.124     6.819 r  acc1__3_i_2/O
                         net (fo=2, unplaced)         0.803     7.622    acc1__3_i_2_n_0
                         DSP48E1 (Prop_dsp48e1_B[6]_P[23])
                                                      3.656    11.278 f  rq_val_r1__2/P[23]
                         net (fo=1, unplaced)         0.803    12.081    rq_val_r1__2_n_82
                         LUT6 (Prop_lut6_I4_O)        0.124    12.205 f  rq_val_r[30]_i_19/O
                         net (fo=1, unplaced)         0.449    12.654    rq_val_r[30]_i_19_n_0
                         LUT6 (Prop_lut6_I5_O)        0.124    12.778 f  rq_val_r[30]_i_18/O
                         net (fo=9, unplaced)         0.490    13.268    rq_val_r[30]_i_18_n_0
                         LUT6 (Prop_lut6_I5_O)        0.124    13.392 r  rq_val_r[61]_i_15/O
                         net (fo=33, unplaced)        0.521    13.913    rq_val_r[61]_i_15_n_0
                         LUT2 (Prop_lut2_I0_O)        0.124    14.037 r  rq_val_r[35]_i_6/O
                         net (fo=1, unplaced)         0.000    14.037    rq_val_r[35]_i_6_n_0
                         CARRY4 (Prop_carry4_S[1]_CO[3])
                                                      0.533    14.570 r  rq_val_r_reg[35]_i_3/CO[3]
                         net (fo=1, unplaced)         0.000    14.570    rq_val_r_reg[35]_i_3_n_0
                         CARRY4 (Prop_carry4_CI_CO[3])
                                                      0.117    14.687 r  rq_val_r_reg[39]_i_3/CO[3]
                         net (fo=1, unplaced)         0.000    14.687    rq_val_r_reg[39]_i_3_n_0
                         CARRY4 (Prop_carry4_CI_CO[3])
                                                      0.117    14.804 r  rq_val_r_reg[43]_i_3/CO[3]
                         net (fo=1, unplaced)         0.000    14.804    rq_val_r_reg[43]_i_3_n_0
                         CARRY4 (Prop_carry4_CI_CO[3])
                                                      0.117    14.921 r  rq_val_r_reg[47]_i_3/CO[3]
                         net (fo=1, unplaced)         0.000    14.921    rq_val_r_reg[47]_i_3_n_0
                         CARRY4 (Prop_carry4_CI_CO[3])
                                                      0.117    15.038 r  rq_val_r_reg[51]_i_3/CO[3]
                         net (fo=1, unplaced)         0.000    15.038    rq_val_r_reg[51]_i_3_n_0
                         CARRY4 (Prop_carry4_CI_CO[3])
                                                      0.117    15.155 r  rq_val_r_reg[55]_i_3/CO[3]
                         net (fo=1, unplaced)         0.000    15.155    rq_val_r_reg[55]_i_3_n_0
                         CARRY4 (Prop_carry4_CI_CO[3])
                                                      0.117    15.272 r  rq_val_r_reg[61]_i_6/CO[3]
                         net (fo=1, unplaced)         0.000    15.272    rq_val_r_reg[61]_i_6_n_0
                         CARRY4 (Prop_carry4_CI_O[3])
                                                      0.331    15.603 r  rq_val_r_reg[61]_i_4/O[3]
                         net (fo=1, unplaced)         0.448    16.051    in36[63]
                         LUT6 (Prop_lut6_I1_O)        0.307    16.358 r  rq_val_r[63]_i_5/O
                         net (fo=1, unplaced)         0.449    16.807    rq_val_r[63]_i_5_n_0
                         LUT5 (Prop_lut5_I4_O)        0.124    16.931 r  rq_val_r[63]_i_1/O
                         net (fo=1, unplaced)         0.000    16.931    rq_val_r[63]_i_1_n_0
                         FDCE                                         r  rq_val_r_reg[63]/D
  -------------------------------------------------------------------    -------------------

                         (clock clk rise edge)       10.000    10.000 r  <hidden>
                                                      0.000    10.000 r  clk
                         net (fo=43238, unset)        0.924    10.924    clk
                         FDCE                                         r  rq_val_r_reg[63]/C
                         clock pessimism              0.000    10.924    <hidden>
                         clock uncertainty           -0.035    10.889    <hidden>
                         FDCE (Setup_fdce_C_D)        0.044    10.933    rq_val_r_reg[63]
  -------------------------------------------------------------------
                         required time                         10.933    <hidden>
                         arrival time                         -16.931    <hidden>
  -------------------------------------------------------------------
                         slack                                 -5.998    <hidden>

Slack (VIOLATED) :        -5.921ns  (required time - arrival time)
  Source:                 di_reg[4]/C
                            (rising edge-triggered cell FDCE clocked by clk  {rise@0.000ns fall@5.000ns period=10.000ns})
  Destination:            rq_val_r_reg[62]/D
                            (rising edge-triggered cell FDCE clocked by clk  {rise@0.000ns fall@5.000ns period=10.000ns})
  Path Group:             clk
  Path Type:              Setup (Max at Slow Process Corner)
  Requirement:            10.000ns  (clk rise@10.000ns - clk rise@0.000ns)
  Data Path Delay:        15.881ns  (logic 8.182ns (51.522%)  route 7.699ns (48.478%))
  Logic Levels:           21  (CARRY4=9 DSP48E1=1 LUT2=1 LUT3=1 LUT4=1 LUT5=2 LUT6=6)
  Clock Path Skew:        -0.049ns (DCD - SCD + CPR)
    Destination Clock Delay (DCD):    0.924ns = ( 10.924 - 10.000 ) 
    Source Clock Delay      (SCD):    0.973ns
    Clock Pessimism Removal (CPR):    0.000ns
  Clock Uncertainty:      0.035ns  ((TSJ^2 + TIJ^2)^1/2 + DJ) / 2 + PE
    Total System Jitter     (TSJ):    0.071ns
    Total Input Jitter      (TIJ):    0.000ns
    Discrete Jitter          (DJ):    0.000ns
    Phase Error              (PE):    0.000ns

    Location             Delay type                Incr(ns)  Path(ns)    Netlist Resource(s)
  -------------------------------------------------------------------    -------------------
                         (clock clk rise edge)        0.000     0.000 r  <hidden>
                                                      0.000     0.000 r  clk
                         net (fo=43238, unset)        0.973     0.973    clk
                         FDCE                                         r  di_reg[4]/C
  -------------------------------------------------------------------    -------------------
                         FDCE (Prop_fdce_C_Q)         0.478     1.451 r  di_reg[4]/Q
                         net (fo=127, unplaced)       0.772     2.223    di_reg_n_0_[4]
                         CARRY4 (Prop_carry4_S[0]_O[2])
                                                      0.839     3.062 r  g0_b0__2_i_1/O[2]
                         net (fo=402, unplaced)       0.870     3.932    a05_out[6]
                         LUT6 (Prop_lut6_I0_O)        0.301     4.233 r  acc1__3_i_299/O
                         net (fo=1, unplaced)         0.449     4.682    acc1__3_i_299_n_0
                         LUT3 (Prop_lut3_I2_O)        0.124     4.806 r  acc1__3_i_94/O
                         net (fo=2, unplaced)         0.460     5.266    acc1__3_i_94_n_0
                         LUT5 (Prop_lut5_I4_O)        0.124     5.390 r  acc1__3_i_83/O
                         net (fo=1, unplaced)         0.732     6.122    acc1__3_i_83_n_0
                         LUT6 (Prop_lut6_I0_O)        0.124     6.246 r  acc1__3_i_27/O
                         net (fo=1, unplaced)         0.449     6.695    p_0_out[6]
                         LUT4 (Prop_lut4_I0_O)        0.124     6.819 r  acc1__3_i_2/O
                         net (fo=2, unplaced)         0.803     7.622    acc1__3_i_2_n_0
                         DSP48E1 (Prop_dsp48e1_B[6]_P[23])
                                                      3.656    11.278 f  rq_val_r1__2/P[23]
                         net (fo=1, unplaced)         0.803    12.081    rq_val_r1__2_n_82
                         LUT6 (Prop_lut6_I4_O)        0.124    12.205 f  rq_val_r[30]_i_19/O
                         net (fo=1, unplaced)         0.449    12.654    rq_val_r[30]_i_19_n_0
                         LUT6 (Prop_lut6_I5_O)        0.124    12.778 f  rq_val_r[30]_i_18/O
                         net (fo=9, unplaced)         0.490    13.268    rq_val_r[30]_i_18_n_0
                         LUT6 (Prop_lut6_I5_O)        0.124    13.392 r  rq_val_r[61]_i_15/O
                         net (fo=33, unplaced)        0.521    13.913    rq_val_r[61]_i_15_n_0
                         LUT2 (Prop_lut2_I0_O)        0.124    14.037 r  rq_val_r[35]_i_6/O
                         net (fo=1, unplaced)         0.000    14.037    rq_val_r[35]_i_6_n_0
                         CARRY4 (Prop_carry4_S[1]_CO[3])
                                                      0.533    14.570 r  rq_val_r_reg[35]_i_3/CO[3]
                         net (fo=1, unplaced)         0.000    14.570    rq_val_r_reg[35]_i_3_n_0
                         CARRY4 (Prop_carry4_CI_CO[3])
                                                      0.117    14.687 r  rq_val_r_reg[39]_i_3/CO[3]
                         net (fo=1, unplaced)         0.000    14.687    rq_val_r_reg[39]_i_3_n_0
                         CARRY4 (Prop_carry4_CI_CO[3])
                                                      0.117    14.804 r  rq_val_r_reg[43]_i_3/CO[3]
                         net (fo=1, unplaced)         0.000    14.804    rq_val_r_reg[43]_i_3_n_0
                         CARRY4 (Prop_carry4_CI_CO[3])
                                                      0.117    14.921 r  rq_val_r_reg[47]_i_3/CO[3]
                         net (fo=1, unplaced)         0.000    14.921    rq_val_r_reg[47]_i_3_n_0
                         CARRY4 (Prop_carry4_CI_CO[3])
                                                      0.117    15.038 r  rq_val_r_reg[51]_i_3/CO[3]
                         net (fo=1, unplaced)         0.000    15.038    rq_val_r_reg[51]_i_3_n_0
                         CARRY4 (Prop_carry4_CI_CO[3])
                                                      0.117    15.155 r  rq_val_r_reg[55]_i_3/CO[3]
                         net (fo=1, unplaced)         0.000    15.155    rq_val_r_reg[55]_i_3_n_0
                         CARRY4 (Prop_carry4_CI_CO[3])
                                                      0.117    15.272 r  rq_val_r_reg[61]_i_6/CO[3]
                         net (fo=1, unplaced)         0.000    15.272    rq_val_r_reg[61]_i_6_n_0
                         CARRY4 (Prop_carry4_CI_O[2])
                                                      0.256    15.528 r  rq_val_r_reg[61]_i_4/O[2]
                         net (fo=1, unplaced)         0.452    15.980    in36[62]
                         LUT6 (Prop_lut6_I5_O)        0.301    16.281 r  rq_val_r[62]_i_2/O
                         net (fo=1, unplaced)         0.449    16.730    rq_val_r[62]_i_2_n_0
                         LUT5 (Prop_lut5_I4_O)        0.124    16.854 r  rq_val_r[62]_i_1/O
                         net (fo=1, unplaced)         0.000    16.854    rq_val_r[62]_i_1_n_0
                         FDCE                                         r  rq_val_r_reg[62]/D
  -------------------------------------------------------------------    -------------------

                         (clock clk rise edge)       10.000    10.000 r  <hidden>
                                                      0.000    10.000 r  clk
                         net (fo=43238, unset)        0.924    10.924    clk
                         FDCE                                         r  rq_val_r_reg[62]/C
                         clock pessimism              0.000    10.924    <hidden>
                         clock uncertainty           -0.035    10.889    <hidden>
                         FDCE (Setup_fdce_C_D)        0.044    10.933    rq_val_r_reg[62]
  -------------------------------------------------------------------
                         required time                         10.933    <hidden>
                         arrival time                         -16.854    <hidden>
  -------------------------------------------------------------------
                         slack                                 -5.921    <hidden>

Slack (VIOLATED) :        -5.881ns  (required time - arrival time)
  Source:                 di_reg[4]/C
                            (rising edge-triggered cell FDCE clocked by clk  {rise@0.000ns fall@5.000ns period=10.000ns})
  Destination:            rq_val_r_reg[59]/D
                            (rising edge-triggered cell FDCE clocked by clk  {rise@0.000ns fall@5.000ns period=10.000ns})
  Path Group:             clk
  Path Type:              Setup (Max at Slow Process Corner)
  Requirement:            10.000ns  (clk rise@10.000ns - clk rise@0.000ns)
  Data Path Delay:        15.841ns  (logic 8.146ns (51.424%)  route 7.695ns (48.576%))
  Logic Levels:           20  (CARRY4=8 DSP48E1=1 LUT2=1 LUT3=1 LUT4=1 LUT5=2 LUT6=6)
  Clock Path Skew:        -0.049ns (DCD - SCD + CPR)
    Destination Clock Delay (DCD):    0.924ns = ( 10.924 - 10.000 ) 
    Source Clock Delay      (SCD):    0.973ns
    Clock Pessimism Removal (CPR):    0.000ns
  Clock Uncertainty:      0.035ns  ((TSJ^2 + TIJ^2)^1/2 + DJ) / 2 + PE
    Total System Jitter     (TSJ):    0.071ns
    Total Input Jitter      (TIJ):    0.000ns
    Discrete Jitter          (DJ):    0.000ns
    Phase Error              (PE):    0.000ns

    Location             Delay type                Incr(ns)  Path(ns)    Netlist Resource(s)
  -------------------------------------------------------------------    -------------------
                         (clock clk rise edge)        0.000     0.000 r  <hidden>
                                                      0.000     0.000 r  clk
                         net (fo=43238, unset)        0.973     0.973    clk
                         FDCE                                         r  di_reg[4]/C
  -------------------------------------------------------------------    -------------------
                         FDCE (Prop_fdce_C_Q)         0.478     1.451 r  di_reg[4]/Q
                         net (fo=127, unplaced)       0.772     2.223    di_reg_n_0_[4]
                         CARRY4 (Prop_carry4_S[0]_O[2])
                                                      0.839     3.062 r  g0_b0__2_i_1/O[2]
                         net (fo=402, unplaced)       0.870     3.932    a05_out[6]
                         LUT6 (Prop_lut6_I0_O)        0.301     4.233 r  acc1__3_i_299/O
                         net (fo=1, unplaced)         0.449     4.682    acc1__3_i_299_n_0
                         LUT3 (Prop_lut3_I2_O)        0.124     4.806 r  acc1__3_i_94/O
                         net (fo=2, unplaced)         0.460     5.266    acc1__3_i_94_n_0
                         LUT5 (Prop_lut5_I4_O)        0.124     5.390 r  acc1__3_i_83/O
                         net (fo=1, unplaced)         0.732     6.122    acc1__3_i_83_n_0
                         LUT6 (Prop_lut6_I0_O)        0.124     6.246 r  acc1__3_i_27/O
                         net (fo=1, unplaced)         0.449     6.695    p_0_out[6]
                         LUT4 (Prop_lut4_I0_O)        0.124     6.819 r  acc1__3_i_2/O
                         net (fo=2, unplaced)         0.803     7.622    acc1__3_i_2_n_0
                         DSP48E1 (Prop_dsp48e1_B[6]_P[23])
                                                      3.656    11.278 f  rq_val_r1__2/P[23]
                         net (fo=1, unplaced)         0.803    12.081    rq_val_r1__2_n_82
                         LUT6 (Prop_lut6_I4_O)        0.124    12.205 f  rq_val_r[30]_i_19/O
                         net (fo=1, unplaced)         0.449    12.654    rq_val_r[30]_i_19_n_0
                         LUT6 (Prop_lut6_I5_O)        0.124    12.778 f  rq_val_r[30]_i_18/O
                         net (fo=9, unplaced)         0.490    13.268    rq_val_r[30]_i_18_n_0
                         LUT6 (Prop_lut6_I5_O)        0.124    13.392 r  rq_val_r[61]_i_15/O
                         net (fo=33, unplaced)        0.521    13.913    rq_val_r[61]_i_15_n_0
                         LUT2 (Prop_lut2_I0_O)        0.124    14.037 r  rq_val_r[35]_i_6/O
                         net (fo=1, unplaced)         0.000    14.037    rq_val_r[35]_i_6_n_0
                         CARRY4 (Prop_carry4_S[1]_CO[3])
                                                      0.533    14.570 r  rq_val_r_reg[35]_i_3/CO[3]
                         net (fo=1, unplaced)         0.000    14.570    rq_val_r_reg[35]_i_3_n_0
                         CARRY4 (Prop_carry4_CI_CO[3])
                                                      0.117    14.687 r  rq_val_r_reg[39]_i_3/CO[3]
                         net (fo=1, unplaced)         0.000    14.687    rq_val_r_reg[39]_i_3_n_0
                         CARRY4 (Prop_carry4_CI_CO[3])
                                                      0.117    14.804 r  rq_val_r_reg[43]_i_3/CO[3]
                         net (fo=1, unplaced)         0.000    14.804    rq_val_r_reg[43]_i_3_n_0
                         CARRY4 (Prop_carry4_CI_CO[3])
                                                      0.117    14.921 r  rq_val_r_reg[47]_i_3/CO[3]
                         net (fo=1, unplaced)         0.000    14.921    rq_val_r_reg[47]_i_3_n_0
                         CARRY4 (Prop_carry4_CI_CO[3])
                                                      0.117    15.038 r  rq_val_r_reg[51]_i_3/CO[3]
                         net (fo=1, unplaced)         0.000    15.038    rq_val_r_reg[51]_i_3_n_0
                         CARRY4 (Prop_carry4_CI_CO[3])
                                                      0.117    15.155 r  rq_val_r_reg[55]_i_3/CO[3]
                         net (fo=1, unplaced)         0.000    15.155    rq_val_r_reg[55]_i_3_n_0
                         CARRY4 (Prop_carry4_CI_O[3])
                                                      0.331    15.486 r  rq_val_r_reg[61]_i_6/O[3]
                         net (fo=1, unplaced)         0.448    15.934    in36[59]
                         LUT6 (Prop_lut6_I5_O)        0.307    16.241 r  rq_val_r[59]_i_2/O
                         net (fo=1, unplaced)         0.449    16.690    rq_val_r[59]_i_2_n_0
                         LUT5 (Prop_lut5_I4_O)        0.124    16.814 r  rq_val_r[59]_i_1/O
                         net (fo=1, unplaced)         0.000    16.814    rq_val_r[59]_i_1_n_0
                         FDCE                                         r  rq_val_r_reg[59]/D
  -------------------------------------------------------------------    -------------------

                         (clock clk rise edge)       10.000    10.000 r  <hidden>
                                                      0.000    10.000 r  clk
                         net (fo=43238, unset)        0.924    10.924    clk
                         FDCE                                         r  rq_val_r_reg[59]/C
                         clock pessimism              0.000    10.924    <hidden>
                         clock uncertainty           -0.035    10.889    <hidden>
                         FDCE (Setup_fdce_C_D)        0.044    10.933    rq_val_r_reg[59]
  -------------------------------------------------------------------
                         required time                         10.933    <hidden>
                         arrival time                         -16.814    <hidden>
  -------------------------------------------------------------------
                         slack                                 -5.881    <hidden>

Slack (VIOLATED) :        -5.878ns  (required time - arrival time)
  Source:                 di_reg[4]/C
                            (rising edge-triggered cell FDCE clocked by clk  {rise@0.000ns fall@5.000ns period=10.000ns})
  Destination:            rq_val_r_reg[61]/D
                            (rising edge-triggered cell FDCE clocked by clk  {rise@0.000ns fall@5.000ns period=10.000ns})
  Path Group:             clk
  Path Type:              Setup (Max at Slow Process Corner)
  Requirement:            10.000ns  (clk rise@10.000ns - clk rise@0.000ns)
  Data Path Delay:        15.838ns  (logic 8.268ns (52.204%)  route 7.570ns (47.795%))
  Logic Levels:           21  (CARRY4=9 DSP48E1=1 LUT2=1 LUT3=1 LUT4=1 LUT5=2 LUT6=6)
  Clock Path Skew:        -0.049ns (DCD - SCD + CPR)
    Destination Clock Delay (DCD):    0.924ns = ( 10.924 - 10.000 ) 
    Source Clock Delay      (SCD):    0.973ns
    Clock Pessimism Removal (CPR):    0.000ns
  Clock Uncertainty:      0.035ns  ((TSJ^2 + TIJ^2)^1/2 + DJ) / 2 + PE
    Total System Jitter     (TSJ):    0.071ns
    Total Input Jitter      (TIJ):    0.000ns
    Discrete Jitter          (DJ):    0.000ns
    Phase Error              (PE):    0.000ns

    Location             Delay type                Incr(ns)  Path(ns)    Netlist Resource(s)
  -------------------------------------------------------------------    -------------------
                         (clock clk rise edge)        0.000     0.000 r  <hidden>
                                                      0.000     0.000 r  clk
                         net (fo=43238, unset)        0.973     0.973    clk
                         FDCE                                         r  di_reg[4]/C
  -------------------------------------------------------------------    -------------------
                         FDCE (Prop_fdce_C_Q)         0.478     1.451 r  di_reg[4]/Q
                         net (fo=127, unplaced)       0.772     2.223    di_reg_n_0_[4]
                         CARRY4 (Prop_carry4_S[0]_O[2])
                                                      0.839     3.062 r  g0_b0__2_i_1/O[2]
                         net (fo=402, unplaced)       0.870     3.932    a05_out[6]
                         LUT6 (Prop_lut6_I0_O)        0.301     4.233 r  acc1__3_i_299/O
                         net (fo=1, unplaced)         0.449     4.682    acc1__3_i_299_n_0
                         LUT3 (Prop_lut3_I2_O)        0.124     4.806 r  acc1__3_i_94/O
                         net (fo=2, unplaced)         0.460     5.266    acc1__3_i_94_n_0
                         LUT5 (Prop_lut5_I4_O)        0.124     5.390 r  acc1__3_i_83/O
                         net (fo=1, unplaced)         0.732     6.122    acc1__3_i_83_n_0
                         LUT6 (Prop_lut6_I0_O)        0.124     6.246 r  acc1__3_i_27/O
                         net (fo=1, unplaced)         0.449     6.695    p_0_out[6]
                         LUT4 (Prop_lut4_I0_O)        0.124     6.819 r  acc1__3_i_2/O
                         net (fo=2, unplaced)         0.803     7.622    acc1__3_i_2_n_0
                         DSP48E1 (Prop_dsp48e1_B[6]_P[23])
                                                      3.656    11.278 f  rq_val_r1__2/P[23]
                         net (fo=1, unplaced)         0.803    12.081    rq_val_r1__2_n_82
                         LUT6 (Prop_lut6_I4_O)        0.124    12.205 f  rq_val_r[30]_i_19/O
                         net (fo=1, unplaced)         0.449    12.654    rq_val_r[30]_i_19_n_0
                         LUT6 (Prop_lut6_I5_O)        0.124    12.778 f  rq_val_r[30]_i_18/O
                         net (fo=9, unplaced)         0.490    13.268    rq_val_r[30]_i_18_n_0
                         LUT6 (Prop_lut6_I5_O)        0.124    13.392 r  rq_val_r[61]_i_15/O
                         net (fo=33, unplaced)        0.521    13.913    rq_val_r[61]_i_15_n_0
                         LUT2 (Prop_lut2_I0_O)        0.124    14.037 r  rq_val_r[35]_i_6/O
                         net (fo=1, unplaced)         0.000    14.037    rq_val_r[35]_i_6_n_0
                         CARRY4 (Prop_carry4_S[1]_CO[3])
                                                      0.533    14.570 r  rq_val_r_reg[35]_i_3/CO[3]
                         net (fo=1, unplaced)         0.000    14.570    rq_val_r_reg[35]_i_3_n_0
                         CARRY4 (Prop_carry4_CI_CO[3])
                                                      0.117    14.687 r  rq_val_r_reg[39]_i_3/CO[3]
                         net (fo=1, unplaced)         0.000    14.687    rq_val_r_reg[39]_i_3_n_0
                         CARRY4 (Prop_carry4_CI_CO[3])
                                                      0.117    14.804 r  rq_val_r_reg[43]_i_3/CO[3]
                         net (fo=1, unplaced)         0.000    14.804    rq_val_r_reg[43]_i_3_n_0
                         CARRY4 (Prop_carry4_CI_CO[3])
                                                      0.117    14.921 r  rq_val_r_reg[47]_i_3/CO[3]
                         net (fo=1, unplaced)         0.000    14.921    rq_val_r_reg[47]_i_3_n_0
                         CARRY4 (Prop_carry4_CI_CO[3])
                                                      0.117    15.038 r  rq_val_r_reg[51]_i_3/CO[3]
                         net (fo=1, unplaced)         0.000    15.038    rq_val_r_reg[51]_i_3_n_0
                         CARRY4 (Prop_carry4_CI_CO[3])
                                                      0.117    15.155 r  rq_val_r_reg[55]_i_3/CO[3]
                         net (fo=1, unplaced)         0.000    15.155    rq_val_r_reg[55]_i_3_n_0
                         CARRY4 (Prop_carry4_CI_CO[3])
                                                      0.117    15.272 r  rq_val_r_reg[61]_i_6/CO[3]
                         net (fo=1, unplaced)         0.000    15.272    rq_val_r_reg[61]_i_6_n_0
                         CARRY4 (Prop_carry4_CI_O[1])
                                                      0.337    15.609 r  rq_val_r_reg[61]_i_4/O[1]
                         net (fo=2, unplaced)         0.323    15.932    in36[61]
                         LUT5 (Prop_lut5_I0_O)        0.306    16.238 r  rq_val_r[61]_i_3/O
                         net (fo=1, unplaced)         0.449    16.687    rq_val_r[61]_i_3_n_0
                         LUT6 (Prop_lut6_I3_O)        0.124    16.811 r  rq_val_r[61]_i_1/O
                         net (fo=1, unplaced)         0.000    16.811    rq_val_r[61]_i_1_n_0
                         FDCE                                         r  rq_val_r_reg[61]/D
  -------------------------------------------------------------------    -------------------

                         (clock clk rise edge)       10.000    10.000 r  <hidden>
                                                      0.000    10.000 r  clk
                         net (fo=43238, unset)        0.924    10.924    clk
                         FDCE                                         r  rq_val_r_reg[61]/C
                         clock pessimism              0.000    10.924    <hidden>
                         clock uncertainty           -0.035    10.889    <hidden>
                         FDCE (Setup_fdce_C_D)        0.044    10.933    rq_val_r_reg[61]
  -------------------------------------------------------------------
                         required time                         10.933    <hidden>
                         arrival time                         -16.811    <hidden>
  -------------------------------------------------------------------
                         slack                                 -5.878    <hidden>

Slack (VIOLATED) :        -5.804ns  (required time - arrival time)
  Source:                 di_reg[4]/C
                            (rising edge-triggered cell FDCE clocked by clk  {rise@0.000ns fall@5.000ns period=10.000ns})
  Destination:            rq_val_r_reg[58]/D
                            (rising edge-triggered cell FDCE clocked by clk  {rise@0.000ns fall@5.000ns period=10.000ns})
  Path Group:             clk
  Path Type:              Setup (Max at Slow Process Corner)
  Requirement:            10.000ns  (clk rise@10.000ns - clk rise@0.000ns)
  Data Path Delay:        15.764ns  (logic 8.065ns (51.162%)  route 7.699ns (48.838%))
  Logic Levels:           20  (CARRY4=8 DSP48E1=1 LUT2=1 LUT3=1 LUT4=1 LUT5=2 LUT6=6)
  Clock Path Skew:        -0.049ns (DCD - SCD + CPR)
    Destination Clock Delay (DCD):    0.924ns = ( 10.924 - 10.000 ) 
    Source Clock Delay      (SCD):    0.973ns
    Clock Pessimism Removal (CPR):    0.000ns
  Clock Uncertainty:      0.035ns  ((TSJ^2 + TIJ^2)^1/2 + DJ) / 2 + PE
    Total System Jitter     (TSJ):    0.071ns
    Total Input Jitter      (TIJ):    0.000ns
    Discrete Jitter          (DJ):    0.000ns
    Phase Error              (PE):    0.000ns

    Location             Delay type                Incr(ns)  Path(ns)    Netlist Resource(s)
  -------------------------------------------------------------------    -------------------
                         (clock clk rise edge)        0.000     0.000 r  <hidden>
                                                      0.000     0.000 r  clk
                         net (fo=43238, unset)        0.973     0.973    clk
                         FDCE                                         r  di_reg[4]/C
  -------------------------------------------------------------------    -------------------
                         FDCE (Prop_fdce_C_Q)         0.478     1.451 r  di_reg[4]/Q
                         net (fo=127, unplaced)       0.772     2.223    di_reg_n_0_[4]
                         CARRY4 (Prop_carry4_S[0]_O[2])
                                                      0.839     3.062 r  g0_b0__2_i_1/O[2]
                         net (fo=402, unplaced)       0.870     3.932    a05_out[6]
                         LUT6 (Prop_lut6_I0_O)        0.301     4.233 r  acc1__3_i_299/O
                         net (fo=1, unplaced)         0.449     4.682    acc1__3_i_299_n_0
                         LUT3 (Prop_lut3_I2_O)        0.124     4.806 r  acc1__3_i_94/O
                         net (fo=2, unplaced)         0.460     5.266    acc1__3_i_94_n_0
                         LUT5 (Prop_lut5_I4_O)        0.124     5.390 r  acc1__3_i_83/O
                         net (fo=1, unplaced)         0.732     6.122    acc1__3_i_83_n_0
                         LUT6 (Prop_lut6_I0_O)        0.124     6.246 r  acc1__3_i_27/O
                         net (fo=1, unplaced)         0.449     6.695    p_0_out[6]
                         LUT4 (Prop_lut4_I0_O)        0.124     6.819 r  acc1__3_i_2/O
                         net (fo=2, unplaced)         0.803     7.622    acc1__3_i_2_n_0
                         DSP48E1 (Prop_dsp48e1_B[6]_P[23])
                                                      3.656    11.278 f  rq_val_r1__2/P[23]
                         net (fo=1, unplaced)         0.803    12.081    rq_val_r1__2_n_82
                         LUT6 (Prop_lut6_I4_O)        0.124    12.205 f  rq_val_r[30]_i_19/O
                         net (fo=1, unplaced)         0.449    12.654    rq_val_r[30]_i_19_n_0
                         LUT6 (Prop_lut6_I5_O)        0.124    12.778 f  rq_val_r[30]_i_18/O
                         net (fo=9, unplaced)         0.490    13.268    rq_val_r[30]_i_18_n_0
                         LUT6 (Prop_lut6_I5_O)        0.124    13.392 r  rq_val_r[61]_i_15/O
                         net (fo=33, unplaced)        0.521    13.913    rq_val_r[61]_i_15_n_0
                         LUT2 (Prop_lut2_I0_O)        0.124    14.037 r  rq_val_r[35]_i_6/O
                         net (fo=1, unplaced)         0.000    14.037    rq_val_r[35]_i_6_n_0
                         CARRY4 (Prop_carry4_S[1]_CO[3])
                                                      0.533    14.570 r  rq_val_r_reg[35]_i_3/CO[3]
                         net (fo=1, unplaced)         0.000    14.570    rq_val_r_reg[35]_i_3_n_0
                         CARRY4 (Prop_carry4_CI_CO[3])
                                                      0.117    14.687 r  rq_val_r_reg[39]_i_3/CO[3]
                         net (fo=1, unplaced)         0.000    14.687    rq_val_r_reg[39]_i_3_n_0
                         CARRY4 (Prop_carry4_CI_CO[3])
                                                      0.117    14.804 r  rq_val_r_reg[43]_i_3/CO[3]
                         net (fo=1, unplaced)         0.000    14.804    rq_val_r_reg[43]_i_3_n_0
                         CARRY4 (Prop_carry4_CI_CO[3])
                                                      0.117    14.921 r  rq_val_r_reg[47]_i_3/CO[3]
                         net (fo=1, unplaced)         0.000    14.921    rq_val_r_reg[47]_i_3_n_0
                         CARRY4 (Prop_carry4_CI_CO[3])
                                                      0.117    15.038 r  rq_val_r_reg[51]_i_3/CO[3]
                         net (fo=1, unplaced)         0.000    15.038    rq_val_r_reg[51]_i_3_n_0
                         CARRY4 (Prop_carry4_CI_CO[3])
                                                      0.117    15.155 r  rq_val_r_reg[55]_i_3/CO[3]
                         net (fo=1, unplaced)         0.000    15.155    rq_val_r_reg[55]_i_3_n_0
                         CARRY4 (Prop_carry4_CI_O[2])
                                                      0.256    15.411 r  rq_val_r_reg[61]_i_6/O[2]
                         net (fo=1, unplaced)         0.452    15.863    in36[58]
                         LUT6 (Prop_lut6_I5_O)        0.301    16.164 r  rq_val_r[58]_i_2/O
                         net (fo=1, unplaced)         0.449    16.613    rq_val_r[58]_i_2_n_0
                         LUT5 (Prop_lut5_I4_O)        0.124    16.737 r  rq_val_r[58]_i_1/O
                         net (fo=1, unplaced)         0.000    16.737    rq_val_r[58]_i_1_n_0
                         FDCE                                         r  rq_val_r_reg[58]/D
  -------------------------------------------------------------------    -------------------

                         (clock clk rise edge)       10.000    10.000 r  <hidden>
                                                      0.000    10.000 r  clk
                         net (fo=43238, unset)        0.924    10.924    clk
                         FDCE                                         r  rq_val_r_reg[58]/C
                         clock pessimism              0.000    10.924    <hidden>
                         clock uncertainty           -0.035    10.889    <hidden>
                         FDCE (Setup_fdce_C_D)        0.044    10.933    rq_val_r_reg[58]
  -------------------------------------------------------------------
                         required time                         10.933    <hidden>
                         arrival time                         -16.737    <hidden>
  -------------------------------------------------------------------
                         slack                                 -5.804    <hidden>

Slack (VIOLATED) :        -5.764ns  (required time - arrival time)
  Source:                 di_reg[4]/C
                            (rising edge-triggered cell FDCE clocked by clk  {rise@0.000ns fall@5.000ns period=10.000ns})
  Destination:            rq_val_r_reg[55]/D
                            (rising edge-triggered cell FDCE clocked by clk  {rise@0.000ns fall@5.000ns period=10.000ns})
  Path Group:             clk
  Path Type:              Setup (Max at Slow Process Corner)
  Requirement:            10.000ns  (clk rise@10.000ns - clk rise@0.000ns)
  Data Path Delay:        15.724ns  (logic 8.029ns (51.063%)  route 7.695ns (48.937%))
  Logic Levels:           19  (CARRY4=7 DSP48E1=1 LUT2=1 LUT3=1 LUT4=1 LUT5=2 LUT6=6)
  Clock Path Skew:        -0.049ns (DCD - SCD + CPR)
    Destination Clock Delay (DCD):    0.924ns = ( 10.924 - 10.000 ) 
    Source Clock Delay      (SCD):    0.973ns
    Clock Pessimism Removal (CPR):    0.000ns
  Clock Uncertainty:      0.035ns  ((TSJ^2 + TIJ^2)^1/2 + DJ) / 2 + PE
    Total System Jitter     (TSJ):    0.071ns
    Total Input Jitter      (TIJ):    0.000ns
    Discrete Jitter          (DJ):    0.000ns
    Phase Error              (PE):    0.000ns

    Location             Delay type                Incr(ns)  Path(ns)    Netlist Resource(s)
  -------------------------------------------------------------------    -------------------
                         (clock clk rise edge)        0.000     0.000 r  <hidden>
                                                      0.000     0.000 r  clk
                         net (fo=43238, unset)        0.973     0.973    clk
                         FDCE                                         r  di_reg[4]/C
  -------------------------------------------------------------------    -------------------
                         FDCE (Prop_fdce_C_Q)         0.478     1.451 r  di_reg[4]/Q
                         net (fo=127, unplaced)       0.772     2.223    di_reg_n_0_[4]
                         CARRY4 (Prop_carry4_S[0]_O[2])
                                                      0.839     3.062 r  g0_b0__2_i_1/O[2]
                         net (fo=402, unplaced)       0.870     3.932    a05_out[6]
                         LUT6 (Prop_lut6_I0_O)        0.301     4.233 r  acc1__3_i_299/O
                         net (fo=1, unplaced)         0.449     4.682    acc1__3_i_299_n_0
                         LUT3 (Prop_lut3_I2_O)        0.124     4.806 r  acc1__3_i_94/O
                         net (fo=2, unplaced)         0.460     5.266    acc1__3_i_94_n_0
                         LUT5 (Prop_lut5_I4_O)        0.124     5.390 r  acc1__3_i_83/O
                         net (fo=1, unplaced)         0.732     6.122    acc1__3_i_83_n_0
                         LUT6 (Prop_lut6_I0_O)        0.124     6.246 r  acc1__3_i_27/O
                         net (fo=1, unplaced)         0.449     6.695    p_0_out[6]
                         LUT4 (Prop_lut4_I0_O)        0.124     6.819 r  acc1__3_i_2/O
                         net (fo=2, unplaced)         0.803     7.622    acc1__3_i_2_n_0
                         DSP48E1 (Prop_dsp48e1_B[6]_P[23])
                                                      3.656    11.278 f  rq_val_r1__2/P[23]
                         net (fo=1, unplaced)         0.803    12.081    rq_val_r1__2_n_82
                         LUT6 (Prop_lut6_I4_O)        0.124    12.205 f  rq_val_r[30]_i_19/O
                         net (fo=1, unplaced)         0.449    12.654    rq_val_r[30]_i_19_n_0
                         LUT6 (Prop_lut6_I5_O)        0.124    12.778 f  rq_val_r[30]_i_18/O
                         net (fo=9, unplaced)         0.490    13.268    rq_val_r[30]_i_18_n_0
                         LUT6 (Prop_lut6_I5_O)        0.124    13.392 r  rq_val_r[61]_i_15/O
                         net (fo=33, unplaced)        0.521    13.913    rq_val_r[61]_i_15_n_0
                         LUT2 (Prop_lut2_I0_O)        0.124    14.037 r  rq_val_r[35]_i_6/O
                         net (fo=1, unplaced)         0.000    14.037    rq_val_r[35]_i_6_n_0
                         CARRY4 (Prop_carry4_S[1]_CO[3])
                                                      0.533    14.570 r  rq_val_r_reg[35]_i_3/CO[3]
                         net (fo=1, unplaced)         0.000    14.570    rq_val_r_reg[35]_i_3_n_0
                         CARRY4 (Prop_carry4_CI_CO[3])
                                                      0.117    14.687 r  rq_val_r_reg[39]_i_3/CO[3]
                         net (fo=1, unplaced)         0.000    14.687    rq_val_r_reg[39]_i_3_n_0
                         CARRY4 (Prop_carry4_CI_CO[3])
                                                      0.117    14.804 r  rq_val_r_reg[43]_i_3/CO[3]
                         net (fo=1, unplaced)         0.000    14.804    rq_val_r_reg[43]_i_3_n_0
                         CARRY4 (Prop_carry4_CI_CO[3])
                                                      0.117    14.921 r  rq_val_r_reg[47]_i_3/CO[3]
                         net (fo=1, unplaced)         0.000    14.921    rq_val_r_reg[47]_i_3_n_0
                         CARRY4 (Prop_carry4_CI_CO[3])
                                                      0.117    15.038 r  rq_val_r_reg[51]_i_3/CO[3]
                         net (fo=1, unplaced)         0.000    15.038    rq_val_r_reg[51]_i_3_n_0
                         CARRY4 (Prop_carry4_CI_O[3])
                                                      0.331    15.369 r  rq_val_r_reg[55]_i_3/O[3]
                         net (fo=1, unplaced)         0.448    15.817    in36[55]
                         LUT6 (Prop_lut6_I5_O)        0.307    16.124 r  rq_val_r[55]_i_2/O
                         net (fo=1, unplaced)         0.449    16.573    rq_val_r[55]_i_2_n_0
                         LUT5 (Prop_lut5_I4_O)        0.124    16.697 r  rq_val_r[55]_i_1/O
                         net (fo=1, unplaced)         0.000    16.697    rq_val_r[55]_i_1_n_0
                         FDCE                                         r  rq_val_r_reg[55]/D
  -------------------------------------------------------------------    -------------------

                         (clock clk rise edge)       10.000    10.000 r  <hidden>
                                                      0.000    10.000 r  clk
                         net (fo=43238, unset)        0.924    10.924    clk
                         FDCE                                         r  rq_val_r_reg[55]/C
                         clock pessimism              0.000    10.924    <hidden>
                         clock uncertainty           -0.035    10.889    <hidden>
                         FDCE (Setup_fdce_C_D)        0.044    10.933    rq_val_r_reg[55]
  -------------------------------------------------------------------
                         required time                         10.933    <hidden>
                         arrival time                         -16.697    <hidden>
  -------------------------------------------------------------------
                         slack                                 -5.764    <hidden>

Slack (VIOLATED) :        -5.750ns  (required time - arrival time)
  Source:                 di_reg[4]/C
                            (rising edge-triggered cell FDCE clocked by clk  {rise@0.000ns fall@5.000ns period=10.000ns})
  Destination:            rq_val_r_reg[57]/D
                            (rising edge-triggered cell FDCE clocked by clk  {rise@0.000ns fall@5.000ns period=10.000ns})
  Path Group:             clk
  Path Type:              Setup (Max at Slow Process Corner)
  Requirement:            10.000ns  (clk rise@10.000ns - clk rise@0.000ns)
  Data Path Delay:        15.710ns  (logic 8.151ns (51.885%)  route 7.559ns (48.115%))
  Logic Levels:           20  (CARRY4=8 DSP48E1=1 LUT2=1 LUT3=1 LUT4=1 LUT5=2 LUT6=6)
  Clock Path Skew:        -0.049ns (DCD - SCD + CPR)
    Destination Clock Delay (DCD):    0.924ns = ( 10.924 - 10.000 ) 
    Source Clock Delay      (SCD):    0.973ns
    Clock Pessimism Removal (CPR):    0.000ns
  Clock Uncertainty:      0.035ns  ((TSJ^2 + TIJ^2)^1/2 + DJ) / 2 + PE
    Total System Jitter     (TSJ):    0.071ns
    Total Input Jitter      (TIJ):    0.000ns
    Discrete Jitter          (DJ):    0.000ns
    Phase Error              (PE):    0.000ns

    Location             Delay type                Incr(ns)  Path(ns)    Netlist Resource(s)
  -------------------------------------------------------------------    -------------------
                         (clock clk rise edge)        0.000     0.000 r  <hidden>
                                                      0.000     0.000 r  clk
                         net (fo=43238, unset)        0.973     0.973    clk
                         FDCE                                         r  di_reg[4]/C
  -------------------------------------------------------------------    -------------------
                         FDCE (Prop_fdce_C_Q)         0.478     1.451 r  di_reg[4]/Q
                         net (fo=127, unplaced)       0.772     2.223    di_reg_n_0_[4]
                         CARRY4 (Prop_carry4_S[0]_O[2])
                                                      0.839     3.062 r  g0_b0__2_i_1/O[2]
                         net (fo=402, unplaced)       0.870     3.932    a05_out[6]
                         LUT6 (Prop_lut6_I0_O)        0.301     4.233 r  acc1__3_i_299/O
                         net (fo=1, unplaced)         0.449     4.682    acc1__3_i_299_n_0
                         LUT3 (Prop_lut3_I2_O)        0.124     4.806 r  acc1__3_i_94/O
                         net (fo=2, unplaced)         0.460     5.266    acc1__3_i_94_n_0
                         LUT5 (Prop_lut5_I4_O)        0.124     5.390 r  acc1__3_i_83/O
                         net (fo=1, unplaced)         0.732     6.122    acc1__3_i_83_n_0
                         LUT6 (Prop_lut6_I0_O)        0.124     6.246 r  acc1__3_i_27/O
                         net (fo=1, unplaced)         0.449     6.695    p_0_out[6]
                         LUT4 (Prop_lut4_I0_O)        0.124     6.819 r  acc1__3_i_2/O
                         net (fo=2, unplaced)         0.803     7.622    acc1__3_i_2_n_0
                         DSP48E1 (Prop_dsp48e1_B[6]_P[23])
                                                      3.656    11.278 f  rq_val_r1__2/P[23]
                         net (fo=1, unplaced)         0.803    12.081    rq_val_r1__2_n_82
                         LUT6 (Prop_lut6_I4_O)        0.124    12.205 f  rq_val_r[30]_i_19/O
                         net (fo=1, unplaced)         0.449    12.654    rq_val_r[30]_i_19_n_0
                         LUT6 (Prop_lut6_I5_O)        0.124    12.778 f  rq_val_r[30]_i_18/O
                         net (fo=9, unplaced)         0.490    13.268    rq_val_r[30]_i_18_n_0
                         LUT6 (Prop_lut6_I5_O)        0.124    13.392 r  rq_val_r[61]_i_15/O
                         net (fo=33, unplaced)        0.521    13.913    rq_val_r[61]_i_15_n_0
                         LUT2 (Prop_lut2_I0_O)        0.124    14.037 r  rq_val_r[35]_i_6/O
                         net (fo=1, unplaced)         0.000    14.037    rq_val_r[35]_i_6_n_0
                         CARRY4 (Prop_carry4_S[1]_CO[3])
                                                      0.533    14.570 r  rq_val_r_reg[35]_i_3/CO[3]
                         net (fo=1, unplaced)         0.000    14.570    rq_val_r_reg[35]_i_3_n_0
                         CARRY4 (Prop_carry4_CI_CO[3])
                                                      0.117    14.687 r  rq_val_r_reg[39]_i_3/CO[3]
                         net (fo=1, unplaced)         0.000    14.687    rq_val_r_reg[39]_i_3_n_0
                         CARRY4 (Prop_carry4_CI_CO[3])
                                                      0.117    14.804 r  rq_val_r_reg[43]_i_3/CO[3]
                         net (fo=1, unplaced)         0.000    14.804    rq_val_r_reg[43]_i_3_n_0
                         CARRY4 (Prop_carry4_CI_CO[3])
                                                      0.117    14.921 r  rq_val_r_reg[47]_i_3/CO[3]
                         net (fo=1, unplaced)         0.000    14.921    rq_val_r_reg[47]_i_3_n_0
                         CARRY4 (Prop_carry4_CI_CO[3])
                                                      0.117    15.038 r  rq_val_r_reg[51]_i_3/CO[3]
                         net (fo=1, unplaced)         0.000    15.038    rq_val_r_reg[51]_i_3_n_0
                         CARRY4 (Prop_carry4_CI_CO[3])
                                                      0.117    15.155 r  rq_val_r_reg[55]_i_3/CO[3]
                         net (fo=1, unplaced)         0.000    15.155    rq_val_r_reg[55]_i_3_n_0
                         CARRY4 (Prop_carry4_CI_O[1])
                                                      0.337    15.492 r  rq_val_r_reg[61]_i_6/O[1]
                         net (fo=1, unplaced)         0.312    15.804    in36[57]
                         LUT6 (Prop_lut6_I5_O)        0.306    16.110 r  rq_val_r[57]_i_2/O
                         net (fo=1, unplaced)         0.449    16.559    rq_val_r[57]_i_2_n_0
                         LUT5 (Prop_lut5_I4_O)        0.124    16.683 r  rq_val_r[57]_i_1/O
                         net (fo=1, unplaced)         0.000    16.683    rq_val_r[57]_i_1_n_0
                         FDCE                                         r  rq_val_r_reg[57]/D
  -------------------------------------------------------------------    -------------------

                         (clock clk rise edge)       10.000    10.000 r  <hidden>
                                                      0.000    10.000 r  clk
                         net (fo=43238, unset)        0.924    10.924    clk
                         FDCE                                         r  rq_val_r_reg[57]/C
                         clock pessimism              0.000    10.924    <hidden>
                         clock uncertainty           -0.035    10.889    <hidden>
                         FDCE (Setup_fdce_C_D)        0.044    10.933    rq_val_r_reg[57]
  -------------------------------------------------------------------
                         required time                         10.933    <hidden>
                         arrival time                         -16.683    <hidden>
  -------------------------------------------------------------------
                         slack                                 -5.750    <hidden>

Slack (VIOLATED) :        -5.750ns  (required time - arrival time)
  Source:                 di_reg[4]/C
                            (rising edge-triggered cell FDCE clocked by clk  {rise@0.000ns fall@5.000ns period=10.000ns})
  Destination:            rq_val_r_reg[60]/D
                            (rising edge-triggered cell FDCE clocked by clk  {rise@0.000ns fall@5.000ns period=10.000ns})
  Path Group:             clk
  Path Type:              Setup (Max at Slow Process Corner)
  Requirement:            10.000ns  (clk rise@10.000ns - clk rise@0.000ns)
  Data Path Delay:        15.710ns  (logic 8.152ns (51.891%)  route 7.558ns (48.109%))
  Logic Levels:           21  (CARRY4=9 DSP48E1=1 LUT2=1 LUT3=1 LUT4=1 LUT5=2 LUT6=6)
  Clock Path Skew:        -0.049ns (DCD - SCD + CPR)
    Destination Clock Delay (DCD):    0.924ns = ( 10.924 - 10.000 ) 
    Source Clock Delay      (SCD):    0.973ns
    Clock Pessimism Removal (CPR):    0.000ns
  Clock Uncertainty:      0.035ns  ((TSJ^2 + TIJ^2)^1/2 + DJ) / 2 + PE
    Total System Jitter     (TSJ):    0.071ns
    Total Input Jitter      (TIJ):    0.000ns
    Discrete Jitter          (DJ):    0.000ns
    Phase Error              (PE):    0.000ns

    Location             Delay type                Incr(ns)  Path(ns)    Netlist Resource(s)
  -------------------------------------------------------------------    -------------------
                         (clock clk rise edge)        0.000     0.000 r  <hidden>
                                                      0.000     0.000 r  clk
                         net (fo=43238, unset)        0.973     0.973    clk
                         FDCE                                         r  di_reg[4]/C
  -------------------------------------------------------------------    -------------------
                         FDCE (Prop_fdce_C_Q)         0.478     1.451 r  di_reg[4]/Q
                         net (fo=127, unplaced)       0.772     2.223    di_reg_n_0_[4]
                         CARRY4 (Prop_carry4_S[0]_O[2])
                                                      0.839     3.062 r  g0_b0__2_i_1/O[2]
                         net (fo=402, unplaced)       0.870     3.932    a05_out[6]
                         LUT6 (Prop_lut6_I0_O)        0.301     4.233 r  acc1__3_i_299/O
                         net (fo=1, unplaced)         0.449     4.682    acc1__3_i_299_n_0
                         LUT3 (Prop_lut3_I2_O)        0.124     4.806 r  acc1__3_i_94/O
                         net (fo=2, unplaced)         0.460     5.266    acc1__3_i_94_n_0
                         LUT5 (Prop_lut5_I4_O)        0.124     5.390 r  acc1__3_i_83/O
                         net (fo=1, unplaced)         0.732     6.122    acc1__3_i_83_n_0
                         LUT6 (Prop_lut6_I0_O)        0.124     6.246 r  acc1__3_i_27/O
                         net (fo=1, unplaced)         0.449     6.695    p_0_out[6]
                         LUT4 (Prop_lut4_I0_O)        0.124     6.819 r  acc1__3_i_2/O
                         net (fo=2, unplaced)         0.803     7.622    acc1__3_i_2_n_0
                         DSP48E1 (Prop_dsp48e1_B[6]_P[23])
                                                      3.656    11.278 f  rq_val_r1__2/P[23]
                         net (fo=1, unplaced)         0.803    12.081    rq_val_r1__2_n_82
                         LUT6 (Prop_lut6_I4_O)        0.124    12.205 f  rq_val_r[30]_i_19/O
                         net (fo=1, unplaced)         0.449    12.654    rq_val_r[30]_i_19_n_0
                         LUT6 (Prop_lut6_I5_O)        0.124    12.778 f  rq_val_r[30]_i_18/O
                         net (fo=9, unplaced)         0.490    13.268    rq_val_r[30]_i_18_n_0
                         LUT6 (Prop_lut6_I5_O)        0.124    13.392 r  rq_val_r[61]_i_15/O
                         net (fo=33, unplaced)        0.521    13.913    rq_val_r[61]_i_15_n_0
                         LUT2 (Prop_lut2_I0_O)        0.124    14.037 r  rq_val_r[35]_i_6/O
                         net (fo=1, unplaced)         0.000    14.037    rq_val_r[35]_i_6_n_0
                         CARRY4 (Prop_carry4_S[1]_CO[3])
                                                      0.533    14.570 r  rq_val_r_reg[35]_i_3/CO[3]
                         net (fo=1, unplaced)         0.000    14.570    rq_val_r_reg[35]_i_3_n_0
                         CARRY4 (Prop_carry4_CI_CO[3])
                                                      0.117    14.687 r  rq_val_r_reg[39]_i_3/CO[3]
                         net (fo=1, unplaced)         0.000    14.687    rq_val_r_reg[39]_i_3_n_0
                         CARRY4 (Prop_carry4_CI_CO[3])
                                                      0.117    14.804 r  rq_val_r_reg[43]_i_3/CO[3]
                         net (fo=1, unplaced)         0.000    14.804    rq_val_r_reg[43]_i_3_n_0
                         CARRY4 (Prop_carry4_CI_CO[3])
                                                      0.117    14.921 r  rq_val_r_reg[47]_i_3/CO[3]
                         net (fo=1, unplaced)         0.000    14.921    rq_val_r_reg[47]_i_3_n_0
                         CARRY4 (Prop_carry4_CI_CO[3])
                                                      0.117    15.038 r  rq_val_r_reg[51]_i_3/CO[3]
                         net (fo=1, unplaced)         0.000    15.038    rq_val_r_reg[51]_i_3_n_0
                         CARRY4 (Prop_carry4_CI_CO[3])
                                                      0.117    15.155 r  rq_val_r_reg[55]_i_3/CO[3]
                         net (fo=1, unplaced)         0.000    15.155    rq_val_r_reg[55]_i_3_n_0
                         CARRY4 (Prop_carry4_CI_CO[3])
                                                      0.117    15.272 r  rq_val_r_reg[61]_i_6/CO[3]
                         net (fo=1, unplaced)         0.000    15.272    rq_val_r_reg[61]_i_6_n_0
                         CARRY4 (Prop_carry4_CI_O[0])
                                                      0.232    15.504 r  rq_val_r_reg[61]_i_4/O[0]
                         net (fo=1, unplaced)         0.311    15.815    in36[60]
                         LUT6 (Prop_lut6_I5_O)        0.295    16.110 r  rq_val_r[60]_i_2/O
                         net (fo=1, unplaced)         0.449    16.559    rq_val_r[60]_i_2_n_0
                         LUT5 (Prop_lut5_I4_O)        0.124    16.683 r  rq_val_r[60]_i_1/O
                         net (fo=1, unplaced)         0.000    16.683    rq_val_r[60]_i_1_n_0
                         FDCE                                         r  rq_val_r_reg[60]/D
  -------------------------------------------------------------------    -------------------

                         (clock clk rise edge)       10.000    10.000 r  <hidden>
                                                      0.000    10.000 r  clk
                         net (fo=43238, unset)        0.924    10.924    clk
                         FDCE                                         r  rq_val_r_reg[60]/C
                         clock pessimism              0.000    10.924    <hidden>
                         clock uncertainty           -0.035    10.889    <hidden>
                         FDCE (Setup_fdce_C_D)        0.044    10.933    rq_val_r_reg[60]
  -------------------------------------------------------------------
                         required time                         10.933    <hidden>
                         arrival time                         -16.683    <hidden>
  -------------------------------------------------------------------
                         slack                                 -5.750    <hidden>

Slack (VIOLATED) :        -5.687ns  (required time - arrival time)
  Source:                 di_reg[4]/C
                            (rising edge-triggered cell FDCE clocked by clk  {rise@0.000ns fall@5.000ns period=10.000ns})
  Destination:            rq_val_r_reg[54]/D
                            (rising edge-triggered cell FDCE clocked by clk  {rise@0.000ns fall@5.000ns period=10.000ns})
  Path Group:             clk
  Path Type:              Setup (Max at Slow Process Corner)
  Requirement:            10.000ns  (clk rise@10.000ns - clk rise@0.000ns)
  Data Path Delay:        15.647ns  (logic 7.948ns (50.797%)  route 7.699ns (49.203%))
  Logic Levels:           19  (CARRY4=7 DSP48E1=1 LUT2=1 LUT3=1 LUT4=1 LUT5=2 LUT6=6)
  Clock Path Skew:        -0.049ns (DCD - SCD + CPR)
    Destination Clock Delay (DCD):    0.924ns = ( 10.924 - 10.000 ) 
    Source Clock Delay      (SCD):    0.973ns
    Clock Pessimism Removal (CPR):    0.000ns
  Clock Uncertainty:      0.035ns  ((TSJ^2 + TIJ^2)^1/2 + DJ) / 2 + PE
    Total System Jitter     (TSJ):    0.071ns
    Total Input Jitter      (TIJ):    0.000ns
    Discrete Jitter          (DJ):    0.000ns
    Phase Error              (PE):    0.000ns

    Location             Delay type                Incr(ns)  Path(ns)    Netlist Resource(s)
  -------------------------------------------------------------------    -------------------
                         (clock clk rise edge)        0.000     0.000 r  <hidden>
                                                      0.000     0.000 r  clk
                         net (fo=43238, unset)        0.973     0.973    clk
                         FDCE                                         r  di_reg[4]/C
  -------------------------------------------------------------------    -------------------
                         FDCE (Prop_fdce_C_Q)         0.478     1.451 r  di_reg[4]/Q
                         net (fo=127, unplaced)       0.772     2.223    di_reg_n_0_[4]
                         CARRY4 (Prop_carry4_S[0]_O[2])
                                                      0.839     3.062 r  g0_b0__2_i_1/O[2]
                         net (fo=402, unplaced)       0.870     3.932    a05_out[6]
                         LUT6 (Prop_lut6_I0_O)        0.301     4.233 r  acc1__3_i_299/O
                         net (fo=1, unplaced)         0.449     4.682    acc1__3_i_299_n_0
                         LUT3 (Prop_lut3_I2_O)        0.124     4.806 r  acc1__3_i_94/O
                         net (fo=2, unplaced)         0.460     5.266    acc1__3_i_94_n_0
                         LUT5 (Prop_lut5_I4_O)        0.124     5.390 r  acc1__3_i_83/O
                         net (fo=1, unplaced)         0.732     6.122    acc1__3_i_83_n_0
                         LUT6 (Prop_lut6_I0_O)        0.124     6.246 r  acc1__3_i_27/O
                         net (fo=1, unplaced)         0.449     6.695    p_0_out[6]
                         LUT4 (Prop_lut4_I0_O)        0.124     6.819 r  acc1__3_i_2/O
                         net (fo=2, unplaced)         0.803     7.622    acc1__3_i_2_n_0
                         DSP48E1 (Prop_dsp48e1_B[6]_P[23])
                                                      3.656    11.278 f  rq_val_r1__2/P[23]
                         net (fo=1, unplaced)         0.803    12.081    rq_val_r1__2_n_82
                         LUT6 (Prop_lut6_I4_O)        0.124    12.205 f  rq_val_r[30]_i_19/O
                         net (fo=1, unplaced)         0.449    12.654    rq_val_r[30]_i_19_n_0
                         LUT6 (Prop_lut6_I5_O)        0.124    12.778 f  rq_val_r[30]_i_18/O
                         net (fo=9, unplaced)         0.490    13.268    rq_val_r[30]_i_18_n_0
                         LUT6 (Prop_lut6_I5_O)        0.124    13.392 r  rq_val_r[61]_i_15/O
                         net (fo=33, unplaced)        0.521    13.913    rq_val_r[61]_i_15_n_0
                         LUT2 (Prop_lut2_I0_O)        0.124    14.037 r  rq_val_r[35]_i_6/O
                         net (fo=1, unplaced)         0.000    14.037    rq_val_r[35]_i_6_n_0
                         CARRY4 (Prop_carry4_S[1]_CO[3])
                                                      0.533    14.570 r  rq_val_r_reg[35]_i_3/CO[3]
                         net (fo=1, unplaced)         0.000    14.570    rq_val_r_reg[35]_i_3_n_0
                         CARRY4 (Prop_carry4_CI_CO[3])
                                                      0.117    14.687 r  rq_val_r_reg[39]_i_3/CO[3]
                         net (fo=1, unplaced)         0.000    14.687    rq_val_r_reg[39]_i_3_n_0
                         CARRY4 (Prop_carry4_CI_CO[3])
                                                      0.117    14.804 r  rq_val_r_reg[43]_i_3/CO[3]
                         net (fo=1, unplaced)         0.000    14.804    rq_val_r_reg[43]_i_3_n_0
                         CARRY4 (Prop_carry4_CI_CO[3])
                                                      0.117    14.921 r  rq_val_r_reg[47]_i_3/CO[3]
                         net (fo=1, unplaced)         0.000    14.921    rq_val_r_reg[47]_i_3_n_0
                         CARRY4 (Prop_carry4_CI_CO[3])
                                                      0.117    15.038 r  rq_val_r_reg[51]_i_3/CO[3]
                         net (fo=1, unplaced)         0.000    15.038    rq_val_r_reg[51]_i_3_n_0
                         CARRY4 (Prop_carry4_CI_O[2])
                                                      0.256    15.294 r  rq_val_r_reg[55]_i_3/O[2]
                         net (fo=1, unplaced)         0.452    15.746    in36[54]
                         LUT6 (Prop_lut6_I4_O)        0.301    16.047 r  rq_val_r[54]_i_2/O
                         net (fo=1, unplaced)         0.449    16.496    rq_val_r[54]_i_2_n_0
                         LUT5 (Prop_lut5_I4_O)        0.124    16.620 r  rq_val_r[54]_i_1/O
                         net (fo=1, unplaced)         0.000    16.620    rq_val_r[54]_i_1_n_0
                         FDCE                                         r  rq_val_r_reg[54]/D
  -------------------------------------------------------------------    -------------------

                         (clock clk rise edge)       10.000    10.000 r  <hidden>
                                                      0.000    10.000 r  clk
                         net (fo=43238, unset)        0.924    10.924    clk
                         FDCE                                         r  rq_val_r_reg[54]/C
                         clock pessimism              0.000    10.924    <hidden>
                         clock uncertainty           -0.035    10.889    <hidden>
                         FDCE (Setup_fdce_C_D)        0.044    10.933    rq_val_r_reg[54]
  -------------------------------------------------------------------
                         required time                         10.933    <hidden>
                         arrival time                         -16.620    <hidden>
  -------------------------------------------------------------------
                         slack                                 -5.687    <hidden>

Slack (VIOLATED) :        -5.675ns  (required time - arrival time)
  Source:                 di_reg[4]/C
                            (rising edge-triggered cell FDCE clocked by clk  {rise@0.000ns fall@5.000ns period=10.000ns})
  Destination:            acc_reg[63]/D
                            (rising edge-triggered cell FDCE clocked by clk  {rise@0.000ns fall@5.000ns period=10.000ns})
  Path Group:             clk
  Path Type:              Setup (Max at Slow Process Corner)
  Requirement:            10.000ns  (clk rise@10.000ns - clk rise@0.000ns)
  Data Path Delay:        15.635ns  (logic 8.951ns (57.251%)  route 6.684ns (42.749%))
  Logic Levels:           27  (CARRY4=17 DSP48E1=1 LUT2=1 LUT3=1 LUT4=2 LUT5=1 LUT6=4)
  Clock Path Skew:        -0.049ns (DCD - SCD + CPR)
    Destination Clock Delay (DCD):    0.924ns = ( 10.924 - 10.000 ) 
    Source Clock Delay      (SCD):    0.973ns
    Clock Pessimism Removal (CPR):    0.000ns
  Clock Uncertainty:      0.035ns  ((TSJ^2 + TIJ^2)^1/2 + DJ) / 2 + PE
    Total System Jitter     (TSJ):    0.071ns
    Total Input Jitter      (TIJ):    0.000ns
    Discrete Jitter          (DJ):    0.000ns
    Phase Error              (PE):    0.000ns

    Location             Delay type                Incr(ns)  Path(ns)    Netlist Resource(s)
  -------------------------------------------------------------------    -------------------
                         (clock clk rise edge)        0.000     0.000 r  <hidden>
                                                      0.000     0.000 r  clk
                         net (fo=43238, unset)        0.973     0.973    clk
                         FDCE                                         r  di_reg[4]/C
  -------------------------------------------------------------------    -------------------
                         FDCE (Prop_fdce_C_Q)         0.478     1.451 r  di_reg[4]/Q
                         net (fo=127, unplaced)       0.772     2.223    di_reg_n_0_[4]
                         CARRY4 (Prop_carry4_S[0]_O[2])
                                                      0.839     3.062 r  g0_b0__2_i_1/O[2]
                         net (fo=402, unplaced)       0.870     3.932    a05_out[6]
                         LUT6 (Prop_lut6_I0_O)        0.301     4.233 r  acc1__3_i_299/O
                         net (fo=1, unplaced)         0.449     4.682    acc1__3_i_299_n_0
                         LUT3 (Prop_lut3_I2_O)        0.124     4.806 r  acc1__3_i_94/O
                         net (fo=2, unplaced)         0.460     5.266    acc1__3_i_94_n_0
                         LUT5 (Prop_lut5_I4_O)        0.124     5.390 r  acc1__3_i_83/O
                         net (fo=1, unplaced)         0.732     6.122    acc1__3_i_83_n_0
                         LUT6 (Prop_lut6_I0_O)        0.124     6.246 r  acc1__3_i_27/O
                         net (fo=1, unplaced)         0.449     6.695    p_0_out[6]
                         LUT4 (Prop_lut4_I0_O)        0.124     6.819 r  acc1__3_i_2/O
                         net (fo=2, unplaced)         0.803     7.622    acc1__3_i_2_n_0
                         DSP48E1 (Prop_dsp48e1_B[6]_P[1])
                                                      3.656    11.278 r  acc1__3/P[1]
                         net (fo=2, unplaced)         0.803    12.081    acc1__3_n_104
                         LUT2 (Prop_lut2_I1_O)        0.124    12.205 r  acc[3]_i_20/O
                         net (fo=1, unplaced)         0.000    12.205    acc[3]_i_20_n_0
                         CARRY4 (Prop_carry4_S[1]_CO[3])
                                                      0.533    12.738 r  acc_reg[3]_i_8/CO[3]
                         net (fo=1, unplaced)         0.000    12.738    acc_reg[3]_i_8_n_0
                         CARRY4 (Prop_carry4_CI_CO[3])
                                                      0.117    12.855 r  acc_reg[4]_i_7/CO[3]
                         net (fo=1, unplaced)         0.000    12.855    acc_reg[4]_i_7_n_0
                         CARRY4 (Prop_carry4_CI_CO[3])
                                                      0.117    12.972 r  acc_reg[9]_i_7/CO[3]
                         net (fo=1, unplaced)         0.000    12.972    acc_reg[9]_i_7_n_0
                         CARRY4 (Prop_carry4_CI_CO[3])
                                                      0.117    13.089 r  acc_reg[14]_i_7/CO[3]
                         net (fo=1, unplaced)         0.000    13.089    acc_reg[14]_i_7_n_0
                         CARRY4 (Prop_carry4_CI_CO[3])
                                                      0.117    13.206 r  acc_reg[19]_i_8/CO[3]
                         net (fo=1, unplaced)         0.000    13.206    acc_reg[19]_i_8_n_0
                         CARRY4 (Prop_carry4_CI_CO[3])
                                                      0.117    13.323 r  acc_reg[23]_i_8/CO[3]
                         net (fo=1, unplaced)         0.000    13.323    acc_reg[23]_i_8_n_0
                         CARRY4 (Prop_carry4_CI_CO[3])
                                                      0.117    13.440 r  acc_reg[27]_i_8/CO[3]
                         net (fo=1, unplaced)         0.000    13.440    acc_reg[27]_i_8_n_0
                         CARRY4 (Prop_carry4_CI_CO[3])
                                                      0.117    13.557 r  acc_reg[30]_i_7/CO[3]
                         net (fo=1, unplaced)         0.000    13.557    acc_reg[30]_i_7_n_0
                         CARRY4 (Prop_carry4_CI_CO[3])
                                                      0.117    13.674 r  acc_reg[34]_i_7/CO[3]
                         net (fo=1, unplaced)         0.000    13.674    acc_reg[34]_i_7_n_0
                         CARRY4 (Prop_carry4_CI_CO[3])
                                                      0.117    13.791 r  acc_reg[38]_i_7/CO[3]
                         net (fo=1, unplaced)         0.000    13.791    acc_reg[38]_i_7_n_0
                         CARRY4 (Prop_carry4_CI_CO[3])
                                                      0.117    13.908 r  acc_reg[43]_i_8/CO[3]
                         net (fo=1, unplaced)         0.000    13.908    acc_reg[43]_i_8_n_0
                         CARRY4 (Prop_carry4_CI_CO[3])
                                                      0.117    14.025 r  acc_reg[47]_i_8/CO[3]
                         net (fo=1, unplaced)         0.000    14.025    acc_reg[47]_i_8_n_0
                         CARRY4 (Prop_carry4_CI_CO[3])
                                                      0.117    14.142 r  acc_reg[51]_i_8/CO[3]
                         net (fo=1, unplaced)         0.000    14.142    acc_reg[51]_i_8_n_0
                         CARRY4 (Prop_carry4_CI_CO[3])
                                                      0.117    14.259 r  acc_reg[54]_i_7/CO[3]
                         net (fo=1, unplaced)         0.000    14.259    acc_reg[54]_i_7_n_0
                         CARRY4 (Prop_carry4_CI_CO[3])
                                                      0.117    14.376 r  acc_reg[59]_i_8/CO[3]
                         net (fo=1, unplaced)         0.000    14.376    acc_reg[59]_i_8_n_0
                         CARRY4 (Prop_carry4_CI_O[3])
                                                      0.331    14.707 r  acc_reg[62]_i_8/O[3]
                         net (fo=1, unplaced)         0.448    15.155    acc_reg[62]_i_8_n_4
                         LUT4 (Prop_lut4_I0_O)        0.307    15.462 r  acc[63]_i_22/O
                         net (fo=1, unplaced)         0.449    15.911    acc[63]_i_22_n_0
                         LUT6 (Prop_lut6_I5_O)        0.124    16.035 r  acc[63]_i_8/O
                         net (fo=1, unplaced)         0.449    16.484    acc[63]_i_8_n_0
                         LUT6 (Prop_lut6_I1_O)        0.124    16.608 r  acc[63]_i_2/O
                         net (fo=1, unplaced)         0.000    16.608    acc[63]_i_2_n_0
                         FDCE                                         r  acc_reg[63]/D
  -------------------------------------------------------------------    -------------------

                         (clock clk rise edge)       10.000    10.000 r  <hidden>
                                                      0.000    10.000 r  clk
                         net (fo=43238, unset)        0.924    10.924    clk
                         FDCE                                         r  acc_reg[63]/C
                         clock pessimism              0.000    10.924    <hidden>
                         clock uncertainty           -0.035    10.889    <hidden>
                         FDCE (Setup_fdce_C_D)        0.044    10.933    acc_reg[63]
  -------------------------------------------------------------------
                         required time                         10.933    <hidden>
                         arrival time                         -16.608    <hidden>
  -------------------------------------------------------------------
                         slack                                 -5.675    <hidden>

Slack (VIOLATED) :        -5.664ns  (required time - arrival time)
  Source:                 di_reg[4]/C
                            (rising edge-triggered cell FDCE clocked by clk  {rise@0.000ns fall@5.000ns period=10.000ns})
  Destination:            rq_val_r_reg[25]/D
                            (rising edge-triggered cell FDCE clocked by clk  {rise@0.000ns fall@5.000ns period=10.000ns})
  Path Group:             clk
  Path Type:              Setup (Max at Slow Process Corner)
  Requirement:            10.000ns  (clk rise@10.000ns - clk rise@0.000ns)
  Data Path Delay:        15.624ns  (logic 8.027ns (51.377%)  route 7.597ns (48.623%))
  Logic Levels:           19  (CARRY4=8 DSP48E1=1 LUT3=1 LUT4=1 LUT5=2 LUT6=6)
  Clock Path Skew:        -0.049ns (DCD - SCD + CPR)
    Destination Clock Delay (DCD):    0.924ns = ( 10.924 - 10.000 ) 
    Source Clock Delay      (SCD):    0.973ns
    Clock Pessimism Removal (CPR):    0.000ns
  Clock Uncertainty:      0.035ns  ((TSJ^2 + TIJ^2)^1/2 + DJ) / 2 + PE
    Total System Jitter     (TSJ):    0.071ns
    Total Input Jitter      (TIJ):    0.000ns
    Discrete Jitter          (DJ):    0.000ns
    Phase Error              (PE):    0.000ns

    Location             Delay type                Incr(ns)  Path(ns)    Netlist Resource(s)
  -------------------------------------------------------------------    -------------------
                         (clock clk rise edge)        0.000     0.000 r  <hidden>
                                                      0.000     0.000 r  clk
                         net (fo=43238, unset)        0.973     0.973    clk
                         FDCE                                         r  di_reg[4]/C
  -------------------------------------------------------------------    -------------------
                         FDCE (Prop_fdce_C_Q)         0.478     1.451 r  di_reg[4]/Q
                         net (fo=127, unplaced)       0.772     2.223    di_reg_n_0_[4]
                         CARRY4 (Prop_carry4_S[0]_O[2])
                                                      0.839     3.062 r  g0_b0__2_i_1/O[2]
                         net (fo=402, unplaced)       0.870     3.932    a05_out[6]
                         LUT6 (Prop_lut6_I0_O)        0.301     4.233 r  acc1__3_i_299/O
                         net (fo=1, unplaced)         0.449     4.682    acc1__3_i_299_n_0
                         LUT3 (Prop_lut3_I2_O)        0.124     4.806 r  acc1__3_i_94/O
                         net (fo=2, unplaced)         0.460     5.266    acc1__3_i_94_n_0
                         LUT5 (Prop_lut5_I4_O)        0.124     5.390 r  acc1__3_i_83/O
                         net (fo=1, unplaced)         0.732     6.122    acc1__3_i_83_n_0
                         LUT6 (Prop_lut6_I0_O)        0.124     6.246 r  acc1__3_i_27/O
                         net (fo=1, unplaced)         0.449     6.695    p_0_out[6]
                         LUT4 (Prop_lut4_I0_O)        0.124     6.819 r  acc1__3_i_2/O
                         net (fo=2, unplaced)         0.803     7.622    acc1__3_i_2_n_0
                         DSP48E1 (Prop_dsp48e1_B[6]_P[1])
                                                      3.656    11.278 r  rq_val_r1__2/P[1]
                         net (fo=1, unplaced)         0.803    12.081    rq_val_r1__2_n_104
                         LUT6 (Prop_lut6_I0_O)        0.124    12.205 r  rq_val_r[3]_i_33/O
                         net (fo=1, unplaced)         0.732    12.937    rq_val_r[3]_i_33_n_0
                         LUT5 (Prop_lut5_I0_O)        0.124    13.061 r  rq_val_r[3]_i_13/O
                         net (fo=1, unplaced)         0.000    13.061    rq_val_r[3]_i_13_n_0
                         CARRY4 (Prop_carry4_S[1]_CO[3])
                                                      0.533    13.594 r  rq_val_r_reg[3]_i_6/CO[3]
                         net (fo=1, unplaced)         0.000    13.594    rq_val_r_reg[3]_i_6_n_0
                         CARRY4 (Prop_carry4_CI_CO[3])
                                                      0.117    13.711 r  rq_val_r_reg[7]_i_9/CO[3]
                         net (fo=1, unplaced)         0.000    13.711    rq_val_r_reg[7]_i_9_n_0
                         CARRY4 (Prop_carry4_CI_CO[3])
                                                      0.117    13.828 r  rq_val_r_reg[11]_i_5/CO[3]
                         net (fo=1, unplaced)         0.000    13.828    rq_val_r_reg[11]_i_5_n_0
                         CARRY4 (Prop_carry4_CI_CO[3])
                                                      0.117    13.945 r  rq_val_r_reg[18]_i_8/CO[3]
                         net (fo=1, unplaced)         0.000    13.945    rq_val_r_reg[18]_i_8_n_0
                         CARRY4 (Prop_carry4_CI_CO[3])
                                                      0.117    14.062 r  rq_val_r_reg[18]_i_3/CO[3]
                         net (fo=1, unplaced)         0.000    14.062    rq_val_r_reg[18]_i_3_n_0
                         CARRY4 (Prop_carry4_CI_CO[3])
                                                      0.117    14.179 r  rq_val_r_reg[23]_i_3/CO[3]
                         net (fo=1, unplaced)         0.000    14.179    rq_val_r_reg[23]_i_3_n_0
                         CARRY4 (Prop_carry4_CI_O[1])
                                                      0.337    14.516 r  rq_val_r_reg[30]_i_9/O[1]
                         net (fo=3, unplaced)         0.629    15.145    in36[25]
                         LUT6 (Prop_lut6_I2_O)        0.306    15.451 r  rq_val_r[25]_i_7/O
                         net (fo=1, unplaced)         0.449    15.900    rq_val_r[25]_i_7_n_0
                         LUT6 (Prop_lut6_I5_O)        0.124    16.024 r  rq_val_r[25]_i_4/O
                         net (fo=1, unplaced)         0.449    16.473    rq_val_r[25]_i_4_n_0
                         LUT6 (Prop_lut6_I3_O)        0.124    16.597 r  rq_val_r[25]_i_1/O
                         net (fo=1, unplaced)         0.000    16.597    rq_val_r[25]_i_1_n_0
                         FDCE                                         r  rq_val_r_reg[25]/D
  -------------------------------------------------------------------    -------------------

                         (clock clk rise edge)       10.000    10.000 r  <hidden>
                                                      0.000    10.000 r  clk
                         net (fo=43238, unset)        0.924    10.924    clk
                         FDCE                                         r  rq_val_r_reg[25]/C
                         clock pessimism              0.000    10.924    <hidden>
                         clock uncertainty           -0.035    10.889    <hidden>
                         FDCE (Setup_fdce_C_D)        0.044    10.933    rq_val_r_reg[25]
  -------------------------------------------------------------------
                         required time                         10.933    <hidden>
                         arrival time                         -16.597    <hidden>
  -------------------------------------------------------------------
                         slack                                 -5.664    <hidden>

Slack (VIOLATED) :        -5.647ns  (required time - arrival time)
  Source:                 di_reg[4]/C
                            (rising edge-triggered cell FDCE clocked by clk  {rise@0.000ns fall@5.000ns period=10.000ns})
  Destination:            rq_val_r_reg[51]/D
                            (rising edge-triggered cell FDCE clocked by clk  {rise@0.000ns fall@5.000ns period=10.000ns})
  Path Group:             clk
  Path Type:              Setup (Max at Slow Process Corner)
  Requirement:            10.000ns  (clk rise@10.000ns - clk rise@0.000ns)
  Data Path Delay:        15.607ns  (logic 7.912ns (50.696%)  route 7.695ns (49.304%))
  Logic Levels:           18  (CARRY4=6 DSP48E1=1 LUT2=1 LUT3=1 LUT4=1 LUT5=2 LUT6=6)
  Clock Path Skew:        -0.049ns (DCD - SCD + CPR)
    Destination Clock Delay (DCD):    0.924ns = ( 10.924 - 10.000 ) 
    Source Clock Delay      (SCD):    0.973ns
    Clock Pessimism Removal (CPR):    0.000ns
  Clock Uncertainty:      0.035ns  ((TSJ^2 + TIJ^2)^1/2 + DJ) / 2 + PE
    Total System Jitter     (TSJ):    0.071ns
    Total Input Jitter      (TIJ):    0.000ns
    Discrete Jitter          (DJ):    0.000ns
    Phase Error              (PE):    0.000ns

    Location             Delay type                Incr(ns)  Path(ns)    Netlist Resource(s)
  -------------------------------------------------------------------    -------------------
                         (clock clk rise edge)        0.000     0.000 r  <hidden>
                                                      0.000     0.000 r  clk
                         net (fo=43238, unset)        0.973     0.973    clk
                         FDCE                                         r  di_reg[4]/C
  -------------------------------------------------------------------    -------------------
                         FDCE (Prop_fdce_C_Q)         0.478     1.451 r  di_reg[4]/Q
                         net (fo=127, unplaced)       0.772     2.223    di_reg_n_0_[4]
                         CARRY4 (Prop_carry4_S[0]_O[2])
                                                      0.839     3.062 r  g0_b0__2_i_1/O[2]
                         net (fo=402, unplaced)       0.870     3.932    a05_out[6]
                         LUT6 (Prop_lut6_I0_O)        0.301     4.233 r  acc1__3_i_299/O
                         net (fo=1, unplaced)         0.449     4.682    acc1__3_i_299_n_0
                         LUT3 (Prop_lut3_I2_O)        0.124     4.806 r  acc1__3_i_94/O
                         net (fo=2, unplaced)         0.460     5.266    acc1__3_i_94_n_0
                         LUT5 (Prop_lut5_I4_O)        0.124     5.390 r  acc1__3_i_83/O
                         net (fo=1, unplaced)         0.732     6.122    acc1__3_i_83_n_0
                         LUT6 (Prop_lut6_I0_O)        0.124     6.246 r  acc1__3_i_27/O
                         net (fo=1, unplaced)         0.449     6.695    p_0_out[6]
                         LUT4 (Prop_lut4_I0_O)        0.124     6.819 r  acc1__3_i_2/O
                         net (fo=2, unplaced)         0.803     7.622    acc1__3_i_2_n_0
                         DSP48E1 (Prop_dsp48e1_B[6]_P[23])
                                                      3.656    11.278 f  rq_val_r1__2/P[23]
                         net (fo=1, unplaced)         0.803    12.081    rq_val_r1__2_n_82
                         LUT6 (Prop_lut6_I4_O)        0.124    12.205 f  rq_val_r[30]_i_19/O
                         net (fo=1, unplaced)         0.449    12.654    rq_val_r[30]_i_19_n_0
                         LUT6 (Prop_lut6_I5_O)        0.124    12.778 f  rq_val_r[30]_i_18/O
                         net (fo=9, unplaced)         0.490    13.268    rq_val_r[30]_i_18_n_0
                         LUT6 (Prop_lut6_I5_O)        0.124    13.392 r  rq_val_r[61]_i_15/O
                         net (fo=33, unplaced)        0.521    13.913    rq_val_r[61]_i_15_n_0
                         LUT2 (Prop_lut2_I0_O)        0.124    14.037 r  rq_val_r[35]_i_6/O
                         net (fo=1, unplaced)         0.000    14.037    rq_val_r[35]_i_6_n_0
                         CARRY4 (Prop_carry4_S[1]_CO[3])
                                                      0.533    14.570 r  rq_val_r_reg[35]_i_3/CO[3]
                         net (fo=1, unplaced)         0.000    14.570    rq_val_r_reg[35]_i_3_n_0
                         CARRY4 (Prop_carry4_CI_CO[3])
                                                      0.117    14.687 r  rq_val_r_reg[39]_i_3/CO[3]
                         net (fo=1, unplaced)         0.000    14.687    rq_val_r_reg[39]_i_3_n_0
                         CARRY4 (Prop_carry4_CI_CO[3])
                                                      0.117    14.804 r  rq_val_r_reg[43]_i_3/CO[3]
                         net (fo=1, unplaced)         0.000    14.804    rq_val_r_reg[43]_i_3_n_0
                         CARRY4 (Prop_carry4_CI_CO[3])
                                                      0.117    14.921 r  rq_val_r_reg[47]_i_3/CO[3]
                         net (fo=1, unplaced)         0.000    14.921    rq_val_r_reg[47]_i_3_n_0
                         CARRY4 (Prop_carry4_CI_O[3])
                                                      0.331    15.252 r  rq_val_r_reg[51]_i_3/O[3]
                         net (fo=1, unplaced)         0.448    15.700    in36[51]
                         LUT6 (Prop_lut6_I4_O)        0.307    16.007 r  rq_val_r[51]_i_2/O
                         net (fo=1, unplaced)         0.449    16.456    rq_val_r[51]_i_2_n_0
                         LUT5 (Prop_lut5_I4_O)        0.124    16.580 r  rq_val_r[51]_i_1/O
                         net (fo=1, unplaced)         0.000    16.580    rq_val_r[51]_i_1_n_0
                         FDCE                                         r  rq_val_r_reg[51]/D
  -------------------------------------------------------------------    -------------------

                         (clock clk rise edge)       10.000    10.000 r  <hidden>
                                                      0.000    10.000 r  clk
                         net (fo=43238, unset)        0.924    10.924    clk
                         FDCE                                         r  rq_val_r_reg[51]/C
                         clock pessimism              0.000    10.924    <hidden>
                         clock uncertainty           -0.035    10.889    <hidden>
                         FDCE (Setup_fdce_C_D)        0.044    10.933    rq_val_r_reg[51]
  -------------------------------------------------------------------
                         required time                         10.933    <hidden>
                         arrival time                         -16.580    <hidden>
  -------------------------------------------------------------------
                         slack                                 -5.647    <hidden>

Slack (VIOLATED) :        -5.633ns  (required time - arrival time)
  Source:                 di_reg[4]/C
                            (rising edge-triggered cell FDCE clocked by clk  {rise@0.000ns fall@5.000ns period=10.000ns})
  Destination:            rq_val_r_reg[53]/D
                            (rising edge-triggered cell FDCE clocked by clk  {rise@0.000ns fall@5.000ns period=10.000ns})
  Path Group:             clk
  Path Type:              Setup (Max at Slow Process Corner)
  Requirement:            10.000ns  (clk rise@10.000ns - clk rise@0.000ns)
  Data Path Delay:        15.593ns  (logic 8.034ns (51.524%)  route 7.559ns (48.476%))
  Logic Levels:           19  (CARRY4=7 DSP48E1=1 LUT2=1 LUT3=1 LUT4=1 LUT5=2 LUT6=6)
  Clock Path Skew:        -0.049ns (DCD - SCD + CPR)
    Destination Clock Delay (DCD):    0.924ns = ( 10.924 - 10.000 ) 
    Source Clock Delay      (SCD):    0.973ns
    Clock Pessimism Removal (CPR):    0.000ns
  Clock Uncertainty:      0.035ns  ((TSJ^2 + TIJ^2)^1/2 + DJ) / 2 + PE
    Total System Jitter     (TSJ):    0.071ns
    Total Input Jitter      (TIJ):    0.000ns
    Discrete Jitter          (DJ):    0.000ns
    Phase Error              (PE):    0.000ns

    Location             Delay type                Incr(ns)  Path(ns)    Netlist Resource(s)
  -------------------------------------------------------------------    -------------------
                         (clock clk rise edge)        0.000     0.000 r  <hidden>
                                                      0.000     0.000 r  clk
                         net (fo=43238, unset)        0.973     0.973    clk
                         FDCE                                         r  di_reg[4]/C
  -------------------------------------------------------------------    -------------------
                         FDCE (Prop_fdce_C_Q)         0.478     1.451 r  di_reg[4]/Q
                         net (fo=127, unplaced)       0.772     2.223    di_reg_n_0_[4]
                         CARRY4 (Prop_carry4_S[0]_O[2])
                                                      0.839     3.062 r  g0_b0__2_i_1/O[2]
                         net (fo=402, unplaced)       0.870     3.932    a05_out[6]
                         LUT6 (Prop_lut6_I0_O)        0.301     4.233 r  acc1__3_i_299/O
                         net (fo=1, unplaced)         0.449     4.682    acc1__3_i_299_n_0
                         LUT3 (Prop_lut3_I2_O)        0.124     4.806 r  acc1__3_i_94/O
                         net (fo=2, unplaced)         0.460     5.266    acc1__3_i_94_n_0
                         LUT5 (Prop_lut5_I4_O)        0.124     5.390 r  acc1__3_i_83/O
                         net (fo=1, unplaced)         0.732     6.122    acc1__3_i_83_n_0
                         LUT6 (Prop_lut6_I0_O)        0.124     6.246 r  acc1__3_i_27/O
                         net (fo=1, unplaced)         0.449     6.695    p_0_out[6]
                         LUT4 (Prop_lut4_I0_O)        0.124     6.819 r  acc1__3_i_2/O
                         net (fo=2, unplaced)         0.803     7.622    acc1__3_i_2_n_0
                         DSP48E1 (Prop_dsp48e1_B[6]_P[23])
                                                      3.656    11.278 f  rq_val_r1__2/P[23]
                         net (fo=1, unplaced)         0.803    12.081    rq_val_r1__2_n_82
                         LUT6 (Prop_lut6_I4_O)        0.124    12.205 f  rq_val_r[30]_i_19/O
                         net (fo=1, unplaced)         0.449    12.654    rq_val_r[30]_i_19_n_0
                         LUT6 (Prop_lut6_I5_O)        0.124    12.778 f  rq_val_r[30]_i_18/O
                         net (fo=9, unplaced)         0.490    13.268    rq_val_r[30]_i_18_n_0
                         LUT6 (Prop_lut6_I5_O)        0.124    13.392 r  rq_val_r[61]_i_15/O
                         net (fo=33, unplaced)        0.521    13.913    rq_val_r[61]_i_15_n_0
                         LUT2 (Prop_lut2_I0_O)        0.124    14.037 r  rq_val_r[35]_i_6/O
                         net (fo=1, unplaced)         0.000    14.037    rq_val_r[35]_i_6_n_0
                         CARRY4 (Prop_carry4_S[1]_CO[3])
                                                      0.533    14.570 r  rq_val_r_reg[35]_i_3/CO[3]
                         net (fo=1, unplaced)         0.000    14.570    rq_val_r_reg[35]_i_3_n_0
                         CARRY4 (Prop_carry4_CI_CO[3])
                                                      0.117    14.687 r  rq_val_r_reg[39]_i_3/CO[3]
                         net (fo=1, unplaced)         0.000    14.687    rq_val_r_reg[39]_i_3_n_0
                         CARRY4 (Prop_carry4_CI_CO[3])
                                                      0.117    14.804 r  rq_val_r_reg[43]_i_3/CO[3]
                         net (fo=1, unplaced)         0.000    14.804    rq_val_r_reg[43]_i_3_n_0
                         CARRY4 (Prop_carry4_CI_CO[3])
                                                      0.117    14.921 r  rq_val_r_reg[47]_i_3/CO[3]
                         net (fo=1, unplaced)         0.000    14.921    rq_val_r_reg[47]_i_3_n_0
                         CARRY4 (Prop_carry4_CI_CO[3])
                                                      0.117    15.038 r  rq_val_r_reg[51]_i_3/CO[3]
                         net (fo=1, unplaced)         0.000    15.038    rq_val_r_reg[51]_i_3_n_0
                         CARRY4 (Prop_carry4_CI_O[1])
                                                      0.337    15.375 r  rq_val_r_reg[55]_i_3/O[1]
                         net (fo=1, unplaced)         0.312    15.687    in36[53]
                         LUT6 (Prop_lut6_I4_O)        0.306    15.993 r  rq_val_r[53]_i_2/O
                         net (fo=1, unplaced)         0.449    16.442    rq_val_r[53]_i_2_n_0
                         LUT5 (Prop_lut5_I4_O)        0.124    16.566 r  rq_val_r[53]_i_1/O
                         net (fo=1, unplaced)         0.000    16.566    rq_val_r[53]_i_1_n_0
                         FDCE                                         r  rq_val_r_reg[53]/D
  -------------------------------------------------------------------    -------------------

                         (clock clk rise edge)       10.000    10.000 r  <hidden>
                                                      0.000    10.000 r  clk
                         net (fo=43238, unset)        0.924    10.924    clk
                         FDCE                                         r  rq_val_r_reg[53]/C
                         clock pessimism              0.000    10.924    <hidden>
                         clock uncertainty           -0.035    10.889    <hidden>
                         FDCE (Setup_fdce_C_D)        0.044    10.933    rq_val_r_reg[53]
  -------------------------------------------------------------------
                         required time                         10.933    <hidden>
                         arrival time                         -16.566    <hidden>
  -------------------------------------------------------------------
                         slack                                 -5.633    <hidden>

Slack (VIOLATED) :        -5.633ns  (required time - arrival time)
  Source:                 di_reg[4]/C
                            (rising edge-triggered cell FDCE clocked by clk  {rise@0.000ns fall@5.000ns period=10.000ns})
  Destination:            rq_val_r_reg[56]/D
                            (rising edge-triggered cell FDCE clocked by clk  {rise@0.000ns fall@5.000ns period=10.000ns})
  Path Group:             clk
  Path Type:              Setup (Max at Slow Process Corner)
  Requirement:            10.000ns  (clk rise@10.000ns - clk rise@0.000ns)
  Data Path Delay:        15.593ns  (logic 8.035ns (51.530%)  route 7.558ns (48.470%))
  Logic Levels:           20  (CARRY4=8 DSP48E1=1 LUT2=1 LUT3=1 LUT4=1 LUT5=2 LUT6=6)
  Clock Path Skew:        -0.049ns (DCD - SCD + CPR)
    Destination Clock Delay (DCD):    0.924ns = ( 10.924 - 10.000 ) 
    Source Clock Delay      (SCD):    0.973ns
    Clock Pessimism Removal (CPR):    0.000ns
  Clock Uncertainty:      0.035ns  ((TSJ^2 + TIJ^2)^1/2 + DJ) / 2 + PE
    Total System Jitter     (TSJ):    0.071ns
    Total Input Jitter      (TIJ):    0.000ns
    Discrete Jitter          (DJ):    0.000ns
    Phase Error              (PE):    0.000ns

    Location             Delay type                Incr(ns)  Path(ns)    Netlist Resource(s)
  -------------------------------------------------------------------    -------------------
                         (clock clk rise edge)        0.000     0.000 r  <hidden>
                                                      0.000     0.000 r  clk
                         net (fo=43238, unset)        0.973     0.973    clk
                         FDCE                                         r  di_reg[4]/C
  -------------------------------------------------------------------    -------------------
                         FDCE (Prop_fdce_C_Q)         0.478     1.451 r  di_reg[4]/Q
                         net (fo=127, unplaced)       0.772     2.223    di_reg_n_0_[4]
                         CARRY4 (Prop_carry4_S[0]_O[2])
                                                      0.839     3.062 r  g0_b0__2_i_1/O[2]
                         net (fo=402, unplaced)       0.870     3.932    a05_out[6]
                         LUT6 (Prop_lut6_I0_O)        0.301     4.233 r  acc1__3_i_299/O
                         net (fo=1, unplaced)         0.449     4.682    acc1__3_i_299_n_0
                         LUT3 (Prop_lut3_I2_O)        0.124     4.806 r  acc1__3_i_94/O
                         net (fo=2, unplaced)         0.460     5.266    acc1__3_i_94_n_0
                         LUT5 (Prop_lut5_I4_O)        0.124     5.390 r  acc1__3_i_83/O
                         net (fo=1, unplaced)         0.732     6.122    acc1__3_i_83_n_0
                         LUT6 (Prop_lut6_I0_O)        0.124     6.246 r  acc1__3_i_27/O
                         net (fo=1, unplaced)         0.449     6.695    p_0_out[6]
                         LUT4 (Prop_lut4_I0_O)        0.124     6.819 r  acc1__3_i_2/O
                         net (fo=2, unplaced)         0.803     7.622    acc1__3_i_2_n_0
                         DSP48E1 (Prop_dsp48e1_B[6]_P[23])
                                                      3.656    11.278 f  rq_val_r1__2/P[23]
                         net (fo=1, unplaced)         0.803    12.081    rq_val_r1__2_n_82
                         LUT6 (Prop_lut6_I4_O)        0.124    12.205 f  rq_val_r[30]_i_19/O
                         net (fo=1, unplaced)         0.449    12.654    rq_val_r[30]_i_19_n_0
                         LUT6 (Prop_lut6_I5_O)        0.124    12.778 f  rq_val_r[30]_i_18/O
                         net (fo=9, unplaced)         0.490    13.268    rq_val_r[30]_i_18_n_0
                         LUT6 (Prop_lut6_I5_O)        0.124    13.392 r  rq_val_r[61]_i_15/O
                         net (fo=33, unplaced)        0.521    13.913    rq_val_r[61]_i_15_n_0
                         LUT2 (Prop_lut2_I0_O)        0.124    14.037 r  rq_val_r[35]_i_6/O
                         net (fo=1, unplaced)         0.000    14.037    rq_val_r[35]_i_6_n_0
                         CARRY4 (Prop_carry4_S[1]_CO[3])
                                                      0.533    14.570 r  rq_val_r_reg[35]_i_3/CO[3]
                         net (fo=1, unplaced)         0.000    14.570    rq_val_r_reg[35]_i_3_n_0
                         CARRY4 (Prop_carry4_CI_CO[3])
                                                      0.117    14.687 r  rq_val_r_reg[39]_i_3/CO[3]
                         net (fo=1, unplaced)         0.000    14.687    rq_val_r_reg[39]_i_3_n_0
                         CARRY4 (Prop_carry4_CI_CO[3])
                                                      0.117    14.804 r  rq_val_r_reg[43]_i_3/CO[3]
                         net (fo=1, unplaced)         0.000    14.804    rq_val_r_reg[43]_i_3_n_0
                         CARRY4 (Prop_carry4_CI_CO[3])
                                                      0.117    14.921 r  rq_val_r_reg[47]_i_3/CO[3]
                         net (fo=1, unplaced)         0.000    14.921    rq_val_r_reg[47]_i_3_n_0
                         CARRY4 (Prop_carry4_CI_CO[3])
                                                      0.117    15.038 r  rq_val_r_reg[51]_i_3/CO[3]
                         net (fo=1, unplaced)         0.000    15.038    rq_val_r_reg[51]_i_3_n_0
                         CARRY4 (Prop_carry4_CI_CO[3])
                                                      0.117    15.155 r  rq_val_r_reg[55]_i_3/CO[3]
                         net (fo=1, unplaced)         0.000    15.155    rq_val_r_reg[55]_i_3_n_0
                         CARRY4 (Prop_carry4_CI_O[0])
                                                      0.232    15.387 r  rq_val_r_reg[61]_i_6/O[0]
                         net (fo=1, unplaced)         0.311    15.698    in36[56]
                         LUT6 (Prop_lut6_I5_O)        0.295    15.993 r  rq_val_r[56]_i_2/O
                         net (fo=1, unplaced)         0.449    16.442    rq_val_r[56]_i_2_n_0
                         LUT5 (Prop_lut5_I4_O)        0.124    16.566 r  rq_val_r[56]_i_1/O
                         net (fo=1, unplaced)         0.000    16.566    rq_val_r[56]_i_1_n_0
                         FDCE                                         r  rq_val_r_reg[56]/D
  -------------------------------------------------------------------    -------------------

                         (clock clk rise edge)       10.000    10.000 r  <hidden>
                                                      0.000    10.000 r  clk
                         net (fo=43238, unset)        0.924    10.924    clk
                         FDCE                                         r  rq_val_r_reg[56]/C
                         clock pessimism              0.000    10.924    <hidden>
                         clock uncertainty           -0.035    10.889    <hidden>
                         FDCE (Setup_fdce_C_D)        0.044    10.933    rq_val_r_reg[56]
  -------------------------------------------------------------------
                         required time                         10.933    <hidden>
                         arrival time                         -16.566    <hidden>
  -------------------------------------------------------------------
                         slack                                 -5.633    <hidden>

Slack (VIOLATED) :        -5.570ns  (required time - arrival time)
  Source:                 di_reg[4]/C
                            (rising edge-triggered cell FDCE clocked by clk  {rise@0.000ns fall@5.000ns period=10.000ns})
  Destination:            rq_val_r_reg[50]/D
                            (rising edge-triggered cell FDCE clocked by clk  {rise@0.000ns fall@5.000ns period=10.000ns})
  Path Group:             clk
  Path Type:              Setup (Max at Slow Process Corner)
  Requirement:            10.000ns  (clk rise@10.000ns - clk rise@0.000ns)
  Data Path Delay:        15.530ns  (logic 7.831ns (50.426%)  route 7.699ns (49.574%))
  Logic Levels:           18  (CARRY4=6 DSP48E1=1 LUT2=1 LUT3=1 LUT4=1 LUT5=2 LUT6=6)
  Clock Path Skew:        -0.049ns (DCD - SCD + CPR)
    Destination Clock Delay (DCD):    0.924ns = ( 10.924 - 10.000 ) 
    Source Clock Delay      (SCD):    0.973ns
    Clock Pessimism Removal (CPR):    0.000ns
  Clock Uncertainty:      0.035ns  ((TSJ^2 + TIJ^2)^1/2 + DJ) / 2 + PE
    Total System Jitter     (TSJ):    0.071ns
    Total Input Jitter      (TIJ):    0.000ns
    Discrete Jitter          (DJ):    0.000ns
    Phase Error              (PE):    0.000ns

    Location             Delay type                Incr(ns)  Path(ns)    Netlist Resource(s)
  -------------------------------------------------------------------    -------------------
                         (clock clk rise edge)        0.000     0.000 r  <hidden>
                                                      0.000     0.000 r  clk
                         net (fo=43238, unset)        0.973     0.973    clk
                         FDCE                                         r  di_reg[4]/C
  -------------------------------------------------------------------    -------------------
                         FDCE (Prop_fdce_C_Q)         0.478     1.451 r  di_reg[4]/Q
                         net (fo=127, unplaced)       0.772     2.223    di_reg_n_0_[4]
                         CARRY4 (Prop_carry4_S[0]_O[2])
                                                      0.839     3.062 r  g0_b0__2_i_1/O[2]
                         net (fo=402, unplaced)       0.870     3.932    a05_out[6]
                         LUT6 (Prop_lut6_I0_O)        0.301     4.233 r  acc1__3_i_299/O
                         net (fo=1, unplaced)         0.449     4.682    acc1__3_i_299_n_0
                         LUT3 (Prop_lut3_I2_O)        0.124     4.806 r  acc1__3_i_94/O
                         net (fo=2, unplaced)         0.460     5.266    acc1__3_i_94_n_0
                         LUT5 (Prop_lut5_I4_O)        0.124     5.390 r  acc1__3_i_83/O
                         net (fo=1, unplaced)         0.732     6.122    acc1__3_i_83_n_0
                         LUT6 (Prop_lut6_I0_O)        0.124     6.246 r  acc1__3_i_27/O
                         net (fo=1, unplaced)         0.449     6.695    p_0_out[6]
                         LUT4 (Prop_lut4_I0_O)        0.124     6.819 r  acc1__3_i_2/O
                         net (fo=2, unplaced)         0.803     7.622    acc1__3_i_2_n_0
                         DSP48E1 (Prop_dsp48e1_B[6]_P[23])
                                                      3.656    11.278 f  rq_val_r1__2/P[23]
                         net (fo=1, unplaced)         0.803    12.081    rq_val_r1__2_n_82
                         LUT6 (Prop_lut6_I4_O)        0.124    12.205 f  rq_val_r[30]_i_19/O
                         net (fo=1, unplaced)         0.449    12.654    rq_val_r[30]_i_19_n_0
                         LUT6 (Prop_lut6_I5_O)        0.124    12.778 f  rq_val_r[30]_i_18/O
                         net (fo=9, unplaced)         0.490    13.268    rq_val_r[30]_i_18_n_0
                         LUT6 (Prop_lut6_I5_O)        0.124    13.392 r  rq_val_r[61]_i_15/O
                         net (fo=33, unplaced)        0.521    13.913    rq_val_r[61]_i_15_n_0
                         LUT2 (Prop_lut2_I0_O)        0.124    14.037 r  rq_val_r[35]_i_6/O
                         net (fo=1, unplaced)         0.000    14.037    rq_val_r[35]_i_6_n_0
                         CARRY4 (Prop_carry4_S[1]_CO[3])
                                                      0.533    14.570 r  rq_val_r_reg[35]_i_3/CO[3]
                         net (fo=1, unplaced)         0.000    14.570    rq_val_r_reg[35]_i_3_n_0
                         CARRY4 (Prop_carry4_CI_CO[3])
                                                      0.117    14.687 r  rq_val_r_reg[39]_i_3/CO[3]
                         net (fo=1, unplaced)         0.000    14.687    rq_val_r_reg[39]_i_3_n_0
                         CARRY4 (Prop_carry4_CI_CO[3])
                                                      0.117    14.804 r  rq_val_r_reg[43]_i_3/CO[3]
                         net (fo=1, unplaced)         0.000    14.804    rq_val_r_reg[43]_i_3_n_0
                         CARRY4 (Prop_carry4_CI_CO[3])
                                                      0.117    14.921 r  rq_val_r_reg[47]_i_3/CO[3]
                         net (fo=1, unplaced)         0.000    14.921    rq_val_r_reg[47]_i_3_n_0
                         CARRY4 (Prop_carry4_CI_O[2])
                                                      0.256    15.177 r  rq_val_r_reg[51]_i_3/O[2]
                         net (fo=1, unplaced)         0.452    15.629    in36[50]
                         LUT6 (Prop_lut6_I4_O)        0.301    15.930 r  rq_val_r[50]_i_2/O
                         net (fo=1, unplaced)         0.449    16.379    rq_val_r[50]_i_2_n_0
                         LUT5 (Prop_lut5_I4_O)        0.124    16.503 r  rq_val_r[50]_i_1/O
                         net (fo=1, unplaced)         0.000    16.503    rq_val_r[50]_i_1_n_0
                         FDCE                                         r  rq_val_r_reg[50]/D
  -------------------------------------------------------------------    -------------------

                         (clock clk rise edge)       10.000    10.000 r  <hidden>
                                                      0.000    10.000 r  clk
                         net (fo=43238, unset)        0.924    10.924    clk
                         FDCE                                         r  rq_val_r_reg[50]/C
                         clock pessimism              0.000    10.924    <hidden>
                         clock uncertainty           -0.035    10.889    <hidden>
                         FDCE (Setup_fdce_C_D)        0.044    10.933    rq_val_r_reg[50]
  -------------------------------------------------------------------
                         required time                         10.933    <hidden>
                         arrival time                         -16.503    <hidden>
  -------------------------------------------------------------------
                         slack                                 -5.570    <hidden>

Slack (VIOLATED) :        -5.547ns  (required time - arrival time)
  Source:                 di_reg[4]/C
                            (rising edge-triggered cell FDCE clocked by clk  {rise@0.000ns fall@5.000ns period=10.000ns})
  Destination:            rq_val_r_reg[21]/D
                            (rising edge-triggered cell FDCE clocked by clk  {rise@0.000ns fall@5.000ns period=10.000ns})
  Path Group:             clk
  Path Type:              Setup (Max at Slow Process Corner)
  Requirement:            10.000ns  (clk rise@10.000ns - clk rise@0.000ns)
  Data Path Delay:        15.507ns  (logic 7.910ns (51.010%)  route 7.597ns (48.990%))
  Logic Levels:           18  (CARRY4=7 DSP48E1=1 LUT3=1 LUT4=1 LUT5=2 LUT6=6)
  Clock Path Skew:        -0.049ns (DCD - SCD + CPR)
    Destination Clock Delay (DCD):    0.924ns = ( 10.924 - 10.000 ) 
    Source Clock Delay      (SCD):    0.973ns
    Clock Pessimism Removal (CPR):    0.000ns
  Clock Uncertainty:      0.035ns  ((TSJ^2 + TIJ^2)^1/2 + DJ) / 2 + PE
    Total System Jitter     (TSJ):    0.071ns
    Total Input Jitter      (TIJ):    0.000ns
    Discrete Jitter          (DJ):    0.000ns
    Phase Error              (PE):    0.000ns

    Location             Delay type                Incr(ns)  Path(ns)    Netlist Resource(s)
  -------------------------------------------------------------------    -------------------
                         (clock clk rise edge)        0.000     0.000 r  <hidden>
                                                      0.000     0.000 r  clk
                         net (fo=43238, unset)        0.973     0.973    clk
                         FDCE                                         r  di_reg[4]/C
  -------------------------------------------------------------------    -------------------
                         FDCE (Prop_fdce_C_Q)         0.478     1.451 r  di_reg[4]/Q
                         net (fo=127, unplaced)       0.772     2.223    di_reg_n_0_[4]
                         CARRY4 (Prop_carry4_S[0]_O[2])
                                                      0.839     3.062 r  g0_b0__2_i_1/O[2]
                         net (fo=402, unplaced)       0.870     3.932    a05_out[6]
                         LUT6 (Prop_lut6_I0_O)        0.301     4.233 r  acc1__3_i_299/O
                         net (fo=1, unplaced)         0.449     4.682    acc1__3_i_299_n_0
                         LUT3 (Prop_lut3_I2_O)        0.124     4.806 r  acc1__3_i_94/O
                         net (fo=2, unplaced)         0.460     5.266    acc1__3_i_94_n_0
                         LUT5 (Prop_lut5_I4_O)        0.124     5.390 r  acc1__3_i_83/O
                         net (fo=1, unplaced)         0.732     6.122    acc1__3_i_83_n_0
                         LUT6 (Prop_lut6_I0_O)        0.124     6.246 r  acc1__3_i_27/O
                         net (fo=1, unplaced)         0.449     6.695    p_0_out[6]
                         LUT4 (Prop_lut4_I0_O)        0.124     6.819 r  acc1__3_i_2/O
                         net (fo=2, unplaced)         0.803     7.622    acc1__3_i_2_n_0
                         DSP48E1 (Prop_dsp48e1_B[6]_P[1])
                                                      3.656    11.278 r  rq_val_r1__2/P[1]
                         net (fo=1, unplaced)         0.803    12.081    rq_val_r1__2_n_104
                         LUT6 (Prop_lut6_I0_O)        0.124    12.205 r  rq_val_r[3]_i_33/O
                         net (fo=1, unplaced)         0.732    12.937    rq_val_r[3]_i_33_n_0
                         LUT5 (Prop_lut5_I0_O)        0.124    13.061 r  rq_val_r[3]_i_13/O
                         net (fo=1, unplaced)         0.000    13.061    rq_val_r[3]_i_13_n_0
                         CARRY4 (Prop_carry4_S[1]_CO[3])
                                                      0.533    13.594 r  rq_val_r_reg[3]_i_6/CO[3]
                         net (fo=1, unplaced)         0.000    13.594    rq_val_r_reg[3]_i_6_n_0
                         CARRY4 (Prop_carry4_CI_CO[3])
                                                      0.117    13.711 r  rq_val_r_reg[7]_i_9/CO[3]
                         net (fo=1, unplaced)         0.000    13.711    rq_val_r_reg[7]_i_9_n_0
                         CARRY4 (Prop_carry4_CI_CO[3])
                                                      0.117    13.828 r  rq_val_r_reg[11]_i_5/CO[3]
                         net (fo=1, unplaced)         0.000    13.828    rq_val_r_reg[11]_i_5_n_0
                         CARRY4 (Prop_carry4_CI_CO[3])
                                                      0.117    13.945 r  rq_val_r_reg[18]_i_8/CO[3]
                         net (fo=1, unplaced)         0.000    13.945    rq_val_r_reg[18]_i_8_n_0
                         CARRY4 (Prop_carry4_CI_CO[3])
                                                      0.117    14.062 r  rq_val_r_reg[18]_i_3/CO[3]
                         net (fo=1, unplaced)         0.000    14.062    rq_val_r_reg[18]_i_3_n_0
                         CARRY4 (Prop_carry4_CI_O[1])
                                                      0.337    14.399 r  rq_val_r_reg[23]_i_3/O[1]
                         net (fo=3, unplaced)         0.629    15.028    in36[21]
                         LUT6 (Prop_lut6_I2_O)        0.306    15.334 r  rq_val_r[21]_i_7/O
                         net (fo=1, unplaced)         0.449    15.783    rq_val_r[21]_i_7_n_0
                         LUT6 (Prop_lut6_I5_O)        0.124    15.907 r  rq_val_r[21]_i_4/O
                         net (fo=1, unplaced)         0.449    16.356    rq_val_r[21]_i_4_n_0
                         LUT6 (Prop_lut6_I3_O)        0.124    16.480 r  rq_val_r[21]_i_1/O
                         net (fo=1, unplaced)         0.000    16.480    rq_val_r[21]_i_1_n_0
                         FDCE                                         r  rq_val_r_reg[21]/D
  -------------------------------------------------------------------    -------------------

                         (clock clk rise edge)       10.000    10.000 r  <hidden>
                                                      0.000    10.000 r  clk
                         net (fo=43238, unset)        0.924    10.924    clk
                         FDCE                                         r  rq_val_r_reg[21]/C
                         clock pessimism              0.000    10.924    <hidden>
                         clock uncertainty           -0.035    10.889    <hidden>
                         FDCE (Setup_fdce_C_D)        0.044    10.933    rq_val_r_reg[21]
  -------------------------------------------------------------------
                         required time                         10.933    <hidden>
                         arrival time                         -16.480    <hidden>
  -------------------------------------------------------------------
                         slack                                 -5.547    <hidden>

Slack (VIOLATED) :        -5.530ns  (required time - arrival time)
  Source:                 di_reg[4]/C
                            (rising edge-triggered cell FDCE clocked by clk  {rise@0.000ns fall@5.000ns period=10.000ns})
  Destination:            rq_val_r_reg[47]/D
                            (rising edge-triggered cell FDCE clocked by clk  {rise@0.000ns fall@5.000ns period=10.000ns})
  Path Group:             clk
  Path Type:              Setup (Max at Slow Process Corner)
  Requirement:            10.000ns  (clk rise@10.000ns - clk rise@0.000ns)
  Data Path Delay:        15.490ns  (logic 7.795ns (50.324%)  route 7.695ns (49.676%))
  Logic Levels:           17  (CARRY4=5 DSP48E1=1 LUT2=1 LUT3=1 LUT4=1 LUT5=2 LUT6=6)
  Clock Path Skew:        -0.049ns (DCD - SCD + CPR)
    Destination Clock Delay (DCD):    0.924ns = ( 10.924 - 10.000 ) 
    Source Clock Delay      (SCD):    0.973ns
    Clock Pessimism Removal (CPR):    0.000ns
  Clock Uncertainty:      0.035ns  ((TSJ^2 + TIJ^2)^1/2 + DJ) / 2 + PE
    Total System Jitter     (TSJ):    0.071ns
    Total Input Jitter      (TIJ):    0.000ns
    Discrete Jitter          (DJ):    0.000ns
    Phase Error              (PE):    0.000ns

    Location             Delay type                Incr(ns)  Path(ns)    Netlist Resource(s)
  -------------------------------------------------------------------    -------------------
                         (clock clk rise edge)        0.000     0.000 r  <hidden>
                                                      0.000     0.000 r  clk
                         net (fo=43238, unset)        0.973     0.973    clk
                         FDCE                                         r  di_reg[4]/C
  -------------------------------------------------------------------    -------------------
                         FDCE (Prop_fdce_C_Q)         0.478     1.451 r  di_reg[4]/Q
                         net (fo=127, unplaced)       0.772     2.223    di_reg_n_0_[4]
                         CARRY4 (Prop_carry4_S[0]_O[2])
                                                      0.839     3.062 r  g0_b0__2_i_1/O[2]
                         net (fo=402, unplaced)       0.870     3.932    a05_out[6]
                         LUT6 (Prop_lut6_I0_O)        0.301     4.233 r  acc1__3_i_299/O
                         net (fo=1, unplaced)         0.449     4.682    acc1__3_i_299_n_0
                         LUT3 (Prop_lut3_I2_O)        0.124     4.806 r  acc1__3_i_94/O
                         net (fo=2, unplaced)         0.460     5.266    acc1__3_i_94_n_0
                         LUT5 (Prop_lut5_I4_O)        0.124     5.390 r  acc1__3_i_83/O
                         net (fo=1, unplaced)         0.732     6.122    acc1__3_i_83_n_0
                         LUT6 (Prop_lut6_I0_O)        0.124     6.246 r  acc1__3_i_27/O
                         net (fo=1, unplaced)         0.449     6.695    p_0_out[6]
                         LUT4 (Prop_lut4_I0_O)        0.124     6.819 r  acc1__3_i_2/O
                         net (fo=2, unplaced)         0.803     7.622    acc1__3_i_2_n_0
                         DSP48E1 (Prop_dsp48e1_B[6]_P[23])
                                                      3.656    11.278 f  rq_val_r1__2/P[23]
                         net (fo=1, unplaced)         0.803    12.081    rq_val_r1__2_n_82
                         LUT6 (Prop_lut6_I4_O)        0.124    12.205 f  rq_val_r[30]_i_19/O
                         net (fo=1, unplaced)         0.449    12.654    rq_val_r[30]_i_19_n_0
                         LUT6 (Prop_lut6_I5_O)        0.124    12.778 f  rq_val_r[30]_i_18/O
                         net (fo=9, unplaced)         0.490    13.268    rq_val_r[30]_i_18_n_0
                         LUT6 (Prop_lut6_I5_O)        0.124    13.392 r  rq_val_r[61]_i_15/O
                         net (fo=33, unplaced)        0.521    13.913    rq_val_r[61]_i_15_n_0
                         LUT2 (Prop_lut2_I0_O)        0.124    14.037 r  rq_val_r[35]_i_6/O
                         net (fo=1, unplaced)         0.000    14.037    rq_val_r[35]_i_6_n_0
                         CARRY4 (Prop_carry4_S[1]_CO[3])
                                                      0.533    14.570 r  rq_val_r_reg[35]_i_3/CO[3]
                         net (fo=1, unplaced)         0.000    14.570    rq_val_r_reg[35]_i_3_n_0
                         CARRY4 (Prop_carry4_CI_CO[3])
                                                      0.117    14.687 r  rq_val_r_reg[39]_i_3/CO[3]
                         net (fo=1, unplaced)         0.000    14.687    rq_val_r_reg[39]_i_3_n_0
                         CARRY4 (Prop_carry4_CI_CO[3])
                                                      0.117    14.804 r  rq_val_r_reg[43]_i_3/CO[3]
                         net (fo=1, unplaced)         0.000    14.804    rq_val_r_reg[43]_i_3_n_0
                         CARRY4 (Prop_carry4_CI_O[3])
                                                      0.331    15.135 r  rq_val_r_reg[47]_i_3/O[3]
                         net (fo=1, unplaced)         0.448    15.583    in36[47]
                         LUT6 (Prop_lut6_I4_O)        0.307    15.890 r  rq_val_r[47]_i_2/O
                         net (fo=1, unplaced)         0.449    16.339    rq_val_r[47]_i_2_n_0
                         LUT5 (Prop_lut5_I4_O)        0.124    16.463 r  rq_val_r[47]_i_1/O
                         net (fo=1, unplaced)         0.000    16.463    rq_val_r[47]_i_1_n_0
                         FDCE                                         r  rq_val_r_reg[47]/D
  -------------------------------------------------------------------    -------------------

                         (clock clk rise edge)       10.000    10.000 r  <hidden>
                                                      0.000    10.000 r  clk
                         net (fo=43238, unset)        0.924    10.924    clk
                         FDCE                                         r  rq_val_r_reg[47]/C
                         clock pessimism              0.000    10.924    <hidden>
                         clock uncertainty           -0.035    10.889    <hidden>
                         FDCE (Setup_fdce_C_D)        0.044    10.933    rq_val_r_reg[47]
  -------------------------------------------------------------------
                         required time                         10.933    <hidden>
                         arrival time                         -16.463    <hidden>
  -------------------------------------------------------------------
                         slack                                 -5.530    <hidden>

Slack (VIOLATED) :        -5.516ns  (required time - arrival time)
  Source:                 di_reg[4]/C
                            (rising edge-triggered cell FDCE clocked by clk  {rise@0.000ns fall@5.000ns period=10.000ns})
  Destination:            rq_val_r_reg[49]/D
                            (rising edge-triggered cell FDCE clocked by clk  {rise@0.000ns fall@5.000ns period=10.000ns})
  Path Group:             clk
  Path Type:              Setup (Max at Slow Process Corner)
  Requirement:            10.000ns  (clk rise@10.000ns - clk rise@0.000ns)
  Data Path Delay:        15.476ns  (logic 7.917ns (51.158%)  route 7.559ns (48.842%))
  Logic Levels:           18  (CARRY4=6 DSP48E1=1 LUT2=1 LUT3=1 LUT4=1 LUT5=1 LUT6=7)
  Clock Path Skew:        -0.049ns (DCD - SCD + CPR)
    Destination Clock Delay (DCD):    0.924ns = ( 10.924 - 10.000 ) 
    Source Clock Delay      (SCD):    0.973ns
    Clock Pessimism Removal (CPR):    0.000ns
  Clock Uncertainty:      0.035ns  ((TSJ^2 + TIJ^2)^1/2 + DJ) / 2 + PE
    Total System Jitter     (TSJ):    0.071ns
    Total Input Jitter      (TIJ):    0.000ns
    Discrete Jitter          (DJ):    0.000ns
    Phase Error              (PE):    0.000ns

    Location             Delay type                Incr(ns)  Path(ns)    Netlist Resource(s)
  -------------------------------------------------------------------    -------------------
                         (clock clk rise edge)        0.000     0.000 r  <hidden>
                                                      0.000     0.000 r  clk
                         net (fo=43238, unset)        0.973     0.973    clk
                         FDCE                                         r  di_reg[4]/C
  -------------------------------------------------------------------    -------------------
                         FDCE (Prop_fdce_C_Q)         0.478     1.451 r  di_reg[4]/Q
                         net (fo=127, unplaced)       0.772     2.223    di_reg_n_0_[4]
                         CARRY4 (Prop_carry4_S[0]_O[2])
                                                      0.839     3.062 r  g0_b0__2_i_1/O[2]
                         net (fo=402, unplaced)       0.870     3.932    a05_out[6]
                         LUT6 (Prop_lut6_I0_O)        0.301     4.233 r  acc1__3_i_299/O
                         net (fo=1, unplaced)         0.449     4.682    acc1__3_i_299_n_0
                         LUT3 (Prop_lut3_I2_O)        0.124     4.806 r  acc1__3_i_94/O
                         net (fo=2, unplaced)         0.460     5.266    acc1__3_i_94_n_0
                         LUT5 (Prop_lut5_I4_O)        0.124     5.390 r  acc1__3_i_83/O
                         net (fo=1, unplaced)         0.732     6.122    acc1__3_i_83_n_0
                         LUT6 (Prop_lut6_I0_O)        0.124     6.246 r  acc1__3_i_27/O
                         net (fo=1, unplaced)         0.449     6.695    p_0_out[6]
                         LUT4 (Prop_lut4_I0_O)        0.124     6.819 r  acc1__3_i_2/O
                         net (fo=2, unplaced)         0.803     7.622    acc1__3_i_2_n_0
                         DSP48E1 (Prop_dsp48e1_B[6]_P[23])
                                                      3.656    11.278 f  rq_val_r1__2/P[23]
                         net (fo=1, unplaced)         0.803    12.081    rq_val_r1__2_n_82
                         LUT6 (Prop_lut6_I4_O)        0.124    12.205 f  rq_val_r[30]_i_19/O
                         net (fo=1, unplaced)         0.449    12.654    rq_val_r[30]_i_19_n_0
                         LUT6 (Prop_lut6_I5_O)        0.124    12.778 f  rq_val_r[30]_i_18/O
                         net (fo=9, unplaced)         0.490    13.268    rq_val_r[30]_i_18_n_0
                         LUT6 (Prop_lut6_I5_O)        0.124    13.392 r  rq_val_r[61]_i_15/O
                         net (fo=33, unplaced)        0.521    13.913    rq_val_r[61]_i_15_n_0
                         LUT2 (Prop_lut2_I0_O)        0.124    14.037 r  rq_val_r[35]_i_6/O
                         net (fo=1, unplaced)         0.000    14.037    rq_val_r[35]_i_6_n_0
                         CARRY4 (Prop_carry4_S[1]_CO[3])
                                                      0.533    14.570 r  rq_val_r_reg[35]_i_3/CO[3]
                         net (fo=1, unplaced)         0.000    14.570    rq_val_r_reg[35]_i_3_n_0
                         CARRY4 (Prop_carry4_CI_CO[3])
                                                      0.117    14.687 r  rq_val_r_reg[39]_i_3/CO[3]
                         net (fo=1, unplaced)         0.000    14.687    rq_val_r_reg[39]_i_3_n_0
                         CARRY4 (Prop_carry4_CI_CO[3])
                                                      0.117    14.804 r  rq_val_r_reg[43]_i_3/CO[3]
                         net (fo=1, unplaced)         0.000    14.804    rq_val_r_reg[43]_i_3_n_0
                         CARRY4 (Prop_carry4_CI_CO[3])
                                                      0.117    14.921 r  rq_val_r_reg[47]_i_3/CO[3]
                         net (fo=1, unplaced)         0.000    14.921    rq_val_r_reg[47]_i_3_n_0
                         CARRY4 (Prop_carry4_CI_O[1])
                                                      0.337    15.258 r  rq_val_r_reg[51]_i_3/O[1]
                         net (fo=1, unplaced)         0.312    15.570    in36[49]
                         LUT6 (Prop_lut6_I3_O)        0.306    15.876 r  rq_val_r[49]_i_2/O
                         net (fo=1, unplaced)         0.449    16.325    rq_val_r[49]_i_2_n_0
                         LUT6 (Prop_lut6_I1_O)        0.124    16.449 r  rq_val_r[49]_i_1/O
                         net (fo=1, unplaced)         0.000    16.449    rq_val_r[49]_i_1_n_0
                         FDCE                                         r  rq_val_r_reg[49]/D
  -------------------------------------------------------------------    -------------------

                         (clock clk rise edge)       10.000    10.000 r  <hidden>
                                                      0.000    10.000 r  clk
                         net (fo=43238, unset)        0.924    10.924    clk
                         FDCE                                         r  rq_val_r_reg[49]/C
                         clock pessimism              0.000    10.924    <hidden>
                         clock uncertainty           -0.035    10.889    <hidden>
                         FDCE (Setup_fdce_C_D)        0.044    10.933    rq_val_r_reg[49]
  -------------------------------------------------------------------
                         required time                         10.933    <hidden>
                         arrival time                         -16.449    <hidden>
  -------------------------------------------------------------------
                         slack                                 -5.516    <hidden>

Slack (VIOLATED) :        -5.516ns  (required time - arrival time)
  Source:                 di_reg[4]/C
                            (rising edge-triggered cell FDCE clocked by clk  {rise@0.000ns fall@5.000ns period=10.000ns})
  Destination:            rq_val_r_reg[52]/D
                            (rising edge-triggered cell FDCE clocked by clk  {rise@0.000ns fall@5.000ns period=10.000ns})
  Path Group:             clk
  Path Type:              Setup (Max at Slow Process Corner)
  Requirement:            10.000ns  (clk rise@10.000ns - clk rise@0.000ns)
  Data Path Delay:        15.476ns  (logic 7.918ns (51.164%)  route 7.558ns (48.836%))
  Logic Levels:           19  (CARRY4=7 DSP48E1=1 LUT2=1 LUT3=1 LUT4=1 LUT5=1 LUT6=7)
  Clock Path Skew:        -0.049ns (DCD - SCD + CPR)
    Destination Clock Delay (DCD):    0.924ns = ( 10.924 - 10.000 ) 
    Source Clock Delay      (SCD):    0.973ns
    Clock Pessimism Removal (CPR):    0.000ns
  Clock Uncertainty:      0.035ns  ((TSJ^2 + TIJ^2)^1/2 + DJ) / 2 + PE
    Total System Jitter     (TSJ):    0.071ns
    Total Input Jitter      (TIJ):    0.000ns
    Discrete Jitter          (DJ):    0.000ns
    Phase Error              (PE):    0.000ns

    Location             Delay type                Incr(ns)  Path(ns)    Netlist Resource(s)
  -------------------------------------------------------------------    -------------------
                         (clock clk rise edge)        0.000     0.000 r  <hidden>
                                                      0.000     0.000 r  clk
                         net (fo=43238, unset)        0.973     0.973    clk
                         FDCE                                         r  di_reg[4]/C
  -------------------------------------------------------------------    -------------------
                         FDCE (Prop_fdce_C_Q)         0.478     1.451 r  di_reg[4]/Q
                         net (fo=127, unplaced)       0.772     2.223    di_reg_n_0_[4]
                         CARRY4 (Prop_carry4_S[0]_O[2])
                                                      0.839     3.062 r  g0_b0__2_i_1/O[2]
                         net (fo=402, unplaced)       0.870     3.932    a05_out[6]
                         LUT6 (Prop_lut6_I0_O)        0.301     4.233 r  acc1__3_i_299/O
                         net (fo=1, unplaced)         0.449     4.682    acc1__3_i_299_n_0
                         LUT3 (Prop_lut3_I2_O)        0.124     4.806 r  acc1__3_i_94/O
                         net (fo=2, unplaced)         0.460     5.266    acc1__3_i_94_n_0
                         LUT5 (Prop_lut5_I4_O)        0.124     5.390 r  acc1__3_i_83/O
                         net (fo=1, unplaced)         0.732     6.122    acc1__3_i_83_n_0
                         LUT6 (Prop_lut6_I0_O)        0.124     6.246 r  acc1__3_i_27/O
                         net (fo=1, unplaced)         0.449     6.695    p_0_out[6]
                         LUT4 (Prop_lut4_I0_O)        0.124     6.819 r  acc1__3_i_2/O
                         net (fo=2, unplaced)         0.803     7.622    acc1__3_i_2_n_0
                         DSP48E1 (Prop_dsp48e1_B[6]_P[23])
                                                      3.656    11.278 f  rq_val_r1__2/P[23]
                         net (fo=1, unplaced)         0.803    12.081    rq_val_r1__2_n_82
                         LUT6 (Prop_lut6_I4_O)        0.124    12.205 f  rq_val_r[30]_i_19/O
                         net (fo=1, unplaced)         0.449    12.654    rq_val_r[30]_i_19_n_0
                         LUT6 (Prop_lut6_I5_O)        0.124    12.778 f  rq_val_r[30]_i_18/O
                         net (fo=9, unplaced)         0.490    13.268    rq_val_r[30]_i_18_n_0
                         LUT6 (Prop_lut6_I5_O)        0.124    13.392 r  rq_val_r[61]_i_15/O
                         net (fo=33, unplaced)        0.521    13.913    rq_val_r[61]_i_15_n_0
                         LUT2 (Prop_lut2_I0_O)        0.124    14.037 r  rq_val_r[35]_i_6/O
                         net (fo=1, unplaced)         0.000    14.037    rq_val_r[35]_i_6_n_0
                         CARRY4 (Prop_carry4_S[1]_CO[3])
                                                      0.533    14.570 r  rq_val_r_reg[35]_i_3/CO[3]
                         net (fo=1, unplaced)         0.000    14.570    rq_val_r_reg[35]_i_3_n_0
                         CARRY4 (Prop_carry4_CI_CO[3])
                                                      0.117    14.687 r  rq_val_r_reg[39]_i_3/CO[3]
                         net (fo=1, unplaced)         0.000    14.687    rq_val_r_reg[39]_i_3_n_0
                         CARRY4 (Prop_carry4_CI_CO[3])
                                                      0.117    14.804 r  rq_val_r_reg[43]_i_3/CO[3]
                         net (fo=1, unplaced)         0.000    14.804    rq_val_r_reg[43]_i_3_n_0
                         CARRY4 (Prop_carry4_CI_CO[3])
                                                      0.117    14.921 r  rq_val_r_reg[47]_i_3/CO[3]
                         net (fo=1, unplaced)         0.000    14.921    rq_val_r_reg[47]_i_3_n_0
                         CARRY4 (Prop_carry4_CI_CO[3])
                                                      0.117    15.038 r  rq_val_r_reg[51]_i_3/CO[3]
                         net (fo=1, unplaced)         0.000    15.038    rq_val_r_reg[51]_i_3_n_0
                         CARRY4 (Prop_carry4_CI_O[0])
                                                      0.232    15.270 r  rq_val_r_reg[55]_i_3/O[0]
                         net (fo=1, unplaced)         0.311    15.581    in36[52]
                         LUT6 (Prop_lut6_I3_O)        0.295    15.876 r  rq_val_r[52]_i_2/O
                         net (fo=1, unplaced)         0.449    16.325    rq_val_r[52]_i_2_n_0
                         LUT6 (Prop_lut6_I1_O)        0.124    16.449 r  rq_val_r[52]_i_1/O
                         net (fo=1, unplaced)         0.000    16.449    rq_val_r[52]_i_1_n_0
                         FDCE                                         r  rq_val_r_reg[52]/D
  -------------------------------------------------------------------    -------------------

                         (clock clk rise edge)       10.000    10.000 r  <hidden>
                                                      0.000    10.000 r  clk
                         net (fo=43238, unset)        0.924    10.924    clk
                         FDCE                                         r  rq_val_r_reg[52]/C
                         clock pessimism              0.000    10.924    <hidden>
                         clock uncertainty           -0.035    10.889    <hidden>
                         FDCE (Setup_fdce_C_D)        0.044    10.933    rq_val_r_reg[52]
  -------------------------------------------------------------------
                         required time                         10.933    <hidden>
                         arrival time                         -16.449    <hidden>
  -------------------------------------------------------------------
                         slack                                 -5.516    <hidden>

Slack (VIOLATED) :        -5.506ns  (required time - arrival time)
  Source:                 di_reg[4]/C
                            (rising edge-triggered cell FDCE clocked by clk  {rise@0.000ns fall@5.000ns period=10.000ns})
  Destination:            rq_val_r_reg[30]/D
                            (rising edge-triggered cell FDCE clocked by clk  {rise@0.000ns fall@5.000ns period=10.000ns})
  Path Group:             clk
  Path Type:              Setup (Max at Slow Process Corner)
  Requirement:            10.000ns  (clk rise@10.000ns - clk rise@0.000ns)
  Data Path Delay:        15.466ns  (logic 8.058ns (52.102%)  route 7.408ns (47.898%))
  Logic Levels:           20  (CARRY4=9 DSP48E1=1 LUT3=1 LUT4=1 LUT5=2 LUT6=6)
  Clock Path Skew:        -0.049ns (DCD - SCD + CPR)
    Destination Clock Delay (DCD):    0.924ns = ( 10.924 - 10.000 ) 
    Source Clock Delay      (SCD):    0.973ns
    Clock Pessimism Removal (CPR):    0.000ns
  Clock Uncertainty:      0.035ns  ((TSJ^2 + TIJ^2)^1/2 + DJ) / 2 + PE
    Total System Jitter     (TSJ):    0.071ns
    Total Input Jitter      (TIJ):    0.000ns
    Discrete Jitter          (DJ):    0.000ns
    Phase Error              (PE):    0.000ns

    Location             Delay type                Incr(ns)  Path(ns)    Netlist Resource(s)
  -------------------------------------------------------------------    -------------------
                         (clock clk rise edge)        0.000     0.000 r  <hidden>
                                                      0.000     0.000 r  clk
                         net (fo=43238, unset)        0.973     0.973    clk
                         FDCE                                         r  di_reg[4]/C
  -------------------------------------------------------------------    -------------------
                         FDCE (Prop_fdce_C_Q)         0.478     1.451 r  di_reg[4]/Q
                         net (fo=127, unplaced)       0.772     2.223    di_reg_n_0_[4]
                         CARRY4 (Prop_carry4_S[0]_O[2])
                                                      0.839     3.062 r  g0_b0__2_i_1/O[2]
                         net (fo=402, unplaced)       0.870     3.932    a05_out[6]
                         LUT6 (Prop_lut6_I0_O)        0.301     4.233 r  acc1__3_i_299/O
                         net (fo=1, unplaced)         0.449     4.682    acc1__3_i_299_n_0
                         LUT3 (Prop_lut3_I2_O)        0.124     4.806 r  acc1__3_i_94/O
                         net (fo=2, unplaced)         0.460     5.266    acc1__3_i_94_n_0
                         LUT5 (Prop_lut5_I4_O)        0.124     5.390 r  acc1__3_i_83/O
                         net (fo=1, unplaced)         0.732     6.122    acc1__3_i_83_n_0
                         LUT6 (Prop_lut6_I0_O)        0.124     6.246 r  acc1__3_i_27/O
                         net (fo=1, unplaced)         0.449     6.695    p_0_out[6]
                         LUT4 (Prop_lut4_I0_O)        0.124     6.819 r  acc1__3_i_2/O
                         net (fo=2, unplaced)         0.803     7.622    acc1__3_i_2_n_0
                         DSP48E1 (Prop_dsp48e1_B[6]_P[1])
                                                      3.656    11.278 r  rq_val_r1__2/P[1]
                         net (fo=1, unplaced)         0.803    12.081    rq_val_r1__2_n_104
                         LUT6 (Prop_lut6_I0_O)        0.124    12.205 r  rq_val_r[3]_i_33/O
                         net (fo=1, unplaced)         0.732    12.937    rq_val_r[3]_i_33_n_0
                         LUT5 (Prop_lut5_I0_O)        0.124    13.061 r  rq_val_r[3]_i_13/O
                         net (fo=1, unplaced)         0.000    13.061    rq_val_r[3]_i_13_n_0
                         CARRY4 (Prop_carry4_S[1]_CO[3])
                                                      0.533    13.594 r  rq_val_r_reg[3]_i_6/CO[3]
                         net (fo=1, unplaced)         0.000    13.594    rq_val_r_reg[3]_i_6_n_0
                         CARRY4 (Prop_carry4_CI_CO[3])
                                                      0.117    13.711 r  rq_val_r_reg[7]_i_9/CO[3]
                         net (fo=1, unplaced)         0.000    13.711    rq_val_r_reg[7]_i_9_n_0
                         CARRY4 (Prop_carry4_CI_CO[3])
                                                      0.117    13.828 r  rq_val_r_reg[11]_i_5/CO[3]
                         net (fo=1, unplaced)         0.000    13.828    rq_val_r_reg[11]_i_5_n_0
                         CARRY4 (Prop_carry4_CI_CO[3])
                                                      0.117    13.945 r  rq_val_r_reg[18]_i_8/CO[3]
                         net (fo=1, unplaced)         0.000    13.945    rq_val_r_reg[18]_i_8_n_0
                         CARRY4 (Prop_carry4_CI_CO[3])
                                                      0.117    14.062 r  rq_val_r_reg[18]_i_3/CO[3]
                         net (fo=1, unplaced)         0.000    14.062    rq_val_r_reg[18]_i_3_n_0
                         CARRY4 (Prop_carry4_CI_CO[3])
                                                      0.117    14.179 r  rq_val_r_reg[23]_i_3/CO[3]
                         net (fo=1, unplaced)         0.000    14.179    rq_val_r_reg[23]_i_3_n_0
                         CARRY4 (Prop_carry4_CI_CO[3])
                                                      0.117    14.296 r  rq_val_r_reg[30]_i_9/CO[3]
                         net (fo=1, unplaced)         0.000    14.296    rq_val_r_reg[30]_i_9_n_0
                         CARRY4 (Prop_carry4_CI_O[2])
                                                      0.256    14.552 r  rq_val_r_reg[30]_i_4/O[2]
                         net (fo=3, unplaced)         0.470    15.022    in36[30]
                         LUT6 (Prop_lut6_I3_O)        0.301    15.323 r  rq_val_r[30]_i_8/O
                         net (fo=1, unplaced)         0.449    15.772    rq_val_r[30]_i_8_n_0
                         LUT6 (Prop_lut6_I5_O)        0.124    15.896 r  rq_val_r[30]_i_2/O
                         net (fo=1, unplaced)         0.419    16.315    rq_val_r[30]_i_2_n_0
                         LUT6 (Prop_lut6_I0_O)        0.124    16.439 r  rq_val_r[30]_i_1/O
                         net (fo=1, unplaced)         0.000    16.439    rq_val_r[30]_i_1_n_0
                         FDCE                                         r  rq_val_r_reg[30]/D
  -------------------------------------------------------------------    -------------------

                         (clock clk rise edge)       10.000    10.000 r  <hidden>
                                                      0.000    10.000 r  clk
                         net (fo=43238, unset)        0.924    10.924    clk
                         FDCE                                         r  rq_val_r_reg[30]/C
                         clock pessimism              0.000    10.924    <hidden>
                         clock uncertainty           -0.035    10.889    <hidden>
                         FDCE (Setup_fdce_C_D)        0.044    10.933    rq_val_r_reg[30]
  -------------------------------------------------------------------
                         required time                         10.933    <hidden>
                         arrival time                         -16.439    <hidden>
  -------------------------------------------------------------------
                         slack                                 -5.506    <hidden>




