Copyright 1986-2022 Xilinx, Inc. All Rights Reserved. Copyright 2022-2026 Advanced Micro Devices, Inc. All Rights Reserved.
---------------------------------------------------------------------------------------------------------------------------------------------------------------------------------------------------------------------------------------------
| Tool Version : Vivado v.2026.1 (win64) Build 6511674 Tue Jun 16 11:02:23 MDT 2026
| Date         : Thu Sep 10 00:48:53 2026
| Host         : laptop-Quan running 64-bit major release  (build 9200)
| Command      : report_timing -delay_type max -max_paths 20 -nworst 1 -sort_by slack -file D:/FPGA/FPGG_ART_Y_ASTRA_NATIVE_V1_RESEARCH/results/A7-NATIVE-GRAPH/ASTRA-FINAL-C4-C7-20260909/26_C4_D32_BITEXACT_PHYSICAL/timing_n20_e3f_sq.rpt
| Design       : a7ng_astra_c4_lm06_d32_fr_v2
| Device       : 7a100t-csg324
| Speed File   : -1  PRODUCTION 1.23 2018-06-13
| Design State : Synthesized
---------------------------------------------------------------------------------------------------------------------------------------------------------------------------------------------------------------------------------------------

Timing Report

Slack (VIOLATED) :        -20.614ns  (required time - arrival time)
  Source:                 fi_reg[4]/C
                            (rising edge-triggered cell FDCE clocked by clk  {rise@0.000ns fall@5.000ns period=10.000ns})
  Destination:            val0/A[0]
                            (rising edge-triggered cell DSP48E1 clocked by clk  {rise@0.000ns fall@5.000ns period=10.000ns})
  Path Group:             clk
  Path Type:              Setup (Max at Slow Process Corner)
  Requirement:            10.000ns  (clk rise@10.000ns - clk rise@0.000ns)
  Data Path Delay:        30.168ns  (logic 21.634ns (71.711%)  route 8.534ns (28.289%))
  Logic Levels:           45  (CARRY4=30 DSP48E1=4 LUT1=1 LUT2=2 LUT3=1 LUT4=3 LUT5=3 MUXF7=1)
  Clock Path Skew:        -0.049ns (DCD - SCD + CPR)
    Destination Clock Delay (DCD):    0.924ns = ( 10.924 - 10.000 ) 
    Source Clock Delay      (SCD):    0.973ns
    Clock Pessimism Removal (CPR):    0.000ns
  Clock Uncertainty:      0.035ns  ((TSJ^2 + TIJ^2)^1/2 + DJ) / 2 + PE
    Total System Jitter     (TSJ):    0.071ns
    Total Input Jitter      (TIJ):    0.000ns
    Discrete Jitter          (DJ):    0.000ns
    Phase Error              (PE):    0.000ns

    Location             Delay type                Incr(ns)  Path(ns)    Netlist Resource(s)
  -------------------------------------------------------------------    -------------------
                         (clock clk rise edge)        0.000     0.000 r  <hidden>
                                                      0.000     0.000 r  clk
                         net (fo=43076, unset)        0.973     0.973    clk
                         FDCE                                         r  fi_reg[4]/C
  -------------------------------------------------------------------    -------------------
                         FDCE (Prop_fdce_C_Q)         0.478     1.451 r  fi_reg[4]/Q
                         net (fo=300, unplaced)       0.933     2.384    fi_reg_n_0_[4]
                         LUT5 (Prop_lut5_I0_O)        0.295     2.679 r  p_0_out__1_i_33/O
                         net (fo=1, unplaced)         0.000     2.679    p_0_out__1_i_33_n_0
                         MUXF7 (Prop_muxf7_I1_O)      0.247     2.926 r  p_0_out__1_i_30/O
                         net (fo=1, unplaced)         0.452     3.378    relu.a[0]
                         LUT2 (Prop_lut2_I0_O)        0.298     3.676 r  p_0_out__1_i_7/O
                         net (fo=1, unplaced)         0.803     4.479    wgt811_return[0]
                         DSP48E1 (Prop_dsp48e1_B[0]_P[1])
                                                      3.656     8.135 r  p_0_out__1/P[1]
                         net (fo=1, unplaced)         0.803     8.938    p_0_out__1_n_104
                         LUT2 (Prop_lut2_I1_O)        0.124     9.062 r  p_1_out__3_i_19/O
                         net (fo=1, unplaced)         0.000     9.062    p_1_out__3_i_19_n_0
                         CARRY4 (Prop_carry4_S[1]_CO[3])
                                                      0.533     9.595 r  p_1_out__3_i_4/CO[3]
                         net (fo=1, unplaced)         0.000     9.595    p_1_out__3_i_4_n_0
                         CARRY4 (Prop_carry4_CI_CO[3])
                                                      0.117     9.712 r  p_1_out__3_i_3/CO[3]
                         net (fo=1, unplaced)         0.000     9.712    p_1_out__3_i_3_n_0
                         CARRY4 (Prop_carry4_CI_CO[3])
                                                      0.117     9.829 r  p_1_out__3_i_2/CO[3]
                         net (fo=1, unplaced)         0.000     9.829    p_1_out__3_i_2_n_0
                         CARRY4 (Prop_carry4_CI_CO[3])
                                                      0.117     9.946 r  p_1_out__3_i_1/CO[3]
                         net (fo=1, unplaced)         0.000     9.946    p_1_out__3_i_1_n_0
                         CARRY4 (Prop_carry4_CI_CO[3])
                                                      0.117    10.063 r  p_1_out__0_i_5/CO[3]
                         net (fo=1, unplaced)         0.000    10.063    p_1_out__0_i_5_n_0
                         CARRY4 (Prop_carry4_CI_CO[3])
                                                      0.117    10.180 r  p_1_out__0_i_4/CO[3]
                         net (fo=1, unplaced)         0.000    10.180    p_1_out__0_i_4_n_0
                         CARRY4 (Prop_carry4_CI_CO[3])
                                                      0.117    10.297 r  p_1_out__0_i_3/CO[3]
                         net (fo=1, unplaced)         0.000    10.297    p_1_out__0_i_3_n_0
                         CARRY4 (Prop_carry4_CI_CO[3])
                                                      0.117    10.414 r  p_1_out__0_i_2/CO[3]
                         net (fo=1, unplaced)         0.000    10.414    p_1_out__0_i_2_n_0
                         CARRY4 (Prop_carry4_CI_O[1])
                                                      0.337    10.751 r  p_1_out__0_i_1/O[1]
                         net (fo=2, unplaced)         0.803    11.554    relu.val[33]
                         DSP48E1 (Prop_dsp48e1_A[16]_PCOUT[47])
                                                      4.215    15.769 r  p_1_out__0/PCOUT[47]
                         net (fo=1, unplaced)         0.000    15.769    p_1_out__0_n_106
                         DSP48E1 (Prop_dsp48e1_PCIN[47]_PCOUT[47])
                                                      1.713    17.482 r  p_1_out__1/PCOUT[47]
                         net (fo=1, unplaced)         0.000    17.482    p_1_out__1_n_106
                         DSP48E1 (Prop_dsp48e1_PCIN[47]_P[1])
                                                      1.518    19.000 r  p_1_out__2/P[1]
                         net (fo=3, unplaced)         0.803    19.802    p_1_out__2_n_104
                         LUT3 (Prop_lut3_I1_O)        0.149    19.951 r  tv[63][15]_i_89/O
                         net (fo=2, unplaced)         0.459    20.410    tv[63][15]_i_89_n_0
                         LUT4 (Prop_lut4_I3_O)        0.355    20.765 r  tv[63][15]_i_93/O
                         net (fo=1, unplaced)         0.000    20.765    tv[63][15]_i_93_n_0
                         CARRY4 (Prop_carry4_S[0]_CO[3])
                                                      0.513    21.278 r  tv_reg[63][15]_i_54/CO[3]
                         net (fo=1, unplaced)         0.000    21.278    tv_reg[63][15]_i_54_n_0
                         CARRY4 (Prop_carry4_CI_CO[3])
                                                      0.117    21.395 r  tv_reg[63][15]_i_22/CO[3]
                         net (fo=1, unplaced)         0.000    21.395    tv_reg[63][15]_i_22_n_0
                         CARRY4 (Prop_carry4_CI_O[2])
                                                      0.256    21.651 r  tv_reg[63][15]_i_7/O[2]
                         net (fo=192, unplaced)       0.568    22.219    p_3_out[63]
                         LUT4 (Prop_lut4_I2_O)        0.293    22.512 r  tv[63][3]_i_80/O
                         net (fo=1, unplaced)         0.000    22.512    tv[63][3]_i_80_n_0
                         CARRY4 (Prop_carry4_DI[0]_CO[3])
                                                      0.576    23.088 r  tv_reg[63][3]_i_58/CO[3]
                         net (fo=1, unplaced)         0.000    23.088    tv_reg[63][3]_i_58_n_0
                         CARRY4 (Prop_carry4_CI_CO[3])
                                                      0.117    23.205 r  tv_reg[63][3]_i_36/CO[3]
                         net (fo=1, unplaced)         0.000    23.205    tv_reg[63][3]_i_36_n_0
                         CARRY4 (Prop_carry4_CI_CO[3])
                                                      0.117    23.322 r  tv_reg[63][3]_i_16/CO[3]
                         net (fo=1, unplaced)         0.000    23.322    tv_reg[63][3]_i_16_n_0
                         CARRY4 (Prop_carry4_CI_CO[3])
                                                      0.117    23.439 r  tv_reg[63][3]_i_8/CO[3]
                         net (fo=1, unplaced)         0.000    23.439    tv_reg[63][3]_i_8_n_0
                         CARRY4 (Prop_carry4_CI_CO[2])
                                                      0.252    23.691 r  tv_reg[63][3]_i_3/CO[2]
                         net (fo=2, unplaced)         0.463    24.154    tv_reg[63][3]_i_3_n_1
                         LUT4 (Prop_lut4_I3_O)        0.310    24.464 r  tv[63][3]_i_7/O
                         net (fo=1, unplaced)         0.000    24.464    tv[63][3]_i_7_n_0
                         CARRY4 (Prop_carry4_S[0]_CO[3])
                                                      0.513    24.977 r  tv_reg[63][3]_i_2/CO[3]
                         net (fo=1, unplaced)         0.000    24.977    tv_reg[63][3]_i_2_n_0
                         CARRY4 (Prop_carry4_CI_CO[3])
                                                      0.117    25.094 r  tv_reg[63][7]_i_2/CO[3]
                         net (fo=1, unplaced)         0.000    25.094    tv_reg[63][7]_i_2_n_0
                         CARRY4 (Prop_carry4_CI_CO[3])
                                                      0.117    25.211 r  tv_reg[63][11]_i_2/CO[3]
                         net (fo=1, unplaced)         0.000    25.211    tv_reg[63][11]_i_2_n_0
                         CARRY4 (Prop_carry4_CI_O[2])
                                                      0.256    25.467 f  tv_reg[63][15]_i_10/O[2]
                         net (fo=7, unplaced)         0.487    25.954    p_2_out[14]
                         LUT1 (Prop_lut1_I0_O)        0.301    26.255 r  tv[63][15]_i_34/O
                         net (fo=1, unplaced)         0.000    26.255    tv[63][15]_i_34_n_0
                         CARRY4 (Prop_carry4_S[1]_CO[3])
                                                      0.533    26.788 r  tv_reg[63][15]_i_9/CO[3]
                         net (fo=1, unplaced)         0.000    26.788    tv_reg[63][15]_i_9_n_0
                         CARRY4 (Prop_carry4_CI_CO[3])
                                                      0.117    26.905 r  tv_reg[63][15]_i_63/CO[3]
                         net (fo=1, unplaced)         0.000    26.905    tv_reg[63][15]_i_63_n_0
                         CARRY4 (Prop_carry4_CI_CO[3])
                                                      0.117    27.022 r  tv_reg[63][15]_i_28/CO[3]
                         net (fo=1, unplaced)         0.000    27.022    tv_reg[63][15]_i_28_n_0
                         CARRY4 (Prop_carry4_CI_O[1])
                                                      0.337    27.359 r  tv_reg[63][15]_i_8/O[1]
                         net (fo=4, unplaced)         0.635    27.994    tv_reg[63][15]_i_8_n_6
                         LUT5 (Prop_lut5_I0_O)        0.332    28.326 r  tv[63][15]_i_139/O
                         net (fo=1, unplaced)         0.000    28.326    tv[63][15]_i_139_n_0
                         CARRY4 (Prop_carry4_DI[0]_CO[3])
                                                      0.576    28.902 r  tv_reg[63][15]_i_115/CO[3]
                         net (fo=1, unplaced)         0.000    28.902    tv_reg[63][15]_i_115_n_0
                         CARRY4 (Prop_carry4_CI_CO[3])
                                                      0.117    29.019 r  tv_reg[63][15]_i_72/CO[3]
                         net (fo=1, unplaced)         0.000    29.019    tv_reg[63][15]_i_72_n_0
                         CARRY4 (Prop_carry4_CI_CO[3])
                                                      0.117    29.136 r  tv_reg[63][15]_i_40/CO[3]
                         net (fo=1, unplaced)         0.000    29.136    tv_reg[63][15]_i_40_n_0
                         CARRY4 (Prop_carry4_CI_CO[3])
                                                      0.117    29.253 r  tv_reg[63][15]_i_11/CO[3]
                         net (fo=1, unplaced)         0.000    29.253    tv_reg[63][15]_i_11_n_0
                         CARRY4 (Prop_carry4_CI_CO[2])
                                                      0.252    29.505 r  tv_reg[63][15]_i_5/CO[2]
                         net (fo=32, unplaced)        0.523    30.028    tv_reg[63][15]_i_5_n_1
                         LUT5 (Prop_lut5_I1_O)        0.310    30.338 r  val0_i_23/O
                         net (fo=64, unplaced)        0.803    31.141    val0_i_23_n_0
                         DSP48E1                                      r  val0/A[0]
  -------------------------------------------------------------------    -------------------

                         (clock clk rise edge)       10.000    10.000 r  <hidden>
                                                      0.000    10.000 r  clk
                         net (fo=43076, unset)        0.924    10.924    clk
                         DSP48E1                                      r  val0/CLK
                         clock pessimism              0.000    10.924    <hidden>
                         clock uncertainty           -0.035    10.889    <hidden>
                         DSP48E1 (Setup_dsp48e1_CLK_A[0])
                                                     -0.362    10.527    val0
  -------------------------------------------------------------------
                         required time                         10.527    <hidden>
                         arrival time                         -31.141    <hidden>
  -------------------------------------------------------------------
                         slack                                -20.614    <hidden>

Slack (VIOLATED) :        -20.614ns  (required time - arrival time)
  Source:                 fi_reg[4]/C
                            (rising edge-triggered cell FDCE clocked by clk  {rise@0.000ns fall@5.000ns period=10.000ns})
  Destination:            val0/A[10]
                            (rising edge-triggered cell DSP48E1 clocked by clk  {rise@0.000ns fall@5.000ns period=10.000ns})
  Path Group:             clk
  Path Type:              Setup (Max at Slow Process Corner)
  Requirement:            10.000ns  (clk rise@10.000ns - clk rise@0.000ns)
  Data Path Delay:        30.168ns  (logic 21.634ns (71.711%)  route 8.534ns (28.289%))
  Logic Levels:           45  (CARRY4=30 DSP48E1=4 LUT1=1 LUT2=2 LUT3=1 LUT4=3 LUT5=2 LUT6=1 MUXF7=1)
  Clock Path Skew:        -0.049ns (DCD - SCD + CPR)
    Destination Clock Delay (DCD):    0.924ns = ( 10.924 - 10.000 ) 
    Source Clock Delay      (SCD):    0.973ns
    Clock Pessimism Removal (CPR):    0.000ns
  Clock Uncertainty:      0.035ns  ((TSJ^2 + TIJ^2)^1/2 + DJ) / 2 + PE
    Total System Jitter     (TSJ):    0.071ns
    Total Input Jitter      (TIJ):    0.000ns
    Discrete Jitter          (DJ):    0.000ns
    Phase Error              (PE):    0.000ns

    Location             Delay type                Incr(ns)  Path(ns)    Netlist Resource(s)
  -------------------------------------------------------------------    -------------------
                         (clock clk rise edge)        0.000     0.000 r  <hidden>
                                                      0.000     0.000 r  clk
                         net (fo=43076, unset)        0.973     0.973    clk
                         FDCE                                         r  fi_reg[4]/C
  -------------------------------------------------------------------    -------------------
                         FDCE (Prop_fdce_C_Q)         0.478     1.451 r  fi_reg[4]/Q
                         net (fo=300, unplaced)       0.933     2.384    fi_reg_n_0_[4]
                         LUT5 (Prop_lut5_I0_O)        0.295     2.679 r  p_0_out__1_i_33/O
                         net (fo=1, unplaced)         0.000     2.679    p_0_out__1_i_33_n_0
                         MUXF7 (Prop_muxf7_I1_O)      0.247     2.926 r  p_0_out__1_i_30/O
                         net (fo=1, unplaced)         0.452     3.378    relu.a[0]
                         LUT2 (Prop_lut2_I0_O)        0.298     3.676 r  p_0_out__1_i_7/O
                         net (fo=1, unplaced)         0.803     4.479    wgt811_return[0]
                         DSP48E1 (Prop_dsp48e1_B[0]_P[1])
                                                      3.656     8.135 r  p_0_out__1/P[1]
                         net (fo=1, unplaced)         0.803     8.938    p_0_out__1_n_104
                         LUT2 (Prop_lut2_I1_O)        0.124     9.062 r  p_1_out__3_i_19/O
                         net (fo=1, unplaced)         0.000     9.062    p_1_out__3_i_19_n_0
                         CARRY4 (Prop_carry4_S[1]_CO[3])
                                                      0.533     9.595 r  p_1_out__3_i_4/CO[3]
                         net (fo=1, unplaced)         0.000     9.595    p_1_out__3_i_4_n_0
                         CARRY4 (Prop_carry4_CI_CO[3])
                                                      0.117     9.712 r  p_1_out__3_i_3/CO[3]
                         net (fo=1, unplaced)         0.000     9.712    p_1_out__3_i_3_n_0
                         CARRY4 (Prop_carry4_CI_CO[3])
                                                      0.117     9.829 r  p_1_out__3_i_2/CO[3]
                         net (fo=1, unplaced)         0.000     9.829    p_1_out__3_i_2_n_0
                         CARRY4 (Prop_carry4_CI_CO[3])
                                                      0.117     9.946 r  p_1_out__3_i_1/CO[3]
                         net (fo=1, unplaced)         0.000     9.946    p_1_out__3_i_1_n_0
                         CARRY4 (Prop_carry4_CI_CO[3])
                                                      0.117    10.063 r  p_1_out__0_i_5/CO[3]
                         net (fo=1, unplaced)         0.000    10.063    p_1_out__0_i_5_n_0
                         CARRY4 (Prop_carry4_CI_CO[3])
                                                      0.117    10.180 r  p_1_out__0_i_4/CO[3]
                         net (fo=1, unplaced)         0.000    10.180    p_1_out__0_i_4_n_0
                         CARRY4 (Prop_carry4_CI_CO[3])
                                                      0.117    10.297 r  p_1_out__0_i_3/CO[3]
                         net (fo=1, unplaced)         0.000    10.297    p_1_out__0_i_3_n_0
                         CARRY4 (Prop_carry4_CI_CO[3])
                                                      0.117    10.414 r  p_1_out__0_i_2/CO[3]
                         net (fo=1, unplaced)         0.000    10.414    p_1_out__0_i_2_n_0
                         CARRY4 (Prop_carry4_CI_O[1])
                                                      0.337    10.751 r  p_1_out__0_i_1/O[1]
                         net (fo=2, unplaced)         0.803    11.554    relu.val[33]
                         DSP48E1 (Prop_dsp48e1_A[16]_PCOUT[47])
                                                      4.215    15.769 r  p_1_out__0/PCOUT[47]
                         net (fo=1, unplaced)         0.000    15.769    p_1_out__0_n_106
                         DSP48E1 (Prop_dsp48e1_PCIN[47]_PCOUT[47])
                                                      1.713    17.482 r  p_1_out__1/PCOUT[47]
                         net (fo=1, unplaced)         0.000    17.482    p_1_out__1_n_106
                         DSP48E1 (Prop_dsp48e1_PCIN[47]_P[1])
                                                      1.518    19.000 r  p_1_out__2/P[1]
                         net (fo=3, unplaced)         0.803    19.802    p_1_out__2_n_104
                         LUT3 (Prop_lut3_I1_O)        0.149    19.951 r  tv[63][15]_i_89/O
                         net (fo=2, unplaced)         0.459    20.410    tv[63][15]_i_89_n_0
                         LUT4 (Prop_lut4_I3_O)        0.355    20.765 r  tv[63][15]_i_93/O
                         net (fo=1, unplaced)         0.000    20.765    tv[63][15]_i_93_n_0
                         CARRY4 (Prop_carry4_S[0]_CO[3])
                                                      0.513    21.278 r  tv_reg[63][15]_i_54/CO[3]
                         net (fo=1, unplaced)         0.000    21.278    tv_reg[63][15]_i_54_n_0
                         CARRY4 (Prop_carry4_CI_CO[3])
                                                      0.117    21.395 r  tv_reg[63][15]_i_22/CO[3]
                         net (fo=1, unplaced)         0.000    21.395    tv_reg[63][15]_i_22_n_0
                         CARRY4 (Prop_carry4_CI_O[2])
                                                      0.256    21.651 r  tv_reg[63][15]_i_7/O[2]
                         net (fo=192, unplaced)       0.568    22.219    p_3_out[63]
                         LUT4 (Prop_lut4_I2_O)        0.293    22.512 r  tv[63][3]_i_80/O
                         net (fo=1, unplaced)         0.000    22.512    tv[63][3]_i_80_n_0
                         CARRY4 (Prop_carry4_DI[0]_CO[3])
                                                      0.576    23.088 r  tv_reg[63][3]_i_58/CO[3]
                         net (fo=1, unplaced)         0.000    23.088    tv_reg[63][3]_i_58_n_0
                         CARRY4 (Prop_carry4_CI_CO[3])
                                                      0.117    23.205 r  tv_reg[63][3]_i_36/CO[3]
                         net (fo=1, unplaced)         0.000    23.205    tv_reg[63][3]_i_36_n_0
                         CARRY4 (Prop_carry4_CI_CO[3])
                                                      0.117    23.322 r  tv_reg[63][3]_i_16/CO[3]
                         net (fo=1, unplaced)         0.000    23.322    tv_reg[63][3]_i_16_n_0
                         CARRY4 (Prop_carry4_CI_CO[3])
                                                      0.117    23.439 r  tv_reg[63][3]_i_8/CO[3]
                         net (fo=1, unplaced)         0.000    23.439    tv_reg[63][3]_i_8_n_0
                         CARRY4 (Prop_carry4_CI_CO[2])
                                                      0.252    23.691 r  tv_reg[63][3]_i_3/CO[2]
                         net (fo=2, unplaced)         0.463    24.154    tv_reg[63][3]_i_3_n_1
                         LUT4 (Prop_lut4_I3_O)        0.310    24.464 r  tv[63][3]_i_7/O
                         net (fo=1, unplaced)         0.000    24.464    tv[63][3]_i_7_n_0
                         CARRY4 (Prop_carry4_S[0]_CO[3])
                                                      0.513    24.977 r  tv_reg[63][3]_i_2/CO[3]
                         net (fo=1, unplaced)         0.000    24.977    tv_reg[63][3]_i_2_n_0
                         CARRY4 (Prop_carry4_CI_CO[3])
                                                      0.117    25.094 r  tv_reg[63][7]_i_2/CO[3]
                         net (fo=1, unplaced)         0.000    25.094    tv_reg[63][7]_i_2_n_0
                         CARRY4 (Prop_carry4_CI_CO[3])
                                                      0.117    25.211 r  tv_reg[63][11]_i_2/CO[3]
                         net (fo=1, unplaced)         0.000    25.211    tv_reg[63][11]_i_2_n_0
                         CARRY4 (Prop_carry4_CI_O[2])
                                                      0.256    25.467 f  tv_reg[63][15]_i_10/O[2]
                         net (fo=7, unplaced)         0.487    25.954    p_2_out[14]
                         LUT1 (Prop_lut1_I0_O)        0.301    26.255 r  tv[63][15]_i_34/O
                         net (fo=1, unplaced)         0.000    26.255    tv[63][15]_i_34_n_0
                         CARRY4 (Prop_carry4_S[1]_CO[3])
                                                      0.533    26.788 r  tv_reg[63][15]_i_9/CO[3]
                         net (fo=1, unplaced)         0.000    26.788    tv_reg[63][15]_i_9_n_0
                         CARRY4 (Prop_carry4_CI_CO[3])
                                                      0.117    26.905 r  tv_reg[63][15]_i_63/CO[3]
                         net (fo=1, unplaced)         0.000    26.905    tv_reg[63][15]_i_63_n_0
                         CARRY4 (Prop_carry4_CI_CO[3])
                                                      0.117    27.022 r  tv_reg[63][15]_i_28/CO[3]
                         net (fo=1, unplaced)         0.000    27.022    tv_reg[63][15]_i_28_n_0
                         CARRY4 (Prop_carry4_CI_O[1])
                                                      0.337    27.359 r  tv_reg[63][15]_i_8/O[1]
                         net (fo=4, unplaced)         0.635    27.994    tv_reg[63][15]_i_8_n_6
                         LUT5 (Prop_lut5_I0_O)        0.332    28.326 r  tv[63][15]_i_139/O
                         net (fo=1, unplaced)         0.000    28.326    tv[63][15]_i_139_n_0
                         CARRY4 (Prop_carry4_DI[0]_CO[3])
                                                      0.576    28.902 r  tv_reg[63][15]_i_115/CO[3]
                         net (fo=1, unplaced)         0.000    28.902    tv_reg[63][15]_i_115_n_0
                         CARRY4 (Prop_carry4_CI_CO[3])
                                                      0.117    29.019 r  tv_reg[63][15]_i_72/CO[3]
                         net (fo=1, unplaced)         0.000    29.019    tv_reg[63][15]_i_72_n_0
                         CARRY4 (Prop_carry4_CI_CO[3])
                                                      0.117    29.136 r  tv_reg[63][15]_i_40/CO[3]
                         net (fo=1, unplaced)         0.000    29.136    tv_reg[63][15]_i_40_n_0
                         CARRY4 (Prop_carry4_CI_CO[3])
                                                      0.117    29.253 r  tv_reg[63][15]_i_11/CO[3]
                         net (fo=1, unplaced)         0.000    29.253    tv_reg[63][15]_i_11_n_0
                         CARRY4 (Prop_carry4_CI_CO[2])
                                                      0.252    29.505 r  tv_reg[63][15]_i_5/CO[2]
                         net (fo=32, unplaced)        0.523    30.028    tv_reg[63][15]_i_5_n_1
                         LUT6 (Prop_lut6_I2_O)        0.310    30.338 r  val0_i_13/O
                         net (fo=64, unplaced)        0.803    31.141    val0_i_13_n_0
                         DSP48E1                                      r  val0/A[10]
  -------------------------------------------------------------------    -------------------

                         (clock clk rise edge)       10.000    10.000 r  <hidden>
                                                      0.000    10.000 r  clk
                         net (fo=43076, unset)        0.924    10.924    clk
                         DSP48E1                                      r  val0/CLK
                         clock pessimism              0.000    10.924    <hidden>
                         clock uncertainty           -0.035    10.889    <hidden>
                         DSP48E1 (Setup_dsp48e1_CLK_A[10])
                                                     -0.362    10.527    val0
  -------------------------------------------------------------------
                         required time                         10.527    <hidden>
                         arrival time                         -31.141    <hidden>
  -------------------------------------------------------------------
                         slack                                -20.614    <hidden>

Slack (VIOLATED) :        -20.614ns  (required time - arrival time)
  Source:                 fi_reg[4]/C
                            (rising edge-triggered cell FDCE clocked by clk  {rise@0.000ns fall@5.000ns period=10.000ns})
  Destination:            val0/A[11]
                            (rising edge-triggered cell DSP48E1 clocked by clk  {rise@0.000ns fall@5.000ns period=10.000ns})
  Path Group:             clk
  Path Type:              Setup (Max at Slow Process Corner)
  Requirement:            10.000ns  (clk rise@10.000ns - clk rise@0.000ns)
  Data Path Delay:        30.168ns  (logic 21.634ns (71.711%)  route 8.534ns (28.289%))
  Logic Levels:           45  (CARRY4=30 DSP48E1=4 LUT1=1 LUT2=2 LUT3=1 LUT4=3 LUT5=2 LUT6=1 MUXF7=1)
  Clock Path Skew:        -0.049ns (DCD - SCD + CPR)
    Destination Clock Delay (DCD):    0.924ns = ( 10.924 - 10.000 ) 
    Source Clock Delay      (SCD):    0.973ns
    Clock Pessimism Removal (CPR):    0.000ns
  Clock Uncertainty:      0.035ns  ((TSJ^2 + TIJ^2)^1/2 + DJ) / 2 + PE
    Total System Jitter     (TSJ):    0.071ns
    Total Input Jitter      (TIJ):    0.000ns
    Discrete Jitter          (DJ):    0.000ns
    Phase Error              (PE):    0.000ns

    Location             Delay type                Incr(ns)  Path(ns)    Netlist Resource(s)
  -------------------------------------------------------------------    -------------------
                         (clock clk rise edge)        0.000     0.000 r  <hidden>
                                                      0.000     0.000 r  clk
                         net (fo=43076, unset)        0.973     0.973    clk
                         FDCE                                         r  fi_reg[4]/C
  -------------------------------------------------------------------    -------------------
                         FDCE (Prop_fdce_C_Q)         0.478     1.451 r  fi_reg[4]/Q
                         net (fo=300, unplaced)       0.933     2.384    fi_reg_n_0_[4]
                         LUT5 (Prop_lut5_I0_O)        0.295     2.679 r  p_0_out__1_i_33/O
                         net (fo=1, unplaced)         0.000     2.679    p_0_out__1_i_33_n_0
                         MUXF7 (Prop_muxf7_I1_O)      0.247     2.926 r  p_0_out__1_i_30/O
                         net (fo=1, unplaced)         0.452     3.378    relu.a[0]
                         LUT2 (Prop_lut2_I0_O)        0.298     3.676 r  p_0_out__1_i_7/O
                         net (fo=1, unplaced)         0.803     4.479    wgt811_return[0]
                         DSP48E1 (Prop_dsp48e1_B[0]_P[1])
                                                      3.656     8.135 r  p_0_out__1/P[1]
                         net (fo=1, unplaced)         0.803     8.938    p_0_out__1_n_104
                         LUT2 (Prop_lut2_I1_O)        0.124     9.062 r  p_1_out__3_i_19/O
                         net (fo=1, unplaced)         0.000     9.062    p_1_out__3_i_19_n_0
                         CARRY4 (Prop_carry4_S[1]_CO[3])
                                                      0.533     9.595 r  p_1_out__3_i_4/CO[3]
                         net (fo=1, unplaced)         0.000     9.595    p_1_out__3_i_4_n_0
                         CARRY4 (Prop_carry4_CI_CO[3])
                                                      0.117     9.712 r  p_1_out__3_i_3/CO[3]
                         net (fo=1, unplaced)         0.000     9.712    p_1_out__3_i_3_n_0
                         CARRY4 (Prop_carry4_CI_CO[3])
                                                      0.117     9.829 r  p_1_out__3_i_2/CO[3]
                         net (fo=1, unplaced)         0.000     9.829    p_1_out__3_i_2_n_0
                         CARRY4 (Prop_carry4_CI_CO[3])
                                                      0.117     9.946 r  p_1_out__3_i_1/CO[3]
                         net (fo=1, unplaced)         0.000     9.946    p_1_out__3_i_1_n_0
                         CARRY4 (Prop_carry4_CI_CO[3])
                                                      0.117    10.063 r  p_1_out__0_i_5/CO[3]
                         net (fo=1, unplaced)         0.000    10.063    p_1_out__0_i_5_n_0
                         CARRY4 (Prop_carry4_CI_CO[3])
                                                      0.117    10.180 r  p_1_out__0_i_4/CO[3]
                         net (fo=1, unplaced)         0.000    10.180    p_1_out__0_i_4_n_0
                         CARRY4 (Prop_carry4_CI_CO[3])
                                                      0.117    10.297 r  p_1_out__0_i_3/CO[3]
                         net (fo=1, unplaced)         0.000    10.297    p_1_out__0_i_3_n_0
                         CARRY4 (Prop_carry4_CI_CO[3])
                                                      0.117    10.414 r  p_1_out__0_i_2/CO[3]
                         net (fo=1, unplaced)         0.000    10.414    p_1_out__0_i_2_n_0
                         CARRY4 (Prop_carry4_CI_O[1])
                                                      0.337    10.751 r  p_1_out__0_i_1/O[1]
                         net (fo=2, unplaced)         0.803    11.554    relu.val[33]
                         DSP48E1 (Prop_dsp48e1_A[16]_PCOUT[47])
                                                      4.215    15.769 r  p_1_out__0/PCOUT[47]
                         net (fo=1, unplaced)         0.000    15.769    p_1_out__0_n_106
                         DSP48E1 (Prop_dsp48e1_PCIN[47]_PCOUT[47])
                                                      1.713    17.482 r  p_1_out__1/PCOUT[47]
                         net (fo=1, unplaced)         0.000    17.482    p_1_out__1_n_106
                         DSP48E1 (Prop_dsp48e1_PCIN[47]_P[1])
                                                      1.518    19.000 r  p_1_out__2/P[1]
                         net (fo=3, unplaced)         0.803    19.802    p_1_out__2_n_104
                         LUT3 (Prop_lut3_I1_O)        0.149    19.951 r  tv[63][15]_i_89/O
                         net (fo=2, unplaced)         0.459    20.410    tv[63][15]_i_89_n_0
                         LUT4 (Prop_lut4_I3_O)        0.355    20.765 r  tv[63][15]_i_93/O
                         net (fo=1, unplaced)         0.000    20.765    tv[63][15]_i_93_n_0
                         CARRY4 (Prop_carry4_S[0]_CO[3])
                                                      0.513    21.278 r  tv_reg[63][15]_i_54/CO[3]
                         net (fo=1, unplaced)         0.000    21.278    tv_reg[63][15]_i_54_n_0
                         CARRY4 (Prop_carry4_CI_CO[3])
                                                      0.117    21.395 r  tv_reg[63][15]_i_22/CO[3]
                         net (fo=1, unplaced)         0.000    21.395    tv_reg[63][15]_i_22_n_0
                         CARRY4 (Prop_carry4_CI_O[2])
                                                      0.256    21.651 r  tv_reg[63][15]_i_7/O[2]
                         net (fo=192, unplaced)       0.568    22.219    p_3_out[63]
                         LUT4 (Prop_lut4_I2_O)        0.293    22.512 r  tv[63][3]_i_80/O
                         net (fo=1, unplaced)         0.000    22.512    tv[63][3]_i_80_n_0
                         CARRY4 (Prop_carry4_DI[0]_CO[3])
                                                      0.576    23.088 r  tv_reg[63][3]_i_58/CO[3]
                         net (fo=1, unplaced)         0.000    23.088    tv_reg[63][3]_i_58_n_0
                         CARRY4 (Prop_carry4_CI_CO[3])
                                                      0.117    23.205 r  tv_reg[63][3]_i_36/CO[3]
                         net (fo=1, unplaced)         0.000    23.205    tv_reg[63][3]_i_36_n_0
                         CARRY4 (Prop_carry4_CI_CO[3])
                                                      0.117    23.322 r  tv_reg[63][3]_i_16/CO[3]
                         net (fo=1, unplaced)         0.000    23.322    tv_reg[63][3]_i_16_n_0
                         CARRY4 (Prop_carry4_CI_CO[3])
                                                      0.117    23.439 r  tv_reg[63][3]_i_8/CO[3]
                         net (fo=1, unplaced)         0.000    23.439    tv_reg[63][3]_i_8_n_0
                         CARRY4 (Prop_carry4_CI_CO[2])
                                                      0.252    23.691 r  tv_reg[63][3]_i_3/CO[2]
                         net (fo=2, unplaced)         0.463    24.154    tv_reg[63][3]_i_3_n_1
                         LUT4 (Prop_lut4_I3_O)        0.310    24.464 r  tv[63][3]_i_7/O
                         net (fo=1, unplaced)         0.000    24.464    tv[63][3]_i_7_n_0
                         CARRY4 (Prop_carry4_S[0]_CO[3])
                                                      0.513    24.977 r  tv_reg[63][3]_i_2/CO[3]
                         net (fo=1, unplaced)         0.000    24.977    tv_reg[63][3]_i_2_n_0
                         CARRY4 (Prop_carry4_CI_CO[3])
                                                      0.117    25.094 r  tv_reg[63][7]_i_2/CO[3]
                         net (fo=1, unplaced)         0.000    25.094    tv_reg[63][7]_i_2_n_0
                         CARRY4 (Prop_carry4_CI_CO[3])
                                                      0.117    25.211 r  tv_reg[63][11]_i_2/CO[3]
                         net (fo=1, unplaced)         0.000    25.211    tv_reg[63][11]_i_2_n_0
                         CARRY4 (Prop_carry4_CI_O[2])
                                                      0.256    25.467 f  tv_reg[63][15]_i_10/O[2]
                         net (fo=7, unplaced)         0.487    25.954    p_2_out[14]
                         LUT1 (Prop_lut1_I0_O)        0.301    26.255 r  tv[63][15]_i_34/O
                         net (fo=1, unplaced)         0.000    26.255    tv[63][15]_i_34_n_0
                         CARRY4 (Prop_carry4_S[1]_CO[3])
                                                      0.533    26.788 r  tv_reg[63][15]_i_9/CO[3]
                         net (fo=1, unplaced)         0.000    26.788    tv_reg[63][15]_i_9_n_0
                         CARRY4 (Prop_carry4_CI_CO[3])
                                                      0.117    26.905 r  tv_reg[63][15]_i_63/CO[3]
                         net (fo=1, unplaced)         0.000    26.905    tv_reg[63][15]_i_63_n_0
                         CARRY4 (Prop_carry4_CI_CO[3])
                                                      0.117    27.022 r  tv_reg[63][15]_i_28/CO[3]
                         net (fo=1, unplaced)         0.000    27.022    tv_reg[63][15]_i_28_n_0
                         CARRY4 (Prop_carry4_CI_O[1])
                                                      0.337    27.359 r  tv_reg[63][15]_i_8/O[1]
                         net (fo=4, unplaced)         0.635    27.994    tv_reg[63][15]_i_8_n_6
                         LUT5 (Prop_lut5_I0_O)        0.332    28.326 r  tv[63][15]_i_139/O
                         net (fo=1, unplaced)         0.000    28.326    tv[63][15]_i_139_n_0
                         CARRY4 (Prop_carry4_DI[0]_CO[3])
                                                      0.576    28.902 r  tv_reg[63][15]_i_115/CO[3]
                         net (fo=1, unplaced)         0.000    28.902    tv_reg[63][15]_i_115_n_0
                         CARRY4 (Prop_carry4_CI_CO[3])
                                                      0.117    29.019 r  tv_reg[63][15]_i_72/CO[3]
                         net (fo=1, unplaced)         0.000    29.019    tv_reg[63][15]_i_72_n_0
                         CARRY4 (Prop_carry4_CI_CO[3])
                                                      0.117    29.136 r  tv_reg[63][15]_i_40/CO[3]
                         net (fo=1, unplaced)         0.000    29.136    tv_reg[63][15]_i_40_n_0
                         CARRY4 (Prop_carry4_CI_CO[3])
                                                      0.117    29.253 r  tv_reg[63][15]_i_11/CO[3]
                         net (fo=1, unplaced)         0.000    29.253    tv_reg[63][15]_i_11_n_0
                         CARRY4 (Prop_carry4_CI_CO[2])
                                                      0.252    29.505 f  tv_reg[63][15]_i_5/CO[2]
                         net (fo=32, unplaced)        0.523    30.028    tv_reg[63][15]_i_5_n_1
                         LUT6 (Prop_lut6_I2_O)        0.310    30.338 r  val0_i_12/O
                         net (fo=64, unplaced)        0.803    31.141    val0_i_12_n_0
                         DSP48E1                                      r  val0/A[11]
  -------------------------------------------------------------------    -------------------

                         (clock clk rise edge)       10.000    10.000 r  <hidden>
                                                      0.000    10.000 r  clk
                         net (fo=43076, unset)        0.924    10.924    clk
                         DSP48E1                                      r  val0/CLK
                         clock pessimism              0.000    10.924    <hidden>
                         clock uncertainty           -0.035    10.889    <hidden>
                         DSP48E1 (Setup_dsp48e1_CLK_A[11])
                                                     -0.362    10.527    val0
  -------------------------------------------------------------------
                         required time                         10.527    <hidden>
                         arrival time                         -31.141    <hidden>
  -------------------------------------------------------------------
                         slack                                -20.614    <hidden>

Slack (VIOLATED) :        -20.614ns  (required time - arrival time)
  Source:                 fi_reg[4]/C
                            (rising edge-triggered cell FDCE clocked by clk  {rise@0.000ns fall@5.000ns period=10.000ns})
  Destination:            val0/A[12]
                            (rising edge-triggered cell DSP48E1 clocked by clk  {rise@0.000ns fall@5.000ns period=10.000ns})
  Path Group:             clk
  Path Type:              Setup (Max at Slow Process Corner)
  Requirement:            10.000ns  (clk rise@10.000ns - clk rise@0.000ns)
  Data Path Delay:        30.168ns  (logic 21.634ns (71.711%)  route 8.534ns (28.289%))
  Logic Levels:           45  (CARRY4=30 DSP48E1=4 LUT1=1 LUT2=2 LUT3=1 LUT4=3 LUT5=2 LUT6=1 MUXF7=1)
  Clock Path Skew:        -0.049ns (DCD - SCD + CPR)
    Destination Clock Delay (DCD):    0.924ns = ( 10.924 - 10.000 ) 
    Source Clock Delay      (SCD):    0.973ns
    Clock Pessimism Removal (CPR):    0.000ns
  Clock Uncertainty:      0.035ns  ((TSJ^2 + TIJ^2)^1/2 + DJ) / 2 + PE
    Total System Jitter     (TSJ):    0.071ns
    Total Input Jitter      (TIJ):    0.000ns
    Discrete Jitter          (DJ):    0.000ns
    Phase Error              (PE):    0.000ns

    Location             Delay type                Incr(ns)  Path(ns)    Netlist Resource(s)
  -------------------------------------------------------------------    -------------------
                         (clock clk rise edge)        0.000     0.000 r  <hidden>
                                                      0.000     0.000 r  clk
                         net (fo=43076, unset)        0.973     0.973    clk
                         FDCE                                         r  fi_reg[4]/C
  -------------------------------------------------------------------    -------------------
                         FDCE (Prop_fdce_C_Q)         0.478     1.451 r  fi_reg[4]/Q
                         net (fo=300, unplaced)       0.933     2.384    fi_reg_n_0_[4]
                         LUT5 (Prop_lut5_I0_O)        0.295     2.679 r  p_0_out__1_i_33/O
                         net (fo=1, unplaced)         0.000     2.679    p_0_out__1_i_33_n_0
                         MUXF7 (Prop_muxf7_I1_O)      0.247     2.926 r  p_0_out__1_i_30/O
                         net (fo=1, unplaced)         0.452     3.378    relu.a[0]
                         LUT2 (Prop_lut2_I0_O)        0.298     3.676 r  p_0_out__1_i_7/O
                         net (fo=1, unplaced)         0.803     4.479    wgt811_return[0]
                         DSP48E1 (Prop_dsp48e1_B[0]_P[1])
                                                      3.656     8.135 r  p_0_out__1/P[1]
                         net (fo=1, unplaced)         0.803     8.938    p_0_out__1_n_104
                         LUT2 (Prop_lut2_I1_O)        0.124     9.062 r  p_1_out__3_i_19/O
                         net (fo=1, unplaced)         0.000     9.062    p_1_out__3_i_19_n_0
                         CARRY4 (Prop_carry4_S[1]_CO[3])
                                                      0.533     9.595 r  p_1_out__3_i_4/CO[3]
                         net (fo=1, unplaced)         0.000     9.595    p_1_out__3_i_4_n_0
                         CARRY4 (Prop_carry4_CI_CO[3])
                                                      0.117     9.712 r  p_1_out__3_i_3/CO[3]
                         net (fo=1, unplaced)         0.000     9.712    p_1_out__3_i_3_n_0
                         CARRY4 (Prop_carry4_CI_CO[3])
                                                      0.117     9.829 r  p_1_out__3_i_2/CO[3]
                         net (fo=1, unplaced)         0.000     9.829    p_1_out__3_i_2_n_0
                         CARRY4 (Prop_carry4_CI_CO[3])
                                                      0.117     9.946 r  p_1_out__3_i_1/CO[3]
                         net (fo=1, unplaced)         0.000     9.946    p_1_out__3_i_1_n_0
                         CARRY4 (Prop_carry4_CI_CO[3])
                                                      0.117    10.063 r  p_1_out__0_i_5/CO[3]
                         net (fo=1, unplaced)         0.000    10.063    p_1_out__0_i_5_n_0
                         CARRY4 (Prop_carry4_CI_CO[3])
                                                      0.117    10.180 r  p_1_out__0_i_4/CO[3]
                         net (fo=1, unplaced)         0.000    10.180    p_1_out__0_i_4_n_0
                         CARRY4 (Prop_carry4_CI_CO[3])
                                                      0.117    10.297 r  p_1_out__0_i_3/CO[3]
                         net (fo=1, unplaced)         0.000    10.297    p_1_out__0_i_3_n_0
                         CARRY4 (Prop_carry4_CI_CO[3])
                                                      0.117    10.414 r  p_1_out__0_i_2/CO[3]
                         net (fo=1, unplaced)         0.000    10.414    p_1_out__0_i_2_n_0
                         CARRY4 (Prop_carry4_CI_O[1])
                                                      0.337    10.751 r  p_1_out__0_i_1/O[1]
                         net (fo=2, unplaced)         0.803    11.554    relu.val[33]
                         DSP48E1 (Prop_dsp48e1_A[16]_PCOUT[47])
                                                      4.215    15.769 r  p_1_out__0/PCOUT[47]
                         net (fo=1, unplaced)         0.000    15.769    p_1_out__0_n_106
                         DSP48E1 (Prop_dsp48e1_PCIN[47]_PCOUT[47])
                                                      1.713    17.482 r  p_1_out__1/PCOUT[47]
                         net (fo=1, unplaced)         0.000    17.482    p_1_out__1_n_106
                         DSP48E1 (Prop_dsp48e1_PCIN[47]_P[1])
                                                      1.518    19.000 r  p_1_out__2/P[1]
                         net (fo=3, unplaced)         0.803    19.802    p_1_out__2_n_104
                         LUT3 (Prop_lut3_I1_O)        0.149    19.951 r  tv[63][15]_i_89/O
                         net (fo=2, unplaced)         0.459    20.410    tv[63][15]_i_89_n_0
                         LUT4 (Prop_lut4_I3_O)        0.355    20.765 r  tv[63][15]_i_93/O
                         net (fo=1, unplaced)         0.000    20.765    tv[63][15]_i_93_n_0
                         CARRY4 (Prop_carry4_S[0]_CO[3])
                                                      0.513    21.278 r  tv_reg[63][15]_i_54/CO[3]
                         net (fo=1, unplaced)         0.000    21.278    tv_reg[63][15]_i_54_n_0
                         CARRY4 (Prop_carry4_CI_CO[3])
                                                      0.117    21.395 r  tv_reg[63][15]_i_22/CO[3]
                         net (fo=1, unplaced)         0.000    21.395    tv_reg[63][15]_i_22_n_0
                         CARRY4 (Prop_carry4_CI_O[2])
                                                      0.256    21.651 r  tv_reg[63][15]_i_7/O[2]
                         net (fo=192, unplaced)       0.568    22.219    p_3_out[63]
                         LUT4 (Prop_lut4_I2_O)        0.293    22.512 r  tv[63][3]_i_80/O
                         net (fo=1, unplaced)         0.000    22.512    tv[63][3]_i_80_n_0
                         CARRY4 (Prop_carry4_DI[0]_CO[3])
                                                      0.576    23.088 r  tv_reg[63][3]_i_58/CO[3]
                         net (fo=1, unplaced)         0.000    23.088    tv_reg[63][3]_i_58_n_0
                         CARRY4 (Prop_carry4_CI_CO[3])
                                                      0.117    23.205 r  tv_reg[63][3]_i_36/CO[3]
                         net (fo=1, unplaced)         0.000    23.205    tv_reg[63][3]_i_36_n_0
                         CARRY4 (Prop_carry4_CI_CO[3])
                                                      0.117    23.322 r  tv_reg[63][3]_i_16/CO[3]
                         net (fo=1, unplaced)         0.000    23.322    tv_reg[63][3]_i_16_n_0
                         CARRY4 (Prop_carry4_CI_CO[3])
                                                      0.117    23.439 r  tv_reg[63][3]_i_8/CO[3]
                         net (fo=1, unplaced)         0.000    23.439    tv_reg[63][3]_i_8_n_0
                         CARRY4 (Prop_carry4_CI_CO[2])
                                                      0.252    23.691 r  tv_reg[63][3]_i_3/CO[2]
                         net (fo=2, unplaced)         0.463    24.154    tv_reg[63][3]_i_3_n_1
                         LUT4 (Prop_lut4_I3_O)        0.310    24.464 r  tv[63][3]_i_7/O
                         net (fo=1, unplaced)         0.000    24.464    tv[63][3]_i_7_n_0
                         CARRY4 (Prop_carry4_S[0]_CO[3])
                                                      0.513    24.977 r  tv_reg[63][3]_i_2/CO[3]
                         net (fo=1, unplaced)         0.000    24.977    tv_reg[63][3]_i_2_n_0
                         CARRY4 (Prop_carry4_CI_CO[3])
                                                      0.117    25.094 r  tv_reg[63][7]_i_2/CO[3]
                         net (fo=1, unplaced)         0.000    25.094    tv_reg[63][7]_i_2_n_0
                         CARRY4 (Prop_carry4_CI_CO[3])
                                                      0.117    25.211 r  tv_reg[63][11]_i_2/CO[3]
                         net (fo=1, unplaced)         0.000    25.211    tv_reg[63][11]_i_2_n_0
                         CARRY4 (Prop_carry4_CI_O[2])
                                                      0.256    25.467 f  tv_reg[63][15]_i_10/O[2]
                         net (fo=7, unplaced)         0.487    25.954    p_2_out[14]
                         LUT1 (Prop_lut1_I0_O)        0.301    26.255 r  tv[63][15]_i_34/O
                         net (fo=1, unplaced)         0.000    26.255    tv[63][15]_i_34_n_0
                         CARRY4 (Prop_carry4_S[1]_CO[3])
                                                      0.533    26.788 r  tv_reg[63][15]_i_9/CO[3]
                         net (fo=1, unplaced)         0.000    26.788    tv_reg[63][15]_i_9_n_0
                         CARRY4 (Prop_carry4_CI_CO[3])
                                                      0.117    26.905 r  tv_reg[63][15]_i_63/CO[3]
                         net (fo=1, unplaced)         0.000    26.905    tv_reg[63][15]_i_63_n_0
                         CARRY4 (Prop_carry4_CI_CO[3])
                                                      0.117    27.022 r  tv_reg[63][15]_i_28/CO[3]
                         net (fo=1, unplaced)         0.000    27.022    tv_reg[63][15]_i_28_n_0
                         CARRY4 (Prop_carry4_CI_O[1])
                                                      0.337    27.359 r  tv_reg[63][15]_i_8/O[1]
                         net (fo=4, unplaced)         0.635    27.994    tv_reg[63][15]_i_8_n_6
                         LUT5 (Prop_lut5_I0_O)        0.332    28.326 r  tv[63][15]_i_139/O
                         net (fo=1, unplaced)         0.000    28.326    tv[63][15]_i_139_n_0
                         CARRY4 (Prop_carry4_DI[0]_CO[3])
                                                      0.576    28.902 r  tv_reg[63][15]_i_115/CO[3]
                         net (fo=1, unplaced)         0.000    28.902    tv_reg[63][15]_i_115_n_0
                         CARRY4 (Prop_carry4_CI_CO[3])
                                                      0.117    29.019 r  tv_reg[63][15]_i_72/CO[3]
                         net (fo=1, unplaced)         0.000    29.019    tv_reg[63][15]_i_72_n_0
                         CARRY4 (Prop_carry4_CI_CO[3])
                                                      0.117    29.136 r  tv_reg[63][15]_i_40/CO[3]
                         net (fo=1, unplaced)         0.000    29.136    tv_reg[63][15]_i_40_n_0
                         CARRY4 (Prop_carry4_CI_CO[3])
                                                      0.117    29.253 r  tv_reg[63][15]_i_11/CO[3]
                         net (fo=1, unplaced)         0.000    29.253    tv_reg[63][15]_i_11_n_0
                         CARRY4 (Prop_carry4_CI_CO[2])
                                                      0.252    29.505 f  tv_reg[63][15]_i_5/CO[2]
                         net (fo=32, unplaced)        0.523    30.028    tv_reg[63][15]_i_5_n_1
                         LUT6 (Prop_lut6_I2_O)        0.310    30.338 r  val0_i_11/O
                         net (fo=64, unplaced)        0.803    31.141    val0_i_11_n_0
                         DSP48E1                                      r  val0/A[12]
  -------------------------------------------------------------------    -------------------

                         (clock clk rise edge)       10.000    10.000 r  <hidden>
                                                      0.000    10.000 r  clk
                         net (fo=43076, unset)        0.924    10.924    clk
                         DSP48E1                                      r  val0/CLK
                         clock pessimism              0.000    10.924    <hidden>
                         clock uncertainty           -0.035    10.889    <hidden>
                         DSP48E1 (Setup_dsp48e1_CLK_A[12])
                                                     -0.362    10.527    val0
  -------------------------------------------------------------------
                         required time                         10.527    <hidden>
                         arrival time                         -31.141    <hidden>
  -------------------------------------------------------------------
                         slack                                -20.614    <hidden>

Slack (VIOLATED) :        -20.614ns  (required time - arrival time)
  Source:                 fi_reg[4]/C
                            (rising edge-triggered cell FDCE clocked by clk  {rise@0.000ns fall@5.000ns period=10.000ns})
  Destination:            val0/A[13]
                            (rising edge-triggered cell DSP48E1 clocked by clk  {rise@0.000ns fall@5.000ns period=10.000ns})
  Path Group:             clk
  Path Type:              Setup (Max at Slow Process Corner)
  Requirement:            10.000ns  (clk rise@10.000ns - clk rise@0.000ns)
  Data Path Delay:        30.168ns  (logic 21.634ns (71.711%)  route 8.534ns (28.289%))
  Logic Levels:           45  (CARRY4=30 DSP48E1=4 LUT1=1 LUT2=2 LUT3=1 LUT4=3 LUT5=2 LUT6=1 MUXF7=1)
  Clock Path Skew:        -0.049ns (DCD - SCD + CPR)
    Destination Clock Delay (DCD):    0.924ns = ( 10.924 - 10.000 ) 
    Source Clock Delay      (SCD):    0.973ns
    Clock Pessimism Removal (CPR):    0.000ns
  Clock Uncertainty:      0.035ns  ((TSJ^2 + TIJ^2)^1/2 + DJ) / 2 + PE
    Total System Jitter     (TSJ):    0.071ns
    Total Input Jitter      (TIJ):    0.000ns
    Discrete Jitter          (DJ):    0.000ns
    Phase Error              (PE):    0.000ns

    Location             Delay type                Incr(ns)  Path(ns)    Netlist Resource(s)
  -------------------------------------------------------------------    -------------------
                         (clock clk rise edge)        0.000     0.000 r  <hidden>
                                                      0.000     0.000 r  clk
                         net (fo=43076, unset)        0.973     0.973    clk
                         FDCE                                         r  fi_reg[4]/C
  -------------------------------------------------------------------    -------------------
                         FDCE (Prop_fdce_C_Q)         0.478     1.451 r  fi_reg[4]/Q
                         net (fo=300, unplaced)       0.933     2.384    fi_reg_n_0_[4]
                         LUT5 (Prop_lut5_I0_O)        0.295     2.679 r  p_0_out__1_i_33/O
                         net (fo=1, unplaced)         0.000     2.679    p_0_out__1_i_33_n_0
                         MUXF7 (Prop_muxf7_I1_O)      0.247     2.926 r  p_0_out__1_i_30/O
                         net (fo=1, unplaced)         0.452     3.378    relu.a[0]
                         LUT2 (Prop_lut2_I0_O)        0.298     3.676 r  p_0_out__1_i_7/O
                         net (fo=1, unplaced)         0.803     4.479    wgt811_return[0]
                         DSP48E1 (Prop_dsp48e1_B[0]_P[1])
                                                      3.656     8.135 r  p_0_out__1/P[1]
                         net (fo=1, unplaced)         0.803     8.938    p_0_out__1_n_104
                         LUT2 (Prop_lut2_I1_O)        0.124     9.062 r  p_1_out__3_i_19/O
                         net (fo=1, unplaced)         0.000     9.062    p_1_out__3_i_19_n_0
                         CARRY4 (Prop_carry4_S[1]_CO[3])
                                                      0.533     9.595 r  p_1_out__3_i_4/CO[3]
                         net (fo=1, unplaced)         0.000     9.595    p_1_out__3_i_4_n_0
                         CARRY4 (Prop_carry4_CI_CO[3])
                                                      0.117     9.712 r  p_1_out__3_i_3/CO[3]
                         net (fo=1, unplaced)         0.000     9.712    p_1_out__3_i_3_n_0
                         CARRY4 (Prop_carry4_CI_CO[3])
                                                      0.117     9.829 r  p_1_out__3_i_2/CO[3]
                         net (fo=1, unplaced)         0.000     9.829    p_1_out__3_i_2_n_0
                         CARRY4 (Prop_carry4_CI_CO[3])
                                                      0.117     9.946 r  p_1_out__3_i_1/CO[3]
                         net (fo=1, unplaced)         0.000     9.946    p_1_out__3_i_1_n_0
                         CARRY4 (Prop_carry4_CI_CO[3])
                                                      0.117    10.063 r  p_1_out__0_i_5/CO[3]
                         net (fo=1, unplaced)         0.000    10.063    p_1_out__0_i_5_n_0
                         CARRY4 (Prop_carry4_CI_CO[3])
                                                      0.117    10.180 r  p_1_out__0_i_4/CO[3]
                         net (fo=1, unplaced)         0.000    10.180    p_1_out__0_i_4_n_0
                         CARRY4 (Prop_carry4_CI_CO[3])
                                                      0.117    10.297 r  p_1_out__0_i_3/CO[3]
                         net (fo=1, unplaced)         0.000    10.297    p_1_out__0_i_3_n_0
                         CARRY4 (Prop_carry4_CI_CO[3])
                                                      0.117    10.414 r  p_1_out__0_i_2/CO[3]
                         net (fo=1, unplaced)         0.000    10.414    p_1_out__0_i_2_n_0
                         CARRY4 (Prop_carry4_CI_O[1])
                                                      0.337    10.751 r  p_1_out__0_i_1/O[1]
                         net (fo=2, unplaced)         0.803    11.554    relu.val[33]
                         DSP48E1 (Prop_dsp48e1_A[16]_PCOUT[47])
                                                      4.215    15.769 r  p_1_out__0/PCOUT[47]
                         net (fo=1, unplaced)         0.000    15.769    p_1_out__0_n_106
                         DSP48E1 (Prop_dsp48e1_PCIN[47]_PCOUT[47])
                                                      1.713    17.482 r  p_1_out__1/PCOUT[47]
                         net (fo=1, unplaced)         0.000    17.482    p_1_out__1_n_106
                         DSP48E1 (Prop_dsp48e1_PCIN[47]_P[1])
                                                      1.518    19.000 r  p_1_out__2/P[1]
                         net (fo=3, unplaced)         0.803    19.802    p_1_out__2_n_104
                         LUT3 (Prop_lut3_I1_O)        0.149    19.951 r  tv[63][15]_i_89/O
                         net (fo=2, unplaced)         0.459    20.410    tv[63][15]_i_89_n_0
                         LUT4 (Prop_lut4_I3_O)        0.355    20.765 r  tv[63][15]_i_93/O
                         net (fo=1, unplaced)         0.000    20.765    tv[63][15]_i_93_n_0
                         CARRY4 (Prop_carry4_S[0]_CO[3])
                                                      0.513    21.278 r  tv_reg[63][15]_i_54/CO[3]
                         net (fo=1, unplaced)         0.000    21.278    tv_reg[63][15]_i_54_n_0
                         CARRY4 (Prop_carry4_CI_CO[3])
                                                      0.117    21.395 r  tv_reg[63][15]_i_22/CO[3]
                         net (fo=1, unplaced)         0.000    21.395    tv_reg[63][15]_i_22_n_0
                         CARRY4 (Prop_carry4_CI_O[2])
                                                      0.256    21.651 r  tv_reg[63][15]_i_7/O[2]
                         net (fo=192, unplaced)       0.568    22.219    p_3_out[63]
                         LUT4 (Prop_lut4_I2_O)        0.293    22.512 r  tv[63][3]_i_80/O
                         net (fo=1, unplaced)         0.000    22.512    tv[63][3]_i_80_n_0
                         CARRY4 (Prop_carry4_DI[0]_CO[3])
                                                      0.576    23.088 r  tv_reg[63][3]_i_58/CO[3]
                         net (fo=1, unplaced)         0.000    23.088    tv_reg[63][3]_i_58_n_0
                         CARRY4 (Prop_carry4_CI_CO[3])
                                                      0.117    23.205 r  tv_reg[63][3]_i_36/CO[3]
                         net (fo=1, unplaced)         0.000    23.205    tv_reg[63][3]_i_36_n_0
                         CARRY4 (Prop_carry4_CI_CO[3])
                                                      0.117    23.322 r  tv_reg[63][3]_i_16/CO[3]
                         net (fo=1, unplaced)         0.000    23.322    tv_reg[63][3]_i_16_n_0
                         CARRY4 (Prop_carry4_CI_CO[3])
                                                      0.117    23.439 r  tv_reg[63][3]_i_8/CO[3]
                         net (fo=1, unplaced)         0.000    23.439    tv_reg[63][3]_i_8_n_0
                         CARRY4 (Prop_carry4_CI_CO[2])
                                                      0.252    23.691 r  tv_reg[63][3]_i_3/CO[2]
                         net (fo=2, unplaced)         0.463    24.154    tv_reg[63][3]_i_3_n_1
                         LUT4 (Prop_lut4_I3_O)        0.310    24.464 r  tv[63][3]_i_7/O
                         net (fo=1, unplaced)         0.000    24.464    tv[63][3]_i_7_n_0
                         CARRY4 (Prop_carry4_S[0]_CO[3])
                                                      0.513    24.977 r  tv_reg[63][3]_i_2/CO[3]
                         net (fo=1, unplaced)         0.000    24.977    tv_reg[63][3]_i_2_n_0
                         CARRY4 (Prop_carry4_CI_CO[3])
                                                      0.117    25.094 r  tv_reg[63][7]_i_2/CO[3]
                         net (fo=1, unplaced)         0.000    25.094    tv_reg[63][7]_i_2_n_0
                         CARRY4 (Prop_carry4_CI_CO[3])
                                                      0.117    25.211 r  tv_reg[63][11]_i_2/CO[3]
                         net (fo=1, unplaced)         0.000    25.211    tv_reg[63][11]_i_2_n_0
                         CARRY4 (Prop_carry4_CI_O[2])
                                                      0.256    25.467 f  tv_reg[63][15]_i_10/O[2]
                         net (fo=7, unplaced)         0.487    25.954    p_2_out[14]
                         LUT1 (Prop_lut1_I0_O)        0.301    26.255 r  tv[63][15]_i_34/O
                         net (fo=1, unplaced)         0.000    26.255    tv[63][15]_i_34_n_0
                         CARRY4 (Prop_carry4_S[1]_CO[3])
                                                      0.533    26.788 r  tv_reg[63][15]_i_9/CO[3]
                         net (fo=1, unplaced)         0.000    26.788    tv_reg[63][15]_i_9_n_0
                         CARRY4 (Prop_carry4_CI_CO[3])
                                                      0.117    26.905 r  tv_reg[63][15]_i_63/CO[3]
                         net (fo=1, unplaced)         0.000    26.905    tv_reg[63][15]_i_63_n_0
                         CARRY4 (Prop_carry4_CI_CO[3])
                                                      0.117    27.022 r  tv_reg[63][15]_i_28/CO[3]
                         net (fo=1, unplaced)         0.000    27.022    tv_reg[63][15]_i_28_n_0
                         CARRY4 (Prop_carry4_CI_O[1])
                                                      0.337    27.359 r  tv_reg[63][15]_i_8/O[1]
                         net (fo=4, unplaced)         0.635    27.994    tv_reg[63][15]_i_8_n_6
                         LUT5 (Prop_lut5_I0_O)        0.332    28.326 r  tv[63][15]_i_139/O
                         net (fo=1, unplaced)         0.000    28.326    tv[63][15]_i_139_n_0
                         CARRY4 (Prop_carry4_DI[0]_CO[3])
                                                      0.576    28.902 r  tv_reg[63][15]_i_115/CO[3]
                         net (fo=1, unplaced)         0.000    28.902    tv_reg[63][15]_i_115_n_0
                         CARRY4 (Prop_carry4_CI_CO[3])
                                                      0.117    29.019 r  tv_reg[63][15]_i_72/CO[3]
                         net (fo=1, unplaced)         0.000    29.019    tv_reg[63][15]_i_72_n_0
                         CARRY4 (Prop_carry4_CI_CO[3])
                                                      0.117    29.136 r  tv_reg[63][15]_i_40/CO[3]
                         net (fo=1, unplaced)         0.000    29.136    tv_reg[63][15]_i_40_n_0
                         CARRY4 (Prop_carry4_CI_CO[3])
                                                      0.117    29.253 r  tv_reg[63][15]_i_11/CO[3]
                         net (fo=1, unplaced)         0.000    29.253    tv_reg[63][15]_i_11_n_0
                         CARRY4 (Prop_carry4_CI_CO[2])
                                                      0.252    29.505 f  tv_reg[63][15]_i_5/CO[2]
                         net (fo=32, unplaced)        0.523    30.028    tv_reg[63][15]_i_5_n_1
                         LUT6 (Prop_lut6_I2_O)        0.310    30.338 r  val0_i_10/O
                         net (fo=64, unplaced)        0.803    31.141    val0_i_10_n_0
                         DSP48E1                                      r  val0/A[13]
  -------------------------------------------------------------------    -------------------

                         (clock clk rise edge)       10.000    10.000 r  <hidden>
                                                      0.000    10.000 r  clk
                         net (fo=43076, unset)        0.924    10.924    clk
                         DSP48E1                                      r  val0/CLK
                         clock pessimism              0.000    10.924    <hidden>
                         clock uncertainty           -0.035    10.889    <hidden>
                         DSP48E1 (Setup_dsp48e1_CLK_A[13])
                                                     -0.362    10.527    val0
  -------------------------------------------------------------------
                         required time                         10.527    <hidden>
                         arrival time                         -31.141    <hidden>
  -------------------------------------------------------------------
                         slack                                -20.614    <hidden>

Slack (VIOLATED) :        -20.614ns  (required time - arrival time)
  Source:                 fi_reg[4]/C
                            (rising edge-triggered cell FDCE clocked by clk  {rise@0.000ns fall@5.000ns period=10.000ns})
  Destination:            val0/A[14]
                            (rising edge-triggered cell DSP48E1 clocked by clk  {rise@0.000ns fall@5.000ns period=10.000ns})
  Path Group:             clk
  Path Type:              Setup (Max at Slow Process Corner)
  Requirement:            10.000ns  (clk rise@10.000ns - clk rise@0.000ns)
  Data Path Delay:        30.168ns  (logic 21.634ns (71.711%)  route 8.534ns (28.289%))
  Logic Levels:           45  (CARRY4=30 DSP48E1=4 LUT1=1 LUT2=2 LUT3=1 LUT4=3 LUT5=2 LUT6=1 MUXF7=1)
  Clock Path Skew:        -0.049ns (DCD - SCD + CPR)
    Destination Clock Delay (DCD):    0.924ns = ( 10.924 - 10.000 ) 
    Source Clock Delay      (SCD):    0.973ns
    Clock Pessimism Removal (CPR):    0.000ns
  Clock Uncertainty:      0.035ns  ((TSJ^2 + TIJ^2)^1/2 + DJ) / 2 + PE
    Total System Jitter     (TSJ):    0.071ns
    Total Input Jitter      (TIJ):    0.000ns
    Discrete Jitter          (DJ):    0.000ns
    Phase Error              (PE):    0.000ns

    Location             Delay type                Incr(ns)  Path(ns)    Netlist Resource(s)
  -------------------------------------------------------------------    -------------------
                         (clock clk rise edge)        0.000     0.000 r  <hidden>
                                                      0.000     0.000 r  clk
                         net (fo=43076, unset)        0.973     0.973    clk
                         FDCE                                         r  fi_reg[4]/C
  -------------------------------------------------------------------    -------------------
                         FDCE (Prop_fdce_C_Q)         0.478     1.451 r  fi_reg[4]/Q
                         net (fo=300, unplaced)       0.933     2.384    fi_reg_n_0_[4]
                         LUT5 (Prop_lut5_I0_O)        0.295     2.679 r  p_0_out__1_i_33/O
                         net (fo=1, unplaced)         0.000     2.679    p_0_out__1_i_33_n_0
                         MUXF7 (Prop_muxf7_I1_O)      0.247     2.926 r  p_0_out__1_i_30/O
                         net (fo=1, unplaced)         0.452     3.378    relu.a[0]
                         LUT2 (Prop_lut2_I0_O)        0.298     3.676 r  p_0_out__1_i_7/O
                         net (fo=1, unplaced)         0.803     4.479    wgt811_return[0]
                         DSP48E1 (Prop_dsp48e1_B[0]_P[1])
                                                      3.656     8.135 r  p_0_out__1/P[1]
                         net (fo=1, unplaced)         0.803     8.938    p_0_out__1_n_104
                         LUT2 (Prop_lut2_I1_O)        0.124     9.062 r  p_1_out__3_i_19/O
                         net (fo=1, unplaced)         0.000     9.062    p_1_out__3_i_19_n_0
                         CARRY4 (Prop_carry4_S[1]_CO[3])
                                                      0.533     9.595 r  p_1_out__3_i_4/CO[3]
                         net (fo=1, unplaced)         0.000     9.595    p_1_out__3_i_4_n_0
                         CARRY4 (Prop_carry4_CI_CO[3])
                                                      0.117     9.712 r  p_1_out__3_i_3/CO[3]
                         net (fo=1, unplaced)         0.000     9.712    p_1_out__3_i_3_n_0
                         CARRY4 (Prop_carry4_CI_CO[3])
                                                      0.117     9.829 r  p_1_out__3_i_2/CO[3]
                         net (fo=1, unplaced)         0.000     9.829    p_1_out__3_i_2_n_0
                         CARRY4 (Prop_carry4_CI_CO[3])
                                                      0.117     9.946 r  p_1_out__3_i_1/CO[3]
                         net (fo=1, unplaced)         0.000     9.946    p_1_out__3_i_1_n_0
                         CARRY4 (Prop_carry4_CI_CO[3])
                                                      0.117    10.063 r  p_1_out__0_i_5/CO[3]
                         net (fo=1, unplaced)         0.000    10.063    p_1_out__0_i_5_n_0
                         CARRY4 (Prop_carry4_CI_CO[3])
                                                      0.117    10.180 r  p_1_out__0_i_4/CO[3]
                         net (fo=1, unplaced)         0.000    10.180    p_1_out__0_i_4_n_0
                         CARRY4 (Prop_carry4_CI_CO[3])
                                                      0.117    10.297 r  p_1_out__0_i_3/CO[3]
                         net (fo=1, unplaced)         0.000    10.297    p_1_out__0_i_3_n_0
                         CARRY4 (Prop_carry4_CI_CO[3])
                                                      0.117    10.414 r  p_1_out__0_i_2/CO[3]
                         net (fo=1, unplaced)         0.000    10.414    p_1_out__0_i_2_n_0
                         CARRY4 (Prop_carry4_CI_O[1])
                                                      0.337    10.751 r  p_1_out__0_i_1/O[1]
                         net (fo=2, unplaced)         0.803    11.554    relu.val[33]
                         DSP48E1 (Prop_dsp48e1_A[16]_PCOUT[47])
                                                      4.215    15.769 r  p_1_out__0/PCOUT[47]
                         net (fo=1, unplaced)         0.000    15.769    p_1_out__0_n_106
                         DSP48E1 (Prop_dsp48e1_PCIN[47]_PCOUT[47])
                                                      1.713    17.482 r  p_1_out__1/PCOUT[47]
                         net (fo=1, unplaced)         0.000    17.482    p_1_out__1_n_106
                         DSP48E1 (Prop_dsp48e1_PCIN[47]_P[1])
                                                      1.518    19.000 r  p_1_out__2/P[1]
                         net (fo=3, unplaced)         0.803    19.802    p_1_out__2_n_104
                         LUT3 (Prop_lut3_I1_O)        0.149    19.951 r  tv[63][15]_i_89/O
                         net (fo=2, unplaced)         0.459    20.410    tv[63][15]_i_89_n_0
                         LUT4 (Prop_lut4_I3_O)        0.355    20.765 r  tv[63][15]_i_93/O
                         net (fo=1, unplaced)         0.000    20.765    tv[63][15]_i_93_n_0
                         CARRY4 (Prop_carry4_S[0]_CO[3])
                                                      0.513    21.278 r  tv_reg[63][15]_i_54/CO[3]
                         net (fo=1, unplaced)         0.000    21.278    tv_reg[63][15]_i_54_n_0
                         CARRY4 (Prop_carry4_CI_CO[3])
                                                      0.117    21.395 r  tv_reg[63][15]_i_22/CO[3]
                         net (fo=1, unplaced)         0.000    21.395    tv_reg[63][15]_i_22_n_0
                         CARRY4 (Prop_carry4_CI_O[2])
                                                      0.256    21.651 r  tv_reg[63][15]_i_7/O[2]
                         net (fo=192, unplaced)       0.568    22.219    p_3_out[63]
                         LUT4 (Prop_lut4_I2_O)        0.293    22.512 r  tv[63][3]_i_80/O
                         net (fo=1, unplaced)         0.000    22.512    tv[63][3]_i_80_n_0
                         CARRY4 (Prop_carry4_DI[0]_CO[3])
                                                      0.576    23.088 r  tv_reg[63][3]_i_58/CO[3]
                         net (fo=1, unplaced)         0.000    23.088    tv_reg[63][3]_i_58_n_0
                         CARRY4 (Prop_carry4_CI_CO[3])
                                                      0.117    23.205 r  tv_reg[63][3]_i_36/CO[3]
                         net (fo=1, unplaced)         0.000    23.205    tv_reg[63][3]_i_36_n_0
                         CARRY4 (Prop_carry4_CI_CO[3])
                                                      0.117    23.322 r  tv_reg[63][3]_i_16/CO[3]
                         net (fo=1, unplaced)         0.000    23.322    tv_reg[63][3]_i_16_n_0
                         CARRY4 (Prop_carry4_CI_CO[3])
                                                      0.117    23.439 r  tv_reg[63][3]_i_8/CO[3]
                         net (fo=1, unplaced)         0.000    23.439    tv_reg[63][3]_i_8_n_0
                         CARRY4 (Prop_carry4_CI_CO[2])
                                                      0.252    23.691 r  tv_reg[63][3]_i_3/CO[2]
                         net (fo=2, unplaced)         0.463    24.154    tv_reg[63][3]_i_3_n_1
                         LUT4 (Prop_lut4_I3_O)        0.310    24.464 r  tv[63][3]_i_7/O
                         net (fo=1, unplaced)         0.000    24.464    tv[63][3]_i_7_n_0
                         CARRY4 (Prop_carry4_S[0]_CO[3])
                                                      0.513    24.977 r  tv_reg[63][3]_i_2/CO[3]
                         net (fo=1, unplaced)         0.000    24.977    tv_reg[63][3]_i_2_n_0
                         CARRY4 (Prop_carry4_CI_CO[3])
                                                      0.117    25.094 r  tv_reg[63][7]_i_2/CO[3]
                         net (fo=1, unplaced)         0.000    25.094    tv_reg[63][7]_i_2_n_0
                         CARRY4 (Prop_carry4_CI_CO[3])
                                                      0.117    25.211 r  tv_reg[63][11]_i_2/CO[3]
                         net (fo=1, unplaced)         0.000    25.211    tv_reg[63][11]_i_2_n_0
                         CARRY4 (Prop_carry4_CI_O[2])
                                                      0.256    25.467 f  tv_reg[63][15]_i_10/O[2]
                         net (fo=7, unplaced)         0.487    25.954    p_2_out[14]
                         LUT1 (Prop_lut1_I0_O)        0.301    26.255 r  tv[63][15]_i_34/O
                         net (fo=1, unplaced)         0.000    26.255    tv[63][15]_i_34_n_0
                         CARRY4 (Prop_carry4_S[1]_CO[3])
                                                      0.533    26.788 r  tv_reg[63][15]_i_9/CO[3]
                         net (fo=1, unplaced)         0.000    26.788    tv_reg[63][15]_i_9_n_0
                         CARRY4 (Prop_carry4_CI_CO[3])
                                                      0.117    26.905 r  tv_reg[63][15]_i_63/CO[3]
                         net (fo=1, unplaced)         0.000    26.905    tv_reg[63][15]_i_63_n_0
                         CARRY4 (Prop_carry4_CI_CO[3])
                                                      0.117    27.022 r  tv_reg[63][15]_i_28/CO[3]
                         net (fo=1, unplaced)         0.000    27.022    tv_reg[63][15]_i_28_n_0
                         CARRY4 (Prop_carry4_CI_O[1])
                                                      0.337    27.359 r  tv_reg[63][15]_i_8/O[1]
                         net (fo=4, unplaced)         0.635    27.994    tv_reg[63][15]_i_8_n_6
                         LUT5 (Prop_lut5_I0_O)        0.332    28.326 r  tv[63][15]_i_139/O
                         net (fo=1, unplaced)         0.000    28.326    tv[63][15]_i_139_n_0
                         CARRY4 (Prop_carry4_DI[0]_CO[3])
                                                      0.576    28.902 r  tv_reg[63][15]_i_115/CO[3]
                         net (fo=1, unplaced)         0.000    28.902    tv_reg[63][15]_i_115_n_0
                         CARRY4 (Prop_carry4_CI_CO[3])
                                                      0.117    29.019 r  tv_reg[63][15]_i_72/CO[3]
                         net (fo=1, unplaced)         0.000    29.019    tv_reg[63][15]_i_72_n_0
                         CARRY4 (Prop_carry4_CI_CO[3])
                                                      0.117    29.136 r  tv_reg[63][15]_i_40/CO[3]
                         net (fo=1, unplaced)         0.000    29.136    tv_reg[63][15]_i_40_n_0
                         CARRY4 (Prop_carry4_CI_CO[3])
                                                      0.117    29.253 r  tv_reg[63][15]_i_11/CO[3]
                         net (fo=1, unplaced)         0.000    29.253    tv_reg[63][15]_i_11_n_0
                         CARRY4 (Prop_carry4_CI_CO[2])
                                                      0.252    29.505 f  tv_reg[63][15]_i_5/CO[2]
                         net (fo=32, unplaced)        0.523    30.028    tv_reg[63][15]_i_5_n_1
                         LUT6 (Prop_lut6_I2_O)        0.310    30.338 r  val0_i_9/O
                         net (fo=64, unplaced)        0.803    31.141    val0_i_9_n_0
                         DSP48E1                                      r  val0/A[14]
  -------------------------------------------------------------------    -------------------

                         (clock clk rise edge)       10.000    10.000 r  <hidden>
                                                      0.000    10.000 r  clk
                         net (fo=43076, unset)        0.924    10.924    clk
                         DSP48E1                                      r  val0/CLK
                         clock pessimism              0.000    10.924    <hidden>
                         clock uncertainty           -0.035    10.889    <hidden>
                         DSP48E1 (Setup_dsp48e1_CLK_A[14])
                                                     -0.362    10.527    val0
  -------------------------------------------------------------------
                         required time                         10.527    <hidden>
                         arrival time                         -31.141    <hidden>
  -------------------------------------------------------------------
                         slack                                -20.614    <hidden>

Slack (VIOLATED) :        -20.614ns  (required time - arrival time)
  Source:                 fi_reg[4]/C
                            (rising edge-triggered cell FDCE clocked by clk  {rise@0.000ns fall@5.000ns period=10.000ns})
  Destination:            val0/A[15]
                            (rising edge-triggered cell DSP48E1 clocked by clk  {rise@0.000ns fall@5.000ns period=10.000ns})
  Path Group:             clk
  Path Type:              Setup (Max at Slow Process Corner)
  Requirement:            10.000ns  (clk rise@10.000ns - clk rise@0.000ns)
  Data Path Delay:        30.168ns  (logic 21.634ns (71.711%)  route 8.534ns (28.289%))
  Logic Levels:           45  (CARRY4=30 DSP48E1=4 LUT1=1 LUT2=2 LUT3=1 LUT4=3 LUT5=2 LUT6=1 MUXF7=1)
  Clock Path Skew:        -0.049ns (DCD - SCD + CPR)
    Destination Clock Delay (DCD):    0.924ns = ( 10.924 - 10.000 ) 
    Source Clock Delay      (SCD):    0.973ns
    Clock Pessimism Removal (CPR):    0.000ns
  Clock Uncertainty:      0.035ns  ((TSJ^2 + TIJ^2)^1/2 + DJ) / 2 + PE
    Total System Jitter     (TSJ):    0.071ns
    Total Input Jitter      (TIJ):    0.000ns
    Discrete Jitter          (DJ):    0.000ns
    Phase Error              (PE):    0.000ns

    Location             Delay type                Incr(ns)  Path(ns)    Netlist Resource(s)
  -------------------------------------------------------------------    -------------------
                         (clock clk rise edge)        0.000     0.000 r  <hidden>
                                                      0.000     0.000 r  clk
                         net (fo=43076, unset)        0.973     0.973    clk
                         FDCE                                         r  fi_reg[4]/C
  -------------------------------------------------------------------    -------------------
                         FDCE (Prop_fdce_C_Q)         0.478     1.451 r  fi_reg[4]/Q
                         net (fo=300, unplaced)       0.933     2.384    fi_reg_n_0_[4]
                         LUT5 (Prop_lut5_I0_O)        0.295     2.679 r  p_0_out__1_i_33/O
                         net (fo=1, unplaced)         0.000     2.679    p_0_out__1_i_33_n_0
                         MUXF7 (Prop_muxf7_I1_O)      0.247     2.926 r  p_0_out__1_i_30/O
                         net (fo=1, unplaced)         0.452     3.378    relu.a[0]
                         LUT2 (Prop_lut2_I0_O)        0.298     3.676 r  p_0_out__1_i_7/O
                         net (fo=1, unplaced)         0.803     4.479    wgt811_return[0]
                         DSP48E1 (Prop_dsp48e1_B[0]_P[1])
                                                      3.656     8.135 r  p_0_out__1/P[1]
                         net (fo=1, unplaced)         0.803     8.938    p_0_out__1_n_104
                         LUT2 (Prop_lut2_I1_O)        0.124     9.062 r  p_1_out__3_i_19/O
                         net (fo=1, unplaced)         0.000     9.062    p_1_out__3_i_19_n_0
                         CARRY4 (Prop_carry4_S[1]_CO[3])
                                                      0.533     9.595 r  p_1_out__3_i_4/CO[3]
                         net (fo=1, unplaced)         0.000     9.595    p_1_out__3_i_4_n_0
                         CARRY4 (Prop_carry4_CI_CO[3])
                                                      0.117     9.712 r  p_1_out__3_i_3/CO[3]
                         net (fo=1, unplaced)         0.000     9.712    p_1_out__3_i_3_n_0
                         CARRY4 (Prop_carry4_CI_CO[3])
                                                      0.117     9.829 r  p_1_out__3_i_2/CO[3]
                         net (fo=1, unplaced)         0.000     9.829    p_1_out__3_i_2_n_0
                         CARRY4 (Prop_carry4_CI_CO[3])
                                                      0.117     9.946 r  p_1_out__3_i_1/CO[3]
                         net (fo=1, unplaced)         0.000     9.946    p_1_out__3_i_1_n_0
                         CARRY4 (Prop_carry4_CI_CO[3])
                                                      0.117    10.063 r  p_1_out__0_i_5/CO[3]
                         net (fo=1, unplaced)         0.000    10.063    p_1_out__0_i_5_n_0
                         CARRY4 (Prop_carry4_CI_CO[3])
                                                      0.117    10.180 r  p_1_out__0_i_4/CO[3]
                         net (fo=1, unplaced)         0.000    10.180    p_1_out__0_i_4_n_0
                         CARRY4 (Prop_carry4_CI_CO[3])
                                                      0.117    10.297 r  p_1_out__0_i_3/CO[3]
                         net (fo=1, unplaced)         0.000    10.297    p_1_out__0_i_3_n_0
                         CARRY4 (Prop_carry4_CI_CO[3])
                                                      0.117    10.414 r  p_1_out__0_i_2/CO[3]
                         net (fo=1, unplaced)         0.000    10.414    p_1_out__0_i_2_n_0
                         CARRY4 (Prop_carry4_CI_O[1])
                                                      0.337    10.751 r  p_1_out__0_i_1/O[1]
                         net (fo=2, unplaced)         0.803    11.554    relu.val[33]
                         DSP48E1 (Prop_dsp48e1_A[16]_PCOUT[47])
                                                      4.215    15.769 r  p_1_out__0/PCOUT[47]
                         net (fo=1, unplaced)         0.000    15.769    p_1_out__0_n_106
                         DSP48E1 (Prop_dsp48e1_PCIN[47]_PCOUT[47])
                                                      1.713    17.482 r  p_1_out__1/PCOUT[47]
                         net (fo=1, unplaced)         0.000    17.482    p_1_out__1_n_106
                         DSP48E1 (Prop_dsp48e1_PCIN[47]_P[1])
                                                      1.518    19.000 r  p_1_out__2/P[1]
                         net (fo=3, unplaced)         0.803    19.802    p_1_out__2_n_104
                         LUT3 (Prop_lut3_I1_O)        0.149    19.951 r  tv[63][15]_i_89/O
                         net (fo=2, unplaced)         0.459    20.410    tv[63][15]_i_89_n_0
                         LUT4 (Prop_lut4_I3_O)        0.355    20.765 r  tv[63][15]_i_93/O
                         net (fo=1, unplaced)         0.000    20.765    tv[63][15]_i_93_n_0
                         CARRY4 (Prop_carry4_S[0]_CO[3])
                                                      0.513    21.278 r  tv_reg[63][15]_i_54/CO[3]
                         net (fo=1, unplaced)         0.000    21.278    tv_reg[63][15]_i_54_n_0
                         CARRY4 (Prop_carry4_CI_CO[3])
                                                      0.117    21.395 r  tv_reg[63][15]_i_22/CO[3]
                         net (fo=1, unplaced)         0.000    21.395    tv_reg[63][15]_i_22_n_0
                         CARRY4 (Prop_carry4_CI_O[2])
                                                      0.256    21.651 r  tv_reg[63][15]_i_7/O[2]
                         net (fo=192, unplaced)       0.568    22.219    p_3_out[63]
                         LUT4 (Prop_lut4_I2_O)        0.293    22.512 r  tv[63][3]_i_80/O
                         net (fo=1, unplaced)         0.000    22.512    tv[63][3]_i_80_n_0
                         CARRY4 (Prop_carry4_DI[0]_CO[3])
                                                      0.576    23.088 r  tv_reg[63][3]_i_58/CO[3]
                         net (fo=1, unplaced)         0.000    23.088    tv_reg[63][3]_i_58_n_0
                         CARRY4 (Prop_carry4_CI_CO[3])
                                                      0.117    23.205 r  tv_reg[63][3]_i_36/CO[3]
                         net (fo=1, unplaced)         0.000    23.205    tv_reg[63][3]_i_36_n_0
                         CARRY4 (Prop_carry4_CI_CO[3])
                                                      0.117    23.322 r  tv_reg[63][3]_i_16/CO[3]
                         net (fo=1, unplaced)         0.000    23.322    tv_reg[63][3]_i_16_n_0
                         CARRY4 (Prop_carry4_CI_CO[3])
                                                      0.117    23.439 r  tv_reg[63][3]_i_8/CO[3]
                         net (fo=1, unplaced)         0.000    23.439    tv_reg[63][3]_i_8_n_0
                         CARRY4 (Prop_carry4_CI_CO[2])
                                                      0.252    23.691 r  tv_reg[63][3]_i_3/CO[2]
                         net (fo=2, unplaced)         0.463    24.154    tv_reg[63][3]_i_3_n_1
                         LUT4 (Prop_lut4_I3_O)        0.310    24.464 r  tv[63][3]_i_7/O
                         net (fo=1, unplaced)         0.000    24.464    tv[63][3]_i_7_n_0
                         CARRY4 (Prop_carry4_S[0]_CO[3])
                                                      0.513    24.977 r  tv_reg[63][3]_i_2/CO[3]
                         net (fo=1, unplaced)         0.000    24.977    tv_reg[63][3]_i_2_n_0
                         CARRY4 (Prop_carry4_CI_CO[3])
                                                      0.117    25.094 r  tv_reg[63][7]_i_2/CO[3]
                         net (fo=1, unplaced)         0.000    25.094    tv_reg[63][7]_i_2_n_0
                         CARRY4 (Prop_carry4_CI_CO[3])
                                                      0.117    25.211 r  tv_reg[63][11]_i_2/CO[3]
                         net (fo=1, unplaced)         0.000    25.211    tv_reg[63][11]_i_2_n_0
                         CARRY4 (Prop_carry4_CI_O[2])
                                                      0.256    25.467 f  tv_reg[63][15]_i_10/O[2]
                         net (fo=7, unplaced)         0.487    25.954    p_2_out[14]
                         LUT1 (Prop_lut1_I0_O)        0.301    26.255 r  tv[63][15]_i_34/O
                         net (fo=1, unplaced)         0.000    26.255    tv[63][15]_i_34_n_0
                         CARRY4 (Prop_carry4_S[1]_CO[3])
                                                      0.533    26.788 r  tv_reg[63][15]_i_9/CO[3]
                         net (fo=1, unplaced)         0.000    26.788    tv_reg[63][15]_i_9_n_0
                         CARRY4 (Prop_carry4_CI_CO[3])
                                                      0.117    26.905 r  tv_reg[63][15]_i_63/CO[3]
                         net (fo=1, unplaced)         0.000    26.905    tv_reg[63][15]_i_63_n_0
                         CARRY4 (Prop_carry4_CI_CO[3])
                                                      0.117    27.022 r  tv_reg[63][15]_i_28/CO[3]
                         net (fo=1, unplaced)         0.000    27.022    tv_reg[63][15]_i_28_n_0
                         CARRY4 (Prop_carry4_CI_O[1])
                                                      0.337    27.359 r  tv_reg[63][15]_i_8/O[1]
                         net (fo=4, unplaced)         0.635    27.994    tv_reg[63][15]_i_8_n_6
                         LUT5 (Prop_lut5_I0_O)        0.332    28.326 r  tv[63][15]_i_139/O
                         net (fo=1, unplaced)         0.000    28.326    tv[63][15]_i_139_n_0
                         CARRY4 (Prop_carry4_DI[0]_CO[3])
                                                      0.576    28.902 r  tv_reg[63][15]_i_115/CO[3]
                         net (fo=1, unplaced)         0.000    28.902    tv_reg[63][15]_i_115_n_0
                         CARRY4 (Prop_carry4_CI_CO[3])
                                                      0.117    29.019 r  tv_reg[63][15]_i_72/CO[3]
                         net (fo=1, unplaced)         0.000    29.019    tv_reg[63][15]_i_72_n_0
                         CARRY4 (Prop_carry4_CI_CO[3])
                                                      0.117    29.136 r  tv_reg[63][15]_i_40/CO[3]
                         net (fo=1, unplaced)         0.000    29.136    tv_reg[63][15]_i_40_n_0
                         CARRY4 (Prop_carry4_CI_CO[3])
                                                      0.117    29.253 r  tv_reg[63][15]_i_11/CO[3]
                         net (fo=1, unplaced)         0.000    29.253    tv_reg[63][15]_i_11_n_0
                         CARRY4 (Prop_carry4_CI_CO[2])
                                                      0.252    29.505 f  tv_reg[63][15]_i_5/CO[2]
                         net (fo=32, unplaced)        0.523    30.028    tv_reg[63][15]_i_5_n_1
                         LUT6 (Prop_lut6_I2_O)        0.310    30.338 r  val0_i_8/O
                         net (fo=78, unplaced)        0.803    31.141    val0_i_8_n_0
                         DSP48E1                                      r  val0/A[15]
  -------------------------------------------------------------------    -------------------

                         (clock clk rise edge)       10.000    10.000 r  <hidden>
                                                      0.000    10.000 r  clk
                         net (fo=43076, unset)        0.924    10.924    clk
                         DSP48E1                                      r  val0/CLK
                         clock pessimism              0.000    10.924    <hidden>
                         clock uncertainty           -0.035    10.889    <hidden>
                         DSP48E1 (Setup_dsp48e1_CLK_A[15])
                                                     -0.362    10.527    val0
  -------------------------------------------------------------------
                         required time                         10.527    <hidden>
                         arrival time                         -31.141    <hidden>
  -------------------------------------------------------------------
                         slack                                -20.614    <hidden>

Slack (VIOLATED) :        -20.614ns  (required time - arrival time)
  Source:                 fi_reg[4]/C
                            (rising edge-triggered cell FDCE clocked by clk  {rise@0.000ns fall@5.000ns period=10.000ns})
  Destination:            val0/A[16]
                            (rising edge-triggered cell DSP48E1 clocked by clk  {rise@0.000ns fall@5.000ns period=10.000ns})
  Path Group:             clk
  Path Type:              Setup (Max at Slow Process Corner)
  Requirement:            10.000ns  (clk rise@10.000ns - clk rise@0.000ns)
  Data Path Delay:        30.168ns  (logic 21.634ns (71.711%)  route 8.534ns (28.289%))
  Logic Levels:           45  (CARRY4=30 DSP48E1=4 LUT1=1 LUT2=2 LUT3=1 LUT4=3 LUT5=2 LUT6=1 MUXF7=1)
  Clock Path Skew:        -0.049ns (DCD - SCD + CPR)
    Destination Clock Delay (DCD):    0.924ns = ( 10.924 - 10.000 ) 
    Source Clock Delay      (SCD):    0.973ns
    Clock Pessimism Removal (CPR):    0.000ns
  Clock Uncertainty:      0.035ns  ((TSJ^2 + TIJ^2)^1/2 + DJ) / 2 + PE
    Total System Jitter     (TSJ):    0.071ns
    Total Input Jitter      (TIJ):    0.000ns
    Discrete Jitter          (DJ):    0.000ns
    Phase Error              (PE):    0.000ns

    Location             Delay type                Incr(ns)  Path(ns)    Netlist Resource(s)
  -------------------------------------------------------------------    -------------------
                         (clock clk rise edge)        0.000     0.000 r  <hidden>
                                                      0.000     0.000 r  clk
                         net (fo=43076, unset)        0.973     0.973    clk
                         FDCE                                         r  fi_reg[4]/C
  -------------------------------------------------------------------    -------------------
                         FDCE (Prop_fdce_C_Q)         0.478     1.451 r  fi_reg[4]/Q
                         net (fo=300, unplaced)       0.933     2.384    fi_reg_n_0_[4]
                         LUT5 (Prop_lut5_I0_O)        0.295     2.679 r  p_0_out__1_i_33/O
                         net (fo=1, unplaced)         0.000     2.679    p_0_out__1_i_33_n_0
                         MUXF7 (Prop_muxf7_I1_O)      0.247     2.926 r  p_0_out__1_i_30/O
                         net (fo=1, unplaced)         0.452     3.378    relu.a[0]
                         LUT2 (Prop_lut2_I0_O)        0.298     3.676 r  p_0_out__1_i_7/O
                         net (fo=1, unplaced)         0.803     4.479    wgt811_return[0]
                         DSP48E1 (Prop_dsp48e1_B[0]_P[1])
                                                      3.656     8.135 r  p_0_out__1/P[1]
                         net (fo=1, unplaced)         0.803     8.938    p_0_out__1_n_104
                         LUT2 (Prop_lut2_I1_O)        0.124     9.062 r  p_1_out__3_i_19/O
                         net (fo=1, unplaced)         0.000     9.062    p_1_out__3_i_19_n_0
                         CARRY4 (Prop_carry4_S[1]_CO[3])
                                                      0.533     9.595 r  p_1_out__3_i_4/CO[3]
                         net (fo=1, unplaced)         0.000     9.595    p_1_out__3_i_4_n_0
                         CARRY4 (Prop_carry4_CI_CO[3])
                                                      0.117     9.712 r  p_1_out__3_i_3/CO[3]
                         net (fo=1, unplaced)         0.000     9.712    p_1_out__3_i_3_n_0
                         CARRY4 (Prop_carry4_CI_CO[3])
                                                      0.117     9.829 r  p_1_out__3_i_2/CO[3]
                         net (fo=1, unplaced)         0.000     9.829    p_1_out__3_i_2_n_0
                         CARRY4 (Prop_carry4_CI_CO[3])
                                                      0.117     9.946 r  p_1_out__3_i_1/CO[3]
                         net (fo=1, unplaced)         0.000     9.946    p_1_out__3_i_1_n_0
                         CARRY4 (Prop_carry4_CI_CO[3])
                                                      0.117    10.063 r  p_1_out__0_i_5/CO[3]
                         net (fo=1, unplaced)         0.000    10.063    p_1_out__0_i_5_n_0
                         CARRY4 (Prop_carry4_CI_CO[3])
                                                      0.117    10.180 r  p_1_out__0_i_4/CO[3]
                         net (fo=1, unplaced)         0.000    10.180    p_1_out__0_i_4_n_0
                         CARRY4 (Prop_carry4_CI_CO[3])
                                                      0.117    10.297 r  p_1_out__0_i_3/CO[3]
                         net (fo=1, unplaced)         0.000    10.297    p_1_out__0_i_3_n_0
                         CARRY4 (Prop_carry4_CI_CO[3])
                                                      0.117    10.414 r  p_1_out__0_i_2/CO[3]
                         net (fo=1, unplaced)         0.000    10.414    p_1_out__0_i_2_n_0
                         CARRY4 (Prop_carry4_CI_O[1])
                                                      0.337    10.751 r  p_1_out__0_i_1/O[1]
                         net (fo=2, unplaced)         0.803    11.554    relu.val[33]
                         DSP48E1 (Prop_dsp48e1_A[16]_PCOUT[47])
                                                      4.215    15.769 r  p_1_out__0/PCOUT[47]
                         net (fo=1, unplaced)         0.000    15.769    p_1_out__0_n_106
                         DSP48E1 (Prop_dsp48e1_PCIN[47]_PCOUT[47])
                                                      1.713    17.482 r  p_1_out__1/PCOUT[47]
                         net (fo=1, unplaced)         0.000    17.482    p_1_out__1_n_106
                         DSP48E1 (Prop_dsp48e1_PCIN[47]_P[1])
                                                      1.518    19.000 r  p_1_out__2/P[1]
                         net (fo=3, unplaced)         0.803    19.802    p_1_out__2_n_104
                         LUT3 (Prop_lut3_I1_O)        0.149    19.951 r  tv[63][15]_i_89/O
                         net (fo=2, unplaced)         0.459    20.410    tv[63][15]_i_89_n_0
                         LUT4 (Prop_lut4_I3_O)        0.355    20.765 r  tv[63][15]_i_93/O
                         net (fo=1, unplaced)         0.000    20.765    tv[63][15]_i_93_n_0
                         CARRY4 (Prop_carry4_S[0]_CO[3])
                                                      0.513    21.278 r  tv_reg[63][15]_i_54/CO[3]
                         net (fo=1, unplaced)         0.000    21.278    tv_reg[63][15]_i_54_n_0
                         CARRY4 (Prop_carry4_CI_CO[3])
                                                      0.117    21.395 r  tv_reg[63][15]_i_22/CO[3]
                         net (fo=1, unplaced)         0.000    21.395    tv_reg[63][15]_i_22_n_0
                         CARRY4 (Prop_carry4_CI_O[2])
                                                      0.256    21.651 r  tv_reg[63][15]_i_7/O[2]
                         net (fo=192, unplaced)       0.568    22.219    p_3_out[63]
                         LUT4 (Prop_lut4_I2_O)        0.293    22.512 r  tv[63][3]_i_80/O
                         net (fo=1, unplaced)         0.000    22.512    tv[63][3]_i_80_n_0
                         CARRY4 (Prop_carry4_DI[0]_CO[3])
                                                      0.576    23.088 r  tv_reg[63][3]_i_58/CO[3]
                         net (fo=1, unplaced)         0.000    23.088    tv_reg[63][3]_i_58_n_0
                         CARRY4 (Prop_carry4_CI_CO[3])
                                                      0.117    23.205 r  tv_reg[63][3]_i_36/CO[3]
                         net (fo=1, unplaced)         0.000    23.205    tv_reg[63][3]_i_36_n_0
                         CARRY4 (Prop_carry4_CI_CO[3])
                                                      0.117    23.322 r  tv_reg[63][3]_i_16/CO[3]
                         net (fo=1, unplaced)         0.000    23.322    tv_reg[63][3]_i_16_n_0
                         CARRY4 (Prop_carry4_CI_CO[3])
                                                      0.117    23.439 r  tv_reg[63][3]_i_8/CO[3]
                         net (fo=1, unplaced)         0.000    23.439    tv_reg[63][3]_i_8_n_0
                         CARRY4 (Prop_carry4_CI_CO[2])
                                                      0.252    23.691 r  tv_reg[63][3]_i_3/CO[2]
                         net (fo=2, unplaced)         0.463    24.154    tv_reg[63][3]_i_3_n_1
                         LUT4 (Prop_lut4_I3_O)        0.310    24.464 r  tv[63][3]_i_7/O
                         net (fo=1, unplaced)         0.000    24.464    tv[63][3]_i_7_n_0
                         CARRY4 (Prop_carry4_S[0]_CO[3])
                                                      0.513    24.977 r  tv_reg[63][3]_i_2/CO[3]
                         net (fo=1, unplaced)         0.000    24.977    tv_reg[63][3]_i_2_n_0
                         CARRY4 (Prop_carry4_CI_CO[3])
                                                      0.117    25.094 r  tv_reg[63][7]_i_2/CO[3]
                         net (fo=1, unplaced)         0.000    25.094    tv_reg[63][7]_i_2_n_0
                         CARRY4 (Prop_carry4_CI_CO[3])
                                                      0.117    25.211 r  tv_reg[63][11]_i_2/CO[3]
                         net (fo=1, unplaced)         0.000    25.211    tv_reg[63][11]_i_2_n_0
                         CARRY4 (Prop_carry4_CI_O[2])
                                                      0.256    25.467 f  tv_reg[63][15]_i_10/O[2]
                         net (fo=7, unplaced)         0.487    25.954    p_2_out[14]
                         LUT1 (Prop_lut1_I0_O)        0.301    26.255 r  tv[63][15]_i_34/O
                         net (fo=1, unplaced)         0.000    26.255    tv[63][15]_i_34_n_0
                         CARRY4 (Prop_carry4_S[1]_CO[3])
                                                      0.533    26.788 r  tv_reg[63][15]_i_9/CO[3]
                         net (fo=1, unplaced)         0.000    26.788    tv_reg[63][15]_i_9_n_0
                         CARRY4 (Prop_carry4_CI_CO[3])
                                                      0.117    26.905 r  tv_reg[63][15]_i_63/CO[3]
                         net (fo=1, unplaced)         0.000    26.905    tv_reg[63][15]_i_63_n_0
                         CARRY4 (Prop_carry4_CI_CO[3])
                                                      0.117    27.022 r  tv_reg[63][15]_i_28/CO[3]
                         net (fo=1, unplaced)         0.000    27.022    tv_reg[63][15]_i_28_n_0
                         CARRY4 (Prop_carry4_CI_O[1])
                                                      0.337    27.359 r  tv_reg[63][15]_i_8/O[1]
                         net (fo=4, unplaced)         0.635    27.994    tv_reg[63][15]_i_8_n_6
                         LUT5 (Prop_lut5_I0_O)        0.332    28.326 r  tv[63][15]_i_139/O
                         net (fo=1, unplaced)         0.000    28.326    tv[63][15]_i_139_n_0
                         CARRY4 (Prop_carry4_DI[0]_CO[3])
                                                      0.576    28.902 r  tv_reg[63][15]_i_115/CO[3]
                         net (fo=1, unplaced)         0.000    28.902    tv_reg[63][15]_i_115_n_0
                         CARRY4 (Prop_carry4_CI_CO[3])
                                                      0.117    29.019 r  tv_reg[63][15]_i_72/CO[3]
                         net (fo=1, unplaced)         0.000    29.019    tv_reg[63][15]_i_72_n_0
                         CARRY4 (Prop_carry4_CI_CO[3])
                                                      0.117    29.136 r  tv_reg[63][15]_i_40/CO[3]
                         net (fo=1, unplaced)         0.000    29.136    tv_reg[63][15]_i_40_n_0
                         CARRY4 (Prop_carry4_CI_CO[3])
                                                      0.117    29.253 r  tv_reg[63][15]_i_11/CO[3]
                         net (fo=1, unplaced)         0.000    29.253    tv_reg[63][15]_i_11_n_0
                         CARRY4 (Prop_carry4_CI_CO[2])
                                                      0.252    29.505 f  tv_reg[63][15]_i_5/CO[2]
                         net (fo=32, unplaced)        0.523    30.028    tv_reg[63][15]_i_5_n_1
                         LUT6 (Prop_lut6_I2_O)        0.310    30.338 r  val0_i_8/O
                         net (fo=78, unplaced)        0.803    31.141    val0_i_8_n_0
                         DSP48E1                                      r  val0/A[16]
  -------------------------------------------------------------------    -------------------

                         (clock clk rise edge)       10.000    10.000 r  <hidden>
                                                      0.000    10.000 r  clk
                         net (fo=43076, unset)        0.924    10.924    clk
                         DSP48E1                                      r  val0/CLK
                         clock pessimism              0.000    10.924    <hidden>
                         clock uncertainty           -0.035    10.889    <hidden>
                         DSP48E1 (Setup_dsp48e1_CLK_A[16])
                                                     -0.362    10.527    val0
  -------------------------------------------------------------------
                         required time                         10.527    <hidden>
                         arrival time                         -31.141    <hidden>
  -------------------------------------------------------------------
                         slack                                -20.614    <hidden>

Slack (VIOLATED) :        -20.614ns  (required time - arrival time)
  Source:                 fi_reg[4]/C
                            (rising edge-triggered cell FDCE clocked by clk  {rise@0.000ns fall@5.000ns period=10.000ns})
  Destination:            val0/A[17]
                            (rising edge-triggered cell DSP48E1 clocked by clk  {rise@0.000ns fall@5.000ns period=10.000ns})
  Path Group:             clk
  Path Type:              Setup (Max at Slow Process Corner)
  Requirement:            10.000ns  (clk rise@10.000ns - clk rise@0.000ns)
  Data Path Delay:        30.168ns  (logic 21.634ns (71.711%)  route 8.534ns (28.289%))
  Logic Levels:           45  (CARRY4=30 DSP48E1=4 LUT1=1 LUT2=2 LUT3=1 LUT4=3 LUT5=2 LUT6=1 MUXF7=1)
  Clock Path Skew:        -0.049ns (DCD - SCD + CPR)
    Destination Clock Delay (DCD):    0.924ns = ( 10.924 - 10.000 ) 
    Source Clock Delay      (SCD):    0.973ns
    Clock Pessimism Removal (CPR):    0.000ns
  Clock Uncertainty:      0.035ns  ((TSJ^2 + TIJ^2)^1/2 + DJ) / 2 + PE
    Total System Jitter     (TSJ):    0.071ns
    Total Input Jitter      (TIJ):    0.000ns
    Discrete Jitter          (DJ):    0.000ns
    Phase Error              (PE):    0.000ns

    Location             Delay type                Incr(ns)  Path(ns)    Netlist Resource(s)
  -------------------------------------------------------------------    -------------------
                         (clock clk rise edge)        0.000     0.000 r  <hidden>
                                                      0.000     0.000 r  clk
                         net (fo=43076, unset)        0.973     0.973    clk
                         FDCE                                         r  fi_reg[4]/C
  -------------------------------------------------------------------    -------------------
                         FDCE (Prop_fdce_C_Q)         0.478     1.451 r  fi_reg[4]/Q
                         net (fo=300, unplaced)       0.933     2.384    fi_reg_n_0_[4]
                         LUT5 (Prop_lut5_I0_O)        0.295     2.679 r  p_0_out__1_i_33/O
                         net (fo=1, unplaced)         0.000     2.679    p_0_out__1_i_33_n_0
                         MUXF7 (Prop_muxf7_I1_O)      0.247     2.926 r  p_0_out__1_i_30/O
                         net (fo=1, unplaced)         0.452     3.378    relu.a[0]
                         LUT2 (Prop_lut2_I0_O)        0.298     3.676 r  p_0_out__1_i_7/O
                         net (fo=1, unplaced)         0.803     4.479    wgt811_return[0]
                         DSP48E1 (Prop_dsp48e1_B[0]_P[1])
                                                      3.656     8.135 r  p_0_out__1/P[1]
                         net (fo=1, unplaced)         0.803     8.938    p_0_out__1_n_104
                         LUT2 (Prop_lut2_I1_O)        0.124     9.062 r  p_1_out__3_i_19/O
                         net (fo=1, unplaced)         0.000     9.062    p_1_out__3_i_19_n_0
                         CARRY4 (Prop_carry4_S[1]_CO[3])
                                                      0.533     9.595 r  p_1_out__3_i_4/CO[3]
                         net (fo=1, unplaced)         0.000     9.595    p_1_out__3_i_4_n_0
                         CARRY4 (Prop_carry4_CI_CO[3])
                                                      0.117     9.712 r  p_1_out__3_i_3/CO[3]
                         net (fo=1, unplaced)         0.000     9.712    p_1_out__3_i_3_n_0
                         CARRY4 (Prop_carry4_CI_CO[3])
                                                      0.117     9.829 r  p_1_out__3_i_2/CO[3]
                         net (fo=1, unplaced)         0.000     9.829    p_1_out__3_i_2_n_0
                         CARRY4 (Prop_carry4_CI_CO[3])
                                                      0.117     9.946 r  p_1_out__3_i_1/CO[3]
                         net (fo=1, unplaced)         0.000     9.946    p_1_out__3_i_1_n_0
                         CARRY4 (Prop_carry4_CI_CO[3])
                                                      0.117    10.063 r  p_1_out__0_i_5/CO[3]
                         net (fo=1, unplaced)         0.000    10.063    p_1_out__0_i_5_n_0
                         CARRY4 (Prop_carry4_CI_CO[3])
                                                      0.117    10.180 r  p_1_out__0_i_4/CO[3]
                         net (fo=1, unplaced)         0.000    10.180    p_1_out__0_i_4_n_0
                         CARRY4 (Prop_carry4_CI_CO[3])
                                                      0.117    10.297 r  p_1_out__0_i_3/CO[3]
                         net (fo=1, unplaced)         0.000    10.297    p_1_out__0_i_3_n_0
                         CARRY4 (Prop_carry4_CI_CO[3])
                                                      0.117    10.414 r  p_1_out__0_i_2/CO[3]
                         net (fo=1, unplaced)         0.000    10.414    p_1_out__0_i_2_n_0
                         CARRY4 (Prop_carry4_CI_O[1])
                                                      0.337    10.751 r  p_1_out__0_i_1/O[1]
                         net (fo=2, unplaced)         0.803    11.554    relu.val[33]
                         DSP48E1 (Prop_dsp48e1_A[16]_PCOUT[47])
                                                      4.215    15.769 r  p_1_out__0/PCOUT[47]
                         net (fo=1, unplaced)         0.000    15.769    p_1_out__0_n_106
                         DSP48E1 (Prop_dsp48e1_PCIN[47]_PCOUT[47])
                                                      1.713    17.482 r  p_1_out__1/PCOUT[47]
                         net (fo=1, unplaced)         0.000    17.482    p_1_out__1_n_106
                         DSP48E1 (Prop_dsp48e1_PCIN[47]_P[1])
                                                      1.518    19.000 r  p_1_out__2/P[1]
                         net (fo=3, unplaced)         0.803    19.802    p_1_out__2_n_104
                         LUT3 (Prop_lut3_I1_O)        0.149    19.951 r  tv[63][15]_i_89/O
                         net (fo=2, unplaced)         0.459    20.410    tv[63][15]_i_89_n_0
                         LUT4 (Prop_lut4_I3_O)        0.355    20.765 r  tv[63][15]_i_93/O
                         net (fo=1, unplaced)         0.000    20.765    tv[63][15]_i_93_n_0
                         CARRY4 (Prop_carry4_S[0]_CO[3])
                                                      0.513    21.278 r  tv_reg[63][15]_i_54/CO[3]
                         net (fo=1, unplaced)         0.000    21.278    tv_reg[63][15]_i_54_n_0
                         CARRY4 (Prop_carry4_CI_CO[3])
                                                      0.117    21.395 r  tv_reg[63][15]_i_22/CO[3]
                         net (fo=1, unplaced)         0.000    21.395    tv_reg[63][15]_i_22_n_0
                         CARRY4 (Prop_carry4_CI_O[2])
                                                      0.256    21.651 r  tv_reg[63][15]_i_7/O[2]
                         net (fo=192, unplaced)       0.568    22.219    p_3_out[63]
                         LUT4 (Prop_lut4_I2_O)        0.293    22.512 r  tv[63][3]_i_80/O
                         net (fo=1, unplaced)         0.000    22.512    tv[63][3]_i_80_n_0
                         CARRY4 (Prop_carry4_DI[0]_CO[3])
                                                      0.576    23.088 r  tv_reg[63][3]_i_58/CO[3]
                         net (fo=1, unplaced)         0.000    23.088    tv_reg[63][3]_i_58_n_0
                         CARRY4 (Prop_carry4_CI_CO[3])
                                                      0.117    23.205 r  tv_reg[63][3]_i_36/CO[3]
                         net (fo=1, unplaced)         0.000    23.205    tv_reg[63][3]_i_36_n_0
                         CARRY4 (Prop_carry4_CI_CO[3])
                                                      0.117    23.322 r  tv_reg[63][3]_i_16/CO[3]
                         net (fo=1, unplaced)         0.000    23.322    tv_reg[63][3]_i_16_n_0
                         CARRY4 (Prop_carry4_CI_CO[3])
                                                      0.117    23.439 r  tv_reg[63][3]_i_8/CO[3]
                         net (fo=1, unplaced)         0.000    23.439    tv_reg[63][3]_i_8_n_0
                         CARRY4 (Prop_carry4_CI_CO[2])
                                                      0.252    23.691 r  tv_reg[63][3]_i_3/CO[2]
                         net (fo=2, unplaced)         0.463    24.154    tv_reg[63][3]_i_3_n_1
                         LUT4 (Prop_lut4_I3_O)        0.310    24.464 r  tv[63][3]_i_7/O
                         net (fo=1, unplaced)         0.000    24.464    tv[63][3]_i_7_n_0
                         CARRY4 (Prop_carry4_S[0]_CO[3])
                                                      0.513    24.977 r  tv_reg[63][3]_i_2/CO[3]
                         net (fo=1, unplaced)         0.000    24.977    tv_reg[63][3]_i_2_n_0
                         CARRY4 (Prop_carry4_CI_CO[3])
                                                      0.117    25.094 r  tv_reg[63][7]_i_2/CO[3]
                         net (fo=1, unplaced)         0.000    25.094    tv_reg[63][7]_i_2_n_0
                         CARRY4 (Prop_carry4_CI_CO[3])
                                                      0.117    25.211 r  tv_reg[63][11]_i_2/CO[3]
                         net (fo=1, unplaced)         0.000    25.211    tv_reg[63][11]_i_2_n_0
                         CARRY4 (Prop_carry4_CI_O[2])
                                                      0.256    25.467 f  tv_reg[63][15]_i_10/O[2]
                         net (fo=7, unplaced)         0.487    25.954    p_2_out[14]
                         LUT1 (Prop_lut1_I0_O)        0.301    26.255 r  tv[63][15]_i_34/O
                         net (fo=1, unplaced)         0.000    26.255    tv[63][15]_i_34_n_0
                         CARRY4 (Prop_carry4_S[1]_CO[3])
                                                      0.533    26.788 r  tv_reg[63][15]_i_9/CO[3]
                         net (fo=1, unplaced)         0.000    26.788    tv_reg[63][15]_i_9_n_0
                         CARRY4 (Prop_carry4_CI_CO[3])
                                                      0.117    26.905 r  tv_reg[63][15]_i_63/CO[3]
                         net (fo=1, unplaced)         0.000    26.905    tv_reg[63][15]_i_63_n_0
                         CARRY4 (Prop_carry4_CI_CO[3])
                                                      0.117    27.022 r  tv_reg[63][15]_i_28/CO[3]
                         net (fo=1, unplaced)         0.000    27.022    tv_reg[63][15]_i_28_n_0
                         CARRY4 (Prop_carry4_CI_O[1])
                                                      0.337    27.359 r  tv_reg[63][15]_i_8/O[1]
                         net (fo=4, unplaced)         0.635    27.994    tv_reg[63][15]_i_8_n_6
                         LUT5 (Prop_lut5_I0_O)        0.332    28.326 r  tv[63][15]_i_139/O
                         net (fo=1, unplaced)         0.000    28.326    tv[63][15]_i_139_n_0
                         CARRY4 (Prop_carry4_DI[0]_CO[3])
                                                      0.576    28.902 r  tv_reg[63][15]_i_115/CO[3]
                         net (fo=1, unplaced)         0.000    28.902    tv_reg[63][15]_i_115_n_0
                         CARRY4 (Prop_carry4_CI_CO[3])
                                                      0.117    29.019 r  tv_reg[63][15]_i_72/CO[3]
                         net (fo=1, unplaced)         0.000    29.019    tv_reg[63][15]_i_72_n_0
                         CARRY4 (Prop_carry4_CI_CO[3])
                                                      0.117    29.136 r  tv_reg[63][15]_i_40/CO[3]
                         net (fo=1, unplaced)         0.000    29.136    tv_reg[63][15]_i_40_n_0
                         CARRY4 (Prop_carry4_CI_CO[3])
                                                      0.117    29.253 r  tv_reg[63][15]_i_11/CO[3]
                         net (fo=1, unplaced)         0.000    29.253    tv_reg[63][15]_i_11_n_0
                         CARRY4 (Prop_carry4_CI_CO[2])
                                                      0.252    29.505 f  tv_reg[63][15]_i_5/CO[2]
                         net (fo=32, unplaced)        0.523    30.028    tv_reg[63][15]_i_5_n_1
                         LUT6 (Prop_lut6_I2_O)        0.310    30.338 r  val0_i_8/O
                         net (fo=78, unplaced)        0.803    31.141    val0_i_8_n_0
                         DSP48E1                                      r  val0/A[17]
  -------------------------------------------------------------------    -------------------

                         (clock clk rise edge)       10.000    10.000 r  <hidden>
                                                      0.000    10.000 r  clk
                         net (fo=43076, unset)        0.924    10.924    clk
                         DSP48E1                                      r  val0/CLK
                         clock pessimism              0.000    10.924    <hidden>
                         clock uncertainty           -0.035    10.889    <hidden>
                         DSP48E1 (Setup_dsp48e1_CLK_A[17])
                                                     -0.362    10.527    val0
  -------------------------------------------------------------------
                         required time                         10.527    <hidden>
                         arrival time                         -31.141    <hidden>
  -------------------------------------------------------------------
                         slack                                -20.614    <hidden>

Slack (VIOLATED) :        -20.614ns  (required time - arrival time)
  Source:                 fi_reg[4]/C
                            (rising edge-triggered cell FDCE clocked by clk  {rise@0.000ns fall@5.000ns period=10.000ns})
  Destination:            val0/A[18]
                            (rising edge-triggered cell DSP48E1 clocked by clk  {rise@0.000ns fall@5.000ns period=10.000ns})
  Path Group:             clk
  Path Type:              Setup (Max at Slow Process Corner)
  Requirement:            10.000ns  (clk rise@10.000ns - clk rise@0.000ns)
  Data Path Delay:        30.168ns  (logic 21.634ns (71.711%)  route 8.534ns (28.289%))
  Logic Levels:           45  (CARRY4=30 DSP48E1=4 LUT1=1 LUT2=2 LUT3=1 LUT4=3 LUT5=2 LUT6=1 MUXF7=1)
  Clock Path Skew:        -0.049ns (DCD - SCD + CPR)
    Destination Clock Delay (DCD):    0.924ns = ( 10.924 - 10.000 ) 
    Source Clock Delay      (SCD):    0.973ns
    Clock Pessimism Removal (CPR):    0.000ns
  Clock Uncertainty:      0.035ns  ((TSJ^2 + TIJ^2)^1/2 + DJ) / 2 + PE
    Total System Jitter     (TSJ):    0.071ns
    Total Input Jitter      (TIJ):    0.000ns
    Discrete Jitter          (DJ):    0.000ns
    Phase Error              (PE):    0.000ns

    Location             Delay type                Incr(ns)  Path(ns)    Netlist Resource(s)
  -------------------------------------------------------------------    -------------------
                         (clock clk rise edge)        0.000     0.000 r  <hidden>
                                                      0.000     0.000 r  clk
                         net (fo=43076, unset)        0.973     0.973    clk
                         FDCE                                         r  fi_reg[4]/C
  -------------------------------------------------------------------    -------------------
                         FDCE (Prop_fdce_C_Q)         0.478     1.451 r  fi_reg[4]/Q
                         net (fo=300, unplaced)       0.933     2.384    fi_reg_n_0_[4]
                         LUT5 (Prop_lut5_I0_O)        0.295     2.679 r  p_0_out__1_i_33/O
                         net (fo=1, unplaced)         0.000     2.679    p_0_out__1_i_33_n_0
                         MUXF7 (Prop_muxf7_I1_O)      0.247     2.926 r  p_0_out__1_i_30/O
                         net (fo=1, unplaced)         0.452     3.378    relu.a[0]
                         LUT2 (Prop_lut2_I0_O)        0.298     3.676 r  p_0_out__1_i_7/O
                         net (fo=1, unplaced)         0.803     4.479    wgt811_return[0]
                         DSP48E1 (Prop_dsp48e1_B[0]_P[1])
                                                      3.656     8.135 r  p_0_out__1/P[1]
                         net (fo=1, unplaced)         0.803     8.938    p_0_out__1_n_104
                         LUT2 (Prop_lut2_I1_O)        0.124     9.062 r  p_1_out__3_i_19/O
                         net (fo=1, unplaced)         0.000     9.062    p_1_out__3_i_19_n_0
                         CARRY4 (Prop_carry4_S[1]_CO[3])
                                                      0.533     9.595 r  p_1_out__3_i_4/CO[3]
                         net (fo=1, unplaced)         0.000     9.595    p_1_out__3_i_4_n_0
                         CARRY4 (Prop_carry4_CI_CO[3])
                                                      0.117     9.712 r  p_1_out__3_i_3/CO[3]
                         net (fo=1, unplaced)         0.000     9.712    p_1_out__3_i_3_n_0
                         CARRY4 (Prop_carry4_CI_CO[3])
                                                      0.117     9.829 r  p_1_out__3_i_2/CO[3]
                         net (fo=1, unplaced)         0.000     9.829    p_1_out__3_i_2_n_0
                         CARRY4 (Prop_carry4_CI_CO[3])
                                                      0.117     9.946 r  p_1_out__3_i_1/CO[3]
                         net (fo=1, unplaced)         0.000     9.946    p_1_out__3_i_1_n_0
                         CARRY4 (Prop_carry4_CI_CO[3])
                                                      0.117    10.063 r  p_1_out__0_i_5/CO[3]
                         net (fo=1, unplaced)         0.000    10.063    p_1_out__0_i_5_n_0
                         CARRY4 (Prop_carry4_CI_CO[3])
                                                      0.117    10.180 r  p_1_out__0_i_4/CO[3]
                         net (fo=1, unplaced)         0.000    10.180    p_1_out__0_i_4_n_0
                         CARRY4 (Prop_carry4_CI_CO[3])
                                                      0.117    10.297 r  p_1_out__0_i_3/CO[3]
                         net (fo=1, unplaced)         0.000    10.297    p_1_out__0_i_3_n_0
                         CARRY4 (Prop_carry4_CI_CO[3])
                                                      0.117    10.414 r  p_1_out__0_i_2/CO[3]
                         net (fo=1, unplaced)         0.000    10.414    p_1_out__0_i_2_n_0
                         CARRY4 (Prop_carry4_CI_O[1])
                                                      0.337    10.751 r  p_1_out__0_i_1/O[1]
                         net (fo=2, unplaced)         0.803    11.554    relu.val[33]
                         DSP48E1 (Prop_dsp48e1_A[16]_PCOUT[47])
                                                      4.215    15.769 r  p_1_out__0/PCOUT[47]
                         net (fo=1, unplaced)         0.000    15.769    p_1_out__0_n_106
                         DSP48E1 (Prop_dsp48e1_PCIN[47]_PCOUT[47])
                                                      1.713    17.482 r  p_1_out__1/PCOUT[47]
                         net (fo=1, unplaced)         0.000    17.482    p_1_out__1_n_106
                         DSP48E1 (Prop_dsp48e1_PCIN[47]_P[1])
                                                      1.518    19.000 r  p_1_out__2/P[1]
                         net (fo=3, unplaced)         0.803    19.802    p_1_out__2_n_104
                         LUT3 (Prop_lut3_I1_O)        0.149    19.951 r  tv[63][15]_i_89/O
                         net (fo=2, unplaced)         0.459    20.410    tv[63][15]_i_89_n_0
                         LUT4 (Prop_lut4_I3_O)        0.355    20.765 r  tv[63][15]_i_93/O
                         net (fo=1, unplaced)         0.000    20.765    tv[63][15]_i_93_n_0
                         CARRY4 (Prop_carry4_S[0]_CO[3])
                                                      0.513    21.278 r  tv_reg[63][15]_i_54/CO[3]
                         net (fo=1, unplaced)         0.000    21.278    tv_reg[63][15]_i_54_n_0
                         CARRY4 (Prop_carry4_CI_CO[3])
                                                      0.117    21.395 r  tv_reg[63][15]_i_22/CO[3]
                         net (fo=1, unplaced)         0.000    21.395    tv_reg[63][15]_i_22_n_0
                         CARRY4 (Prop_carry4_CI_O[2])
                                                      0.256    21.651 r  tv_reg[63][15]_i_7/O[2]
                         net (fo=192, unplaced)       0.568    22.219    p_3_out[63]
                         LUT4 (Prop_lut4_I2_O)        0.293    22.512 r  tv[63][3]_i_80/O
                         net (fo=1, unplaced)         0.000    22.512    tv[63][3]_i_80_n_0
                         CARRY4 (Prop_carry4_DI[0]_CO[3])
                                                      0.576    23.088 r  tv_reg[63][3]_i_58/CO[3]
                         net (fo=1, unplaced)         0.000    23.088    tv_reg[63][3]_i_58_n_0
                         CARRY4 (Prop_carry4_CI_CO[3])
                                                      0.117    23.205 r  tv_reg[63][3]_i_36/CO[3]
                         net (fo=1, unplaced)         0.000    23.205    tv_reg[63][3]_i_36_n_0
                         CARRY4 (Prop_carry4_CI_CO[3])
                                                      0.117    23.322 r  tv_reg[63][3]_i_16/CO[3]
                         net (fo=1, unplaced)         0.000    23.322    tv_reg[63][3]_i_16_n_0
                         CARRY4 (Prop_carry4_CI_CO[3])
                                                      0.117    23.439 r  tv_reg[63][3]_i_8/CO[3]
                         net (fo=1, unplaced)         0.000    23.439    tv_reg[63][3]_i_8_n_0
                         CARRY4 (Prop_carry4_CI_CO[2])
                                                      0.252    23.691 r  tv_reg[63][3]_i_3/CO[2]
                         net (fo=2, unplaced)         0.463    24.154    tv_reg[63][3]_i_3_n_1
                         LUT4 (Prop_lut4_I3_O)        0.310    24.464 r  tv[63][3]_i_7/O
                         net (fo=1, unplaced)         0.000    24.464    tv[63][3]_i_7_n_0
                         CARRY4 (Prop_carry4_S[0]_CO[3])
                                                      0.513    24.977 r  tv_reg[63][3]_i_2/CO[3]
                         net (fo=1, unplaced)         0.000    24.977    tv_reg[63][3]_i_2_n_0
                         CARRY4 (Prop_carry4_CI_CO[3])
                                                      0.117    25.094 r  tv_reg[63][7]_i_2/CO[3]
                         net (fo=1, unplaced)         0.000    25.094    tv_reg[63][7]_i_2_n_0
                         CARRY4 (Prop_carry4_CI_CO[3])
                                                      0.117    25.211 r  tv_reg[63][11]_i_2/CO[3]
                         net (fo=1, unplaced)         0.000    25.211    tv_reg[63][11]_i_2_n_0
                         CARRY4 (Prop_carry4_CI_O[2])
                                                      0.256    25.467 f  tv_reg[63][15]_i_10/O[2]
                         net (fo=7, unplaced)         0.487    25.954    p_2_out[14]
                         LUT1 (Prop_lut1_I0_O)        0.301    26.255 r  tv[63][15]_i_34/O
                         net (fo=1, unplaced)         0.000    26.255    tv[63][15]_i_34_n_0
                         CARRY4 (Prop_carry4_S[1]_CO[3])
                                                      0.533    26.788 r  tv_reg[63][15]_i_9/CO[3]
                         net (fo=1, unplaced)         0.000    26.788    tv_reg[63][15]_i_9_n_0
                         CARRY4 (Prop_carry4_CI_CO[3])
                                                      0.117    26.905 r  tv_reg[63][15]_i_63/CO[3]
                         net (fo=1, unplaced)         0.000    26.905    tv_reg[63][15]_i_63_n_0
                         CARRY4 (Prop_carry4_CI_CO[3])
                                                      0.117    27.022 r  tv_reg[63][15]_i_28/CO[3]
                         net (fo=1, unplaced)         0.000    27.022    tv_reg[63][15]_i_28_n_0
                         CARRY4 (Prop_carry4_CI_O[1])
                                                      0.337    27.359 r  tv_reg[63][15]_i_8/O[1]
                         net (fo=4, unplaced)         0.635    27.994    tv_reg[63][15]_i_8_n_6
                         LUT5 (Prop_lut5_I0_O)        0.332    28.326 r  tv[63][15]_i_139/O
                         net (fo=1, unplaced)         0.000    28.326    tv[63][15]_i_139_n_0
                         CARRY4 (Prop_carry4_DI[0]_CO[3])
                                                      0.576    28.902 r  tv_reg[63][15]_i_115/CO[3]
                         net (fo=1, unplaced)         0.000    28.902    tv_reg[63][15]_i_115_n_0
                         CARRY4 (Prop_carry4_CI_CO[3])
                                                      0.117    29.019 r  tv_reg[63][15]_i_72/CO[3]
                         net (fo=1, unplaced)         0.000    29.019    tv_reg[63][15]_i_72_n_0
                         CARRY4 (Prop_carry4_CI_CO[3])
                                                      0.117    29.136 r  tv_reg[63][15]_i_40/CO[3]
                         net (fo=1, unplaced)         0.000    29.136    tv_reg[63][15]_i_40_n_0
                         CARRY4 (Prop_carry4_CI_CO[3])
                                                      0.117    29.253 r  tv_reg[63][15]_i_11/CO[3]
                         net (fo=1, unplaced)         0.000    29.253    tv_reg[63][15]_i_11_n_0
                         CARRY4 (Prop_carry4_CI_CO[2])
                                                      0.252    29.505 f  tv_reg[63][15]_i_5/CO[2]
                         net (fo=32, unplaced)        0.523    30.028    tv_reg[63][15]_i_5_n_1
                         LUT6 (Prop_lut6_I2_O)        0.310    30.338 r  val0_i_8/O
                         net (fo=78, unplaced)        0.803    31.141    val0_i_8_n_0
                         DSP48E1                                      r  val0/A[18]
  -------------------------------------------------------------------    -------------------

                         (clock clk rise edge)       10.000    10.000 r  <hidden>
                                                      0.000    10.000 r  clk
                         net (fo=43076, unset)        0.924    10.924    clk
                         DSP48E1                                      r  val0/CLK
                         clock pessimism              0.000    10.924    <hidden>
                         clock uncertainty           -0.035    10.889    <hidden>
                         DSP48E1 (Setup_dsp48e1_CLK_A[18])
                                                     -0.362    10.527    val0
  -------------------------------------------------------------------
                         required time                         10.527    <hidden>
                         arrival time                         -31.141    <hidden>
  -------------------------------------------------------------------
                         slack                                -20.614    <hidden>

Slack (VIOLATED) :        -20.614ns  (required time - arrival time)
  Source:                 fi_reg[4]/C
                            (rising edge-triggered cell FDCE clocked by clk  {rise@0.000ns fall@5.000ns period=10.000ns})
  Destination:            val0/A[19]
                            (rising edge-triggered cell DSP48E1 clocked by clk  {rise@0.000ns fall@5.000ns period=10.000ns})
  Path Group:             clk
  Path Type:              Setup (Max at Slow Process Corner)
  Requirement:            10.000ns  (clk rise@10.000ns - clk rise@0.000ns)
  Data Path Delay:        30.168ns  (logic 21.634ns (71.711%)  route 8.534ns (28.289%))
  Logic Levels:           45  (CARRY4=30 DSP48E1=4 LUT1=1 LUT2=2 LUT3=1 LUT4=3 LUT5=2 LUT6=1 MUXF7=1)
  Clock Path Skew:        -0.049ns (DCD - SCD + CPR)
    Destination Clock Delay (DCD):    0.924ns = ( 10.924 - 10.000 ) 
    Source Clock Delay      (SCD):    0.973ns
    Clock Pessimism Removal (CPR):    0.000ns
  Clock Uncertainty:      0.035ns  ((TSJ^2 + TIJ^2)^1/2 + DJ) / 2 + PE
    Total System Jitter     (TSJ):    0.071ns
    Total Input Jitter      (TIJ):    0.000ns
    Discrete Jitter          (DJ):    0.000ns
    Phase Error              (PE):    0.000ns

    Location             Delay type                Incr(ns)  Path(ns)    Netlist Resource(s)
  -------------------------------------------------------------------    -------------------
                         (clock clk rise edge)        0.000     0.000 r  <hidden>
                                                      0.000     0.000 r  clk
                         net (fo=43076, unset)        0.973     0.973    clk
                         FDCE                                         r  fi_reg[4]/C
  -------------------------------------------------------------------    -------------------
                         FDCE (Prop_fdce_C_Q)         0.478     1.451 r  fi_reg[4]/Q
                         net (fo=300, unplaced)       0.933     2.384    fi_reg_n_0_[4]
                         LUT5 (Prop_lut5_I0_O)        0.295     2.679 r  p_0_out__1_i_33/O
                         net (fo=1, unplaced)         0.000     2.679    p_0_out__1_i_33_n_0
                         MUXF7 (Prop_muxf7_I1_O)      0.247     2.926 r  p_0_out__1_i_30/O
                         net (fo=1, unplaced)         0.452     3.378    relu.a[0]
                         LUT2 (Prop_lut2_I0_O)        0.298     3.676 r  p_0_out__1_i_7/O
                         net (fo=1, unplaced)         0.803     4.479    wgt811_return[0]
                         DSP48E1 (Prop_dsp48e1_B[0]_P[1])
                                                      3.656     8.135 r  p_0_out__1/P[1]
                         net (fo=1, unplaced)         0.803     8.938    p_0_out__1_n_104
                         LUT2 (Prop_lut2_I1_O)        0.124     9.062 r  p_1_out__3_i_19/O
                         net (fo=1, unplaced)         0.000     9.062    p_1_out__3_i_19_n_0
                         CARRY4 (Prop_carry4_S[1]_CO[3])
                                                      0.533     9.595 r  p_1_out__3_i_4/CO[3]
                         net (fo=1, unplaced)         0.000     9.595    p_1_out__3_i_4_n_0
                         CARRY4 (Prop_carry4_CI_CO[3])
                                                      0.117     9.712 r  p_1_out__3_i_3/CO[3]
                         net (fo=1, unplaced)         0.000     9.712    p_1_out__3_i_3_n_0
                         CARRY4 (Prop_carry4_CI_CO[3])
                                                      0.117     9.829 r  p_1_out__3_i_2/CO[3]
                         net (fo=1, unplaced)         0.000     9.829    p_1_out__3_i_2_n_0
                         CARRY4 (Prop_carry4_CI_CO[3])
                                                      0.117     9.946 r  p_1_out__3_i_1/CO[3]
                         net (fo=1, unplaced)         0.000     9.946    p_1_out__3_i_1_n_0
                         CARRY4 (Prop_carry4_CI_CO[3])
                                                      0.117    10.063 r  p_1_out__0_i_5/CO[3]
                         net (fo=1, unplaced)         0.000    10.063    p_1_out__0_i_5_n_0
                         CARRY4 (Prop_carry4_CI_CO[3])
                                                      0.117    10.180 r  p_1_out__0_i_4/CO[3]
                         net (fo=1, unplaced)         0.000    10.180    p_1_out__0_i_4_n_0
                         CARRY4 (Prop_carry4_CI_CO[3])
                                                      0.117    10.297 r  p_1_out__0_i_3/CO[3]
                         net (fo=1, unplaced)         0.000    10.297    p_1_out__0_i_3_n_0
                         CARRY4 (Prop_carry4_CI_CO[3])
                                                      0.117    10.414 r  p_1_out__0_i_2/CO[3]
                         net (fo=1, unplaced)         0.000    10.414    p_1_out__0_i_2_n_0
                         CARRY4 (Prop_carry4_CI_O[1])
                                                      0.337    10.751 r  p_1_out__0_i_1/O[1]
                         net (fo=2, unplaced)         0.803    11.554    relu.val[33]
                         DSP48E1 (Prop_dsp48e1_A[16]_PCOUT[47])
                                                      4.215    15.769 r  p_1_out__0/PCOUT[47]
                         net (fo=1, unplaced)         0.000    15.769    p_1_out__0_n_106
                         DSP48E1 (Prop_dsp48e1_PCIN[47]_PCOUT[47])
                                                      1.713    17.482 r  p_1_out__1/PCOUT[47]
                         net (fo=1, unplaced)         0.000    17.482    p_1_out__1_n_106
                         DSP48E1 (Prop_dsp48e1_PCIN[47]_P[1])
                                                      1.518    19.000 r  p_1_out__2/P[1]
                         net (fo=3, unplaced)         0.803    19.802    p_1_out__2_n_104
                         LUT3 (Prop_lut3_I1_O)        0.149    19.951 r  tv[63][15]_i_89/O
                         net (fo=2, unplaced)         0.459    20.410    tv[63][15]_i_89_n_0
                         LUT4 (Prop_lut4_I3_O)        0.355    20.765 r  tv[63][15]_i_93/O
                         net (fo=1, unplaced)         0.000    20.765    tv[63][15]_i_93_n_0
                         CARRY4 (Prop_carry4_S[0]_CO[3])
                                                      0.513    21.278 r  tv_reg[63][15]_i_54/CO[3]
                         net (fo=1, unplaced)         0.000    21.278    tv_reg[63][15]_i_54_n_0
                         CARRY4 (Prop_carry4_CI_CO[3])
                                                      0.117    21.395 r  tv_reg[63][15]_i_22/CO[3]
                         net (fo=1, unplaced)         0.000    21.395    tv_reg[63][15]_i_22_n_0
                         CARRY4 (Prop_carry4_CI_O[2])
                                                      0.256    21.651 r  tv_reg[63][15]_i_7/O[2]
                         net (fo=192, unplaced)       0.568    22.219    p_3_out[63]
                         LUT4 (Prop_lut4_I2_O)        0.293    22.512 r  tv[63][3]_i_80/O
                         net (fo=1, unplaced)         0.000    22.512    tv[63][3]_i_80_n_0
                         CARRY4 (Prop_carry4_DI[0]_CO[3])
                                                      0.576    23.088 r  tv_reg[63][3]_i_58/CO[3]
                         net (fo=1, unplaced)         0.000    23.088    tv_reg[63][3]_i_58_n_0
                         CARRY4 (Prop_carry4_CI_CO[3])
                                                      0.117    23.205 r  tv_reg[63][3]_i_36/CO[3]
                         net (fo=1, unplaced)         0.000    23.205    tv_reg[63][3]_i_36_n_0
                         CARRY4 (Prop_carry4_CI_CO[3])
                                                      0.117    23.322 r  tv_reg[63][3]_i_16/CO[3]
                         net (fo=1, unplaced)         0.000    23.322    tv_reg[63][3]_i_16_n_0
                         CARRY4 (Prop_carry4_CI_CO[3])
                                                      0.117    23.439 r  tv_reg[63][3]_i_8/CO[3]
                         net (fo=1, unplaced)         0.000    23.439    tv_reg[63][3]_i_8_n_0
                         CARRY4 (Prop_carry4_CI_CO[2])
                                                      0.252    23.691 r  tv_reg[63][3]_i_3/CO[2]
                         net (fo=2, unplaced)         0.463    24.154    tv_reg[63][3]_i_3_n_1
                         LUT4 (Prop_lut4_I3_O)        0.310    24.464 r  tv[63][3]_i_7/O
                         net (fo=1, unplaced)         0.000    24.464    tv[63][3]_i_7_n_0
                         CARRY4 (Prop_carry4_S[0]_CO[3])
                                                      0.513    24.977 r  tv_reg[63][3]_i_2/CO[3]
                         net (fo=1, unplaced)         0.000    24.977    tv_reg[63][3]_i_2_n_0
                         CARRY4 (Prop_carry4_CI_CO[3])
                                                      0.117    25.094 r  tv_reg[63][7]_i_2/CO[3]
                         net (fo=1, unplaced)         0.000    25.094    tv_reg[63][7]_i_2_n_0
                         CARRY4 (Prop_carry4_CI_CO[3])
                                                      0.117    25.211 r  tv_reg[63][11]_i_2/CO[3]
                         net (fo=1, unplaced)         0.000    25.211    tv_reg[63][11]_i_2_n_0
                         CARRY4 (Prop_carry4_CI_O[2])
                                                      0.256    25.467 f  tv_reg[63][15]_i_10/O[2]
                         net (fo=7, unplaced)         0.487    25.954    p_2_out[14]
                         LUT1 (Prop_lut1_I0_O)        0.301    26.255 r  tv[63][15]_i_34/O
                         net (fo=1, unplaced)         0.000    26.255    tv[63][15]_i_34_n_0
                         CARRY4 (Prop_carry4_S[1]_CO[3])
                                                      0.533    26.788 r  tv_reg[63][15]_i_9/CO[3]
                         net (fo=1, unplaced)         0.000    26.788    tv_reg[63][15]_i_9_n_0
                         CARRY4 (Prop_carry4_CI_CO[3])
                                                      0.117    26.905 r  tv_reg[63][15]_i_63/CO[3]
                         net (fo=1, unplaced)         0.000    26.905    tv_reg[63][15]_i_63_n_0
                         CARRY4 (Prop_carry4_CI_CO[3])
                                                      0.117    27.022 r  tv_reg[63][15]_i_28/CO[3]
                         net (fo=1, unplaced)         0.000    27.022    tv_reg[63][15]_i_28_n_0
                         CARRY4 (Prop_carry4_CI_O[1])
                                                      0.337    27.359 r  tv_reg[63][15]_i_8/O[1]
                         net (fo=4, unplaced)         0.635    27.994    tv_reg[63][15]_i_8_n_6
                         LUT5 (Prop_lut5_I0_O)        0.332    28.326 r  tv[63][15]_i_139/O
                         net (fo=1, unplaced)         0.000    28.326    tv[63][15]_i_139_n_0
                         CARRY4 (Prop_carry4_DI[0]_CO[3])
                                                      0.576    28.902 r  tv_reg[63][15]_i_115/CO[3]
                         net (fo=1, unplaced)         0.000    28.902    tv_reg[63][15]_i_115_n_0
                         CARRY4 (Prop_carry4_CI_CO[3])
                                                      0.117    29.019 r  tv_reg[63][15]_i_72/CO[3]
                         net (fo=1, unplaced)         0.000    29.019    tv_reg[63][15]_i_72_n_0
                         CARRY4 (Prop_carry4_CI_CO[3])
                                                      0.117    29.136 r  tv_reg[63][15]_i_40/CO[3]
                         net (fo=1, unplaced)         0.000    29.136    tv_reg[63][15]_i_40_n_0
                         CARRY4 (Prop_carry4_CI_CO[3])
                                                      0.117    29.253 r  tv_reg[63][15]_i_11/CO[3]
                         net (fo=1, unplaced)         0.000    29.253    tv_reg[63][15]_i_11_n_0
                         CARRY4 (Prop_carry4_CI_CO[2])
                                                      0.252    29.505 f  tv_reg[63][15]_i_5/CO[2]
                         net (fo=32, unplaced)        0.523    30.028    tv_reg[63][15]_i_5_n_1
                         LUT6 (Prop_lut6_I2_O)        0.310    30.338 r  val0_i_8/O
                         net (fo=78, unplaced)        0.803    31.141    val0_i_8_n_0
                         DSP48E1                                      r  val0/A[19]
  -------------------------------------------------------------------    -------------------

                         (clock clk rise edge)       10.000    10.000 r  <hidden>
                                                      0.000    10.000 r  clk
                         net (fo=43076, unset)        0.924    10.924    clk
                         DSP48E1                                      r  val0/CLK
                         clock pessimism              0.000    10.924    <hidden>
                         clock uncertainty           -0.035    10.889    <hidden>
                         DSP48E1 (Setup_dsp48e1_CLK_A[19])
                                                     -0.362    10.527    val0
  -------------------------------------------------------------------
                         required time                         10.527    <hidden>
                         arrival time                         -31.141    <hidden>
  -------------------------------------------------------------------
                         slack                                -20.614    <hidden>

Slack (VIOLATED) :        -20.614ns  (required time - arrival time)
  Source:                 fi_reg[4]/C
                            (rising edge-triggered cell FDCE clocked by clk  {rise@0.000ns fall@5.000ns period=10.000ns})
  Destination:            val0/A[1]
                            (rising edge-triggered cell DSP48E1 clocked by clk  {rise@0.000ns fall@5.000ns period=10.000ns})
  Path Group:             clk
  Path Type:              Setup (Max at Slow Process Corner)
  Requirement:            10.000ns  (clk rise@10.000ns - clk rise@0.000ns)
  Data Path Delay:        30.168ns  (logic 21.634ns (71.711%)  route 8.534ns (28.289%))
  Logic Levels:           45  (CARRY4=30 DSP48E1=4 LUT1=1 LUT2=2 LUT3=1 LUT4=3 LUT5=2 LUT6=1 MUXF7=1)
  Clock Path Skew:        -0.049ns (DCD - SCD + CPR)
    Destination Clock Delay (DCD):    0.924ns = ( 10.924 - 10.000 ) 
    Source Clock Delay      (SCD):    0.973ns
    Clock Pessimism Removal (CPR):    0.000ns
  Clock Uncertainty:      0.035ns  ((TSJ^2 + TIJ^2)^1/2 + DJ) / 2 + PE
    Total System Jitter     (TSJ):    0.071ns
    Total Input Jitter      (TIJ):    0.000ns
    Discrete Jitter          (DJ):    0.000ns
    Phase Error              (PE):    0.000ns

    Location             Delay type                Incr(ns)  Path(ns)    Netlist Resource(s)
  -------------------------------------------------------------------    -------------------
                         (clock clk rise edge)        0.000     0.000 r  <hidden>
                                                      0.000     0.000 r  clk
                         net (fo=43076, unset)        0.973     0.973    clk
                         FDCE                                         r  fi_reg[4]/C
  -------------------------------------------------------------------    -------------------
                         FDCE (Prop_fdce_C_Q)         0.478     1.451 r  fi_reg[4]/Q
                         net (fo=300, unplaced)       0.933     2.384    fi_reg_n_0_[4]
                         LUT5 (Prop_lut5_I0_O)        0.295     2.679 r  p_0_out__1_i_33/O
                         net (fo=1, unplaced)         0.000     2.679    p_0_out__1_i_33_n_0
                         MUXF7 (Prop_muxf7_I1_O)      0.247     2.926 r  p_0_out__1_i_30/O
                         net (fo=1, unplaced)         0.452     3.378    relu.a[0]
                         LUT2 (Prop_lut2_I0_O)        0.298     3.676 r  p_0_out__1_i_7/O
                         net (fo=1, unplaced)         0.803     4.479    wgt811_return[0]
                         DSP48E1 (Prop_dsp48e1_B[0]_P[1])
                                                      3.656     8.135 r  p_0_out__1/P[1]
                         net (fo=1, unplaced)         0.803     8.938    p_0_out__1_n_104
                         LUT2 (Prop_lut2_I1_O)        0.124     9.062 r  p_1_out__3_i_19/O
                         net (fo=1, unplaced)         0.000     9.062    p_1_out__3_i_19_n_0
                         CARRY4 (Prop_carry4_S[1]_CO[3])
                                                      0.533     9.595 r  p_1_out__3_i_4/CO[3]
                         net (fo=1, unplaced)         0.000     9.595    p_1_out__3_i_4_n_0
                         CARRY4 (Prop_carry4_CI_CO[3])
                                                      0.117     9.712 r  p_1_out__3_i_3/CO[3]
                         net (fo=1, unplaced)         0.000     9.712    p_1_out__3_i_3_n_0
                         CARRY4 (Prop_carry4_CI_CO[3])
                                                      0.117     9.829 r  p_1_out__3_i_2/CO[3]
                         net (fo=1, unplaced)         0.000     9.829    p_1_out__3_i_2_n_0
                         CARRY4 (Prop_carry4_CI_CO[3])
                                                      0.117     9.946 r  p_1_out__3_i_1/CO[3]
                         net (fo=1, unplaced)         0.000     9.946    p_1_out__3_i_1_n_0
                         CARRY4 (Prop_carry4_CI_CO[3])
                                                      0.117    10.063 r  p_1_out__0_i_5/CO[3]
                         net (fo=1, unplaced)         0.000    10.063    p_1_out__0_i_5_n_0
                         CARRY4 (Prop_carry4_CI_CO[3])
                                                      0.117    10.180 r  p_1_out__0_i_4/CO[3]
                         net (fo=1, unplaced)         0.000    10.180    p_1_out__0_i_4_n_0
                         CARRY4 (Prop_carry4_CI_CO[3])
                                                      0.117    10.297 r  p_1_out__0_i_3/CO[3]
                         net (fo=1, unplaced)         0.000    10.297    p_1_out__0_i_3_n_0
                         CARRY4 (Prop_carry4_CI_CO[3])
                                                      0.117    10.414 r  p_1_out__0_i_2/CO[3]
                         net (fo=1, unplaced)         0.000    10.414    p_1_out__0_i_2_n_0
                         CARRY4 (Prop_carry4_CI_O[1])
                                                      0.337    10.751 r  p_1_out__0_i_1/O[1]
                         net (fo=2, unplaced)         0.803    11.554    relu.val[33]
                         DSP48E1 (Prop_dsp48e1_A[16]_PCOUT[47])
                                                      4.215    15.769 r  p_1_out__0/PCOUT[47]
                         net (fo=1, unplaced)         0.000    15.769    p_1_out__0_n_106
                         DSP48E1 (Prop_dsp48e1_PCIN[47]_PCOUT[47])
                                                      1.713    17.482 r  p_1_out__1/PCOUT[47]
                         net (fo=1, unplaced)         0.000    17.482    p_1_out__1_n_106
                         DSP48E1 (Prop_dsp48e1_PCIN[47]_P[1])
                                                      1.518    19.000 r  p_1_out__2/P[1]
                         net (fo=3, unplaced)         0.803    19.802    p_1_out__2_n_104
                         LUT3 (Prop_lut3_I1_O)        0.149    19.951 r  tv[63][15]_i_89/O
                         net (fo=2, unplaced)         0.459    20.410    tv[63][15]_i_89_n_0
                         LUT4 (Prop_lut4_I3_O)        0.355    20.765 r  tv[63][15]_i_93/O
                         net (fo=1, unplaced)         0.000    20.765    tv[63][15]_i_93_n_0
                         CARRY4 (Prop_carry4_S[0]_CO[3])
                                                      0.513    21.278 r  tv_reg[63][15]_i_54/CO[3]
                         net (fo=1, unplaced)         0.000    21.278    tv_reg[63][15]_i_54_n_0
                         CARRY4 (Prop_carry4_CI_CO[3])
                                                      0.117    21.395 r  tv_reg[63][15]_i_22/CO[3]
                         net (fo=1, unplaced)         0.000    21.395    tv_reg[63][15]_i_22_n_0
                         CARRY4 (Prop_carry4_CI_O[2])
                                                      0.256    21.651 r  tv_reg[63][15]_i_7/O[2]
                         net (fo=192, unplaced)       0.568    22.219    p_3_out[63]
                         LUT4 (Prop_lut4_I2_O)        0.293    22.512 r  tv[63][3]_i_80/O
                         net (fo=1, unplaced)         0.000    22.512    tv[63][3]_i_80_n_0
                         CARRY4 (Prop_carry4_DI[0]_CO[3])
                                                      0.576    23.088 r  tv_reg[63][3]_i_58/CO[3]
                         net (fo=1, unplaced)         0.000    23.088    tv_reg[63][3]_i_58_n_0
                         CARRY4 (Prop_carry4_CI_CO[3])
                                                      0.117    23.205 r  tv_reg[63][3]_i_36/CO[3]
                         net (fo=1, unplaced)         0.000    23.205    tv_reg[63][3]_i_36_n_0
                         CARRY4 (Prop_carry4_CI_CO[3])
                                                      0.117    23.322 r  tv_reg[63][3]_i_16/CO[3]
                         net (fo=1, unplaced)         0.000    23.322    tv_reg[63][3]_i_16_n_0
                         CARRY4 (Prop_carry4_CI_CO[3])
                                                      0.117    23.439 r  tv_reg[63][3]_i_8/CO[3]
                         net (fo=1, unplaced)         0.000    23.439    tv_reg[63][3]_i_8_n_0
                         CARRY4 (Prop_carry4_CI_CO[2])
                                                      0.252    23.691 r  tv_reg[63][3]_i_3/CO[2]
                         net (fo=2, unplaced)         0.463    24.154    tv_reg[63][3]_i_3_n_1
                         LUT4 (Prop_lut4_I3_O)        0.310    24.464 r  tv[63][3]_i_7/O
                         net (fo=1, unplaced)         0.000    24.464    tv[63][3]_i_7_n_0
                         CARRY4 (Prop_carry4_S[0]_CO[3])
                                                      0.513    24.977 r  tv_reg[63][3]_i_2/CO[3]
                         net (fo=1, unplaced)         0.000    24.977    tv_reg[63][3]_i_2_n_0
                         CARRY4 (Prop_carry4_CI_CO[3])
                                                      0.117    25.094 r  tv_reg[63][7]_i_2/CO[3]
                         net (fo=1, unplaced)         0.000    25.094    tv_reg[63][7]_i_2_n_0
                         CARRY4 (Prop_carry4_CI_CO[3])
                                                      0.117    25.211 r  tv_reg[63][11]_i_2/CO[3]
                         net (fo=1, unplaced)         0.000    25.211    tv_reg[63][11]_i_2_n_0
                         CARRY4 (Prop_carry4_CI_O[2])
                                                      0.256    25.467 f  tv_reg[63][15]_i_10/O[2]
                         net (fo=7, unplaced)         0.487    25.954    p_2_out[14]
                         LUT1 (Prop_lut1_I0_O)        0.301    26.255 r  tv[63][15]_i_34/O
                         net (fo=1, unplaced)         0.000    26.255    tv[63][15]_i_34_n_0
                         CARRY4 (Prop_carry4_S[1]_CO[3])
                                                      0.533    26.788 r  tv_reg[63][15]_i_9/CO[3]
                         net (fo=1, unplaced)         0.000    26.788    tv_reg[63][15]_i_9_n_0
                         CARRY4 (Prop_carry4_CI_CO[3])
                                                      0.117    26.905 r  tv_reg[63][15]_i_63/CO[3]
                         net (fo=1, unplaced)         0.000    26.905    tv_reg[63][15]_i_63_n_0
                         CARRY4 (Prop_carry4_CI_CO[3])
                                                      0.117    27.022 r  tv_reg[63][15]_i_28/CO[3]
                         net (fo=1, unplaced)         0.000    27.022    tv_reg[63][15]_i_28_n_0
                         CARRY4 (Prop_carry4_CI_O[1])
                                                      0.337    27.359 r  tv_reg[63][15]_i_8/O[1]
                         net (fo=4, unplaced)         0.635    27.994    tv_reg[63][15]_i_8_n_6
                         LUT5 (Prop_lut5_I0_O)        0.332    28.326 r  tv[63][15]_i_139/O
                         net (fo=1, unplaced)         0.000    28.326    tv[63][15]_i_139_n_0
                         CARRY4 (Prop_carry4_DI[0]_CO[3])
                                                      0.576    28.902 r  tv_reg[63][15]_i_115/CO[3]
                         net (fo=1, unplaced)         0.000    28.902    tv_reg[63][15]_i_115_n_0
                         CARRY4 (Prop_carry4_CI_CO[3])
                                                      0.117    29.019 r  tv_reg[63][15]_i_72/CO[3]
                         net (fo=1, unplaced)         0.000    29.019    tv_reg[63][15]_i_72_n_0
                         CARRY4 (Prop_carry4_CI_CO[3])
                                                      0.117    29.136 r  tv_reg[63][15]_i_40/CO[3]
                         net (fo=1, unplaced)         0.000    29.136    tv_reg[63][15]_i_40_n_0
                         CARRY4 (Prop_carry4_CI_CO[3])
                                                      0.117    29.253 r  tv_reg[63][15]_i_11/CO[3]
                         net (fo=1, unplaced)         0.000    29.253    tv_reg[63][15]_i_11_n_0
                         CARRY4 (Prop_carry4_CI_CO[2])
                                                      0.252    29.505 r  tv_reg[63][15]_i_5/CO[2]
                         net (fo=32, unplaced)        0.523    30.028    tv_reg[63][15]_i_5_n_1
                         LUT6 (Prop_lut6_I2_O)        0.310    30.338 r  val0_i_22/O
                         net (fo=64, unplaced)        0.803    31.141    val0_i_22_n_0
                         DSP48E1                                      r  val0/A[1]
  -------------------------------------------------------------------    -------------------

                         (clock clk rise edge)       10.000    10.000 r  <hidden>
                                                      0.000    10.000 r  clk
                         net (fo=43076, unset)        0.924    10.924    clk
                         DSP48E1                                      r  val0/CLK
                         clock pessimism              0.000    10.924    <hidden>
                         clock uncertainty           -0.035    10.889    <hidden>
                         DSP48E1 (Setup_dsp48e1_CLK_A[1])
                                                     -0.362    10.527    val0
  -------------------------------------------------------------------
                         required time                         10.527    <hidden>
                         arrival time                         -31.141    <hidden>
  -------------------------------------------------------------------
                         slack                                -20.614    <hidden>

Slack (VIOLATED) :        -20.614ns  (required time - arrival time)
  Source:                 fi_reg[4]/C
                            (rising edge-triggered cell FDCE clocked by clk  {rise@0.000ns fall@5.000ns period=10.000ns})
  Destination:            val0/A[20]
                            (rising edge-triggered cell DSP48E1 clocked by clk  {rise@0.000ns fall@5.000ns period=10.000ns})
  Path Group:             clk
  Path Type:              Setup (Max at Slow Process Corner)
  Requirement:            10.000ns  (clk rise@10.000ns - clk rise@0.000ns)
  Data Path Delay:        30.168ns  (logic 21.634ns (71.711%)  route 8.534ns (28.289%))
  Logic Levels:           45  (CARRY4=30 DSP48E1=4 LUT1=1 LUT2=2 LUT3=1 LUT4=3 LUT5=2 LUT6=1 MUXF7=1)
  Clock Path Skew:        -0.049ns (DCD - SCD + CPR)
    Destination Clock Delay (DCD):    0.924ns = ( 10.924 - 10.000 ) 
    Source Clock Delay      (SCD):    0.973ns
    Clock Pessimism Removal (CPR):    0.000ns
  Clock Uncertainty:      0.035ns  ((TSJ^2 + TIJ^2)^1/2 + DJ) / 2 + PE
    Total System Jitter     (TSJ):    0.071ns
    Total Input Jitter      (TIJ):    0.000ns
    Discrete Jitter          (DJ):    0.000ns
    Phase Error              (PE):    0.000ns

    Location             Delay type                Incr(ns)  Path(ns)    Netlist Resource(s)
  -------------------------------------------------------------------    -------------------
                         (clock clk rise edge)        0.000     0.000 r  <hidden>
                                                      0.000     0.000 r  clk
                         net (fo=43076, unset)        0.973     0.973    clk
                         FDCE                                         r  fi_reg[4]/C
  -------------------------------------------------------------------    -------------------
                         FDCE (Prop_fdce_C_Q)         0.478     1.451 r  fi_reg[4]/Q
                         net (fo=300, unplaced)       0.933     2.384    fi_reg_n_0_[4]
                         LUT5 (Prop_lut5_I0_O)        0.295     2.679 r  p_0_out__1_i_33/O
                         net (fo=1, unplaced)         0.000     2.679    p_0_out__1_i_33_n_0
                         MUXF7 (Prop_muxf7_I1_O)      0.247     2.926 r  p_0_out__1_i_30/O
                         net (fo=1, unplaced)         0.452     3.378    relu.a[0]
                         LUT2 (Prop_lut2_I0_O)        0.298     3.676 r  p_0_out__1_i_7/O
                         net (fo=1, unplaced)         0.803     4.479    wgt811_return[0]
                         DSP48E1 (Prop_dsp48e1_B[0]_P[1])
                                                      3.656     8.135 r  p_0_out__1/P[1]
                         net (fo=1, unplaced)         0.803     8.938    p_0_out__1_n_104
                         LUT2 (Prop_lut2_I1_O)        0.124     9.062 r  p_1_out__3_i_19/O
                         net (fo=1, unplaced)         0.000     9.062    p_1_out__3_i_19_n_0
                         CARRY4 (Prop_carry4_S[1]_CO[3])
                                                      0.533     9.595 r  p_1_out__3_i_4/CO[3]
                         net (fo=1, unplaced)         0.000     9.595    p_1_out__3_i_4_n_0
                         CARRY4 (Prop_carry4_CI_CO[3])
                                                      0.117     9.712 r  p_1_out__3_i_3/CO[3]
                         net (fo=1, unplaced)         0.000     9.712    p_1_out__3_i_3_n_0
                         CARRY4 (Prop_carry4_CI_CO[3])
                                                      0.117     9.829 r  p_1_out__3_i_2/CO[3]
                         net (fo=1, unplaced)         0.000     9.829    p_1_out__3_i_2_n_0
                         CARRY4 (Prop_carry4_CI_CO[3])
                                                      0.117     9.946 r  p_1_out__3_i_1/CO[3]
                         net (fo=1, unplaced)         0.000     9.946    p_1_out__3_i_1_n_0
                         CARRY4 (Prop_carry4_CI_CO[3])
                                                      0.117    10.063 r  p_1_out__0_i_5/CO[3]
                         net (fo=1, unplaced)         0.000    10.063    p_1_out__0_i_5_n_0
                         CARRY4 (Prop_carry4_CI_CO[3])
                                                      0.117    10.180 r  p_1_out__0_i_4/CO[3]
                         net (fo=1, unplaced)         0.000    10.180    p_1_out__0_i_4_n_0
                         CARRY4 (Prop_carry4_CI_CO[3])
                                                      0.117    10.297 r  p_1_out__0_i_3/CO[3]
                         net (fo=1, unplaced)         0.000    10.297    p_1_out__0_i_3_n_0
                         CARRY4 (Prop_carry4_CI_CO[3])
                                                      0.117    10.414 r  p_1_out__0_i_2/CO[3]
                         net (fo=1, unplaced)         0.000    10.414    p_1_out__0_i_2_n_0
                         CARRY4 (Prop_carry4_CI_O[1])
                                                      0.337    10.751 r  p_1_out__0_i_1/O[1]
                         net (fo=2, unplaced)         0.803    11.554    relu.val[33]
                         DSP48E1 (Prop_dsp48e1_A[16]_PCOUT[47])
                                                      4.215    15.769 r  p_1_out__0/PCOUT[47]
                         net (fo=1, unplaced)         0.000    15.769    p_1_out__0_n_106
                         DSP48E1 (Prop_dsp48e1_PCIN[47]_PCOUT[47])
                                                      1.713    17.482 r  p_1_out__1/PCOUT[47]
                         net (fo=1, unplaced)         0.000    17.482    p_1_out__1_n_106
                         DSP48E1 (Prop_dsp48e1_PCIN[47]_P[1])
                                                      1.518    19.000 r  p_1_out__2/P[1]
                         net (fo=3, unplaced)         0.803    19.802    p_1_out__2_n_104
                         LUT3 (Prop_lut3_I1_O)        0.149    19.951 r  tv[63][15]_i_89/O
                         net (fo=2, unplaced)         0.459    20.410    tv[63][15]_i_89_n_0
                         LUT4 (Prop_lut4_I3_O)        0.355    20.765 r  tv[63][15]_i_93/O
                         net (fo=1, unplaced)         0.000    20.765    tv[63][15]_i_93_n_0
                         CARRY4 (Prop_carry4_S[0]_CO[3])
                                                      0.513    21.278 r  tv_reg[63][15]_i_54/CO[3]
                         net (fo=1, unplaced)         0.000    21.278    tv_reg[63][15]_i_54_n_0
                         CARRY4 (Prop_carry4_CI_CO[3])
                                                      0.117    21.395 r  tv_reg[63][15]_i_22/CO[3]
                         net (fo=1, unplaced)         0.000    21.395    tv_reg[63][15]_i_22_n_0
                         CARRY4 (Prop_carry4_CI_O[2])
                                                      0.256    21.651 r  tv_reg[63][15]_i_7/O[2]
                         net (fo=192, unplaced)       0.568    22.219    p_3_out[63]
                         LUT4 (Prop_lut4_I2_O)        0.293    22.512 r  tv[63][3]_i_80/O
                         net (fo=1, unplaced)         0.000    22.512    tv[63][3]_i_80_n_0
                         CARRY4 (Prop_carry4_DI[0]_CO[3])
                                                      0.576    23.088 r  tv_reg[63][3]_i_58/CO[3]
                         net (fo=1, unplaced)         0.000    23.088    tv_reg[63][3]_i_58_n_0
                         CARRY4 (Prop_carry4_CI_CO[3])
                                                      0.117    23.205 r  tv_reg[63][3]_i_36/CO[3]
                         net (fo=1, unplaced)         0.000    23.205    tv_reg[63][3]_i_36_n_0
                         CARRY4 (Prop_carry4_CI_CO[3])
                                                      0.117    23.322 r  tv_reg[63][3]_i_16/CO[3]
                         net (fo=1, unplaced)         0.000    23.322    tv_reg[63][3]_i_16_n_0
                         CARRY4 (Prop_carry4_CI_CO[3])
                                                      0.117    23.439 r  tv_reg[63][3]_i_8/CO[3]
                         net (fo=1, unplaced)         0.000    23.439    tv_reg[63][3]_i_8_n_0
                         CARRY4 (Prop_carry4_CI_CO[2])
                                                      0.252    23.691 r  tv_reg[63][3]_i_3/CO[2]
                         net (fo=2, unplaced)         0.463    24.154    tv_reg[63][3]_i_3_n_1
                         LUT4 (Prop_lut4_I3_O)        0.310    24.464 r  tv[63][3]_i_7/O
                         net (fo=1, unplaced)         0.000    24.464    tv[63][3]_i_7_n_0
                         CARRY4 (Prop_carry4_S[0]_CO[3])
                                                      0.513    24.977 r  tv_reg[63][3]_i_2/CO[3]
                         net (fo=1, unplaced)         0.000    24.977    tv_reg[63][3]_i_2_n_0
                         CARRY4 (Prop_carry4_CI_CO[3])
                                                      0.117    25.094 r  tv_reg[63][7]_i_2/CO[3]
                         net (fo=1, unplaced)         0.000    25.094    tv_reg[63][7]_i_2_n_0
                         CARRY4 (Prop_carry4_CI_CO[3])
                                                      0.117    25.211 r  tv_reg[63][11]_i_2/CO[3]
                         net (fo=1, unplaced)         0.000    25.211    tv_reg[63][11]_i_2_n_0
                         CARRY4 (Prop_carry4_CI_O[2])
                                                      0.256    25.467 f  tv_reg[63][15]_i_10/O[2]
                         net (fo=7, unplaced)         0.487    25.954    p_2_out[14]
                         LUT1 (Prop_lut1_I0_O)        0.301    26.255 r  tv[63][15]_i_34/O
                         net (fo=1, unplaced)         0.000    26.255    tv[63][15]_i_34_n_0
                         CARRY4 (Prop_carry4_S[1]_CO[3])
                                                      0.533    26.788 r  tv_reg[63][15]_i_9/CO[3]
                         net (fo=1, unplaced)         0.000    26.788    tv_reg[63][15]_i_9_n_0
                         CARRY4 (Prop_carry4_CI_CO[3])
                                                      0.117    26.905 r  tv_reg[63][15]_i_63/CO[3]
                         net (fo=1, unplaced)         0.000    26.905    tv_reg[63][15]_i_63_n_0
                         CARRY4 (Prop_carry4_CI_CO[3])
                                                      0.117    27.022 r  tv_reg[63][15]_i_28/CO[3]
                         net (fo=1, unplaced)         0.000    27.022    tv_reg[63][15]_i_28_n_0
                         CARRY4 (Prop_carry4_CI_O[1])
                                                      0.337    27.359 r  tv_reg[63][15]_i_8/O[1]
                         net (fo=4, unplaced)         0.635    27.994    tv_reg[63][15]_i_8_n_6
                         LUT5 (Prop_lut5_I0_O)        0.332    28.326 r  tv[63][15]_i_139/O
                         net (fo=1, unplaced)         0.000    28.326    tv[63][15]_i_139_n_0
                         CARRY4 (Prop_carry4_DI[0]_CO[3])
                                                      0.576    28.902 r  tv_reg[63][15]_i_115/CO[3]
                         net (fo=1, unplaced)         0.000    28.902    tv_reg[63][15]_i_115_n_0
                         CARRY4 (Prop_carry4_CI_CO[3])
                                                      0.117    29.019 r  tv_reg[63][15]_i_72/CO[3]
                         net (fo=1, unplaced)         0.000    29.019    tv_reg[63][15]_i_72_n_0
                         CARRY4 (Prop_carry4_CI_CO[3])
                                                      0.117    29.136 r  tv_reg[63][15]_i_40/CO[3]
                         net (fo=1, unplaced)         0.000    29.136    tv_reg[63][15]_i_40_n_0
                         CARRY4 (Prop_carry4_CI_CO[3])
                                                      0.117    29.253 r  tv_reg[63][15]_i_11/CO[3]
                         net (fo=1, unplaced)         0.000    29.253    tv_reg[63][15]_i_11_n_0
                         CARRY4 (Prop_carry4_CI_CO[2])
                                                      0.252    29.505 f  tv_reg[63][15]_i_5/CO[2]
                         net (fo=32, unplaced)        0.523    30.028    tv_reg[63][15]_i_5_n_1
                         LUT6 (Prop_lut6_I2_O)        0.310    30.338 r  val0_i_8/O
                         net (fo=78, unplaced)        0.803    31.141    val0_i_8_n_0
                         DSP48E1                                      r  val0/A[20]
  -------------------------------------------------------------------    -------------------

                         (clock clk rise edge)       10.000    10.000 r  <hidden>
                                                      0.000    10.000 r  clk
                         net (fo=43076, unset)        0.924    10.924    clk
                         DSP48E1                                      r  val0/CLK
                         clock pessimism              0.000    10.924    <hidden>
                         clock uncertainty           -0.035    10.889    <hidden>
                         DSP48E1 (Setup_dsp48e1_CLK_A[20])
                                                     -0.362    10.527    val0
  -------------------------------------------------------------------
                         required time                         10.527    <hidden>
                         arrival time                         -31.141    <hidden>
  -------------------------------------------------------------------
                         slack                                -20.614    <hidden>

Slack (VIOLATED) :        -20.614ns  (required time - arrival time)
  Source:                 fi_reg[4]/C
                            (rising edge-triggered cell FDCE clocked by clk  {rise@0.000ns fall@5.000ns period=10.000ns})
  Destination:            val0/A[21]
                            (rising edge-triggered cell DSP48E1 clocked by clk  {rise@0.000ns fall@5.000ns period=10.000ns})
  Path Group:             clk
  Path Type:              Setup (Max at Slow Process Corner)
  Requirement:            10.000ns  (clk rise@10.000ns - clk rise@0.000ns)
  Data Path Delay:        30.168ns  (logic 21.634ns (71.711%)  route 8.534ns (28.289%))
  Logic Levels:           45  (CARRY4=30 DSP48E1=4 LUT1=1 LUT2=2 LUT3=1 LUT4=3 LUT5=2 LUT6=1 MUXF7=1)
  Clock Path Skew:        -0.049ns (DCD - SCD + CPR)
    Destination Clock Delay (DCD):    0.924ns = ( 10.924 - 10.000 ) 
    Source Clock Delay      (SCD):    0.973ns
    Clock Pessimism Removal (CPR):    0.000ns
  Clock Uncertainty:      0.035ns  ((TSJ^2 + TIJ^2)^1/2 + DJ) / 2 + PE
    Total System Jitter     (TSJ):    0.071ns
    Total Input Jitter      (TIJ):    0.000ns
    Discrete Jitter          (DJ):    0.000ns
    Phase Error              (PE):    0.000ns

    Location             Delay type                Incr(ns)  Path(ns)    Netlist Resource(s)
  -------------------------------------------------------------------    -------------------
                         (clock clk rise edge)        0.000     0.000 r  <hidden>
                                                      0.000     0.000 r  clk
                         net (fo=43076, unset)        0.973     0.973    clk
                         FDCE                                         r  fi_reg[4]/C
  -------------------------------------------------------------------    -------------------
                         FDCE (Prop_fdce_C_Q)         0.478     1.451 r  fi_reg[4]/Q
                         net (fo=300, unplaced)       0.933     2.384    fi_reg_n_0_[4]
                         LUT5 (Prop_lut5_I0_O)        0.295     2.679 r  p_0_out__1_i_33/O
                         net (fo=1, unplaced)         0.000     2.679    p_0_out__1_i_33_n_0
                         MUXF7 (Prop_muxf7_I1_O)      0.247     2.926 r  p_0_out__1_i_30/O
                         net (fo=1, unplaced)         0.452     3.378    relu.a[0]
                         LUT2 (Prop_lut2_I0_O)        0.298     3.676 r  p_0_out__1_i_7/O
                         net (fo=1, unplaced)         0.803     4.479    wgt811_return[0]
                         DSP48E1 (Prop_dsp48e1_B[0]_P[1])
                                                      3.656     8.135 r  p_0_out__1/P[1]
                         net (fo=1, unplaced)         0.803     8.938    p_0_out__1_n_104
                         LUT2 (Prop_lut2_I1_O)        0.124     9.062 r  p_1_out__3_i_19/O
                         net (fo=1, unplaced)         0.000     9.062    p_1_out__3_i_19_n_0
                         CARRY4 (Prop_carry4_S[1]_CO[3])
                                                      0.533     9.595 r  p_1_out__3_i_4/CO[3]
                         net (fo=1, unplaced)         0.000     9.595    p_1_out__3_i_4_n_0
                         CARRY4 (Prop_carry4_CI_CO[3])
                                                      0.117     9.712 r  p_1_out__3_i_3/CO[3]
                         net (fo=1, unplaced)         0.000     9.712    p_1_out__3_i_3_n_0
                         CARRY4 (Prop_carry4_CI_CO[3])
                                                      0.117     9.829 r  p_1_out__3_i_2/CO[3]
                         net (fo=1, unplaced)         0.000     9.829    p_1_out__3_i_2_n_0
                         CARRY4 (Prop_carry4_CI_CO[3])
                                                      0.117     9.946 r  p_1_out__3_i_1/CO[3]
                         net (fo=1, unplaced)         0.000     9.946    p_1_out__3_i_1_n_0
                         CARRY4 (Prop_carry4_CI_CO[3])
                                                      0.117    10.063 r  p_1_out__0_i_5/CO[3]
                         net (fo=1, unplaced)         0.000    10.063    p_1_out__0_i_5_n_0
                         CARRY4 (Prop_carry4_CI_CO[3])
                                                      0.117    10.180 r  p_1_out__0_i_4/CO[3]
                         net (fo=1, unplaced)         0.000    10.180    p_1_out__0_i_4_n_0
                         CARRY4 (Prop_carry4_CI_CO[3])
                                                      0.117    10.297 r  p_1_out__0_i_3/CO[3]
                         net (fo=1, unplaced)         0.000    10.297    p_1_out__0_i_3_n_0
                         CARRY4 (Prop_carry4_CI_CO[3])
                                                      0.117    10.414 r  p_1_out__0_i_2/CO[3]
                         net (fo=1, unplaced)         0.000    10.414    p_1_out__0_i_2_n_0
                         CARRY4 (Prop_carry4_CI_O[1])
                                                      0.337    10.751 r  p_1_out__0_i_1/O[1]
                         net (fo=2, unplaced)         0.803    11.554    relu.val[33]
                         DSP48E1 (Prop_dsp48e1_A[16]_PCOUT[47])
                                                      4.215    15.769 r  p_1_out__0/PCOUT[47]
                         net (fo=1, unplaced)         0.000    15.769    p_1_out__0_n_106
                         DSP48E1 (Prop_dsp48e1_PCIN[47]_PCOUT[47])
                                                      1.713    17.482 r  p_1_out__1/PCOUT[47]
                         net (fo=1, unplaced)         0.000    17.482    p_1_out__1_n_106
                         DSP48E1 (Prop_dsp48e1_PCIN[47]_P[1])
                                                      1.518    19.000 r  p_1_out__2/P[1]
                         net (fo=3, unplaced)         0.803    19.802    p_1_out__2_n_104
                         LUT3 (Prop_lut3_I1_O)        0.149    19.951 r  tv[63][15]_i_89/O
                         net (fo=2, unplaced)         0.459    20.410    tv[63][15]_i_89_n_0
                         LUT4 (Prop_lut4_I3_O)        0.355    20.765 r  tv[63][15]_i_93/O
                         net (fo=1, unplaced)         0.000    20.765    tv[63][15]_i_93_n_0
                         CARRY4 (Prop_carry4_S[0]_CO[3])
                                                      0.513    21.278 r  tv_reg[63][15]_i_54/CO[3]
                         net (fo=1, unplaced)         0.000    21.278    tv_reg[63][15]_i_54_n_0
                         CARRY4 (Prop_carry4_CI_CO[3])
                                                      0.117    21.395 r  tv_reg[63][15]_i_22/CO[3]
                         net (fo=1, unplaced)         0.000    21.395    tv_reg[63][15]_i_22_n_0
                         CARRY4 (Prop_carry4_CI_O[2])
                                                      0.256    21.651 r  tv_reg[63][15]_i_7/O[2]
                         net (fo=192, unplaced)       0.568    22.219    p_3_out[63]
                         LUT4 (Prop_lut4_I2_O)        0.293    22.512 r  tv[63][3]_i_80/O
                         net (fo=1, unplaced)         0.000    22.512    tv[63][3]_i_80_n_0
                         CARRY4 (Prop_carry4_DI[0]_CO[3])
                                                      0.576    23.088 r  tv_reg[63][3]_i_58/CO[3]
                         net (fo=1, unplaced)         0.000    23.088    tv_reg[63][3]_i_58_n_0
                         CARRY4 (Prop_carry4_CI_CO[3])
                                                      0.117    23.205 r  tv_reg[63][3]_i_36/CO[3]
                         net (fo=1, unplaced)         0.000    23.205    tv_reg[63][3]_i_36_n_0
                         CARRY4 (Prop_carry4_CI_CO[3])
                                                      0.117    23.322 r  tv_reg[63][3]_i_16/CO[3]
                         net (fo=1, unplaced)         0.000    23.322    tv_reg[63][3]_i_16_n_0
                         CARRY4 (Prop_carry4_CI_CO[3])
                                                      0.117    23.439 r  tv_reg[63][3]_i_8/CO[3]
                         net (fo=1, unplaced)         0.000    23.439    tv_reg[63][3]_i_8_n_0
                         CARRY4 (Prop_carry4_CI_CO[2])
                                                      0.252    23.691 r  tv_reg[63][3]_i_3/CO[2]
                         net (fo=2, unplaced)         0.463    24.154    tv_reg[63][3]_i_3_n_1
                         LUT4 (Prop_lut4_I3_O)        0.310    24.464 r  tv[63][3]_i_7/O
                         net (fo=1, unplaced)         0.000    24.464    tv[63][3]_i_7_n_0
                         CARRY4 (Prop_carry4_S[0]_CO[3])
                                                      0.513    24.977 r  tv_reg[63][3]_i_2/CO[3]
                         net (fo=1, unplaced)         0.000    24.977    tv_reg[63][3]_i_2_n_0
                         CARRY4 (Prop_carry4_CI_CO[3])
                                                      0.117    25.094 r  tv_reg[63][7]_i_2/CO[3]
                         net (fo=1, unplaced)         0.000    25.094    tv_reg[63][7]_i_2_n_0
                         CARRY4 (Prop_carry4_CI_CO[3])
                                                      0.117    25.211 r  tv_reg[63][11]_i_2/CO[3]
                         net (fo=1, unplaced)         0.000    25.211    tv_reg[63][11]_i_2_n_0
                         CARRY4 (Prop_carry4_CI_O[2])
                                                      0.256    25.467 f  tv_reg[63][15]_i_10/O[2]
                         net (fo=7, unplaced)         0.487    25.954    p_2_out[14]
                         LUT1 (Prop_lut1_I0_O)        0.301    26.255 r  tv[63][15]_i_34/O
                         net (fo=1, unplaced)         0.000    26.255    tv[63][15]_i_34_n_0
                         CARRY4 (Prop_carry4_S[1]_CO[3])
                                                      0.533    26.788 r  tv_reg[63][15]_i_9/CO[3]
                         net (fo=1, unplaced)         0.000    26.788    tv_reg[63][15]_i_9_n_0
                         CARRY4 (Prop_carry4_CI_CO[3])
                                                      0.117    26.905 r  tv_reg[63][15]_i_63/CO[3]
                         net (fo=1, unplaced)         0.000    26.905    tv_reg[63][15]_i_63_n_0
                         CARRY4 (Prop_carry4_CI_CO[3])
                                                      0.117    27.022 r  tv_reg[63][15]_i_28/CO[3]
                         net (fo=1, unplaced)         0.000    27.022    tv_reg[63][15]_i_28_n_0
                         CARRY4 (Prop_carry4_CI_O[1])
                                                      0.337    27.359 r  tv_reg[63][15]_i_8/O[1]
                         net (fo=4, unplaced)         0.635    27.994    tv_reg[63][15]_i_8_n_6
                         LUT5 (Prop_lut5_I0_O)        0.332    28.326 r  tv[63][15]_i_139/O
                         net (fo=1, unplaced)         0.000    28.326    tv[63][15]_i_139_n_0
                         CARRY4 (Prop_carry4_DI[0]_CO[3])
                                                      0.576    28.902 r  tv_reg[63][15]_i_115/CO[3]
                         net (fo=1, unplaced)         0.000    28.902    tv_reg[63][15]_i_115_n_0
                         CARRY4 (Prop_carry4_CI_CO[3])
                                                      0.117    29.019 r  tv_reg[63][15]_i_72/CO[3]
                         net (fo=1, unplaced)         0.000    29.019    tv_reg[63][15]_i_72_n_0
                         CARRY4 (Prop_carry4_CI_CO[3])
                                                      0.117    29.136 r  tv_reg[63][15]_i_40/CO[3]
                         net (fo=1, unplaced)         0.000    29.136    tv_reg[63][15]_i_40_n_0
                         CARRY4 (Prop_carry4_CI_CO[3])
                                                      0.117    29.253 r  tv_reg[63][15]_i_11/CO[3]
                         net (fo=1, unplaced)         0.000    29.253    tv_reg[63][15]_i_11_n_0
                         CARRY4 (Prop_carry4_CI_CO[2])
                                                      0.252    29.505 f  tv_reg[63][15]_i_5/CO[2]
                         net (fo=32, unplaced)        0.523    30.028    tv_reg[63][15]_i_5_n_1
                         LUT6 (Prop_lut6_I2_O)        0.310    30.338 r  val0_i_8/O
                         net (fo=78, unplaced)        0.803    31.141    val0_i_8_n_0
                         DSP48E1                                      r  val0/A[21]
  -------------------------------------------------------------------    -------------------

                         (clock clk rise edge)       10.000    10.000 r  <hidden>
                                                      0.000    10.000 r  clk
                         net (fo=43076, unset)        0.924    10.924    clk
                         DSP48E1                                      r  val0/CLK
                         clock pessimism              0.000    10.924    <hidden>
                         clock uncertainty           -0.035    10.889    <hidden>
                         DSP48E1 (Setup_dsp48e1_CLK_A[21])
                                                     -0.362    10.527    val0
  -------------------------------------------------------------------
                         required time                         10.527    <hidden>
                         arrival time                         -31.141    <hidden>
  -------------------------------------------------------------------
                         slack                                -20.614    <hidden>

Slack (VIOLATED) :        -20.614ns  (required time - arrival time)
  Source:                 fi_reg[4]/C
                            (rising edge-triggered cell FDCE clocked by clk  {rise@0.000ns fall@5.000ns period=10.000ns})
  Destination:            val0/A[22]
                            (rising edge-triggered cell DSP48E1 clocked by clk  {rise@0.000ns fall@5.000ns period=10.000ns})
  Path Group:             clk
  Path Type:              Setup (Max at Slow Process Corner)
  Requirement:            10.000ns  (clk rise@10.000ns - clk rise@0.000ns)
  Data Path Delay:        30.168ns  (logic 21.634ns (71.711%)  route 8.534ns (28.289%))
  Logic Levels:           45  (CARRY4=30 DSP48E1=4 LUT1=1 LUT2=2 LUT3=1 LUT4=3 LUT5=2 LUT6=1 MUXF7=1)
  Clock Path Skew:        -0.049ns (DCD - SCD + CPR)
    Destination Clock Delay (DCD):    0.924ns = ( 10.924 - 10.000 ) 
    Source Clock Delay      (SCD):    0.973ns
    Clock Pessimism Removal (CPR):    0.000ns
  Clock Uncertainty:      0.035ns  ((TSJ^2 + TIJ^2)^1/2 + DJ) / 2 + PE
    Total System Jitter     (TSJ):    0.071ns
    Total Input Jitter      (TIJ):    0.000ns
    Discrete Jitter          (DJ):    0.000ns
    Phase Error              (PE):    0.000ns

    Location             Delay type                Incr(ns)  Path(ns)    Netlist Resource(s)
  -------------------------------------------------------------------    -------------------
                         (clock clk rise edge)        0.000     0.000 r  <hidden>
                                                      0.000     0.000 r  clk
                         net (fo=43076, unset)        0.973     0.973    clk
                         FDCE                                         r  fi_reg[4]/C
  -------------------------------------------------------------------    -------------------
                         FDCE (Prop_fdce_C_Q)         0.478     1.451 r  fi_reg[4]/Q
                         net (fo=300, unplaced)       0.933     2.384    fi_reg_n_0_[4]
                         LUT5 (Prop_lut5_I0_O)        0.295     2.679 r  p_0_out__1_i_33/O
                         net (fo=1, unplaced)         0.000     2.679    p_0_out__1_i_33_n_0
                         MUXF7 (Prop_muxf7_I1_O)      0.247     2.926 r  p_0_out__1_i_30/O
                         net (fo=1, unplaced)         0.452     3.378    relu.a[0]
                         LUT2 (Prop_lut2_I0_O)        0.298     3.676 r  p_0_out__1_i_7/O
                         net (fo=1, unplaced)         0.803     4.479    wgt811_return[0]
                         DSP48E1 (Prop_dsp48e1_B[0]_P[1])
                                                      3.656     8.135 r  p_0_out__1/P[1]
                         net (fo=1, unplaced)         0.803     8.938    p_0_out__1_n_104
                         LUT2 (Prop_lut2_I1_O)        0.124     9.062 r  p_1_out__3_i_19/O
                         net (fo=1, unplaced)         0.000     9.062    p_1_out__3_i_19_n_0
                         CARRY4 (Prop_carry4_S[1]_CO[3])
                                                      0.533     9.595 r  p_1_out__3_i_4/CO[3]
                         net (fo=1, unplaced)         0.000     9.595    p_1_out__3_i_4_n_0
                         CARRY4 (Prop_carry4_CI_CO[3])
                                                      0.117     9.712 r  p_1_out__3_i_3/CO[3]
                         net (fo=1, unplaced)         0.000     9.712    p_1_out__3_i_3_n_0
                         CARRY4 (Prop_carry4_CI_CO[3])
                                                      0.117     9.829 r  p_1_out__3_i_2/CO[3]
                         net (fo=1, unplaced)         0.000     9.829    p_1_out__3_i_2_n_0
                         CARRY4 (Prop_carry4_CI_CO[3])
                                                      0.117     9.946 r  p_1_out__3_i_1/CO[3]
                         net (fo=1, unplaced)         0.000     9.946    p_1_out__3_i_1_n_0
                         CARRY4 (Prop_carry4_CI_CO[3])
                                                      0.117    10.063 r  p_1_out__0_i_5/CO[3]
                         net (fo=1, unplaced)         0.000    10.063    p_1_out__0_i_5_n_0
                         CARRY4 (Prop_carry4_CI_CO[3])
                                                      0.117    10.180 r  p_1_out__0_i_4/CO[3]
                         net (fo=1, unplaced)         0.000    10.180    p_1_out__0_i_4_n_0
                         CARRY4 (Prop_carry4_CI_CO[3])
                                                      0.117    10.297 r  p_1_out__0_i_3/CO[3]
                         net (fo=1, unplaced)         0.000    10.297    p_1_out__0_i_3_n_0
                         CARRY4 (Prop_carry4_CI_CO[3])
                                                      0.117    10.414 r  p_1_out__0_i_2/CO[3]
                         net (fo=1, unplaced)         0.000    10.414    p_1_out__0_i_2_n_0
                         CARRY4 (Prop_carry4_CI_O[1])
                                                      0.337    10.751 r  p_1_out__0_i_1/O[1]
                         net (fo=2, unplaced)         0.803    11.554    relu.val[33]
                         DSP48E1 (Prop_dsp48e1_A[16]_PCOUT[47])
                                                      4.215    15.769 r  p_1_out__0/PCOUT[47]
                         net (fo=1, unplaced)         0.000    15.769    p_1_out__0_n_106
                         DSP48E1 (Prop_dsp48e1_PCIN[47]_PCOUT[47])
                                                      1.713    17.482 r  p_1_out__1/PCOUT[47]
                         net (fo=1, unplaced)         0.000    17.482    p_1_out__1_n_106
                         DSP48E1 (Prop_dsp48e1_PCIN[47]_P[1])
                                                      1.518    19.000 r  p_1_out__2/P[1]
                         net (fo=3, unplaced)         0.803    19.802    p_1_out__2_n_104
                         LUT3 (Prop_lut3_I1_O)        0.149    19.951 r  tv[63][15]_i_89/O
                         net (fo=2, unplaced)         0.459    20.410    tv[63][15]_i_89_n_0
                         LUT4 (Prop_lut4_I3_O)        0.355    20.765 r  tv[63][15]_i_93/O
                         net (fo=1, unplaced)         0.000    20.765    tv[63][15]_i_93_n_0
                         CARRY4 (Prop_carry4_S[0]_CO[3])
                                                      0.513    21.278 r  tv_reg[63][15]_i_54/CO[3]
                         net (fo=1, unplaced)         0.000    21.278    tv_reg[63][15]_i_54_n_0
                         CARRY4 (Prop_carry4_CI_CO[3])
                                                      0.117    21.395 r  tv_reg[63][15]_i_22/CO[3]
                         net (fo=1, unplaced)         0.000    21.395    tv_reg[63][15]_i_22_n_0
                         CARRY4 (Prop_carry4_CI_O[2])
                                                      0.256    21.651 r  tv_reg[63][15]_i_7/O[2]
                         net (fo=192, unplaced)       0.568    22.219    p_3_out[63]
                         LUT4 (Prop_lut4_I2_O)        0.293    22.512 r  tv[63][3]_i_80/O
                         net (fo=1, unplaced)         0.000    22.512    tv[63][3]_i_80_n_0
                         CARRY4 (Prop_carry4_DI[0]_CO[3])
                                                      0.576    23.088 r  tv_reg[63][3]_i_58/CO[3]
                         net (fo=1, unplaced)         0.000    23.088    tv_reg[63][3]_i_58_n_0
                         CARRY4 (Prop_carry4_CI_CO[3])
                                                      0.117    23.205 r  tv_reg[63][3]_i_36/CO[3]
                         net (fo=1, unplaced)         0.000    23.205    tv_reg[63][3]_i_36_n_0
                         CARRY4 (Prop_carry4_CI_CO[3])
                                                      0.117    23.322 r  tv_reg[63][3]_i_16/CO[3]
                         net (fo=1, unplaced)         0.000    23.322    tv_reg[63][3]_i_16_n_0
                         CARRY4 (Prop_carry4_CI_CO[3])
                                                      0.117    23.439 r  tv_reg[63][3]_i_8/CO[3]
                         net (fo=1, unplaced)         0.000    23.439    tv_reg[63][3]_i_8_n_0
                         CARRY4 (Prop_carry4_CI_CO[2])
                                                      0.252    23.691 r  tv_reg[63][3]_i_3/CO[2]
                         net (fo=2, unplaced)         0.463    24.154    tv_reg[63][3]_i_3_n_1
                         LUT4 (Prop_lut4_I3_O)        0.310    24.464 r  tv[63][3]_i_7/O
                         net (fo=1, unplaced)         0.000    24.464    tv[63][3]_i_7_n_0
                         CARRY4 (Prop_carry4_S[0]_CO[3])
                                                      0.513    24.977 r  tv_reg[63][3]_i_2/CO[3]
                         net (fo=1, unplaced)         0.000    24.977    tv_reg[63][3]_i_2_n_0
                         CARRY4 (Prop_carry4_CI_CO[3])
                                                      0.117    25.094 r  tv_reg[63][7]_i_2/CO[3]
                         net (fo=1, unplaced)         0.000    25.094    tv_reg[63][7]_i_2_n_0
                         CARRY4 (Prop_carry4_CI_CO[3])
                                                      0.117    25.211 r  tv_reg[63][11]_i_2/CO[3]
                         net (fo=1, unplaced)         0.000    25.211    tv_reg[63][11]_i_2_n_0
                         CARRY4 (Prop_carry4_CI_O[2])
                                                      0.256    25.467 f  tv_reg[63][15]_i_10/O[2]
                         net (fo=7, unplaced)         0.487    25.954    p_2_out[14]
                         LUT1 (Prop_lut1_I0_O)        0.301    26.255 r  tv[63][15]_i_34/O
                         net (fo=1, unplaced)         0.000    26.255    tv[63][15]_i_34_n_0
                         CARRY4 (Prop_carry4_S[1]_CO[3])
                                                      0.533    26.788 r  tv_reg[63][15]_i_9/CO[3]
                         net (fo=1, unplaced)         0.000    26.788    tv_reg[63][15]_i_9_n_0
                         CARRY4 (Prop_carry4_CI_CO[3])
                                                      0.117    26.905 r  tv_reg[63][15]_i_63/CO[3]
                         net (fo=1, unplaced)         0.000    26.905    tv_reg[63][15]_i_63_n_0
                         CARRY4 (Prop_carry4_CI_CO[3])
                                                      0.117    27.022 r  tv_reg[63][15]_i_28/CO[3]
                         net (fo=1, unplaced)         0.000    27.022    tv_reg[63][15]_i_28_n_0
                         CARRY4 (Prop_carry4_CI_O[1])
                                                      0.337    27.359 r  tv_reg[63][15]_i_8/O[1]
                         net (fo=4, unplaced)         0.635    27.994    tv_reg[63][15]_i_8_n_6
                         LUT5 (Prop_lut5_I0_O)        0.332    28.326 r  tv[63][15]_i_139/O
                         net (fo=1, unplaced)         0.000    28.326    tv[63][15]_i_139_n_0
                         CARRY4 (Prop_carry4_DI[0]_CO[3])
                                                      0.576    28.902 r  tv_reg[63][15]_i_115/CO[3]
                         net (fo=1, unplaced)         0.000    28.902    tv_reg[63][15]_i_115_n_0
                         CARRY4 (Prop_carry4_CI_CO[3])
                                                      0.117    29.019 r  tv_reg[63][15]_i_72/CO[3]
                         net (fo=1, unplaced)         0.000    29.019    tv_reg[63][15]_i_72_n_0
                         CARRY4 (Prop_carry4_CI_CO[3])
                                                      0.117    29.136 r  tv_reg[63][15]_i_40/CO[3]
                         net (fo=1, unplaced)         0.000    29.136    tv_reg[63][15]_i_40_n_0
                         CARRY4 (Prop_carry4_CI_CO[3])
                                                      0.117    29.253 r  tv_reg[63][15]_i_11/CO[3]
                         net (fo=1, unplaced)         0.000    29.253    tv_reg[63][15]_i_11_n_0
                         CARRY4 (Prop_carry4_CI_CO[2])
                                                      0.252    29.505 f  tv_reg[63][15]_i_5/CO[2]
                         net (fo=32, unplaced)        0.523    30.028    tv_reg[63][15]_i_5_n_1
                         LUT6 (Prop_lut6_I2_O)        0.310    30.338 r  val0_i_8/O
                         net (fo=78, unplaced)        0.803    31.141    val0_i_8_n_0
                         DSP48E1                                      r  val0/A[22]
  -------------------------------------------------------------------    -------------------

                         (clock clk rise edge)       10.000    10.000 r  <hidden>
                                                      0.000    10.000 r  clk
                         net (fo=43076, unset)        0.924    10.924    clk
                         DSP48E1                                      r  val0/CLK
                         clock pessimism              0.000    10.924    <hidden>
                         clock uncertainty           -0.035    10.889    <hidden>
                         DSP48E1 (Setup_dsp48e1_CLK_A[22])
                                                     -0.362    10.527    val0
  -------------------------------------------------------------------
                         required time                         10.527    <hidden>
                         arrival time                         -31.141    <hidden>
  -------------------------------------------------------------------
                         slack                                -20.614    <hidden>

Slack (VIOLATED) :        -20.614ns  (required time - arrival time)
  Source:                 fi_reg[4]/C
                            (rising edge-triggered cell FDCE clocked by clk  {rise@0.000ns fall@5.000ns period=10.000ns})
  Destination:            val0/A[23]
                            (rising edge-triggered cell DSP48E1 clocked by clk  {rise@0.000ns fall@5.000ns period=10.000ns})
  Path Group:             clk
  Path Type:              Setup (Max at Slow Process Corner)
  Requirement:            10.000ns  (clk rise@10.000ns - clk rise@0.000ns)
  Data Path Delay:        30.168ns  (logic 21.634ns (71.711%)  route 8.534ns (28.289%))
  Logic Levels:           45  (CARRY4=30 DSP48E1=4 LUT1=1 LUT2=2 LUT3=1 LUT4=3 LUT5=2 LUT6=1 MUXF7=1)
  Clock Path Skew:        -0.049ns (DCD - SCD + CPR)
    Destination Clock Delay (DCD):    0.924ns = ( 10.924 - 10.000 ) 
    Source Clock Delay      (SCD):    0.973ns
    Clock Pessimism Removal (CPR):    0.000ns
  Clock Uncertainty:      0.035ns  ((TSJ^2 + TIJ^2)^1/2 + DJ) / 2 + PE
    Total System Jitter     (TSJ):    0.071ns
    Total Input Jitter      (TIJ):    0.000ns
    Discrete Jitter          (DJ):    0.000ns
    Phase Error              (PE):    0.000ns

    Location             Delay type                Incr(ns)  Path(ns)    Netlist Resource(s)
  -------------------------------------------------------------------    -------------------
                         (clock clk rise edge)        0.000     0.000 r  <hidden>
                                                      0.000     0.000 r  clk
                         net (fo=43076, unset)        0.973     0.973    clk
                         FDCE                                         r  fi_reg[4]/C
  -------------------------------------------------------------------    -------------------
                         FDCE (Prop_fdce_C_Q)         0.478     1.451 r  fi_reg[4]/Q
                         net (fo=300, unplaced)       0.933     2.384    fi_reg_n_0_[4]
                         LUT5 (Prop_lut5_I0_O)        0.295     2.679 r  p_0_out__1_i_33/O
                         net (fo=1, unplaced)         0.000     2.679    p_0_out__1_i_33_n_0
                         MUXF7 (Prop_muxf7_I1_O)      0.247     2.926 r  p_0_out__1_i_30/O
                         net (fo=1, unplaced)         0.452     3.378    relu.a[0]
                         LUT2 (Prop_lut2_I0_O)        0.298     3.676 r  p_0_out__1_i_7/O
                         net (fo=1, unplaced)         0.803     4.479    wgt811_return[0]
                         DSP48E1 (Prop_dsp48e1_B[0]_P[1])
                                                      3.656     8.135 r  p_0_out__1/P[1]
                         net (fo=1, unplaced)         0.803     8.938    p_0_out__1_n_104
                         LUT2 (Prop_lut2_I1_O)        0.124     9.062 r  p_1_out__3_i_19/O
                         net (fo=1, unplaced)         0.000     9.062    p_1_out__3_i_19_n_0
                         CARRY4 (Prop_carry4_S[1]_CO[3])
                                                      0.533     9.595 r  p_1_out__3_i_4/CO[3]
                         net (fo=1, unplaced)         0.000     9.595    p_1_out__3_i_4_n_0
                         CARRY4 (Prop_carry4_CI_CO[3])
                                                      0.117     9.712 r  p_1_out__3_i_3/CO[3]
                         net (fo=1, unplaced)         0.000     9.712    p_1_out__3_i_3_n_0
                         CARRY4 (Prop_carry4_CI_CO[3])
                                                      0.117     9.829 r  p_1_out__3_i_2/CO[3]
                         net (fo=1, unplaced)         0.000     9.829    p_1_out__3_i_2_n_0
                         CARRY4 (Prop_carry4_CI_CO[3])
                                                      0.117     9.946 r  p_1_out__3_i_1/CO[3]
                         net (fo=1, unplaced)         0.000     9.946    p_1_out__3_i_1_n_0
                         CARRY4 (Prop_carry4_CI_CO[3])
                                                      0.117    10.063 r  p_1_out__0_i_5/CO[3]
                         net (fo=1, unplaced)         0.000    10.063    p_1_out__0_i_5_n_0
                         CARRY4 (Prop_carry4_CI_CO[3])
                                                      0.117    10.180 r  p_1_out__0_i_4/CO[3]
                         net (fo=1, unplaced)         0.000    10.180    p_1_out__0_i_4_n_0
                         CARRY4 (Prop_carry4_CI_CO[3])
                                                      0.117    10.297 r  p_1_out__0_i_3/CO[3]
                         net (fo=1, unplaced)         0.000    10.297    p_1_out__0_i_3_n_0
                         CARRY4 (Prop_carry4_CI_CO[3])
                                                      0.117    10.414 r  p_1_out__0_i_2/CO[3]
                         net (fo=1, unplaced)         0.000    10.414    p_1_out__0_i_2_n_0
                         CARRY4 (Prop_carry4_CI_O[1])
                                                      0.337    10.751 r  p_1_out__0_i_1/O[1]
                         net (fo=2, unplaced)         0.803    11.554    relu.val[33]
                         DSP48E1 (Prop_dsp48e1_A[16]_PCOUT[47])
                                                      4.215    15.769 r  p_1_out__0/PCOUT[47]
                         net (fo=1, unplaced)         0.000    15.769    p_1_out__0_n_106
                         DSP48E1 (Prop_dsp48e1_PCIN[47]_PCOUT[47])
                                                      1.713    17.482 r  p_1_out__1/PCOUT[47]
                         net (fo=1, unplaced)         0.000    17.482    p_1_out__1_n_106
                         DSP48E1 (Prop_dsp48e1_PCIN[47]_P[1])
                                                      1.518    19.000 r  p_1_out__2/P[1]
                         net (fo=3, unplaced)         0.803    19.802    p_1_out__2_n_104
                         LUT3 (Prop_lut3_I1_O)        0.149    19.951 r  tv[63][15]_i_89/O
                         net (fo=2, unplaced)         0.459    20.410    tv[63][15]_i_89_n_0
                         LUT4 (Prop_lut4_I3_O)        0.355    20.765 r  tv[63][15]_i_93/O
                         net (fo=1, unplaced)         0.000    20.765    tv[63][15]_i_93_n_0
                         CARRY4 (Prop_carry4_S[0]_CO[3])
                                                      0.513    21.278 r  tv_reg[63][15]_i_54/CO[3]
                         net (fo=1, unplaced)         0.000    21.278    tv_reg[63][15]_i_54_n_0
                         CARRY4 (Prop_carry4_CI_CO[3])
                                                      0.117    21.395 r  tv_reg[63][15]_i_22/CO[3]
                         net (fo=1, unplaced)         0.000    21.395    tv_reg[63][15]_i_22_n_0
                         CARRY4 (Prop_carry4_CI_O[2])
                                                      0.256    21.651 r  tv_reg[63][15]_i_7/O[2]
                         net (fo=192, unplaced)       0.568    22.219    p_3_out[63]
                         LUT4 (Prop_lut4_I2_O)        0.293    22.512 r  tv[63][3]_i_80/O
                         net (fo=1, unplaced)         0.000    22.512    tv[63][3]_i_80_n_0
                         CARRY4 (Prop_carry4_DI[0]_CO[3])
                                                      0.576    23.088 r  tv_reg[63][3]_i_58/CO[3]
                         net (fo=1, unplaced)         0.000    23.088    tv_reg[63][3]_i_58_n_0
                         CARRY4 (Prop_carry4_CI_CO[3])
                                                      0.117    23.205 r  tv_reg[63][3]_i_36/CO[3]
                         net (fo=1, unplaced)         0.000    23.205    tv_reg[63][3]_i_36_n_0
                         CARRY4 (Prop_carry4_CI_CO[3])
                                                      0.117    23.322 r  tv_reg[63][3]_i_16/CO[3]
                         net (fo=1, unplaced)         0.000    23.322    tv_reg[63][3]_i_16_n_0
                         CARRY4 (Prop_carry4_CI_CO[3])
                                                      0.117    23.439 r  tv_reg[63][3]_i_8/CO[3]
                         net (fo=1, unplaced)         0.000    23.439    tv_reg[63][3]_i_8_n_0
                         CARRY4 (Prop_carry4_CI_CO[2])
                                                      0.252    23.691 r  tv_reg[63][3]_i_3/CO[2]
                         net (fo=2, unplaced)         0.463    24.154    tv_reg[63][3]_i_3_n_1
                         LUT4 (Prop_lut4_I3_O)        0.310    24.464 r  tv[63][3]_i_7/O
                         net (fo=1, unplaced)         0.000    24.464    tv[63][3]_i_7_n_0
                         CARRY4 (Prop_carry4_S[0]_CO[3])
                                                      0.513    24.977 r  tv_reg[63][3]_i_2/CO[3]
                         net (fo=1, unplaced)         0.000    24.977    tv_reg[63][3]_i_2_n_0
                         CARRY4 (Prop_carry4_CI_CO[3])
                                                      0.117    25.094 r  tv_reg[63][7]_i_2/CO[3]
                         net (fo=1, unplaced)         0.000    25.094    tv_reg[63][7]_i_2_n_0
                         CARRY4 (Prop_carry4_CI_CO[3])
                                                      0.117    25.211 r  tv_reg[63][11]_i_2/CO[3]
                         net (fo=1, unplaced)         0.000    25.211    tv_reg[63][11]_i_2_n_0
                         CARRY4 (Prop_carry4_CI_O[2])
                                                      0.256    25.467 f  tv_reg[63][15]_i_10/O[2]
                         net (fo=7, unplaced)         0.487    25.954    p_2_out[14]
                         LUT1 (Prop_lut1_I0_O)        0.301    26.255 r  tv[63][15]_i_34/O
                         net (fo=1, unplaced)         0.000    26.255    tv[63][15]_i_34_n_0
                         CARRY4 (Prop_carry4_S[1]_CO[3])
                                                      0.533    26.788 r  tv_reg[63][15]_i_9/CO[3]
                         net (fo=1, unplaced)         0.000    26.788    tv_reg[63][15]_i_9_n_0
                         CARRY4 (Prop_carry4_CI_CO[3])
                                                      0.117    26.905 r  tv_reg[63][15]_i_63/CO[3]
                         net (fo=1, unplaced)         0.000    26.905    tv_reg[63][15]_i_63_n_0
                         CARRY4 (Prop_carry4_CI_CO[3])
                                                      0.117    27.022 r  tv_reg[63][15]_i_28/CO[3]
                         net (fo=1, unplaced)         0.000    27.022    tv_reg[63][15]_i_28_n_0
                         CARRY4 (Prop_carry4_CI_O[1])
                                                      0.337    27.359 r  tv_reg[63][15]_i_8/O[1]
                         net (fo=4, unplaced)         0.635    27.994    tv_reg[63][15]_i_8_n_6
                         LUT5 (Prop_lut5_I0_O)        0.332    28.326 r  tv[63][15]_i_139/O
                         net (fo=1, unplaced)         0.000    28.326    tv[63][15]_i_139_n_0
                         CARRY4 (Prop_carry4_DI[0]_CO[3])
                                                      0.576    28.902 r  tv_reg[63][15]_i_115/CO[3]
                         net (fo=1, unplaced)         0.000    28.902    tv_reg[63][15]_i_115_n_0
                         CARRY4 (Prop_carry4_CI_CO[3])
                                                      0.117    29.019 r  tv_reg[63][15]_i_72/CO[3]
                         net (fo=1, unplaced)         0.000    29.019    tv_reg[63][15]_i_72_n_0
                         CARRY4 (Prop_carry4_CI_CO[3])
                                                      0.117    29.136 r  tv_reg[63][15]_i_40/CO[3]
                         net (fo=1, unplaced)         0.000    29.136    tv_reg[63][15]_i_40_n_0
                         CARRY4 (Prop_carry4_CI_CO[3])
                                                      0.117    29.253 r  tv_reg[63][15]_i_11/CO[3]
                         net (fo=1, unplaced)         0.000    29.253    tv_reg[63][15]_i_11_n_0
                         CARRY4 (Prop_carry4_CI_CO[2])
                                                      0.252    29.505 f  tv_reg[63][15]_i_5/CO[2]
                         net (fo=32, unplaced)        0.523    30.028    tv_reg[63][15]_i_5_n_1
                         LUT6 (Prop_lut6_I2_O)        0.310    30.338 r  val0_i_8/O
                         net (fo=78, unplaced)        0.803    31.141    val0_i_8_n_0
                         DSP48E1                                      r  val0/A[23]
  -------------------------------------------------------------------    -------------------

                         (clock clk rise edge)       10.000    10.000 r  <hidden>
                                                      0.000    10.000 r  clk
                         net (fo=43076, unset)        0.924    10.924    clk
                         DSP48E1                                      r  val0/CLK
                         clock pessimism              0.000    10.924    <hidden>
                         clock uncertainty           -0.035    10.889    <hidden>
                         DSP48E1 (Setup_dsp48e1_CLK_A[23])
                                                     -0.362    10.527    val0
  -------------------------------------------------------------------
                         required time                         10.527    <hidden>
                         arrival time                         -31.141    <hidden>
  -------------------------------------------------------------------
                         slack                                -20.614    <hidden>

Slack (VIOLATED) :        -20.614ns  (required time - arrival time)
  Source:                 fi_reg[4]/C
                            (rising edge-triggered cell FDCE clocked by clk  {rise@0.000ns fall@5.000ns period=10.000ns})
  Destination:            val0/A[24]
                            (rising edge-triggered cell DSP48E1 clocked by clk  {rise@0.000ns fall@5.000ns period=10.000ns})
  Path Group:             clk
  Path Type:              Setup (Max at Slow Process Corner)
  Requirement:            10.000ns  (clk rise@10.000ns - clk rise@0.000ns)
  Data Path Delay:        30.168ns  (logic 21.634ns (71.711%)  route 8.534ns (28.289%))
  Logic Levels:           45  (CARRY4=30 DSP48E1=4 LUT1=1 LUT2=2 LUT3=1 LUT4=3 LUT5=2 LUT6=1 MUXF7=1)
  Clock Path Skew:        -0.049ns (DCD - SCD + CPR)
    Destination Clock Delay (DCD):    0.924ns = ( 10.924 - 10.000 ) 
    Source Clock Delay      (SCD):    0.973ns
    Clock Pessimism Removal (CPR):    0.000ns
  Clock Uncertainty:      0.035ns  ((TSJ^2 + TIJ^2)^1/2 + DJ) / 2 + PE
    Total System Jitter     (TSJ):    0.071ns
    Total Input Jitter      (TIJ):    0.000ns
    Discrete Jitter          (DJ):    0.000ns
    Phase Error              (PE):    0.000ns

    Location             Delay type                Incr(ns)  Path(ns)    Netlist Resource(s)
  -------------------------------------------------------------------    -------------------
                         (clock clk rise edge)        0.000     0.000 r  <hidden>
                                                      0.000     0.000 r  clk
                         net (fo=43076, unset)        0.973     0.973    clk
                         FDCE                                         r  fi_reg[4]/C
  -------------------------------------------------------------------    -------------------
                         FDCE (Prop_fdce_C_Q)         0.478     1.451 r  fi_reg[4]/Q
                         net (fo=300, unplaced)       0.933     2.384    fi_reg_n_0_[4]
                         LUT5 (Prop_lut5_I0_O)        0.295     2.679 r  p_0_out__1_i_33/O
                         net (fo=1, unplaced)         0.000     2.679    p_0_out__1_i_33_n_0
                         MUXF7 (Prop_muxf7_I1_O)      0.247     2.926 r  p_0_out__1_i_30/O
                         net (fo=1, unplaced)         0.452     3.378    relu.a[0]
                         LUT2 (Prop_lut2_I0_O)        0.298     3.676 r  p_0_out__1_i_7/O
                         net (fo=1, unplaced)         0.803     4.479    wgt811_return[0]
                         DSP48E1 (Prop_dsp48e1_B[0]_P[1])
                                                      3.656     8.135 r  p_0_out__1/P[1]
                         net (fo=1, unplaced)         0.803     8.938    p_0_out__1_n_104
                         LUT2 (Prop_lut2_I1_O)        0.124     9.062 r  p_1_out__3_i_19/O
                         net (fo=1, unplaced)         0.000     9.062    p_1_out__3_i_19_n_0
                         CARRY4 (Prop_carry4_S[1]_CO[3])
                                                      0.533     9.595 r  p_1_out__3_i_4/CO[3]
                         net (fo=1, unplaced)         0.000     9.595    p_1_out__3_i_4_n_0
                         CARRY4 (Prop_carry4_CI_CO[3])
                                                      0.117     9.712 r  p_1_out__3_i_3/CO[3]
                         net (fo=1, unplaced)         0.000     9.712    p_1_out__3_i_3_n_0
                         CARRY4 (Prop_carry4_CI_CO[3])
                                                      0.117     9.829 r  p_1_out__3_i_2/CO[3]
                         net (fo=1, unplaced)         0.000     9.829    p_1_out__3_i_2_n_0
                         CARRY4 (Prop_carry4_CI_CO[3])
                                                      0.117     9.946 r  p_1_out__3_i_1/CO[3]
                         net (fo=1, unplaced)         0.000     9.946    p_1_out__3_i_1_n_0
                         CARRY4 (Prop_carry4_CI_CO[3])
                                                      0.117    10.063 r  p_1_out__0_i_5/CO[3]
                         net (fo=1, unplaced)         0.000    10.063    p_1_out__0_i_5_n_0
                         CARRY4 (Prop_carry4_CI_CO[3])
                                                      0.117    10.180 r  p_1_out__0_i_4/CO[3]
                         net (fo=1, unplaced)         0.000    10.180    p_1_out__0_i_4_n_0
                         CARRY4 (Prop_carry4_CI_CO[3])
                                                      0.117    10.297 r  p_1_out__0_i_3/CO[3]
                         net (fo=1, unplaced)         0.000    10.297    p_1_out__0_i_3_n_0
                         CARRY4 (Prop_carry4_CI_CO[3])
                                                      0.117    10.414 r  p_1_out__0_i_2/CO[3]
                         net (fo=1, unplaced)         0.000    10.414    p_1_out__0_i_2_n_0
                         CARRY4 (Prop_carry4_CI_O[1])
                                                      0.337    10.751 r  p_1_out__0_i_1/O[1]
                         net (fo=2, unplaced)         0.803    11.554    relu.val[33]
                         DSP48E1 (Prop_dsp48e1_A[16]_PCOUT[47])
                                                      4.215    15.769 r  p_1_out__0/PCOUT[47]
                         net (fo=1, unplaced)         0.000    15.769    p_1_out__0_n_106
                         DSP48E1 (Prop_dsp48e1_PCIN[47]_PCOUT[47])
                                                      1.713    17.482 r  p_1_out__1/PCOUT[47]
                         net (fo=1, unplaced)         0.000    17.482    p_1_out__1_n_106
                         DSP48E1 (Prop_dsp48e1_PCIN[47]_P[1])
                                                      1.518    19.000 r  p_1_out__2/P[1]
                         net (fo=3, unplaced)         0.803    19.802    p_1_out__2_n_104
                         LUT3 (Prop_lut3_I1_O)        0.149    19.951 r  tv[63][15]_i_89/O
                         net (fo=2, unplaced)         0.459    20.410    tv[63][15]_i_89_n_0
                         LUT4 (Prop_lut4_I3_O)        0.355    20.765 r  tv[63][15]_i_93/O
                         net (fo=1, unplaced)         0.000    20.765    tv[63][15]_i_93_n_0
                         CARRY4 (Prop_carry4_S[0]_CO[3])
                                                      0.513    21.278 r  tv_reg[63][15]_i_54/CO[3]
                         net (fo=1, unplaced)         0.000    21.278    tv_reg[63][15]_i_54_n_0
                         CARRY4 (Prop_carry4_CI_CO[3])
                                                      0.117    21.395 r  tv_reg[63][15]_i_22/CO[3]
                         net (fo=1, unplaced)         0.000    21.395    tv_reg[63][15]_i_22_n_0
                         CARRY4 (Prop_carry4_CI_O[2])
                                                      0.256    21.651 r  tv_reg[63][15]_i_7/O[2]
                         net (fo=192, unplaced)       0.568    22.219    p_3_out[63]
                         LUT4 (Prop_lut4_I2_O)        0.293    22.512 r  tv[63][3]_i_80/O
                         net (fo=1, unplaced)         0.000    22.512    tv[63][3]_i_80_n_0
                         CARRY4 (Prop_carry4_DI[0]_CO[3])
                                                      0.576    23.088 r  tv_reg[63][3]_i_58/CO[3]
                         net (fo=1, unplaced)         0.000    23.088    tv_reg[63][3]_i_58_n_0
                         CARRY4 (Prop_carry4_CI_CO[3])
                                                      0.117    23.205 r  tv_reg[63][3]_i_36/CO[3]
                         net (fo=1, unplaced)         0.000    23.205    tv_reg[63][3]_i_36_n_0
                         CARRY4 (Prop_carry4_CI_CO[3])
                                                      0.117    23.322 r  tv_reg[63][3]_i_16/CO[3]
                         net (fo=1, unplaced)         0.000    23.322    tv_reg[63][3]_i_16_n_0
                         CARRY4 (Prop_carry4_CI_CO[3])
                                                      0.117    23.439 r  tv_reg[63][3]_i_8/CO[3]
                         net (fo=1, unplaced)         0.000    23.439    tv_reg[63][3]_i_8_n_0
                         CARRY4 (Prop_carry4_CI_CO[2])
                                                      0.252    23.691 r  tv_reg[63][3]_i_3/CO[2]
                         net (fo=2, unplaced)         0.463    24.154    tv_reg[63][3]_i_3_n_1
                         LUT4 (Prop_lut4_I3_O)        0.310    24.464 r  tv[63][3]_i_7/O
                         net (fo=1, unplaced)         0.000    24.464    tv[63][3]_i_7_n_0
                         CARRY4 (Prop_carry4_S[0]_CO[3])
                                                      0.513    24.977 r  tv_reg[63][3]_i_2/CO[3]
                         net (fo=1, unplaced)         0.000    24.977    tv_reg[63][3]_i_2_n_0
                         CARRY4 (Prop_carry4_CI_CO[3])
                                                      0.117    25.094 r  tv_reg[63][7]_i_2/CO[3]
                         net (fo=1, unplaced)         0.000    25.094    tv_reg[63][7]_i_2_n_0
                         CARRY4 (Prop_carry4_CI_CO[3])
                                                      0.117    25.211 r  tv_reg[63][11]_i_2/CO[3]
                         net (fo=1, unplaced)         0.000    25.211    tv_reg[63][11]_i_2_n_0
                         CARRY4 (Prop_carry4_CI_O[2])
                                                      0.256    25.467 f  tv_reg[63][15]_i_10/O[2]
                         net (fo=7, unplaced)         0.487    25.954    p_2_out[14]
                         LUT1 (Prop_lut1_I0_O)        0.301    26.255 r  tv[63][15]_i_34/O
                         net (fo=1, unplaced)         0.000    26.255    tv[63][15]_i_34_n_0
                         CARRY4 (Prop_carry4_S[1]_CO[3])
                                                      0.533    26.788 r  tv_reg[63][15]_i_9/CO[3]
                         net (fo=1, unplaced)         0.000    26.788    tv_reg[63][15]_i_9_n_0
                         CARRY4 (Prop_carry4_CI_CO[3])
                                                      0.117    26.905 r  tv_reg[63][15]_i_63/CO[3]
                         net (fo=1, unplaced)         0.000    26.905    tv_reg[63][15]_i_63_n_0
                         CARRY4 (Prop_carry4_CI_CO[3])
                                                      0.117    27.022 r  tv_reg[63][15]_i_28/CO[3]
                         net (fo=1, unplaced)         0.000    27.022    tv_reg[63][15]_i_28_n_0
                         CARRY4 (Prop_carry4_CI_O[1])
                                                      0.337    27.359 r  tv_reg[63][15]_i_8/O[1]
                         net (fo=4, unplaced)         0.635    27.994    tv_reg[63][15]_i_8_n_6
                         LUT5 (Prop_lut5_I0_O)        0.332    28.326 r  tv[63][15]_i_139/O
                         net (fo=1, unplaced)         0.000    28.326    tv[63][15]_i_139_n_0
                         CARRY4 (Prop_carry4_DI[0]_CO[3])
                                                      0.576    28.902 r  tv_reg[63][15]_i_115/CO[3]
                         net (fo=1, unplaced)         0.000    28.902    tv_reg[63][15]_i_115_n_0
                         CARRY4 (Prop_carry4_CI_CO[3])
                                                      0.117    29.019 r  tv_reg[63][15]_i_72/CO[3]
                         net (fo=1, unplaced)         0.000    29.019    tv_reg[63][15]_i_72_n_0
                         CARRY4 (Prop_carry4_CI_CO[3])
                                                      0.117    29.136 r  tv_reg[63][15]_i_40/CO[3]
                         net (fo=1, unplaced)         0.000    29.136    tv_reg[63][15]_i_40_n_0
                         CARRY4 (Prop_carry4_CI_CO[3])
                                                      0.117    29.253 r  tv_reg[63][15]_i_11/CO[3]
                         net (fo=1, unplaced)         0.000    29.253    tv_reg[63][15]_i_11_n_0
                         CARRY4 (Prop_carry4_CI_CO[2])
                                                      0.252    29.505 f  tv_reg[63][15]_i_5/CO[2]
                         net (fo=32, unplaced)        0.523    30.028    tv_reg[63][15]_i_5_n_1
                         LUT6 (Prop_lut6_I2_O)        0.310    30.338 r  val0_i_8/O
                         net (fo=78, unplaced)        0.803    31.141    val0_i_8_n_0
                         DSP48E1                                      r  val0/A[24]
  -------------------------------------------------------------------    -------------------

                         (clock clk rise edge)       10.000    10.000 r  <hidden>
                                                      0.000    10.000 r  clk
                         net (fo=43076, unset)        0.924    10.924    clk
                         DSP48E1                                      r  val0/CLK
                         clock pessimism              0.000    10.924    <hidden>
                         clock uncertainty           -0.035    10.889    <hidden>
                         DSP48E1 (Setup_dsp48e1_CLK_A[24])
                                                     -0.362    10.527    val0
  -------------------------------------------------------------------
                         required time                         10.527    <hidden>
                         arrival time                         -31.141    <hidden>
  -------------------------------------------------------------------
                         slack                                -20.614    <hidden>

Slack (VIOLATED) :        -20.614ns  (required time - arrival time)
  Source:                 fi_reg[4]/C
                            (rising edge-triggered cell FDCE clocked by clk  {rise@0.000ns fall@5.000ns period=10.000ns})
  Destination:            val0/A[25]
                            (rising edge-triggered cell DSP48E1 clocked by clk  {rise@0.000ns fall@5.000ns period=10.000ns})
  Path Group:             clk
  Path Type:              Setup (Max at Slow Process Corner)
  Requirement:            10.000ns  (clk rise@10.000ns - clk rise@0.000ns)
  Data Path Delay:        30.168ns  (logic 21.634ns (71.711%)  route 8.534ns (28.289%))
  Logic Levels:           45  (CARRY4=30 DSP48E1=4 LUT1=1 LUT2=2 LUT3=1 LUT4=3 LUT5=2 LUT6=1 MUXF7=1)
  Clock Path Skew:        -0.049ns (DCD - SCD + CPR)
    Destination Clock Delay (DCD):    0.924ns = ( 10.924 - 10.000 ) 
    Source Clock Delay      (SCD):    0.973ns
    Clock Pessimism Removal (CPR):    0.000ns
  Clock Uncertainty:      0.035ns  ((TSJ^2 + TIJ^2)^1/2 + DJ) / 2 + PE
    Total System Jitter     (TSJ):    0.071ns
    Total Input Jitter      (TIJ):    0.000ns
    Discrete Jitter          (DJ):    0.000ns
    Phase Error              (PE):    0.000ns

    Location             Delay type                Incr(ns)  Path(ns)    Netlist Resource(s)
  -------------------------------------------------------------------    -------------------
                         (clock clk rise edge)        0.000     0.000 r  <hidden>
                                                      0.000     0.000 r  clk
                         net (fo=43076, unset)        0.973     0.973    clk
                         FDCE                                         r  fi_reg[4]/C
  -------------------------------------------------------------------    -------------------
                         FDCE (Prop_fdce_C_Q)         0.478     1.451 r  fi_reg[4]/Q
                         net (fo=300, unplaced)       0.933     2.384    fi_reg_n_0_[4]
                         LUT5 (Prop_lut5_I0_O)        0.295     2.679 r  p_0_out__1_i_33/O
                         net (fo=1, unplaced)         0.000     2.679    p_0_out__1_i_33_n_0
                         MUXF7 (Prop_muxf7_I1_O)      0.247     2.926 r  p_0_out__1_i_30/O
                         net (fo=1, unplaced)         0.452     3.378    relu.a[0]
                         LUT2 (Prop_lut2_I0_O)        0.298     3.676 r  p_0_out__1_i_7/O
                         net (fo=1, unplaced)         0.803     4.479    wgt811_return[0]
                         DSP48E1 (Prop_dsp48e1_B[0]_P[1])
                                                      3.656     8.135 r  p_0_out__1/P[1]
                         net (fo=1, unplaced)         0.803     8.938    p_0_out__1_n_104
                         LUT2 (Prop_lut2_I1_O)        0.124     9.062 r  p_1_out__3_i_19/O
                         net (fo=1, unplaced)         0.000     9.062    p_1_out__3_i_19_n_0
                         CARRY4 (Prop_carry4_S[1]_CO[3])
                                                      0.533     9.595 r  p_1_out__3_i_4/CO[3]
                         net (fo=1, unplaced)         0.000     9.595    p_1_out__3_i_4_n_0
                         CARRY4 (Prop_carry4_CI_CO[3])
                                                      0.117     9.712 r  p_1_out__3_i_3/CO[3]
                         net (fo=1, unplaced)         0.000     9.712    p_1_out__3_i_3_n_0
                         CARRY4 (Prop_carry4_CI_CO[3])
                                                      0.117     9.829 r  p_1_out__3_i_2/CO[3]
                         net (fo=1, unplaced)         0.000     9.829    p_1_out__3_i_2_n_0
                         CARRY4 (Prop_carry4_CI_CO[3])
                                                      0.117     9.946 r  p_1_out__3_i_1/CO[3]
                         net (fo=1, unplaced)         0.000     9.946    p_1_out__3_i_1_n_0
                         CARRY4 (Prop_carry4_CI_CO[3])
                                                      0.117    10.063 r  p_1_out__0_i_5/CO[3]
                         net (fo=1, unplaced)         0.000    10.063    p_1_out__0_i_5_n_0
                         CARRY4 (Prop_carry4_CI_CO[3])
                                                      0.117    10.180 r  p_1_out__0_i_4/CO[3]
                         net (fo=1, unplaced)         0.000    10.180    p_1_out__0_i_4_n_0
                         CARRY4 (Prop_carry4_CI_CO[3])
                                                      0.117    10.297 r  p_1_out__0_i_3/CO[3]
                         net (fo=1, unplaced)         0.000    10.297    p_1_out__0_i_3_n_0
                         CARRY4 (Prop_carry4_CI_CO[3])
                                                      0.117    10.414 r  p_1_out__0_i_2/CO[3]
                         net (fo=1, unplaced)         0.000    10.414    p_1_out__0_i_2_n_0
                         CARRY4 (Prop_carry4_CI_O[1])
                                                      0.337    10.751 r  p_1_out__0_i_1/O[1]
                         net (fo=2, unplaced)         0.803    11.554    relu.val[33]
                         DSP48E1 (Prop_dsp48e1_A[16]_PCOUT[47])
                                                      4.215    15.769 r  p_1_out__0/PCOUT[47]
                         net (fo=1, unplaced)         0.000    15.769    p_1_out__0_n_106
                         DSP48E1 (Prop_dsp48e1_PCIN[47]_PCOUT[47])
                                                      1.713    17.482 r  p_1_out__1/PCOUT[47]
                         net (fo=1, unplaced)         0.000    17.482    p_1_out__1_n_106
                         DSP48E1 (Prop_dsp48e1_PCIN[47]_P[1])
                                                      1.518    19.000 r  p_1_out__2/P[1]
                         net (fo=3, unplaced)         0.803    19.802    p_1_out__2_n_104
                         LUT3 (Prop_lut3_I1_O)        0.149    19.951 r  tv[63][15]_i_89/O
                         net (fo=2, unplaced)         0.459    20.410    tv[63][15]_i_89_n_0
                         LUT4 (Prop_lut4_I3_O)        0.355    20.765 r  tv[63][15]_i_93/O
                         net (fo=1, unplaced)         0.000    20.765    tv[63][15]_i_93_n_0
                         CARRY4 (Prop_carry4_S[0]_CO[3])
                                                      0.513    21.278 r  tv_reg[63][15]_i_54/CO[3]
                         net (fo=1, unplaced)         0.000    21.278    tv_reg[63][15]_i_54_n_0
                         CARRY4 (Prop_carry4_CI_CO[3])
                                                      0.117    21.395 r  tv_reg[63][15]_i_22/CO[3]
                         net (fo=1, unplaced)         0.000    21.395    tv_reg[63][15]_i_22_n_0
                         CARRY4 (Prop_carry4_CI_O[2])
                                                      0.256    21.651 r  tv_reg[63][15]_i_7/O[2]
                         net (fo=192, unplaced)       0.568    22.219    p_3_out[63]
                         LUT4 (Prop_lut4_I2_O)        0.293    22.512 r  tv[63][3]_i_80/O
                         net (fo=1, unplaced)         0.000    22.512    tv[63][3]_i_80_n_0
                         CARRY4 (Prop_carry4_DI[0]_CO[3])
                                                      0.576    23.088 r  tv_reg[63][3]_i_58/CO[3]
                         net (fo=1, unplaced)         0.000    23.088    tv_reg[63][3]_i_58_n_0
                         CARRY4 (Prop_carry4_CI_CO[3])
                                                      0.117    23.205 r  tv_reg[63][3]_i_36/CO[3]
                         net (fo=1, unplaced)         0.000    23.205    tv_reg[63][3]_i_36_n_0
                         CARRY4 (Prop_carry4_CI_CO[3])
                                                      0.117    23.322 r  tv_reg[63][3]_i_16/CO[3]
                         net (fo=1, unplaced)         0.000    23.322    tv_reg[63][3]_i_16_n_0
                         CARRY4 (Prop_carry4_CI_CO[3])
                                                      0.117    23.439 r  tv_reg[63][3]_i_8/CO[3]
                         net (fo=1, unplaced)         0.000    23.439    tv_reg[63][3]_i_8_n_0
                         CARRY4 (Prop_carry4_CI_CO[2])
                                                      0.252    23.691 r  tv_reg[63][3]_i_3/CO[2]
                         net (fo=2, unplaced)         0.463    24.154    tv_reg[63][3]_i_3_n_1
                         LUT4 (Prop_lut4_I3_O)        0.310    24.464 r  tv[63][3]_i_7/O
                         net (fo=1, unplaced)         0.000    24.464    tv[63][3]_i_7_n_0
                         CARRY4 (Prop_carry4_S[0]_CO[3])
                                                      0.513    24.977 r  tv_reg[63][3]_i_2/CO[3]
                         net (fo=1, unplaced)         0.000    24.977    tv_reg[63][3]_i_2_n_0
                         CARRY4 (Prop_carry4_CI_CO[3])
                                                      0.117    25.094 r  tv_reg[63][7]_i_2/CO[3]
                         net (fo=1, unplaced)         0.000    25.094    tv_reg[63][7]_i_2_n_0
                         CARRY4 (Prop_carry4_CI_CO[3])
                                                      0.117    25.211 r  tv_reg[63][11]_i_2/CO[3]
                         net (fo=1, unplaced)         0.000    25.211    tv_reg[63][11]_i_2_n_0
                         CARRY4 (Prop_carry4_CI_O[2])
                                                      0.256    25.467 f  tv_reg[63][15]_i_10/O[2]
                         net (fo=7, unplaced)         0.487    25.954    p_2_out[14]
                         LUT1 (Prop_lut1_I0_O)        0.301    26.255 r  tv[63][15]_i_34/O
                         net (fo=1, unplaced)         0.000    26.255    tv[63][15]_i_34_n_0
                         CARRY4 (Prop_carry4_S[1]_CO[3])
                                                      0.533    26.788 r  tv_reg[63][15]_i_9/CO[3]
                         net (fo=1, unplaced)         0.000    26.788    tv_reg[63][15]_i_9_n_0
                         CARRY4 (Prop_carry4_CI_CO[3])
                                                      0.117    26.905 r  tv_reg[63][15]_i_63/CO[3]
                         net (fo=1, unplaced)         0.000    26.905    tv_reg[63][15]_i_63_n_0
                         CARRY4 (Prop_carry4_CI_CO[3])
                                                      0.117    27.022 r  tv_reg[63][15]_i_28/CO[3]
                         net (fo=1, unplaced)         0.000    27.022    tv_reg[63][15]_i_28_n_0
                         CARRY4 (Prop_carry4_CI_O[1])
                                                      0.337    27.359 r  tv_reg[63][15]_i_8/O[1]
                         net (fo=4, unplaced)         0.635    27.994    tv_reg[63][15]_i_8_n_6
                         LUT5 (Prop_lut5_I0_O)        0.332    28.326 r  tv[63][15]_i_139/O
                         net (fo=1, unplaced)         0.000    28.326    tv[63][15]_i_139_n_0
                         CARRY4 (Prop_carry4_DI[0]_CO[3])
                                                      0.576    28.902 r  tv_reg[63][15]_i_115/CO[3]
                         net (fo=1, unplaced)         0.000    28.902    tv_reg[63][15]_i_115_n_0
                         CARRY4 (Prop_carry4_CI_CO[3])
                                                      0.117    29.019 r  tv_reg[63][15]_i_72/CO[3]
                         net (fo=1, unplaced)         0.000    29.019    tv_reg[63][15]_i_72_n_0
                         CARRY4 (Prop_carry4_CI_CO[3])
                                                      0.117    29.136 r  tv_reg[63][15]_i_40/CO[3]
                         net (fo=1, unplaced)         0.000    29.136    tv_reg[63][15]_i_40_n_0
                         CARRY4 (Prop_carry4_CI_CO[3])
                                                      0.117    29.253 r  tv_reg[63][15]_i_11/CO[3]
                         net (fo=1, unplaced)         0.000    29.253    tv_reg[63][15]_i_11_n_0
                         CARRY4 (Prop_carry4_CI_CO[2])
                                                      0.252    29.505 f  tv_reg[63][15]_i_5/CO[2]
                         net (fo=32, unplaced)        0.523    30.028    tv_reg[63][15]_i_5_n_1
                         LUT6 (Prop_lut6_I2_O)        0.310    30.338 r  val0_i_8/O
                         net (fo=78, unplaced)        0.803    31.141    val0_i_8_n_0
                         DSP48E1                                      r  val0/A[25]
  -------------------------------------------------------------------    -------------------

                         (clock clk rise edge)       10.000    10.000 r  <hidden>
                                                      0.000    10.000 r  clk
                         net (fo=43076, unset)        0.924    10.924    clk
                         DSP48E1                                      r  val0/CLK
                         clock pessimism              0.000    10.924    <hidden>
                         clock uncertainty           -0.035    10.889    <hidden>
                         DSP48E1 (Setup_dsp48e1_CLK_A[25])
                                                     -0.362    10.527    val0
  -------------------------------------------------------------------
                         required time                         10.527    <hidden>
                         arrival time                         -31.141    <hidden>
  -------------------------------------------------------------------
                         slack                                -20.614    <hidden>

Slack (VIOLATED) :        -20.614ns  (required time - arrival time)
  Source:                 fi_reg[4]/C
                            (rising edge-triggered cell FDCE clocked by clk  {rise@0.000ns fall@5.000ns period=10.000ns})
  Destination:            val0/A[26]
                            (rising edge-triggered cell DSP48E1 clocked by clk  {rise@0.000ns fall@5.000ns period=10.000ns})
  Path Group:             clk
  Path Type:              Setup (Max at Slow Process Corner)
  Requirement:            10.000ns  (clk rise@10.000ns - clk rise@0.000ns)
  Data Path Delay:        30.168ns  (logic 21.634ns (71.711%)  route 8.534ns (28.289%))
  Logic Levels:           45  (CARRY4=30 DSP48E1=4 LUT1=1 LUT2=2 LUT3=1 LUT4=3 LUT5=2 LUT6=1 MUXF7=1)
  Clock Path Skew:        -0.049ns (DCD - SCD + CPR)
    Destination Clock Delay (DCD):    0.924ns = ( 10.924 - 10.000 ) 
    Source Clock Delay      (SCD):    0.973ns
    Clock Pessimism Removal (CPR):    0.000ns
  Clock Uncertainty:      0.035ns  ((TSJ^2 + TIJ^2)^1/2 + DJ) / 2 + PE
    Total System Jitter     (TSJ):    0.071ns
    Total Input Jitter      (TIJ):    0.000ns
    Discrete Jitter          (DJ):    0.000ns
    Phase Error              (PE):    0.000ns

    Location             Delay type                Incr(ns)  Path(ns)    Netlist Resource(s)
  -------------------------------------------------------------------    -------------------
                         (clock clk rise edge)        0.000     0.000 r  <hidden>
                                                      0.000     0.000 r  clk
                         net (fo=43076, unset)        0.973     0.973    clk
                         FDCE                                         r  fi_reg[4]/C
  -------------------------------------------------------------------    -------------------
                         FDCE (Prop_fdce_C_Q)         0.478     1.451 r  fi_reg[4]/Q
                         net (fo=300, unplaced)       0.933     2.384    fi_reg_n_0_[4]
                         LUT5 (Prop_lut5_I0_O)        0.295     2.679 r  p_0_out__1_i_33/O
                         net (fo=1, unplaced)         0.000     2.679    p_0_out__1_i_33_n_0
                         MUXF7 (Prop_muxf7_I1_O)      0.247     2.926 r  p_0_out__1_i_30/O
                         net (fo=1, unplaced)         0.452     3.378    relu.a[0]
                         LUT2 (Prop_lut2_I0_O)        0.298     3.676 r  p_0_out__1_i_7/O
                         net (fo=1, unplaced)         0.803     4.479    wgt811_return[0]
                         DSP48E1 (Prop_dsp48e1_B[0]_P[1])
                                                      3.656     8.135 r  p_0_out__1/P[1]
                         net (fo=1, unplaced)         0.803     8.938    p_0_out__1_n_104
                         LUT2 (Prop_lut2_I1_O)        0.124     9.062 r  p_1_out__3_i_19/O
                         net (fo=1, unplaced)         0.000     9.062    p_1_out__3_i_19_n_0
                         CARRY4 (Prop_carry4_S[1]_CO[3])
                                                      0.533     9.595 r  p_1_out__3_i_4/CO[3]
                         net (fo=1, unplaced)         0.000     9.595    p_1_out__3_i_4_n_0
                         CARRY4 (Prop_carry4_CI_CO[3])
                                                      0.117     9.712 r  p_1_out__3_i_3/CO[3]
                         net (fo=1, unplaced)         0.000     9.712    p_1_out__3_i_3_n_0
                         CARRY4 (Prop_carry4_CI_CO[3])
                                                      0.117     9.829 r  p_1_out__3_i_2/CO[3]
                         net (fo=1, unplaced)         0.000     9.829    p_1_out__3_i_2_n_0
                         CARRY4 (Prop_carry4_CI_CO[3])
                                                      0.117     9.946 r  p_1_out__3_i_1/CO[3]
                         net (fo=1, unplaced)         0.000     9.946    p_1_out__3_i_1_n_0
                         CARRY4 (Prop_carry4_CI_CO[3])
                                                      0.117    10.063 r  p_1_out__0_i_5/CO[3]
                         net (fo=1, unplaced)         0.000    10.063    p_1_out__0_i_5_n_0
                         CARRY4 (Prop_carry4_CI_CO[3])
                                                      0.117    10.180 r  p_1_out__0_i_4/CO[3]
                         net (fo=1, unplaced)         0.000    10.180    p_1_out__0_i_4_n_0
                         CARRY4 (Prop_carry4_CI_CO[3])
                                                      0.117    10.297 r  p_1_out__0_i_3/CO[3]
                         net (fo=1, unplaced)         0.000    10.297    p_1_out__0_i_3_n_0
                         CARRY4 (Prop_carry4_CI_CO[3])
                                                      0.117    10.414 r  p_1_out__0_i_2/CO[3]
                         net (fo=1, unplaced)         0.000    10.414    p_1_out__0_i_2_n_0
                         CARRY4 (Prop_carry4_CI_O[1])
                                                      0.337    10.751 r  p_1_out__0_i_1/O[1]
                         net (fo=2, unplaced)         0.803    11.554    relu.val[33]
                         DSP48E1 (Prop_dsp48e1_A[16]_PCOUT[47])
                                                      4.215    15.769 r  p_1_out__0/PCOUT[47]
                         net (fo=1, unplaced)         0.000    15.769    p_1_out__0_n_106
                         DSP48E1 (Prop_dsp48e1_PCIN[47]_PCOUT[47])
                                                      1.713    17.482 r  p_1_out__1/PCOUT[47]
                         net (fo=1, unplaced)         0.000    17.482    p_1_out__1_n_106
                         DSP48E1 (Prop_dsp48e1_PCIN[47]_P[1])
                                                      1.518    19.000 r  p_1_out__2/P[1]
                         net (fo=3, unplaced)         0.803    19.802    p_1_out__2_n_104
                         LUT3 (Prop_lut3_I1_O)        0.149    19.951 r  tv[63][15]_i_89/O
                         net (fo=2, unplaced)         0.459    20.410    tv[63][15]_i_89_n_0
                         LUT4 (Prop_lut4_I3_O)        0.355    20.765 r  tv[63][15]_i_93/O
                         net (fo=1, unplaced)         0.000    20.765    tv[63][15]_i_93_n_0
                         CARRY4 (Prop_carry4_S[0]_CO[3])
                                                      0.513    21.278 r  tv_reg[63][15]_i_54/CO[3]
                         net (fo=1, unplaced)         0.000    21.278    tv_reg[63][15]_i_54_n_0
                         CARRY4 (Prop_carry4_CI_CO[3])
                                                      0.117    21.395 r  tv_reg[63][15]_i_22/CO[3]
                         net (fo=1, unplaced)         0.000    21.395    tv_reg[63][15]_i_22_n_0
                         CARRY4 (Prop_carry4_CI_O[2])
                                                      0.256    21.651 r  tv_reg[63][15]_i_7/O[2]
                         net (fo=192, unplaced)       0.568    22.219    p_3_out[63]
                         LUT4 (Prop_lut4_I2_O)        0.293    22.512 r  tv[63][3]_i_80/O
                         net (fo=1, unplaced)         0.000    22.512    tv[63][3]_i_80_n_0
                         CARRY4 (Prop_carry4_DI[0]_CO[3])
                                                      0.576    23.088 r  tv_reg[63][3]_i_58/CO[3]
                         net (fo=1, unplaced)         0.000    23.088    tv_reg[63][3]_i_58_n_0
                         CARRY4 (Prop_carry4_CI_CO[3])
                                                      0.117    23.205 r  tv_reg[63][3]_i_36/CO[3]
                         net (fo=1, unplaced)         0.000    23.205    tv_reg[63][3]_i_36_n_0
                         CARRY4 (Prop_carry4_CI_CO[3])
                                                      0.117    23.322 r  tv_reg[63][3]_i_16/CO[3]
                         net (fo=1, unplaced)         0.000    23.322    tv_reg[63][3]_i_16_n_0
                         CARRY4 (Prop_carry4_CI_CO[3])
                                                      0.117    23.439 r  tv_reg[63][3]_i_8/CO[3]
                         net (fo=1, unplaced)         0.000    23.439    tv_reg[63][3]_i_8_n_0
                         CARRY4 (Prop_carry4_CI_CO[2])
                                                      0.252    23.691 r  tv_reg[63][3]_i_3/CO[2]
                         net (fo=2, unplaced)         0.463    24.154    tv_reg[63][3]_i_3_n_1
                         LUT4 (Prop_lut4_I3_O)        0.310    24.464 r  tv[63][3]_i_7/O
                         net (fo=1, unplaced)         0.000    24.464    tv[63][3]_i_7_n_0
                         CARRY4 (Prop_carry4_S[0]_CO[3])
                                                      0.513    24.977 r  tv_reg[63][3]_i_2/CO[3]
                         net (fo=1, unplaced)         0.000    24.977    tv_reg[63][3]_i_2_n_0
                         CARRY4 (Prop_carry4_CI_CO[3])
                                                      0.117    25.094 r  tv_reg[63][7]_i_2/CO[3]
                         net (fo=1, unplaced)         0.000    25.094    tv_reg[63][7]_i_2_n_0
                         CARRY4 (Prop_carry4_CI_CO[3])
                                                      0.117    25.211 r  tv_reg[63][11]_i_2/CO[3]
                         net (fo=1, unplaced)         0.000    25.211    tv_reg[63][11]_i_2_n_0
                         CARRY4 (Prop_carry4_CI_O[2])
                                                      0.256    25.467 f  tv_reg[63][15]_i_10/O[2]
                         net (fo=7, unplaced)         0.487    25.954    p_2_out[14]
                         LUT1 (Prop_lut1_I0_O)        0.301    26.255 r  tv[63][15]_i_34/O
                         net (fo=1, unplaced)         0.000    26.255    tv[63][15]_i_34_n_0
                         CARRY4 (Prop_carry4_S[1]_CO[3])
                                                      0.533    26.788 r  tv_reg[63][15]_i_9/CO[3]
                         net (fo=1, unplaced)         0.000    26.788    tv_reg[63][15]_i_9_n_0
                         CARRY4 (Prop_carry4_CI_CO[3])
                                                      0.117    26.905 r  tv_reg[63][15]_i_63/CO[3]
                         net (fo=1, unplaced)         0.000    26.905    tv_reg[63][15]_i_63_n_0
                         CARRY4 (Prop_carry4_CI_CO[3])
                                                      0.117    27.022 r  tv_reg[63][15]_i_28/CO[3]
                         net (fo=1, unplaced)         0.000    27.022    tv_reg[63][15]_i_28_n_0
                         CARRY4 (Prop_carry4_CI_O[1])
                                                      0.337    27.359 r  tv_reg[63][15]_i_8/O[1]
                         net (fo=4, unplaced)         0.635    27.994    tv_reg[63][15]_i_8_n_6
                         LUT5 (Prop_lut5_I0_O)        0.332    28.326 r  tv[63][15]_i_139/O
                         net (fo=1, unplaced)         0.000    28.326    tv[63][15]_i_139_n_0
                         CARRY4 (Prop_carry4_DI[0]_CO[3])
                                                      0.576    28.902 r  tv_reg[63][15]_i_115/CO[3]
                         net (fo=1, unplaced)         0.000    28.902    tv_reg[63][15]_i_115_n_0
                         CARRY4 (Prop_carry4_CI_CO[3])
                                                      0.117    29.019 r  tv_reg[63][15]_i_72/CO[3]
                         net (fo=1, unplaced)         0.000    29.019    tv_reg[63][15]_i_72_n_0
                         CARRY4 (Prop_carry4_CI_CO[3])
                                                      0.117    29.136 r  tv_reg[63][15]_i_40/CO[3]
                         net (fo=1, unplaced)         0.000    29.136    tv_reg[63][15]_i_40_n_0
                         CARRY4 (Prop_carry4_CI_CO[3])
                                                      0.117    29.253 r  tv_reg[63][15]_i_11/CO[3]
                         net (fo=1, unplaced)         0.000    29.253    tv_reg[63][15]_i_11_n_0
                         CARRY4 (Prop_carry4_CI_CO[2])
                                                      0.252    29.505 f  tv_reg[63][15]_i_5/CO[2]
                         net (fo=32, unplaced)        0.523    30.028    tv_reg[63][15]_i_5_n_1
                         LUT6 (Prop_lut6_I2_O)        0.310    30.338 r  val0_i_8/O
                         net (fo=78, unplaced)        0.803    31.141    val0_i_8_n_0
                         DSP48E1                                      r  val0/A[26]
  -------------------------------------------------------------------    -------------------

                         (clock clk rise edge)       10.000    10.000 r  <hidden>
                                                      0.000    10.000 r  clk
                         net (fo=43076, unset)        0.924    10.924    clk
                         DSP48E1                                      r  val0/CLK
                         clock pessimism              0.000    10.924    <hidden>
                         clock uncertainty           -0.035    10.889    <hidden>
                         DSP48E1 (Setup_dsp48e1_CLK_A[26])
                                                     -0.362    10.527    val0
  -------------------------------------------------------------------
                         required time                         10.527    <hidden>
                         arrival time                         -31.141    <hidden>
  -------------------------------------------------------------------
                         slack                                -20.614    <hidden>

Slack (VIOLATED) :        -20.614ns  (required time - arrival time)
  Source:                 fi_reg[4]/C
                            (rising edge-triggered cell FDCE clocked by clk  {rise@0.000ns fall@5.000ns period=10.000ns})
  Destination:            val0/A[27]
                            (rising edge-triggered cell DSP48E1 clocked by clk  {rise@0.000ns fall@5.000ns period=10.000ns})
  Path Group:             clk
  Path Type:              Setup (Max at Slow Process Corner)
  Requirement:            10.000ns  (clk rise@10.000ns - clk rise@0.000ns)
  Data Path Delay:        30.168ns  (logic 21.634ns (71.711%)  route 8.534ns (28.289%))
  Logic Levels:           45  (CARRY4=30 DSP48E1=4 LUT1=1 LUT2=2 LUT3=1 LUT4=3 LUT5=2 LUT6=1 MUXF7=1)
  Clock Path Skew:        -0.049ns (DCD - SCD + CPR)
    Destination Clock Delay (DCD):    0.924ns = ( 10.924 - 10.000 ) 
    Source Clock Delay      (SCD):    0.973ns
    Clock Pessimism Removal (CPR):    0.000ns
  Clock Uncertainty:      0.035ns  ((TSJ^2 + TIJ^2)^1/2 + DJ) / 2 + PE
    Total System Jitter     (TSJ):    0.071ns
    Total Input Jitter      (TIJ):    0.000ns
    Discrete Jitter          (DJ):    0.000ns
    Phase Error              (PE):    0.000ns

    Location             Delay type                Incr(ns)  Path(ns)    Netlist Resource(s)
  -------------------------------------------------------------------    -------------------
                         (clock clk rise edge)        0.000     0.000 r  <hidden>
                                                      0.000     0.000 r  clk
                         net (fo=43076, unset)        0.973     0.973    clk
                         FDCE                                         r  fi_reg[4]/C
  -------------------------------------------------------------------    -------------------
                         FDCE (Prop_fdce_C_Q)         0.478     1.451 r  fi_reg[4]/Q
                         net (fo=300, unplaced)       0.933     2.384    fi_reg_n_0_[4]
                         LUT5 (Prop_lut5_I0_O)        0.295     2.679 r  p_0_out__1_i_33/O
                         net (fo=1, unplaced)         0.000     2.679    p_0_out__1_i_33_n_0
                         MUXF7 (Prop_muxf7_I1_O)      0.247     2.926 r  p_0_out__1_i_30/O
                         net (fo=1, unplaced)         0.452     3.378    relu.a[0]
                         LUT2 (Prop_lut2_I0_O)        0.298     3.676 r  p_0_out__1_i_7/O
                         net (fo=1, unplaced)         0.803     4.479    wgt811_return[0]
                         DSP48E1 (Prop_dsp48e1_B[0]_P[1])
                                                      3.656     8.135 r  p_0_out__1/P[1]
                         net (fo=1, unplaced)         0.803     8.938    p_0_out__1_n_104
                         LUT2 (Prop_lut2_I1_O)        0.124     9.062 r  p_1_out__3_i_19/O
                         net (fo=1, unplaced)         0.000     9.062    p_1_out__3_i_19_n_0
                         CARRY4 (Prop_carry4_S[1]_CO[3])
                                                      0.533     9.595 r  p_1_out__3_i_4/CO[3]
                         net (fo=1, unplaced)         0.000     9.595    p_1_out__3_i_4_n_0
                         CARRY4 (Prop_carry4_CI_CO[3])
                                                      0.117     9.712 r  p_1_out__3_i_3/CO[3]
                         net (fo=1, unplaced)         0.000     9.712    p_1_out__3_i_3_n_0
                         CARRY4 (Prop_carry4_CI_CO[3])
                                                      0.117     9.829 r  p_1_out__3_i_2/CO[3]
                         net (fo=1, unplaced)         0.000     9.829    p_1_out__3_i_2_n_0
                         CARRY4 (Prop_carry4_CI_CO[3])
                                                      0.117     9.946 r  p_1_out__3_i_1/CO[3]
                         net (fo=1, unplaced)         0.000     9.946    p_1_out__3_i_1_n_0
                         CARRY4 (Prop_carry4_CI_CO[3])
                                                      0.117    10.063 r  p_1_out__0_i_5/CO[3]
                         net (fo=1, unplaced)         0.000    10.063    p_1_out__0_i_5_n_0
                         CARRY4 (Prop_carry4_CI_CO[3])
                                                      0.117    10.180 r  p_1_out__0_i_4/CO[3]
                         net (fo=1, unplaced)         0.000    10.180    p_1_out__0_i_4_n_0
                         CARRY4 (Prop_carry4_CI_CO[3])
                                                      0.117    10.297 r  p_1_out__0_i_3/CO[3]
                         net (fo=1, unplaced)         0.000    10.297    p_1_out__0_i_3_n_0
                         CARRY4 (Prop_carry4_CI_CO[3])
                                                      0.117    10.414 r  p_1_out__0_i_2/CO[3]
                         net (fo=1, unplaced)         0.000    10.414    p_1_out__0_i_2_n_0
                         CARRY4 (Prop_carry4_CI_O[1])
                                                      0.337    10.751 r  p_1_out__0_i_1/O[1]
                         net (fo=2, unplaced)         0.803    11.554    relu.val[33]
                         DSP48E1 (Prop_dsp48e1_A[16]_PCOUT[47])
                                                      4.215    15.769 r  p_1_out__0/PCOUT[47]
                         net (fo=1, unplaced)         0.000    15.769    p_1_out__0_n_106
                         DSP48E1 (Prop_dsp48e1_PCIN[47]_PCOUT[47])
                                                      1.713    17.482 r  p_1_out__1/PCOUT[47]
                         net (fo=1, unplaced)         0.000    17.482    p_1_out__1_n_106
                         DSP48E1 (Prop_dsp48e1_PCIN[47]_P[1])
                                                      1.518    19.000 r  p_1_out__2/P[1]
                         net (fo=3, unplaced)         0.803    19.802    p_1_out__2_n_104
                         LUT3 (Prop_lut3_I1_O)        0.149    19.951 r  tv[63][15]_i_89/O
                         net (fo=2, unplaced)         0.459    20.410    tv[63][15]_i_89_n_0
                         LUT4 (Prop_lut4_I3_O)        0.355    20.765 r  tv[63][15]_i_93/O
                         net (fo=1, unplaced)         0.000    20.765    tv[63][15]_i_93_n_0
                         CARRY4 (Prop_carry4_S[0]_CO[3])
                                                      0.513    21.278 r  tv_reg[63][15]_i_54/CO[3]
                         net (fo=1, unplaced)         0.000    21.278    tv_reg[63][15]_i_54_n_0
                         CARRY4 (Prop_carry4_CI_CO[3])
                                                      0.117    21.395 r  tv_reg[63][15]_i_22/CO[3]
                         net (fo=1, unplaced)         0.000    21.395    tv_reg[63][15]_i_22_n_0
                         CARRY4 (Prop_carry4_CI_O[2])
                                                      0.256    21.651 r  tv_reg[63][15]_i_7/O[2]
                         net (fo=192, unplaced)       0.568    22.219    p_3_out[63]
                         LUT4 (Prop_lut4_I2_O)        0.293    22.512 r  tv[63][3]_i_80/O
                         net (fo=1, unplaced)         0.000    22.512    tv[63][3]_i_80_n_0
                         CARRY4 (Prop_carry4_DI[0]_CO[3])
                                                      0.576    23.088 r  tv_reg[63][3]_i_58/CO[3]
                         net (fo=1, unplaced)         0.000    23.088    tv_reg[63][3]_i_58_n_0
                         CARRY4 (Prop_carry4_CI_CO[3])
                                                      0.117    23.205 r  tv_reg[63][3]_i_36/CO[3]
                         net (fo=1, unplaced)         0.000    23.205    tv_reg[63][3]_i_36_n_0
                         CARRY4 (Prop_carry4_CI_CO[3])
                                                      0.117    23.322 r  tv_reg[63][3]_i_16/CO[3]
                         net (fo=1, unplaced)         0.000    23.322    tv_reg[63][3]_i_16_n_0
                         CARRY4 (Prop_carry4_CI_CO[3])
                                                      0.117    23.439 r  tv_reg[63][3]_i_8/CO[3]
                         net (fo=1, unplaced)         0.000    23.439    tv_reg[63][3]_i_8_n_0
                         CARRY4 (Prop_carry4_CI_CO[2])
                                                      0.252    23.691 r  tv_reg[63][3]_i_3/CO[2]
                         net (fo=2, unplaced)         0.463    24.154    tv_reg[63][3]_i_3_n_1
                         LUT4 (Prop_lut4_I3_O)        0.310    24.464 r  tv[63][3]_i_7/O
                         net (fo=1, unplaced)         0.000    24.464    tv[63][3]_i_7_n_0
                         CARRY4 (Prop_carry4_S[0]_CO[3])
                                                      0.513    24.977 r  tv_reg[63][3]_i_2/CO[3]
                         net (fo=1, unplaced)         0.000    24.977    tv_reg[63][3]_i_2_n_0
                         CARRY4 (Prop_carry4_CI_CO[3])
                                                      0.117    25.094 r  tv_reg[63][7]_i_2/CO[3]
                         net (fo=1, unplaced)         0.000    25.094    tv_reg[63][7]_i_2_n_0
                         CARRY4 (Prop_carry4_CI_CO[3])
                                                      0.117    25.211 r  tv_reg[63][11]_i_2/CO[3]
                         net (fo=1, unplaced)         0.000    25.211    tv_reg[63][11]_i_2_n_0
                         CARRY4 (Prop_carry4_CI_O[2])
                                                      0.256    25.467 f  tv_reg[63][15]_i_10/O[2]
                         net (fo=7, unplaced)         0.487    25.954    p_2_out[14]
                         LUT1 (Prop_lut1_I0_O)        0.301    26.255 r  tv[63][15]_i_34/O
                         net (fo=1, unplaced)         0.000    26.255    tv[63][15]_i_34_n_0
                         CARRY4 (Prop_carry4_S[1]_CO[3])
                                                      0.533    26.788 r  tv_reg[63][15]_i_9/CO[3]
                         net (fo=1, unplaced)         0.000    26.788    tv_reg[63][15]_i_9_n_0
                         CARRY4 (Prop_carry4_CI_CO[3])
                                                      0.117    26.905 r  tv_reg[63][15]_i_63/CO[3]
                         net (fo=1, unplaced)         0.000    26.905    tv_reg[63][15]_i_63_n_0
                         CARRY4 (Prop_carry4_CI_CO[3])
                                                      0.117    27.022 r  tv_reg[63][15]_i_28/CO[3]
                         net (fo=1, unplaced)         0.000    27.022    tv_reg[63][15]_i_28_n_0
                         CARRY4 (Prop_carry4_CI_O[1])
                                                      0.337    27.359 r  tv_reg[63][15]_i_8/O[1]
                         net (fo=4, unplaced)         0.635    27.994    tv_reg[63][15]_i_8_n_6
                         LUT5 (Prop_lut5_I0_O)        0.332    28.326 r  tv[63][15]_i_139/O
                         net (fo=1, unplaced)         0.000    28.326    tv[63][15]_i_139_n_0
                         CARRY4 (Prop_carry4_DI[0]_CO[3])
                                                      0.576    28.902 r  tv_reg[63][15]_i_115/CO[3]
                         net (fo=1, unplaced)         0.000    28.902    tv_reg[63][15]_i_115_n_0
                         CARRY4 (Prop_carry4_CI_CO[3])
                                                      0.117    29.019 r  tv_reg[63][15]_i_72/CO[3]
                         net (fo=1, unplaced)         0.000    29.019    tv_reg[63][15]_i_72_n_0
                         CARRY4 (Prop_carry4_CI_CO[3])
                                                      0.117    29.136 r  tv_reg[63][15]_i_40/CO[3]
                         net (fo=1, unplaced)         0.000    29.136    tv_reg[63][15]_i_40_n_0
                         CARRY4 (Prop_carry4_CI_CO[3])
                                                      0.117    29.253 r  tv_reg[63][15]_i_11/CO[3]
                         net (fo=1, unplaced)         0.000    29.253    tv_reg[63][15]_i_11_n_0
                         CARRY4 (Prop_carry4_CI_CO[2])
                                                      0.252    29.505 f  tv_reg[63][15]_i_5/CO[2]
                         net (fo=32, unplaced)        0.523    30.028    tv_reg[63][15]_i_5_n_1
                         LUT6 (Prop_lut6_I2_O)        0.310    30.338 r  val0_i_8/O
                         net (fo=78, unplaced)        0.803    31.141    val0_i_8_n_0
                         DSP48E1                                      r  val0/A[27]
  -------------------------------------------------------------------    -------------------

                         (clock clk rise edge)       10.000    10.000 r  <hidden>
                                                      0.000    10.000 r  clk
                         net (fo=43076, unset)        0.924    10.924    clk
                         DSP48E1                                      r  val0/CLK
                         clock pessimism              0.000    10.924    <hidden>
                         clock uncertainty           -0.035    10.889    <hidden>
                         DSP48E1 (Setup_dsp48e1_CLK_A[27])
                                                     -0.362    10.527    val0
  -------------------------------------------------------------------
                         required time                         10.527    <hidden>
                         arrival time                         -31.141    <hidden>
  -------------------------------------------------------------------
                         slack                                -20.614    <hidden>




