Copyright 1986-2022 Xilinx, Inc. All Rights Reserved. Copyright 2022-2026 Advanced Micro Devices, Inc. All Rights Reserved.
------------------------------------------------------------------------------------------------------------------------------------------------------------------------------------------------------------------------------------------
| Tool Version : Vivado v.2026.1 (win64) Build 6511674 Tue Jun 16 11:02:23 MDT 2026
| Date         : Wed Sep  9 21:06:10 2026
| Host         : laptop-Quan running 64-bit major release  (build 9200)
| Command      : report_timing -delay_type max -max_paths 20 -nworst 1 -sort_by slack -file D:/FPGA/FPGG_ART_Y_ASTRA_NATIVE_V1_RESEARCH/results/A7-NATIVE-GRAPH/ASTRA-FINAL-C4-C7-20260909/26_C4_D32_BITEXACT_PHYSICAL/timing_n20_e3e.rpt
| Design       : a7ng_astra_c4_lm06_d32_fr_v2
| Device       : 7a100t-csg324
| Speed File   : -1  PRODUCTION 1.23 2018-06-13
| Design State : Synthesized
------------------------------------------------------------------------------------------------------------------------------------------------------------------------------------------------------------------------------------------

Timing Report

Slack (VIOLATED) :        -23.439ns  (required time - arrival time)
  Source:                 vi_reg[0]_rep__0/C
                            (rising edge-triggered cell FDCE clocked by clk  {rise@0.000ns fall@5.000ns period=10.000ns})
  Destination:            logits_wdata_reg[11]/S
                            (rising edge-triggered cell FDSE clocked by clk  {rise@0.000ns fall@5.000ns period=10.000ns})
  Path Group:             clk
  Path Type:              Setup (Max at Slow Process Corner)
  Requirement:            10.000ns  (clk rise@10.000ns - clk rise@0.000ns)
  Data Path Delay:        32.798ns  (logic 22.462ns (68.485%)  route 10.336ns (31.515%))
  Logic Levels:           53  (CARRY4=35 DSP48E1=4 LUT1=1 LUT2=3 LUT3=2 LUT4=4 LUT5=1 LUT6=2 MUXF7=1)
  Clock Path Skew:        -0.049ns (DCD - SCD + CPR)
    Destination Clock Delay (DCD):    0.924ns = ( 10.924 - 10.000 ) 
    Source Clock Delay      (SCD):    0.973ns
    Clock Pessimism Removal (CPR):    0.000ns
  Clock Uncertainty:      0.035ns  ((TSJ^2 + TIJ^2)^1/2 + DJ) / 2 + PE
    Total System Jitter     (TSJ):    0.071ns
    Total Input Jitter      (TIJ):    0.000ns
    Discrete Jitter          (DJ):    0.000ns
    Phase Error              (PE):    0.000ns

    Location             Delay type                Incr(ns)  Path(ns)    Netlist Resource(s)
  -------------------------------------------------------------------    -------------------
                         (clock clk rise edge)        0.000     0.000 r  <hidden>
                                                      0.000     0.000 r  clk
                         net (fo=42883, unset)        0.973     0.973    clk
                         FDCE                                         r  vi_reg[0]_rep__0/C
  -------------------------------------------------------------------    -------------------
                         FDCE (Prop_fdce_C_Q)         0.478     1.451 r  vi_reg[0]_rep__0/Q
                         net (fo=99, unplaced)        0.905     2.356    vi_reg[0]_rep__0_n_0
                         LUT5 (Prop_lut5_I0_O)        0.295     2.651 r  g48_b7__5/O
                         net (fo=1, unplaced)         0.000     2.651    g48_b7__5_n_0
                         MUXF7 (Prop_muxf7_I1_O)      0.247     2.898 r  val0__0_i_22/O
                         net (fo=1, unplaced)         0.735     3.633    val0__0_i_22_n_0
                         LUT6 (Prop_lut6_I1_O)        0.298     3.931 r  val0__0_i_11/O
                         net (fo=1, unplaced)         0.449     4.380    val0__0_i_11_n_0
                         LUT2 (Prop_lut2_I0_O)        0.124     4.504 r  val0__0_i_4/O
                         net (fo=1, unplaced)         0.803     5.307    wgt817_return[3]
                         DSP48E1 (Prop_dsp48e1_B[3]_P[1])
                                                      3.656     8.963 r  val0__0/P[1]
                         net (fo=1, unplaced)         0.803     9.766    val0__0_n_104
                         LUT2 (Prop_lut2_I1_O)        0.124     9.890 r  c4_rq12_return1__3_i_19/O
                         net (fo=1, unplaced)         0.000     9.890    c4_rq12_return1__3_i_19_n_0
                         CARRY4 (Prop_carry4_S[1]_CO[3])
                                                      0.533    10.423 r  c4_rq12_return1__3_i_4/CO[3]
                         net (fo=1, unplaced)         0.000    10.423    c4_rq12_return1__3_i_4_n_0
                         CARRY4 (Prop_carry4_CI_CO[3])
                                                      0.117    10.540 r  c4_rq12_return1__3_i_3/CO[3]
                         net (fo=1, unplaced)         0.000    10.540    c4_rq12_return1__3_i_3_n_0
                         CARRY4 (Prop_carry4_CI_CO[3])
                                                      0.117    10.657 r  c4_rq12_return1__3_i_2/CO[3]
                         net (fo=1, unplaced)         0.000    10.657    c4_rq12_return1__3_i_2_n_0
                         CARRY4 (Prop_carry4_CI_CO[3])
                                                      0.117    10.774 r  c4_rq12_return1__3_i_1/CO[3]
                         net (fo=1, unplaced)         0.000    10.774    c4_rq12_return1__3_i_1_n_0
                         CARRY4 (Prop_carry4_CI_CO[3])
                                                      0.117    10.891 r  c4_rq12_return1__0_i_5/CO[3]
                         net (fo=1, unplaced)         0.000    10.891    c4_rq12_return1__0_i_5_n_0
                         CARRY4 (Prop_carry4_CI_CO[3])
                                                      0.117    11.008 r  c4_rq12_return1__0_i_4/CO[3]
                         net (fo=1, unplaced)         0.000    11.008    c4_rq12_return1__0_i_4_n_0
                         CARRY4 (Prop_carry4_CI_CO[3])
                                                      0.117    11.125 r  c4_rq12_return1__0_i_3/CO[3]
                         net (fo=1, unplaced)         0.000    11.125    c4_rq12_return1__0_i_3_n_0
                         CARRY4 (Prop_carry4_CI_CO[3])
                                                      0.117    11.242 r  c4_rq12_return1__0_i_2/CO[3]
                         net (fo=1, unplaced)         0.000    11.242    c4_rq12_return1__0_i_2_n_0
                         CARRY4 (Prop_carry4_CI_O[1])
                                                      0.337    11.579 r  c4_rq12_return1__0_i_1/O[1]
                         net (fo=2, unplaced)         0.803    12.382    c4_rq12_return1__0_i_1_n_6
                         DSP48E1 (Prop_dsp48e1_A[16]_PCOUT[47])
                                                      4.215    16.597 r  c4_rq12_return1__0/PCOUT[47]
                         net (fo=1, unplaced)         0.000    16.597    c4_rq12_return1__0_n_106
                         DSP48E1 (Prop_dsp48e1_PCIN[47]_PCOUT[47])
                                                      1.713    18.310 r  c4_rq12_return1__1/PCOUT[47]
                         net (fo=1, unplaced)         0.000    18.310    c4_rq12_return1__1_n_106
                         DSP48E1 (Prop_dsp48e1_PCIN[47]_P[2])
                                                      1.518    19.828 r  c4_rq12_return1__2/P[2]
                         net (fo=2, unplaced)         0.803    20.630    c4_rq12_return1__2_n_103
                         LUT3 (Prop_lut3_I1_O)        0.124    20.754 r  logits_wdata[31]_i_160/O
                         net (fo=2, unplaced)         0.460    21.214    logits_wdata[31]_i_160_n_0
                         LUT4 (Prop_lut4_I3_O)        0.124    21.338 r  logits_wdata[31]_i_164/O
                         net (fo=1, unplaced)         0.000    21.338    logits_wdata[31]_i_164_n_0
                         CARRY4 (Prop_carry4_S[1]_CO[3])
                                                      0.533    21.871 r  logits_wdata_reg[31]_i_121/CO[3]
                         net (fo=1, unplaced)         0.000    21.871    logits_wdata_reg[31]_i_121_n_0
                         CARRY4 (Prop_carry4_CI_CO[3])
                                                      0.117    21.988 r  logits_wdata_reg[31]_i_80/CO[3]
                         net (fo=1, unplaced)         0.000    21.988    logits_wdata_reg[31]_i_80_n_0
                         CARRY4 (Prop_carry4_CI_O[2])
                                                      0.256    22.244 r  logits_wdata_reg[31]_i_47/O[2]
                         net (fo=92, unplaced)        0.549    22.793    c4_rq12_return1__6[63]
                         LUT4 (Prop_lut4_I2_O)        0.293    23.086 r  logits_wdata[3]_i_197/O
                         net (fo=1, unplaced)         0.000    23.086    logits_wdata[3]_i_197_n_0
                         CARRY4 (Prop_carry4_DI[0]_CO[3])
                                                      0.576    23.662 r  logits_wdata_reg[3]_i_150/CO[3]
                         net (fo=1, unplaced)         0.000    23.662    logits_wdata_reg[3]_i_150_n_0
                         CARRY4 (Prop_carry4_CI_CO[3])
                                                      0.117    23.779 r  logits_wdata_reg[3]_i_103/CO[3]
                         net (fo=1, unplaced)         0.000    23.779    logits_wdata_reg[3]_i_103_n_0
                         CARRY4 (Prop_carry4_CI_CO[3])
                                                      0.117    23.896 r  logits_wdata_reg[3]_i_66/CO[3]
                         net (fo=1, unplaced)         0.000    23.896    logits_wdata_reg[3]_i_66_n_0
                         CARRY4 (Prop_carry4_CI_CO[3])
                                                      0.117    24.013 r  logits_wdata_reg[3]_i_42/CO[3]
                         net (fo=1, unplaced)         0.000    24.013    logits_wdata_reg[3]_i_42_n_0
                         CARRY4 (Prop_carry4_CI_CO[2])
                                                      0.252    24.265 r  logits_wdata_reg[3]_i_21/CO[2]
                         net (fo=2, unplaced)         0.463    24.728    logits_wdata_reg[3]_i_21_n_1
                         LUT4 (Prop_lut4_I3_O)        0.310    25.038 r  logits_wdata[3]_i_25/O
                         net (fo=1, unplaced)         0.000    25.038    logits_wdata[3]_i_25_n_0
                         CARRY4 (Prop_carry4_S[0]_O[2])
                                                      0.544    25.582 f  logits_wdata_reg[3]_i_11/O[2]
                         net (fo=2, unplaced)         0.463    26.045    logits_wdata_reg[3]_i_11_n_5
                         LUT1 (Prop_lut1_I0_O)        0.301    26.346 r  logits_wdata[7]_i_25/O
                         net (fo=1, unplaced)         0.000    26.346    logits_wdata[7]_i_25_n_0
                         CARRY4 (Prop_carry4_S[1]_O[3])
                                                      0.643    26.989 r  logits_wdata_reg[7]_i_12/O[3]
                         net (fo=1, unplaced)         0.448    27.437    c4_rq12_return0[4]
                         LUT3 (Prop_lut3_I0_O)        0.307    27.744 r  logits_wdata[7]_i_6/O
                         net (fo=2, unplaced)         0.743    28.487    c4_rq12_return[4]
                         LUT6 (Prop_lut6_I0_O)        0.124    28.611 r  logits_wdata[7]_i_10/O
                         net (fo=1, unplaced)         0.000    28.611    logits_wdata[7]_i_10_n_0
                         CARRY4 (Prop_carry4_S[0]_CO[3])
                                                      0.513    29.124 r  logits_wdata_reg[7]_i_2/CO[3]
                         net (fo=1, unplaced)         0.000    29.124    logits_wdata_reg[7]_i_2_n_0
                         CARRY4 (Prop_carry4_CI_CO[3])
                                                      0.117    29.241 r  logits_wdata_reg[11]_i_2/CO[3]
                         net (fo=1, unplaced)         0.000    29.241    logits_wdata_reg[11]_i_2_n_0
                         CARRY4 (Prop_carry4_CI_CO[3])
                                                      0.117    29.358 r  logits_wdata_reg[15]_i_2/CO[3]
                         net (fo=1, unplaced)         0.000    29.358    logits_wdata_reg[15]_i_2_n_0
                         CARRY4 (Prop_carry4_CI_CO[3])
                                                      0.117    29.475 r  logits_wdata_reg[19]_i_2/CO[3]
                         net (fo=1, unplaced)         0.000    29.475    logits_wdata_reg[19]_i_2_n_0
                         CARRY4 (Prop_carry4_CI_CO[3])
                                                      0.117    29.592 r  logits_wdata_reg[23]_i_2/CO[3]
                         net (fo=1, unplaced)         0.000    29.592    logits_wdata_reg[23]_i_2_n_0
                         CARRY4 (Prop_carry4_CI_CO[3])
                                                      0.117    29.709 r  logits_wdata_reg[27]_i_2/CO[3]
                         net (fo=1, unplaced)         0.000    29.709    logits_wdata_reg[27]_i_2_n_0
                         CARRY4 (Prop_carry4_CI_CO[3])
                                                      0.117    29.826 r  logits_wdata_reg[31]_i_5/CO[3]
                         net (fo=1, unplaced)         0.000    29.826    logits_wdata_reg[31]_i_5_n_0
                         CARRY4 (Prop_carry4_CI_CO[3])
                                                      0.117    29.943 r  logits_wdata_reg[31]_i_140/CO[3]
                         net (fo=1, unplaced)         0.000    29.943    logits_wdata_reg[31]_i_140_n_0
                         CARRY4 (Prop_carry4_CI_CO[3])
                                                      0.117    30.060 r  logits_wdata_reg[31]_i_139/CO[3]
                         net (fo=1, unplaced)         0.000    30.060    logits_wdata_reg[31]_i_139_n_0
                         CARRY4 (Prop_carry4_CI_CO[3])
                                                      0.117    30.177 r  logits_wdata_reg[31]_i_103/CO[3]
                         net (fo=1, unplaced)         0.000    30.177    logits_wdata_reg[31]_i_103_n_0
                         CARRY4 (Prop_carry4_CI_CO[3])
                                                      0.117    30.294 r  logits_wdata_reg[31]_i_102/CO[3]
                         net (fo=1, unplaced)         0.000    30.294    logits_wdata_reg[31]_i_102_n_0
                         CARRY4 (Prop_carry4_CI_CO[3])
                                                      0.117    30.411 r  logits_wdata_reg[31]_i_62/CO[3]
                         net (fo=1, unplaced)         0.000    30.411    logits_wdata_reg[31]_i_62_n_0
                         CARRY4 (Prop_carry4_CI_CO[3])
                                                      0.117    30.528 r  logits_wdata_reg[31]_i_61/CO[3]
                         net (fo=1, unplaced)         0.000    30.528    logits_wdata_reg[31]_i_61_n_0
                         CARRY4 (Prop_carry4_CI_CO[3])
                                                      0.117    30.645 r  logits_wdata_reg[31]_i_37/CO[3]
                         net (fo=1, unplaced)         0.000    30.645    logits_wdata_reg[31]_i_37_n_0
                         CARRY4 (Prop_carry4_CI_O[3])
                                                      0.331    30.976 r  logits_wdata_reg[31]_i_36/O[3]
                         net (fo=4, unplaced)         0.445    31.421    val__1[63]
                         LUT2 (Prop_lut2_I0_O)        0.332    31.753 r  logits_wdata[31]_i_14/O
                         net (fo=1, unplaced)         0.000    31.753    logits_wdata[31]_i_14_n_0
                         CARRY4 (Prop_carry4_DI[3]_CO[3])
                                                      0.429    32.182 r  logits_wdata_reg[31]_i_4/CO[3]
                         net (fo=12, unplaced)        0.796    32.978    c4_sat1__0
                         LUT4 (Prop_lut4_I3_O)        0.124    33.102 r  logits_wdata[31]_i_1/O
                         net (fo=21, unplaced)        0.669    33.771    logits_wdata[31]_i_1_n_0
                         FDSE                                         r  logits_wdata_reg[11]/S
  -------------------------------------------------------------------    -------------------

                         (clock clk rise edge)       10.000    10.000 r  <hidden>
                                                      0.000    10.000 r  clk
                         net (fo=42883, unset)        0.924    10.924    clk
                         FDSE                                         r  logits_wdata_reg[11]/C
                         clock pessimism              0.000    10.924    <hidden>
                         clock uncertainty           -0.035    10.889    <hidden>
                         FDSE (Setup_fdse_C_S)       -0.557    10.332    logits_wdata_reg[11]
  -------------------------------------------------------------------
                         required time                         10.332    <hidden>
                         arrival time                         -33.771    <hidden>
  -------------------------------------------------------------------
                         slack                                -23.439    <hidden>

Slack (VIOLATED) :        -23.439ns  (required time - arrival time)
  Source:                 vi_reg[0]_rep__0/C
                            (rising edge-triggered cell FDCE clocked by clk  {rise@0.000ns fall@5.000ns period=10.000ns})
  Destination:            logits_wdata_reg[12]/S
                            (rising edge-triggered cell FDSE clocked by clk  {rise@0.000ns fall@5.000ns period=10.000ns})
  Path Group:             clk
  Path Type:              Setup (Max at Slow Process Corner)
  Requirement:            10.000ns  (clk rise@10.000ns - clk rise@0.000ns)
  Data Path Delay:        32.798ns  (logic 22.462ns (68.485%)  route 10.336ns (31.515%))
  Logic Levels:           53  (CARRY4=35 DSP48E1=4 LUT1=1 LUT2=3 LUT3=2 LUT4=4 LUT5=1 LUT6=2 MUXF7=1)
  Clock Path Skew:        -0.049ns (DCD - SCD + CPR)
    Destination Clock Delay (DCD):    0.924ns = ( 10.924 - 10.000 ) 
    Source Clock Delay      (SCD):    0.973ns
    Clock Pessimism Removal (CPR):    0.000ns
  Clock Uncertainty:      0.035ns  ((TSJ^2 + TIJ^2)^1/2 + DJ) / 2 + PE
    Total System Jitter     (TSJ):    0.071ns
    Total Input Jitter      (TIJ):    0.000ns
    Discrete Jitter          (DJ):    0.000ns
    Phase Error              (PE):    0.000ns

    Location             Delay type                Incr(ns)  Path(ns)    Netlist Resource(s)
  -------------------------------------------------------------------    -------------------
                         (clock clk rise edge)        0.000     0.000 r  <hidden>
                                                      0.000     0.000 r  clk
                         net (fo=42883, unset)        0.973     0.973    clk
                         FDCE                                         r  vi_reg[0]_rep__0/C
  -------------------------------------------------------------------    -------------------
                         FDCE (Prop_fdce_C_Q)         0.478     1.451 r  vi_reg[0]_rep__0/Q
                         net (fo=99, unplaced)        0.905     2.356    vi_reg[0]_rep__0_n_0
                         LUT5 (Prop_lut5_I0_O)        0.295     2.651 r  g48_b7__5/O
                         net (fo=1, unplaced)         0.000     2.651    g48_b7__5_n_0
                         MUXF7 (Prop_muxf7_I1_O)      0.247     2.898 r  val0__0_i_22/O
                         net (fo=1, unplaced)         0.735     3.633    val0__0_i_22_n_0
                         LUT6 (Prop_lut6_I1_O)        0.298     3.931 r  val0__0_i_11/O
                         net (fo=1, unplaced)         0.449     4.380    val0__0_i_11_n_0
                         LUT2 (Prop_lut2_I0_O)        0.124     4.504 r  val0__0_i_4/O
                         net (fo=1, unplaced)         0.803     5.307    wgt817_return[3]
                         DSP48E1 (Prop_dsp48e1_B[3]_P[1])
                                                      3.656     8.963 r  val0__0/P[1]
                         net (fo=1, unplaced)         0.803     9.766    val0__0_n_104
                         LUT2 (Prop_lut2_I1_O)        0.124     9.890 r  c4_rq12_return1__3_i_19/O
                         net (fo=1, unplaced)         0.000     9.890    c4_rq12_return1__3_i_19_n_0
                         CARRY4 (Prop_carry4_S[1]_CO[3])
                                                      0.533    10.423 r  c4_rq12_return1__3_i_4/CO[3]
                         net (fo=1, unplaced)         0.000    10.423    c4_rq12_return1__3_i_4_n_0
                         CARRY4 (Prop_carry4_CI_CO[3])
                                                      0.117    10.540 r  c4_rq12_return1__3_i_3/CO[3]
                         net (fo=1, unplaced)         0.000    10.540    c4_rq12_return1__3_i_3_n_0
                         CARRY4 (Prop_carry4_CI_CO[3])
                                                      0.117    10.657 r  c4_rq12_return1__3_i_2/CO[3]
                         net (fo=1, unplaced)         0.000    10.657    c4_rq12_return1__3_i_2_n_0
                         CARRY4 (Prop_carry4_CI_CO[3])
                                                      0.117    10.774 r  c4_rq12_return1__3_i_1/CO[3]
                         net (fo=1, unplaced)         0.000    10.774    c4_rq12_return1__3_i_1_n_0
                         CARRY4 (Prop_carry4_CI_CO[3])
                                                      0.117    10.891 r  c4_rq12_return1__0_i_5/CO[3]
                         net (fo=1, unplaced)         0.000    10.891    c4_rq12_return1__0_i_5_n_0
                         CARRY4 (Prop_carry4_CI_CO[3])
                                                      0.117    11.008 r  c4_rq12_return1__0_i_4/CO[3]
                         net (fo=1, unplaced)         0.000    11.008    c4_rq12_return1__0_i_4_n_0
                         CARRY4 (Prop_carry4_CI_CO[3])
                                                      0.117    11.125 r  c4_rq12_return1__0_i_3/CO[3]
                         net (fo=1, unplaced)         0.000    11.125    c4_rq12_return1__0_i_3_n_0
                         CARRY4 (Prop_carry4_CI_CO[3])
                                                      0.117    11.242 r  c4_rq12_return1__0_i_2/CO[3]
                         net (fo=1, unplaced)         0.000    11.242    c4_rq12_return1__0_i_2_n_0
                         CARRY4 (Prop_carry4_CI_O[1])
                                                      0.337    11.579 r  c4_rq12_return1__0_i_1/O[1]
                         net (fo=2, unplaced)         0.803    12.382    c4_rq12_return1__0_i_1_n_6
                         DSP48E1 (Prop_dsp48e1_A[16]_PCOUT[47])
                                                      4.215    16.597 r  c4_rq12_return1__0/PCOUT[47]
                         net (fo=1, unplaced)         0.000    16.597    c4_rq12_return1__0_n_106
                         DSP48E1 (Prop_dsp48e1_PCIN[47]_PCOUT[47])
                                                      1.713    18.310 r  c4_rq12_return1__1/PCOUT[47]
                         net (fo=1, unplaced)         0.000    18.310    c4_rq12_return1__1_n_106
                         DSP48E1 (Prop_dsp48e1_PCIN[47]_P[2])
                                                      1.518    19.828 r  c4_rq12_return1__2/P[2]
                         net (fo=2, unplaced)         0.803    20.630    c4_rq12_return1__2_n_103
                         LUT3 (Prop_lut3_I1_O)        0.124    20.754 r  logits_wdata[31]_i_160/O
                         net (fo=2, unplaced)         0.460    21.214    logits_wdata[31]_i_160_n_0
                         LUT4 (Prop_lut4_I3_O)        0.124    21.338 r  logits_wdata[31]_i_164/O
                         net (fo=1, unplaced)         0.000    21.338    logits_wdata[31]_i_164_n_0
                         CARRY4 (Prop_carry4_S[1]_CO[3])
                                                      0.533    21.871 r  logits_wdata_reg[31]_i_121/CO[3]
                         net (fo=1, unplaced)         0.000    21.871    logits_wdata_reg[31]_i_121_n_0
                         CARRY4 (Prop_carry4_CI_CO[3])
                                                      0.117    21.988 r  logits_wdata_reg[31]_i_80/CO[3]
                         net (fo=1, unplaced)         0.000    21.988    logits_wdata_reg[31]_i_80_n_0
                         CARRY4 (Prop_carry4_CI_O[2])
                                                      0.256    22.244 r  logits_wdata_reg[31]_i_47/O[2]
                         net (fo=92, unplaced)        0.549    22.793    c4_rq12_return1__6[63]
                         LUT4 (Prop_lut4_I2_O)        0.293    23.086 r  logits_wdata[3]_i_197/O
                         net (fo=1, unplaced)         0.000    23.086    logits_wdata[3]_i_197_n_0
                         CARRY4 (Prop_carry4_DI[0]_CO[3])
                                                      0.576    23.662 r  logits_wdata_reg[3]_i_150/CO[3]
                         net (fo=1, unplaced)         0.000    23.662    logits_wdata_reg[3]_i_150_n_0
                         CARRY4 (Prop_carry4_CI_CO[3])
                                                      0.117    23.779 r  logits_wdata_reg[3]_i_103/CO[3]
                         net (fo=1, unplaced)         0.000    23.779    logits_wdata_reg[3]_i_103_n_0
                         CARRY4 (Prop_carry4_CI_CO[3])
                                                      0.117    23.896 r  logits_wdata_reg[3]_i_66/CO[3]
                         net (fo=1, unplaced)         0.000    23.896    logits_wdata_reg[3]_i_66_n_0
                         CARRY4 (Prop_carry4_CI_CO[3])
                                                      0.117    24.013 r  logits_wdata_reg[3]_i_42/CO[3]
                         net (fo=1, unplaced)         0.000    24.013    logits_wdata_reg[3]_i_42_n_0
                         CARRY4 (Prop_carry4_CI_CO[2])
                                                      0.252    24.265 r  logits_wdata_reg[3]_i_21/CO[2]
                         net (fo=2, unplaced)         0.463    24.728    logits_wdata_reg[3]_i_21_n_1
                         LUT4 (Prop_lut4_I3_O)        0.310    25.038 r  logits_wdata[3]_i_25/O
                         net (fo=1, unplaced)         0.000    25.038    logits_wdata[3]_i_25_n_0
                         CARRY4 (Prop_carry4_S[0]_O[2])
                                                      0.544    25.582 f  logits_wdata_reg[3]_i_11/O[2]
                         net (fo=2, unplaced)         0.463    26.045    logits_wdata_reg[3]_i_11_n_5
                         LUT1 (Prop_lut1_I0_O)        0.301    26.346 r  logits_wdata[7]_i_25/O
                         net (fo=1, unplaced)         0.000    26.346    logits_wdata[7]_i_25_n_0
                         CARRY4 (Prop_carry4_S[1]_O[3])
                                                      0.643    26.989 r  logits_wdata_reg[7]_i_12/O[3]
                         net (fo=1, unplaced)         0.448    27.437    c4_rq12_return0[4]
                         LUT3 (Prop_lut3_I0_O)        0.307    27.744 r  logits_wdata[7]_i_6/O
                         net (fo=2, unplaced)         0.743    28.487    c4_rq12_return[4]
                         LUT6 (Prop_lut6_I0_O)        0.124    28.611 r  logits_wdata[7]_i_10/O
                         net (fo=1, unplaced)         0.000    28.611    logits_wdata[7]_i_10_n_0
                         CARRY4 (Prop_carry4_S[0]_CO[3])
                                                      0.513    29.124 r  logits_wdata_reg[7]_i_2/CO[3]
                         net (fo=1, unplaced)         0.000    29.124    logits_wdata_reg[7]_i_2_n_0
                         CARRY4 (Prop_carry4_CI_CO[3])
                                                      0.117    29.241 r  logits_wdata_reg[11]_i_2/CO[3]
                         net (fo=1, unplaced)         0.000    29.241    logits_wdata_reg[11]_i_2_n_0
                         CARRY4 (Prop_carry4_CI_CO[3])
                                                      0.117    29.358 r  logits_wdata_reg[15]_i_2/CO[3]
                         net (fo=1, unplaced)         0.000    29.358    logits_wdata_reg[15]_i_2_n_0
                         CARRY4 (Prop_carry4_CI_CO[3])
                                                      0.117    29.475 r  logits_wdata_reg[19]_i_2/CO[3]
                         net (fo=1, unplaced)         0.000    29.475    logits_wdata_reg[19]_i_2_n_0
                         CARRY4 (Prop_carry4_CI_CO[3])
                                                      0.117    29.592 r  logits_wdata_reg[23]_i_2/CO[3]
                         net (fo=1, unplaced)         0.000    29.592    logits_wdata_reg[23]_i_2_n_0
                         CARRY4 (Prop_carry4_CI_CO[3])
                                                      0.117    29.709 r  logits_wdata_reg[27]_i_2/CO[3]
                         net (fo=1, unplaced)         0.000    29.709    logits_wdata_reg[27]_i_2_n_0
                         CARRY4 (Prop_carry4_CI_CO[3])
                                                      0.117    29.826 r  logits_wdata_reg[31]_i_5/CO[3]
                         net (fo=1, unplaced)         0.000    29.826    logits_wdata_reg[31]_i_5_n_0
                         CARRY4 (Prop_carry4_CI_CO[3])
                                                      0.117    29.943 r  logits_wdata_reg[31]_i_140/CO[3]
                         net (fo=1, unplaced)         0.000    29.943    logits_wdata_reg[31]_i_140_n_0
                         CARRY4 (Prop_carry4_CI_CO[3])
                                                      0.117    30.060 r  logits_wdata_reg[31]_i_139/CO[3]
                         net (fo=1, unplaced)         0.000    30.060    logits_wdata_reg[31]_i_139_n_0
                         CARRY4 (Prop_carry4_CI_CO[3])
                                                      0.117    30.177 r  logits_wdata_reg[31]_i_103/CO[3]
                         net (fo=1, unplaced)         0.000    30.177    logits_wdata_reg[31]_i_103_n_0
                         CARRY4 (Prop_carry4_CI_CO[3])
                                                      0.117    30.294 r  logits_wdata_reg[31]_i_102/CO[3]
                         net (fo=1, unplaced)         0.000    30.294    logits_wdata_reg[31]_i_102_n_0
                         CARRY4 (Prop_carry4_CI_CO[3])
                                                      0.117    30.411 r  logits_wdata_reg[31]_i_62/CO[3]
                         net (fo=1, unplaced)         0.000    30.411    logits_wdata_reg[31]_i_62_n_0
                         CARRY4 (Prop_carry4_CI_CO[3])
                                                      0.117    30.528 r  logits_wdata_reg[31]_i_61/CO[3]
                         net (fo=1, unplaced)         0.000    30.528    logits_wdata_reg[31]_i_61_n_0
                         CARRY4 (Prop_carry4_CI_CO[3])
                                                      0.117    30.645 r  logits_wdata_reg[31]_i_37/CO[3]
                         net (fo=1, unplaced)         0.000    30.645    logits_wdata_reg[31]_i_37_n_0
                         CARRY4 (Prop_carry4_CI_O[3])
                                                      0.331    30.976 r  logits_wdata_reg[31]_i_36/O[3]
                         net (fo=4, unplaced)         0.445    31.421    val__1[63]
                         LUT2 (Prop_lut2_I0_O)        0.332    31.753 r  logits_wdata[31]_i_14/O
                         net (fo=1, unplaced)         0.000    31.753    logits_wdata[31]_i_14_n_0
                         CARRY4 (Prop_carry4_DI[3]_CO[3])
                                                      0.429    32.182 r  logits_wdata_reg[31]_i_4/CO[3]
                         net (fo=12, unplaced)        0.796    32.978    c4_sat1__0
                         LUT4 (Prop_lut4_I3_O)        0.124    33.102 r  logits_wdata[31]_i_1/O
                         net (fo=21, unplaced)        0.669    33.771    logits_wdata[31]_i_1_n_0
                         FDSE                                         r  logits_wdata_reg[12]/S
  -------------------------------------------------------------------    -------------------

                         (clock clk rise edge)       10.000    10.000 r  <hidden>
                                                      0.000    10.000 r  clk
                         net (fo=42883, unset)        0.924    10.924    clk
                         FDSE                                         r  logits_wdata_reg[12]/C
                         clock pessimism              0.000    10.924    <hidden>
                         clock uncertainty           -0.035    10.889    <hidden>
                         FDSE (Setup_fdse_C_S)       -0.557    10.332    logits_wdata_reg[12]
  -------------------------------------------------------------------
                         required time                         10.332    <hidden>
                         arrival time                         -33.771    <hidden>
  -------------------------------------------------------------------
                         slack                                -23.439    <hidden>

Slack (VIOLATED) :        -23.439ns  (required time - arrival time)
  Source:                 vi_reg[0]_rep__0/C
                            (rising edge-triggered cell FDCE clocked by clk  {rise@0.000ns fall@5.000ns period=10.000ns})
  Destination:            logits_wdata_reg[13]/S
                            (rising edge-triggered cell FDSE clocked by clk  {rise@0.000ns fall@5.000ns period=10.000ns})
  Path Group:             clk
  Path Type:              Setup (Max at Slow Process Corner)
  Requirement:            10.000ns  (clk rise@10.000ns - clk rise@0.000ns)
  Data Path Delay:        32.798ns  (logic 22.462ns (68.485%)  route 10.336ns (31.515%))
  Logic Levels:           53  (CARRY4=35 DSP48E1=4 LUT1=1 LUT2=3 LUT3=2 LUT4=4 LUT5=1 LUT6=2 MUXF7=1)
  Clock Path Skew:        -0.049ns (DCD - SCD + CPR)
    Destination Clock Delay (DCD):    0.924ns = ( 10.924 - 10.000 ) 
    Source Clock Delay      (SCD):    0.973ns
    Clock Pessimism Removal (CPR):    0.000ns
  Clock Uncertainty:      0.035ns  ((TSJ^2 + TIJ^2)^1/2 + DJ) / 2 + PE
    Total System Jitter     (TSJ):    0.071ns
    Total Input Jitter      (TIJ):    0.000ns
    Discrete Jitter          (DJ):    0.000ns
    Phase Error              (PE):    0.000ns

    Location             Delay type                Incr(ns)  Path(ns)    Netlist Resource(s)
  -------------------------------------------------------------------    -------------------
                         (clock clk rise edge)        0.000     0.000 r  <hidden>
                                                      0.000     0.000 r  clk
                         net (fo=42883, unset)        0.973     0.973    clk
                         FDCE                                         r  vi_reg[0]_rep__0/C
  -------------------------------------------------------------------    -------------------
                         FDCE (Prop_fdce_C_Q)         0.478     1.451 r  vi_reg[0]_rep__0/Q
                         net (fo=99, unplaced)        0.905     2.356    vi_reg[0]_rep__0_n_0
                         LUT5 (Prop_lut5_I0_O)        0.295     2.651 r  g48_b7__5/O
                         net (fo=1, unplaced)         0.000     2.651    g48_b7__5_n_0
                         MUXF7 (Prop_muxf7_I1_O)      0.247     2.898 r  val0__0_i_22/O
                         net (fo=1, unplaced)         0.735     3.633    val0__0_i_22_n_0
                         LUT6 (Prop_lut6_I1_O)        0.298     3.931 r  val0__0_i_11/O
                         net (fo=1, unplaced)         0.449     4.380    val0__0_i_11_n_0
                         LUT2 (Prop_lut2_I0_O)        0.124     4.504 r  val0__0_i_4/O
                         net (fo=1, unplaced)         0.803     5.307    wgt817_return[3]
                         DSP48E1 (Prop_dsp48e1_B[3]_P[1])
                                                      3.656     8.963 r  val0__0/P[1]
                         net (fo=1, unplaced)         0.803     9.766    val0__0_n_104
                         LUT2 (Prop_lut2_I1_O)        0.124     9.890 r  c4_rq12_return1__3_i_19/O
                         net (fo=1, unplaced)         0.000     9.890    c4_rq12_return1__3_i_19_n_0
                         CARRY4 (Prop_carry4_S[1]_CO[3])
                                                      0.533    10.423 r  c4_rq12_return1__3_i_4/CO[3]
                         net (fo=1, unplaced)         0.000    10.423    c4_rq12_return1__3_i_4_n_0
                         CARRY4 (Prop_carry4_CI_CO[3])
                                                      0.117    10.540 r  c4_rq12_return1__3_i_3/CO[3]
                         net (fo=1, unplaced)         0.000    10.540    c4_rq12_return1__3_i_3_n_0
                         CARRY4 (Prop_carry4_CI_CO[3])
                                                      0.117    10.657 r  c4_rq12_return1__3_i_2/CO[3]
                         net (fo=1, unplaced)         0.000    10.657    c4_rq12_return1__3_i_2_n_0
                         CARRY4 (Prop_carry4_CI_CO[3])
                                                      0.117    10.774 r  c4_rq12_return1__3_i_1/CO[3]
                         net (fo=1, unplaced)         0.000    10.774    c4_rq12_return1__3_i_1_n_0
                         CARRY4 (Prop_carry4_CI_CO[3])
                                                      0.117    10.891 r  c4_rq12_return1__0_i_5/CO[3]
                         net (fo=1, unplaced)         0.000    10.891    c4_rq12_return1__0_i_5_n_0
                         CARRY4 (Prop_carry4_CI_CO[3])
                                                      0.117    11.008 r  c4_rq12_return1__0_i_4/CO[3]
                         net (fo=1, unplaced)         0.000    11.008    c4_rq12_return1__0_i_4_n_0
                         CARRY4 (Prop_carry4_CI_CO[3])
                                                      0.117    11.125 r  c4_rq12_return1__0_i_3/CO[3]
                         net (fo=1, unplaced)         0.000    11.125    c4_rq12_return1__0_i_3_n_0
                         CARRY4 (Prop_carry4_CI_CO[3])
                                                      0.117    11.242 r  c4_rq12_return1__0_i_2/CO[3]
                         net (fo=1, unplaced)         0.000    11.242    c4_rq12_return1__0_i_2_n_0
                         CARRY4 (Prop_carry4_CI_O[1])
                                                      0.337    11.579 r  c4_rq12_return1__0_i_1/O[1]
                         net (fo=2, unplaced)         0.803    12.382    c4_rq12_return1__0_i_1_n_6
                         DSP48E1 (Prop_dsp48e1_A[16]_PCOUT[47])
                                                      4.215    16.597 r  c4_rq12_return1__0/PCOUT[47]
                         net (fo=1, unplaced)         0.000    16.597    c4_rq12_return1__0_n_106
                         DSP48E1 (Prop_dsp48e1_PCIN[47]_PCOUT[47])
                                                      1.713    18.310 r  c4_rq12_return1__1/PCOUT[47]
                         net (fo=1, unplaced)         0.000    18.310    c4_rq12_return1__1_n_106
                         DSP48E1 (Prop_dsp48e1_PCIN[47]_P[2])
                                                      1.518    19.828 r  c4_rq12_return1__2/P[2]
                         net (fo=2, unplaced)         0.803    20.630    c4_rq12_return1__2_n_103
                         LUT3 (Prop_lut3_I1_O)        0.124    20.754 r  logits_wdata[31]_i_160/O
                         net (fo=2, unplaced)         0.460    21.214    logits_wdata[31]_i_160_n_0
                         LUT4 (Prop_lut4_I3_O)        0.124    21.338 r  logits_wdata[31]_i_164/O
                         net (fo=1, unplaced)         0.000    21.338    logits_wdata[31]_i_164_n_0
                         CARRY4 (Prop_carry4_S[1]_CO[3])
                                                      0.533    21.871 r  logits_wdata_reg[31]_i_121/CO[3]
                         net (fo=1, unplaced)         0.000    21.871    logits_wdata_reg[31]_i_121_n_0
                         CARRY4 (Prop_carry4_CI_CO[3])
                                                      0.117    21.988 r  logits_wdata_reg[31]_i_80/CO[3]
                         net (fo=1, unplaced)         0.000    21.988    logits_wdata_reg[31]_i_80_n_0
                         CARRY4 (Prop_carry4_CI_O[2])
                                                      0.256    22.244 r  logits_wdata_reg[31]_i_47/O[2]
                         net (fo=92, unplaced)        0.549    22.793    c4_rq12_return1__6[63]
                         LUT4 (Prop_lut4_I2_O)        0.293    23.086 r  logits_wdata[3]_i_197/O
                         net (fo=1, unplaced)         0.000    23.086    logits_wdata[3]_i_197_n_0
                         CARRY4 (Prop_carry4_DI[0]_CO[3])
                                                      0.576    23.662 r  logits_wdata_reg[3]_i_150/CO[3]
                         net (fo=1, unplaced)         0.000    23.662    logits_wdata_reg[3]_i_150_n_0
                         CARRY4 (Prop_carry4_CI_CO[3])
                                                      0.117    23.779 r  logits_wdata_reg[3]_i_103/CO[3]
                         net (fo=1, unplaced)         0.000    23.779    logits_wdata_reg[3]_i_103_n_0
                         CARRY4 (Prop_carry4_CI_CO[3])
                                                      0.117    23.896 r  logits_wdata_reg[3]_i_66/CO[3]
                         net (fo=1, unplaced)         0.000    23.896    logits_wdata_reg[3]_i_66_n_0
                         CARRY4 (Prop_carry4_CI_CO[3])
                                                      0.117    24.013 r  logits_wdata_reg[3]_i_42/CO[3]
                         net (fo=1, unplaced)         0.000    24.013    logits_wdata_reg[3]_i_42_n_0
                         CARRY4 (Prop_carry4_CI_CO[2])
                                                      0.252    24.265 r  logits_wdata_reg[3]_i_21/CO[2]
                         net (fo=2, unplaced)         0.463    24.728    logits_wdata_reg[3]_i_21_n_1
                         LUT4 (Prop_lut4_I3_O)        0.310    25.038 r  logits_wdata[3]_i_25/O
                         net (fo=1, unplaced)         0.000    25.038    logits_wdata[3]_i_25_n_0
                         CARRY4 (Prop_carry4_S[0]_O[2])
                                                      0.544    25.582 f  logits_wdata_reg[3]_i_11/O[2]
                         net (fo=2, unplaced)         0.463    26.045    logits_wdata_reg[3]_i_11_n_5
                         LUT1 (Prop_lut1_I0_O)        0.301    26.346 r  logits_wdata[7]_i_25/O
                         net (fo=1, unplaced)         0.000    26.346    logits_wdata[7]_i_25_n_0
                         CARRY4 (Prop_carry4_S[1]_O[3])
                                                      0.643    26.989 r  logits_wdata_reg[7]_i_12/O[3]
                         net (fo=1, unplaced)         0.448    27.437    c4_rq12_return0[4]
                         LUT3 (Prop_lut3_I0_O)        0.307    27.744 r  logits_wdata[7]_i_6/O
                         net (fo=2, unplaced)         0.743    28.487    c4_rq12_return[4]
                         LUT6 (Prop_lut6_I0_O)        0.124    28.611 r  logits_wdata[7]_i_10/O
                         net (fo=1, unplaced)         0.000    28.611    logits_wdata[7]_i_10_n_0
                         CARRY4 (Prop_carry4_S[0]_CO[3])
                                                      0.513    29.124 r  logits_wdata_reg[7]_i_2/CO[3]
                         net (fo=1, unplaced)         0.000    29.124    logits_wdata_reg[7]_i_2_n_0
                         CARRY4 (Prop_carry4_CI_CO[3])
                                                      0.117    29.241 r  logits_wdata_reg[11]_i_2/CO[3]
                         net (fo=1, unplaced)         0.000    29.241    logits_wdata_reg[11]_i_2_n_0
                         CARRY4 (Prop_carry4_CI_CO[3])
                                                      0.117    29.358 r  logits_wdata_reg[15]_i_2/CO[3]
                         net (fo=1, unplaced)         0.000    29.358    logits_wdata_reg[15]_i_2_n_0
                         CARRY4 (Prop_carry4_CI_CO[3])
                                                      0.117    29.475 r  logits_wdata_reg[19]_i_2/CO[3]
                         net (fo=1, unplaced)         0.000    29.475    logits_wdata_reg[19]_i_2_n_0
                         CARRY4 (Prop_carry4_CI_CO[3])
                                                      0.117    29.592 r  logits_wdata_reg[23]_i_2/CO[3]
                         net (fo=1, unplaced)         0.000    29.592    logits_wdata_reg[23]_i_2_n_0
                         CARRY4 (Prop_carry4_CI_CO[3])
                                                      0.117    29.709 r  logits_wdata_reg[27]_i_2/CO[3]
                         net (fo=1, unplaced)         0.000    29.709    logits_wdata_reg[27]_i_2_n_0
                         CARRY4 (Prop_carry4_CI_CO[3])
                                                      0.117    29.826 r  logits_wdata_reg[31]_i_5/CO[3]
                         net (fo=1, unplaced)         0.000    29.826    logits_wdata_reg[31]_i_5_n_0
                         CARRY4 (Prop_carry4_CI_CO[3])
                                                      0.117    29.943 r  logits_wdata_reg[31]_i_140/CO[3]
                         net (fo=1, unplaced)         0.000    29.943    logits_wdata_reg[31]_i_140_n_0
                         CARRY4 (Prop_carry4_CI_CO[3])
                                                      0.117    30.060 r  logits_wdata_reg[31]_i_139/CO[3]
                         net (fo=1, unplaced)         0.000    30.060    logits_wdata_reg[31]_i_139_n_0
                         CARRY4 (Prop_carry4_CI_CO[3])
                                                      0.117    30.177 r  logits_wdata_reg[31]_i_103/CO[3]
                         net (fo=1, unplaced)         0.000    30.177    logits_wdata_reg[31]_i_103_n_0
                         CARRY4 (Prop_carry4_CI_CO[3])
                                                      0.117    30.294 r  logits_wdata_reg[31]_i_102/CO[3]
                         net (fo=1, unplaced)         0.000    30.294    logits_wdata_reg[31]_i_102_n_0
                         CARRY4 (Prop_carry4_CI_CO[3])
                                                      0.117    30.411 r  logits_wdata_reg[31]_i_62/CO[3]
                         net (fo=1, unplaced)         0.000    30.411    logits_wdata_reg[31]_i_62_n_0
                         CARRY4 (Prop_carry4_CI_CO[3])
                                                      0.117    30.528 r  logits_wdata_reg[31]_i_61/CO[3]
                         net (fo=1, unplaced)         0.000    30.528    logits_wdata_reg[31]_i_61_n_0
                         CARRY4 (Prop_carry4_CI_CO[3])
                                                      0.117    30.645 r  logits_wdata_reg[31]_i_37/CO[3]
                         net (fo=1, unplaced)         0.000    30.645    logits_wdata_reg[31]_i_37_n_0
                         CARRY4 (Prop_carry4_CI_O[3])
                                                      0.331    30.976 r  logits_wdata_reg[31]_i_36/O[3]
                         net (fo=4, unplaced)         0.445    31.421    val__1[63]
                         LUT2 (Prop_lut2_I0_O)        0.332    31.753 r  logits_wdata[31]_i_14/O
                         net (fo=1, unplaced)         0.000    31.753    logits_wdata[31]_i_14_n_0
                         CARRY4 (Prop_carry4_DI[3]_CO[3])
                                                      0.429    32.182 r  logits_wdata_reg[31]_i_4/CO[3]
                         net (fo=12, unplaced)        0.796    32.978    c4_sat1__0
                         LUT4 (Prop_lut4_I3_O)        0.124    33.102 r  logits_wdata[31]_i_1/O
                         net (fo=21, unplaced)        0.669    33.771    logits_wdata[31]_i_1_n_0
                         FDSE                                         r  logits_wdata_reg[13]/S
  -------------------------------------------------------------------    -------------------

                         (clock clk rise edge)       10.000    10.000 r  <hidden>
                                                      0.000    10.000 r  clk
                         net (fo=42883, unset)        0.924    10.924    clk
                         FDSE                                         r  logits_wdata_reg[13]/C
                         clock pessimism              0.000    10.924    <hidden>
                         clock uncertainty           -0.035    10.889    <hidden>
                         FDSE (Setup_fdse_C_S)       -0.557    10.332    logits_wdata_reg[13]
  -------------------------------------------------------------------
                         required time                         10.332    <hidden>
                         arrival time                         -33.771    <hidden>
  -------------------------------------------------------------------
                         slack                                -23.439    <hidden>

Slack (VIOLATED) :        -23.439ns  (required time - arrival time)
  Source:                 vi_reg[0]_rep__0/C
                            (rising edge-triggered cell FDCE clocked by clk  {rise@0.000ns fall@5.000ns period=10.000ns})
  Destination:            logits_wdata_reg[14]/S
                            (rising edge-triggered cell FDSE clocked by clk  {rise@0.000ns fall@5.000ns period=10.000ns})
  Path Group:             clk
  Path Type:              Setup (Max at Slow Process Corner)
  Requirement:            10.000ns  (clk rise@10.000ns - clk rise@0.000ns)
  Data Path Delay:        32.798ns  (logic 22.462ns (68.485%)  route 10.336ns (31.515%))
  Logic Levels:           53  (CARRY4=35 DSP48E1=4 LUT1=1 LUT2=3 LUT3=2 LUT4=4 LUT5=1 LUT6=2 MUXF7=1)
  Clock Path Skew:        -0.049ns (DCD - SCD + CPR)
    Destination Clock Delay (DCD):    0.924ns = ( 10.924 - 10.000 ) 
    Source Clock Delay      (SCD):    0.973ns
    Clock Pessimism Removal (CPR):    0.000ns
  Clock Uncertainty:      0.035ns  ((TSJ^2 + TIJ^2)^1/2 + DJ) / 2 + PE
    Total System Jitter     (TSJ):    0.071ns
    Total Input Jitter      (TIJ):    0.000ns
    Discrete Jitter          (DJ):    0.000ns
    Phase Error              (PE):    0.000ns

    Location             Delay type                Incr(ns)  Path(ns)    Netlist Resource(s)
  -------------------------------------------------------------------    -------------------
                         (clock clk rise edge)        0.000     0.000 r  <hidden>
                                                      0.000     0.000 r  clk
                         net (fo=42883, unset)        0.973     0.973    clk
                         FDCE                                         r  vi_reg[0]_rep__0/C
  -------------------------------------------------------------------    -------------------
                         FDCE (Prop_fdce_C_Q)         0.478     1.451 r  vi_reg[0]_rep__0/Q
                         net (fo=99, unplaced)        0.905     2.356    vi_reg[0]_rep__0_n_0
                         LUT5 (Prop_lut5_I0_O)        0.295     2.651 r  g48_b7__5/O
                         net (fo=1, unplaced)         0.000     2.651    g48_b7__5_n_0
                         MUXF7 (Prop_muxf7_I1_O)      0.247     2.898 r  val0__0_i_22/O
                         net (fo=1, unplaced)         0.735     3.633    val0__0_i_22_n_0
                         LUT6 (Prop_lut6_I1_O)        0.298     3.931 r  val0__0_i_11/O
                         net (fo=1, unplaced)         0.449     4.380    val0__0_i_11_n_0
                         LUT2 (Prop_lut2_I0_O)        0.124     4.504 r  val0__0_i_4/O
                         net (fo=1, unplaced)         0.803     5.307    wgt817_return[3]
                         DSP48E1 (Prop_dsp48e1_B[3]_P[1])
                                                      3.656     8.963 r  val0__0/P[1]
                         net (fo=1, unplaced)         0.803     9.766    val0__0_n_104
                         LUT2 (Prop_lut2_I1_O)        0.124     9.890 r  c4_rq12_return1__3_i_19/O
                         net (fo=1, unplaced)         0.000     9.890    c4_rq12_return1__3_i_19_n_0
                         CARRY4 (Prop_carry4_S[1]_CO[3])
                                                      0.533    10.423 r  c4_rq12_return1__3_i_4/CO[3]
                         net (fo=1, unplaced)         0.000    10.423    c4_rq12_return1__3_i_4_n_0
                         CARRY4 (Prop_carry4_CI_CO[3])
                                                      0.117    10.540 r  c4_rq12_return1__3_i_3/CO[3]
                         net (fo=1, unplaced)         0.000    10.540    c4_rq12_return1__3_i_3_n_0
                         CARRY4 (Prop_carry4_CI_CO[3])
                                                      0.117    10.657 r  c4_rq12_return1__3_i_2/CO[3]
                         net (fo=1, unplaced)         0.000    10.657    c4_rq12_return1__3_i_2_n_0
                         CARRY4 (Prop_carry4_CI_CO[3])
                                                      0.117    10.774 r  c4_rq12_return1__3_i_1/CO[3]
                         net (fo=1, unplaced)         0.000    10.774    c4_rq12_return1__3_i_1_n_0
                         CARRY4 (Prop_carry4_CI_CO[3])
                                                      0.117    10.891 r  c4_rq12_return1__0_i_5/CO[3]
                         net (fo=1, unplaced)         0.000    10.891    c4_rq12_return1__0_i_5_n_0
                         CARRY4 (Prop_carry4_CI_CO[3])
                                                      0.117    11.008 r  c4_rq12_return1__0_i_4/CO[3]
                         net (fo=1, unplaced)         0.000    11.008    c4_rq12_return1__0_i_4_n_0
                         CARRY4 (Prop_carry4_CI_CO[3])
                                                      0.117    11.125 r  c4_rq12_return1__0_i_3/CO[3]
                         net (fo=1, unplaced)         0.000    11.125    c4_rq12_return1__0_i_3_n_0
                         CARRY4 (Prop_carry4_CI_CO[3])
                                                      0.117    11.242 r  c4_rq12_return1__0_i_2/CO[3]
                         net (fo=1, unplaced)         0.000    11.242    c4_rq12_return1__0_i_2_n_0
                         CARRY4 (Prop_carry4_CI_O[1])
                                                      0.337    11.579 r  c4_rq12_return1__0_i_1/O[1]
                         net (fo=2, unplaced)         0.803    12.382    c4_rq12_return1__0_i_1_n_6
                         DSP48E1 (Prop_dsp48e1_A[16]_PCOUT[47])
                                                      4.215    16.597 r  c4_rq12_return1__0/PCOUT[47]
                         net (fo=1, unplaced)         0.000    16.597    c4_rq12_return1__0_n_106
                         DSP48E1 (Prop_dsp48e1_PCIN[47]_PCOUT[47])
                                                      1.713    18.310 r  c4_rq12_return1__1/PCOUT[47]
                         net (fo=1, unplaced)         0.000    18.310    c4_rq12_return1__1_n_106
                         DSP48E1 (Prop_dsp48e1_PCIN[47]_P[2])
                                                      1.518    19.828 r  c4_rq12_return1__2/P[2]
                         net (fo=2, unplaced)         0.803    20.630    c4_rq12_return1__2_n_103
                         LUT3 (Prop_lut3_I1_O)        0.124    20.754 r  logits_wdata[31]_i_160/O
                         net (fo=2, unplaced)         0.460    21.214    logits_wdata[31]_i_160_n_0
                         LUT4 (Prop_lut4_I3_O)        0.124    21.338 r  logits_wdata[31]_i_164/O
                         net (fo=1, unplaced)         0.000    21.338    logits_wdata[31]_i_164_n_0
                         CARRY4 (Prop_carry4_S[1]_CO[3])
                                                      0.533    21.871 r  logits_wdata_reg[31]_i_121/CO[3]
                         net (fo=1, unplaced)         0.000    21.871    logits_wdata_reg[31]_i_121_n_0
                         CARRY4 (Prop_carry4_CI_CO[3])
                                                      0.117    21.988 r  logits_wdata_reg[31]_i_80/CO[3]
                         net (fo=1, unplaced)         0.000    21.988    logits_wdata_reg[31]_i_80_n_0
                         CARRY4 (Prop_carry4_CI_O[2])
                                                      0.256    22.244 r  logits_wdata_reg[31]_i_47/O[2]
                         net (fo=92, unplaced)        0.549    22.793    c4_rq12_return1__6[63]
                         LUT4 (Prop_lut4_I2_O)        0.293    23.086 r  logits_wdata[3]_i_197/O
                         net (fo=1, unplaced)         0.000    23.086    logits_wdata[3]_i_197_n_0
                         CARRY4 (Prop_carry4_DI[0]_CO[3])
                                                      0.576    23.662 r  logits_wdata_reg[3]_i_150/CO[3]
                         net (fo=1, unplaced)         0.000    23.662    logits_wdata_reg[3]_i_150_n_0
                         CARRY4 (Prop_carry4_CI_CO[3])
                                                      0.117    23.779 r  logits_wdata_reg[3]_i_103/CO[3]
                         net (fo=1, unplaced)         0.000    23.779    logits_wdata_reg[3]_i_103_n_0
                         CARRY4 (Prop_carry4_CI_CO[3])
                                                      0.117    23.896 r  logits_wdata_reg[3]_i_66/CO[3]
                         net (fo=1, unplaced)         0.000    23.896    logits_wdata_reg[3]_i_66_n_0
                         CARRY4 (Prop_carry4_CI_CO[3])
                                                      0.117    24.013 r  logits_wdata_reg[3]_i_42/CO[3]
                         net (fo=1, unplaced)         0.000    24.013    logits_wdata_reg[3]_i_42_n_0
                         CARRY4 (Prop_carry4_CI_CO[2])
                                                      0.252    24.265 r  logits_wdata_reg[3]_i_21/CO[2]
                         net (fo=2, unplaced)         0.463    24.728    logits_wdata_reg[3]_i_21_n_1
                         LUT4 (Prop_lut4_I3_O)        0.310    25.038 r  logits_wdata[3]_i_25/O
                         net (fo=1, unplaced)         0.000    25.038    logits_wdata[3]_i_25_n_0
                         CARRY4 (Prop_carry4_S[0]_O[2])
                                                      0.544    25.582 f  logits_wdata_reg[3]_i_11/O[2]
                         net (fo=2, unplaced)         0.463    26.045    logits_wdata_reg[3]_i_11_n_5
                         LUT1 (Prop_lut1_I0_O)        0.301    26.346 r  logits_wdata[7]_i_25/O
                         net (fo=1, unplaced)         0.000    26.346    logits_wdata[7]_i_25_n_0
                         CARRY4 (Prop_carry4_S[1]_O[3])
                                                      0.643    26.989 r  logits_wdata_reg[7]_i_12/O[3]
                         net (fo=1, unplaced)         0.448    27.437    c4_rq12_return0[4]
                         LUT3 (Prop_lut3_I0_O)        0.307    27.744 r  logits_wdata[7]_i_6/O
                         net (fo=2, unplaced)         0.743    28.487    c4_rq12_return[4]
                         LUT6 (Prop_lut6_I0_O)        0.124    28.611 r  logits_wdata[7]_i_10/O
                         net (fo=1, unplaced)         0.000    28.611    logits_wdata[7]_i_10_n_0
                         CARRY4 (Prop_carry4_S[0]_CO[3])
                                                      0.513    29.124 r  logits_wdata_reg[7]_i_2/CO[3]
                         net (fo=1, unplaced)         0.000    29.124    logits_wdata_reg[7]_i_2_n_0
                         CARRY4 (Prop_carry4_CI_CO[3])
                                                      0.117    29.241 r  logits_wdata_reg[11]_i_2/CO[3]
                         net (fo=1, unplaced)         0.000    29.241    logits_wdata_reg[11]_i_2_n_0
                         CARRY4 (Prop_carry4_CI_CO[3])
                                                      0.117    29.358 r  logits_wdata_reg[15]_i_2/CO[3]
                         net (fo=1, unplaced)         0.000    29.358    logits_wdata_reg[15]_i_2_n_0
                         CARRY4 (Prop_carry4_CI_CO[3])
                                                      0.117    29.475 r  logits_wdata_reg[19]_i_2/CO[3]
                         net (fo=1, unplaced)         0.000    29.475    logits_wdata_reg[19]_i_2_n_0
                         CARRY4 (Prop_carry4_CI_CO[3])
                                                      0.117    29.592 r  logits_wdata_reg[23]_i_2/CO[3]
                         net (fo=1, unplaced)         0.000    29.592    logits_wdata_reg[23]_i_2_n_0
                         CARRY4 (Prop_carry4_CI_CO[3])
                                                      0.117    29.709 r  logits_wdata_reg[27]_i_2/CO[3]
                         net (fo=1, unplaced)         0.000    29.709    logits_wdata_reg[27]_i_2_n_0
                         CARRY4 (Prop_carry4_CI_CO[3])
                                                      0.117    29.826 r  logits_wdata_reg[31]_i_5/CO[3]
                         net (fo=1, unplaced)         0.000    29.826    logits_wdata_reg[31]_i_5_n_0
                         CARRY4 (Prop_carry4_CI_CO[3])
                                                      0.117    29.943 r  logits_wdata_reg[31]_i_140/CO[3]
                         net (fo=1, unplaced)         0.000    29.943    logits_wdata_reg[31]_i_140_n_0
                         CARRY4 (Prop_carry4_CI_CO[3])
                                                      0.117    30.060 r  logits_wdata_reg[31]_i_139/CO[3]
                         net (fo=1, unplaced)         0.000    30.060    logits_wdata_reg[31]_i_139_n_0
                         CARRY4 (Prop_carry4_CI_CO[3])
                                                      0.117    30.177 r  logits_wdata_reg[31]_i_103/CO[3]
                         net (fo=1, unplaced)         0.000    30.177    logits_wdata_reg[31]_i_103_n_0
                         CARRY4 (Prop_carry4_CI_CO[3])
                                                      0.117    30.294 r  logits_wdata_reg[31]_i_102/CO[3]
                         net (fo=1, unplaced)         0.000    30.294    logits_wdata_reg[31]_i_102_n_0
                         CARRY4 (Prop_carry4_CI_CO[3])
                                                      0.117    30.411 r  logits_wdata_reg[31]_i_62/CO[3]
                         net (fo=1, unplaced)         0.000    30.411    logits_wdata_reg[31]_i_62_n_0
                         CARRY4 (Prop_carry4_CI_CO[3])
                                                      0.117    30.528 r  logits_wdata_reg[31]_i_61/CO[3]
                         net (fo=1, unplaced)         0.000    30.528    logits_wdata_reg[31]_i_61_n_0
                         CARRY4 (Prop_carry4_CI_CO[3])
                                                      0.117    30.645 r  logits_wdata_reg[31]_i_37/CO[3]
                         net (fo=1, unplaced)         0.000    30.645    logits_wdata_reg[31]_i_37_n_0
                         CARRY4 (Prop_carry4_CI_O[3])
                                                      0.331    30.976 r  logits_wdata_reg[31]_i_36/O[3]
                         net (fo=4, unplaced)         0.445    31.421    val__1[63]
                         LUT2 (Prop_lut2_I0_O)        0.332    31.753 r  logits_wdata[31]_i_14/O
                         net (fo=1, unplaced)         0.000    31.753    logits_wdata[31]_i_14_n_0
                         CARRY4 (Prop_carry4_DI[3]_CO[3])
                                                      0.429    32.182 r  logits_wdata_reg[31]_i_4/CO[3]
                         net (fo=12, unplaced)        0.796    32.978    c4_sat1__0
                         LUT4 (Prop_lut4_I3_O)        0.124    33.102 r  logits_wdata[31]_i_1/O
                         net (fo=21, unplaced)        0.669    33.771    logits_wdata[31]_i_1_n_0
                         FDSE                                         r  logits_wdata_reg[14]/S
  -------------------------------------------------------------------    -------------------

                         (clock clk rise edge)       10.000    10.000 r  <hidden>
                                                      0.000    10.000 r  clk
                         net (fo=42883, unset)        0.924    10.924    clk
                         FDSE                                         r  logits_wdata_reg[14]/C
                         clock pessimism              0.000    10.924    <hidden>
                         clock uncertainty           -0.035    10.889    <hidden>
                         FDSE (Setup_fdse_C_S)       -0.557    10.332    logits_wdata_reg[14]
  -------------------------------------------------------------------
                         required time                         10.332    <hidden>
                         arrival time                         -33.771    <hidden>
  -------------------------------------------------------------------
                         slack                                -23.439    <hidden>

Slack (VIOLATED) :        -23.439ns  (required time - arrival time)
  Source:                 vi_reg[0]_rep__0/C
                            (rising edge-triggered cell FDCE clocked by clk  {rise@0.000ns fall@5.000ns period=10.000ns})
  Destination:            logits_wdata_reg[15]/S
                            (rising edge-triggered cell FDSE clocked by clk  {rise@0.000ns fall@5.000ns period=10.000ns})
  Path Group:             clk
  Path Type:              Setup (Max at Slow Process Corner)
  Requirement:            10.000ns  (clk rise@10.000ns - clk rise@0.000ns)
  Data Path Delay:        32.798ns  (logic 22.462ns (68.485%)  route 10.336ns (31.515%))
  Logic Levels:           53  (CARRY4=35 DSP48E1=4 LUT1=1 LUT2=3 LUT3=2 LUT4=4 LUT5=1 LUT6=2 MUXF7=1)
  Clock Path Skew:        -0.049ns (DCD - SCD + CPR)
    Destination Clock Delay (DCD):    0.924ns = ( 10.924 - 10.000 ) 
    Source Clock Delay      (SCD):    0.973ns
    Clock Pessimism Removal (CPR):    0.000ns
  Clock Uncertainty:      0.035ns  ((TSJ^2 + TIJ^2)^1/2 + DJ) / 2 + PE
    Total System Jitter     (TSJ):    0.071ns
    Total Input Jitter      (TIJ):    0.000ns
    Discrete Jitter          (DJ):    0.000ns
    Phase Error              (PE):    0.000ns

    Location             Delay type                Incr(ns)  Path(ns)    Netlist Resource(s)
  -------------------------------------------------------------------    -------------------
                         (clock clk rise edge)        0.000     0.000 r  <hidden>
                                                      0.000     0.000 r  clk
                         net (fo=42883, unset)        0.973     0.973    clk
                         FDCE                                         r  vi_reg[0]_rep__0/C
  -------------------------------------------------------------------    -------------------
                         FDCE (Prop_fdce_C_Q)         0.478     1.451 r  vi_reg[0]_rep__0/Q
                         net (fo=99, unplaced)        0.905     2.356    vi_reg[0]_rep__0_n_0
                         LUT5 (Prop_lut5_I0_O)        0.295     2.651 r  g48_b7__5/O
                         net (fo=1, unplaced)         0.000     2.651    g48_b7__5_n_0
                         MUXF7 (Prop_muxf7_I1_O)      0.247     2.898 r  val0__0_i_22/O
                         net (fo=1, unplaced)         0.735     3.633    val0__0_i_22_n_0
                         LUT6 (Prop_lut6_I1_O)        0.298     3.931 r  val0__0_i_11/O
                         net (fo=1, unplaced)         0.449     4.380    val0__0_i_11_n_0
                         LUT2 (Prop_lut2_I0_O)        0.124     4.504 r  val0__0_i_4/O
                         net (fo=1, unplaced)         0.803     5.307    wgt817_return[3]
                         DSP48E1 (Prop_dsp48e1_B[3]_P[1])
                                                      3.656     8.963 r  val0__0/P[1]
                         net (fo=1, unplaced)         0.803     9.766    val0__0_n_104
                         LUT2 (Prop_lut2_I1_O)        0.124     9.890 r  c4_rq12_return1__3_i_19/O
                         net (fo=1, unplaced)         0.000     9.890    c4_rq12_return1__3_i_19_n_0
                         CARRY4 (Prop_carry4_S[1]_CO[3])
                                                      0.533    10.423 r  c4_rq12_return1__3_i_4/CO[3]
                         net (fo=1, unplaced)         0.000    10.423    c4_rq12_return1__3_i_4_n_0
                         CARRY4 (Prop_carry4_CI_CO[3])
                                                      0.117    10.540 r  c4_rq12_return1__3_i_3/CO[3]
                         net (fo=1, unplaced)         0.000    10.540    c4_rq12_return1__3_i_3_n_0
                         CARRY4 (Prop_carry4_CI_CO[3])
                                                      0.117    10.657 r  c4_rq12_return1__3_i_2/CO[3]
                         net (fo=1, unplaced)         0.000    10.657    c4_rq12_return1__3_i_2_n_0
                         CARRY4 (Prop_carry4_CI_CO[3])
                                                      0.117    10.774 r  c4_rq12_return1__3_i_1/CO[3]
                         net (fo=1, unplaced)         0.000    10.774    c4_rq12_return1__3_i_1_n_0
                         CARRY4 (Prop_carry4_CI_CO[3])
                                                      0.117    10.891 r  c4_rq12_return1__0_i_5/CO[3]
                         net (fo=1, unplaced)         0.000    10.891    c4_rq12_return1__0_i_5_n_0
                         CARRY4 (Prop_carry4_CI_CO[3])
                                                      0.117    11.008 r  c4_rq12_return1__0_i_4/CO[3]
                         net (fo=1, unplaced)         0.000    11.008    c4_rq12_return1__0_i_4_n_0
                         CARRY4 (Prop_carry4_CI_CO[3])
                                                      0.117    11.125 r  c4_rq12_return1__0_i_3/CO[3]
                         net (fo=1, unplaced)         0.000    11.125    c4_rq12_return1__0_i_3_n_0
                         CARRY4 (Prop_carry4_CI_CO[3])
                                                      0.117    11.242 r  c4_rq12_return1__0_i_2/CO[3]
                         net (fo=1, unplaced)         0.000    11.242    c4_rq12_return1__0_i_2_n_0
                         CARRY4 (Prop_carry4_CI_O[1])
                                                      0.337    11.579 r  c4_rq12_return1__0_i_1/O[1]
                         net (fo=2, unplaced)         0.803    12.382    c4_rq12_return1__0_i_1_n_6
                         DSP48E1 (Prop_dsp48e1_A[16]_PCOUT[47])
                                                      4.215    16.597 r  c4_rq12_return1__0/PCOUT[47]
                         net (fo=1, unplaced)         0.000    16.597    c4_rq12_return1__0_n_106
                         DSP48E1 (Prop_dsp48e1_PCIN[47]_PCOUT[47])
                                                      1.713    18.310 r  c4_rq12_return1__1/PCOUT[47]
                         net (fo=1, unplaced)         0.000    18.310    c4_rq12_return1__1_n_106
                         DSP48E1 (Prop_dsp48e1_PCIN[47]_P[2])
                                                      1.518    19.828 r  c4_rq12_return1__2/P[2]
                         net (fo=2, unplaced)         0.803    20.630    c4_rq12_return1__2_n_103
                         LUT3 (Prop_lut3_I1_O)        0.124    20.754 r  logits_wdata[31]_i_160/O
                         net (fo=2, unplaced)         0.460    21.214    logits_wdata[31]_i_160_n_0
                         LUT4 (Prop_lut4_I3_O)        0.124    21.338 r  logits_wdata[31]_i_164/O
                         net (fo=1, unplaced)         0.000    21.338    logits_wdata[31]_i_164_n_0
                         CARRY4 (Prop_carry4_S[1]_CO[3])
                                                      0.533    21.871 r  logits_wdata_reg[31]_i_121/CO[3]
                         net (fo=1, unplaced)         0.000    21.871    logits_wdata_reg[31]_i_121_n_0
                         CARRY4 (Prop_carry4_CI_CO[3])
                                                      0.117    21.988 r  logits_wdata_reg[31]_i_80/CO[3]
                         net (fo=1, unplaced)         0.000    21.988    logits_wdata_reg[31]_i_80_n_0
                         CARRY4 (Prop_carry4_CI_O[2])
                                                      0.256    22.244 r  logits_wdata_reg[31]_i_47/O[2]
                         net (fo=92, unplaced)        0.549    22.793    c4_rq12_return1__6[63]
                         LUT4 (Prop_lut4_I2_O)        0.293    23.086 r  logits_wdata[3]_i_197/O
                         net (fo=1, unplaced)         0.000    23.086    logits_wdata[3]_i_197_n_0
                         CARRY4 (Prop_carry4_DI[0]_CO[3])
                                                      0.576    23.662 r  logits_wdata_reg[3]_i_150/CO[3]
                         net (fo=1, unplaced)         0.000    23.662    logits_wdata_reg[3]_i_150_n_0
                         CARRY4 (Prop_carry4_CI_CO[3])
                                                      0.117    23.779 r  logits_wdata_reg[3]_i_103/CO[3]
                         net (fo=1, unplaced)         0.000    23.779    logits_wdata_reg[3]_i_103_n_0
                         CARRY4 (Prop_carry4_CI_CO[3])
                                                      0.117    23.896 r  logits_wdata_reg[3]_i_66/CO[3]
                         net (fo=1, unplaced)         0.000    23.896    logits_wdata_reg[3]_i_66_n_0
                         CARRY4 (Prop_carry4_CI_CO[3])
                                                      0.117    24.013 r  logits_wdata_reg[3]_i_42/CO[3]
                         net (fo=1, unplaced)         0.000    24.013    logits_wdata_reg[3]_i_42_n_0
                         CARRY4 (Prop_carry4_CI_CO[2])
                                                      0.252    24.265 r  logits_wdata_reg[3]_i_21/CO[2]
                         net (fo=2, unplaced)         0.463    24.728    logits_wdata_reg[3]_i_21_n_1
                         LUT4 (Prop_lut4_I3_O)        0.310    25.038 r  logits_wdata[3]_i_25/O
                         net (fo=1, unplaced)         0.000    25.038    logits_wdata[3]_i_25_n_0
                         CARRY4 (Prop_carry4_S[0]_O[2])
                                                      0.544    25.582 f  logits_wdata_reg[3]_i_11/O[2]
                         net (fo=2, unplaced)         0.463    26.045    logits_wdata_reg[3]_i_11_n_5
                         LUT1 (Prop_lut1_I0_O)        0.301    26.346 r  logits_wdata[7]_i_25/O
                         net (fo=1, unplaced)         0.000    26.346    logits_wdata[7]_i_25_n_0
                         CARRY4 (Prop_carry4_S[1]_O[3])
                                                      0.643    26.989 r  logits_wdata_reg[7]_i_12/O[3]
                         net (fo=1, unplaced)         0.448    27.437    c4_rq12_return0[4]
                         LUT3 (Prop_lut3_I0_O)        0.307    27.744 r  logits_wdata[7]_i_6/O
                         net (fo=2, unplaced)         0.743    28.487    c4_rq12_return[4]
                         LUT6 (Prop_lut6_I0_O)        0.124    28.611 r  logits_wdata[7]_i_10/O
                         net (fo=1, unplaced)         0.000    28.611    logits_wdata[7]_i_10_n_0
                         CARRY4 (Prop_carry4_S[0]_CO[3])
                                                      0.513    29.124 r  logits_wdata_reg[7]_i_2/CO[3]
                         net (fo=1, unplaced)         0.000    29.124    logits_wdata_reg[7]_i_2_n_0
                         CARRY4 (Prop_carry4_CI_CO[3])
                                                      0.117    29.241 r  logits_wdata_reg[11]_i_2/CO[3]
                         net (fo=1, unplaced)         0.000    29.241    logits_wdata_reg[11]_i_2_n_0
                         CARRY4 (Prop_carry4_CI_CO[3])
                                                      0.117    29.358 r  logits_wdata_reg[15]_i_2/CO[3]
                         net (fo=1, unplaced)         0.000    29.358    logits_wdata_reg[15]_i_2_n_0
                         CARRY4 (Prop_carry4_CI_CO[3])
                                                      0.117    29.475 r  logits_wdata_reg[19]_i_2/CO[3]
                         net (fo=1, unplaced)         0.000    29.475    logits_wdata_reg[19]_i_2_n_0
                         CARRY4 (Prop_carry4_CI_CO[3])
                                                      0.117    29.592 r  logits_wdata_reg[23]_i_2/CO[3]
                         net (fo=1, unplaced)         0.000    29.592    logits_wdata_reg[23]_i_2_n_0
                         CARRY4 (Prop_carry4_CI_CO[3])
                                                      0.117    29.709 r  logits_wdata_reg[27]_i_2/CO[3]
                         net (fo=1, unplaced)         0.000    29.709    logits_wdata_reg[27]_i_2_n_0
                         CARRY4 (Prop_carry4_CI_CO[3])
                                                      0.117    29.826 r  logits_wdata_reg[31]_i_5/CO[3]
                         net (fo=1, unplaced)         0.000    29.826    logits_wdata_reg[31]_i_5_n_0
                         CARRY4 (Prop_carry4_CI_CO[3])
                                                      0.117    29.943 r  logits_wdata_reg[31]_i_140/CO[3]
                         net (fo=1, unplaced)         0.000    29.943    logits_wdata_reg[31]_i_140_n_0
                         CARRY4 (Prop_carry4_CI_CO[3])
                                                      0.117    30.060 r  logits_wdata_reg[31]_i_139/CO[3]
                         net (fo=1, unplaced)         0.000    30.060    logits_wdata_reg[31]_i_139_n_0
                         CARRY4 (Prop_carry4_CI_CO[3])
                                                      0.117    30.177 r  logits_wdata_reg[31]_i_103/CO[3]
                         net (fo=1, unplaced)         0.000    30.177    logits_wdata_reg[31]_i_103_n_0
                         CARRY4 (Prop_carry4_CI_CO[3])
                                                      0.117    30.294 r  logits_wdata_reg[31]_i_102/CO[3]
                         net (fo=1, unplaced)         0.000    30.294    logits_wdata_reg[31]_i_102_n_0
                         CARRY4 (Prop_carry4_CI_CO[3])
                                                      0.117    30.411 r  logits_wdata_reg[31]_i_62/CO[3]
                         net (fo=1, unplaced)         0.000    30.411    logits_wdata_reg[31]_i_62_n_0
                         CARRY4 (Prop_carry4_CI_CO[3])
                                                      0.117    30.528 r  logits_wdata_reg[31]_i_61/CO[3]
                         net (fo=1, unplaced)         0.000    30.528    logits_wdata_reg[31]_i_61_n_0
                         CARRY4 (Prop_carry4_CI_CO[3])
                                                      0.117    30.645 r  logits_wdata_reg[31]_i_37/CO[3]
                         net (fo=1, unplaced)         0.000    30.645    logits_wdata_reg[31]_i_37_n_0
                         CARRY4 (Prop_carry4_CI_O[3])
                                                      0.331    30.976 r  logits_wdata_reg[31]_i_36/O[3]
                         net (fo=4, unplaced)         0.445    31.421    val__1[63]
                         LUT2 (Prop_lut2_I0_O)        0.332    31.753 r  logits_wdata[31]_i_14/O
                         net (fo=1, unplaced)         0.000    31.753    logits_wdata[31]_i_14_n_0
                         CARRY4 (Prop_carry4_DI[3]_CO[3])
                                                      0.429    32.182 r  logits_wdata_reg[31]_i_4/CO[3]
                         net (fo=12, unplaced)        0.796    32.978    c4_sat1__0
                         LUT4 (Prop_lut4_I3_O)        0.124    33.102 r  logits_wdata[31]_i_1/O
                         net (fo=21, unplaced)        0.669    33.771    logits_wdata[31]_i_1_n_0
                         FDSE                                         r  logits_wdata_reg[15]/S
  -------------------------------------------------------------------    -------------------

                         (clock clk rise edge)       10.000    10.000 r  <hidden>
                                                      0.000    10.000 r  clk
                         net (fo=42883, unset)        0.924    10.924    clk
                         FDSE                                         r  logits_wdata_reg[15]/C
                         clock pessimism              0.000    10.924    <hidden>
                         clock uncertainty           -0.035    10.889    <hidden>
                         FDSE (Setup_fdse_C_S)       -0.557    10.332    logits_wdata_reg[15]
  -------------------------------------------------------------------
                         required time                         10.332    <hidden>
                         arrival time                         -33.771    <hidden>
  -------------------------------------------------------------------
                         slack                                -23.439    <hidden>

Slack (VIOLATED) :        -23.439ns  (required time - arrival time)
  Source:                 vi_reg[0]_rep__0/C
                            (rising edge-triggered cell FDCE clocked by clk  {rise@0.000ns fall@5.000ns period=10.000ns})
  Destination:            logits_wdata_reg[16]/S
                            (rising edge-triggered cell FDSE clocked by clk  {rise@0.000ns fall@5.000ns period=10.000ns})
  Path Group:             clk
  Path Type:              Setup (Max at Slow Process Corner)
  Requirement:            10.000ns  (clk rise@10.000ns - clk rise@0.000ns)
  Data Path Delay:        32.798ns  (logic 22.462ns (68.485%)  route 10.336ns (31.515%))
  Logic Levels:           53  (CARRY4=35 DSP48E1=4 LUT1=1 LUT2=3 LUT3=2 LUT4=4 LUT5=1 LUT6=2 MUXF7=1)
  Clock Path Skew:        -0.049ns (DCD - SCD + CPR)
    Destination Clock Delay (DCD):    0.924ns = ( 10.924 - 10.000 ) 
    Source Clock Delay      (SCD):    0.973ns
    Clock Pessimism Removal (CPR):    0.000ns
  Clock Uncertainty:      0.035ns  ((TSJ^2 + TIJ^2)^1/2 + DJ) / 2 + PE
    Total System Jitter     (TSJ):    0.071ns
    Total Input Jitter      (TIJ):    0.000ns
    Discrete Jitter          (DJ):    0.000ns
    Phase Error              (PE):    0.000ns

    Location             Delay type                Incr(ns)  Path(ns)    Netlist Resource(s)
  -------------------------------------------------------------------    -------------------
                         (clock clk rise edge)        0.000     0.000 r  <hidden>
                                                      0.000     0.000 r  clk
                         net (fo=42883, unset)        0.973     0.973    clk
                         FDCE                                         r  vi_reg[0]_rep__0/C
  -------------------------------------------------------------------    -------------------
                         FDCE (Prop_fdce_C_Q)         0.478     1.451 r  vi_reg[0]_rep__0/Q
                         net (fo=99, unplaced)        0.905     2.356    vi_reg[0]_rep__0_n_0
                         LUT5 (Prop_lut5_I0_O)        0.295     2.651 r  g48_b7__5/O
                         net (fo=1, unplaced)         0.000     2.651    g48_b7__5_n_0
                         MUXF7 (Prop_muxf7_I1_O)      0.247     2.898 r  val0__0_i_22/O
                         net (fo=1, unplaced)         0.735     3.633    val0__0_i_22_n_0
                         LUT6 (Prop_lut6_I1_O)        0.298     3.931 r  val0__0_i_11/O
                         net (fo=1, unplaced)         0.449     4.380    val0__0_i_11_n_0
                         LUT2 (Prop_lut2_I0_O)        0.124     4.504 r  val0__0_i_4/O
                         net (fo=1, unplaced)         0.803     5.307    wgt817_return[3]
                         DSP48E1 (Prop_dsp48e1_B[3]_P[1])
                                                      3.656     8.963 r  val0__0/P[1]
                         net (fo=1, unplaced)         0.803     9.766    val0__0_n_104
                         LUT2 (Prop_lut2_I1_O)        0.124     9.890 r  c4_rq12_return1__3_i_19/O
                         net (fo=1, unplaced)         0.000     9.890    c4_rq12_return1__3_i_19_n_0
                         CARRY4 (Prop_carry4_S[1]_CO[3])
                                                      0.533    10.423 r  c4_rq12_return1__3_i_4/CO[3]
                         net (fo=1, unplaced)         0.000    10.423    c4_rq12_return1__3_i_4_n_0
                         CARRY4 (Prop_carry4_CI_CO[3])
                                                      0.117    10.540 r  c4_rq12_return1__3_i_3/CO[3]
                         net (fo=1, unplaced)         0.000    10.540    c4_rq12_return1__3_i_3_n_0
                         CARRY4 (Prop_carry4_CI_CO[3])
                                                      0.117    10.657 r  c4_rq12_return1__3_i_2/CO[3]
                         net (fo=1, unplaced)         0.000    10.657    c4_rq12_return1__3_i_2_n_0
                         CARRY4 (Prop_carry4_CI_CO[3])
                                                      0.117    10.774 r  c4_rq12_return1__3_i_1/CO[3]
                         net (fo=1, unplaced)         0.000    10.774    c4_rq12_return1__3_i_1_n_0
                         CARRY4 (Prop_carry4_CI_CO[3])
                                                      0.117    10.891 r  c4_rq12_return1__0_i_5/CO[3]
                         net (fo=1, unplaced)         0.000    10.891    c4_rq12_return1__0_i_5_n_0
                         CARRY4 (Prop_carry4_CI_CO[3])
                                                      0.117    11.008 r  c4_rq12_return1__0_i_4/CO[3]
                         net (fo=1, unplaced)         0.000    11.008    c4_rq12_return1__0_i_4_n_0
                         CARRY4 (Prop_carry4_CI_CO[3])
                                                      0.117    11.125 r  c4_rq12_return1__0_i_3/CO[3]
                         net (fo=1, unplaced)         0.000    11.125    c4_rq12_return1__0_i_3_n_0
                         CARRY4 (Prop_carry4_CI_CO[3])
                                                      0.117    11.242 r  c4_rq12_return1__0_i_2/CO[3]
                         net (fo=1, unplaced)         0.000    11.242    c4_rq12_return1__0_i_2_n_0
                         CARRY4 (Prop_carry4_CI_O[1])
                                                      0.337    11.579 r  c4_rq12_return1__0_i_1/O[1]
                         net (fo=2, unplaced)         0.803    12.382    c4_rq12_return1__0_i_1_n_6
                         DSP48E1 (Prop_dsp48e1_A[16]_PCOUT[47])
                                                      4.215    16.597 r  c4_rq12_return1__0/PCOUT[47]
                         net (fo=1, unplaced)         0.000    16.597    c4_rq12_return1__0_n_106
                         DSP48E1 (Prop_dsp48e1_PCIN[47]_PCOUT[47])
                                                      1.713    18.310 r  c4_rq12_return1__1/PCOUT[47]
                         net (fo=1, unplaced)         0.000    18.310    c4_rq12_return1__1_n_106
                         DSP48E1 (Prop_dsp48e1_PCIN[47]_P[2])
                                                      1.518    19.828 r  c4_rq12_return1__2/P[2]
                         net (fo=2, unplaced)         0.803    20.630    c4_rq12_return1__2_n_103
                         LUT3 (Prop_lut3_I1_O)        0.124    20.754 r  logits_wdata[31]_i_160/O
                         net (fo=2, unplaced)         0.460    21.214    logits_wdata[31]_i_160_n_0
                         LUT4 (Prop_lut4_I3_O)        0.124    21.338 r  logits_wdata[31]_i_164/O
                         net (fo=1, unplaced)         0.000    21.338    logits_wdata[31]_i_164_n_0
                         CARRY4 (Prop_carry4_S[1]_CO[3])
                                                      0.533    21.871 r  logits_wdata_reg[31]_i_121/CO[3]
                         net (fo=1, unplaced)         0.000    21.871    logits_wdata_reg[31]_i_121_n_0
                         CARRY4 (Prop_carry4_CI_CO[3])
                                                      0.117    21.988 r  logits_wdata_reg[31]_i_80/CO[3]
                         net (fo=1, unplaced)         0.000    21.988    logits_wdata_reg[31]_i_80_n_0
                         CARRY4 (Prop_carry4_CI_O[2])
                                                      0.256    22.244 r  logits_wdata_reg[31]_i_47/O[2]
                         net (fo=92, unplaced)        0.549    22.793    c4_rq12_return1__6[63]
                         LUT4 (Prop_lut4_I2_O)        0.293    23.086 r  logits_wdata[3]_i_197/O
                         net (fo=1, unplaced)         0.000    23.086    logits_wdata[3]_i_197_n_0
                         CARRY4 (Prop_carry4_DI[0]_CO[3])
                                                      0.576    23.662 r  logits_wdata_reg[3]_i_150/CO[3]
                         net (fo=1, unplaced)         0.000    23.662    logits_wdata_reg[3]_i_150_n_0
                         CARRY4 (Prop_carry4_CI_CO[3])
                                                      0.117    23.779 r  logits_wdata_reg[3]_i_103/CO[3]
                         net (fo=1, unplaced)         0.000    23.779    logits_wdata_reg[3]_i_103_n_0
                         CARRY4 (Prop_carry4_CI_CO[3])
                                                      0.117    23.896 r  logits_wdata_reg[3]_i_66/CO[3]
                         net (fo=1, unplaced)         0.000    23.896    logits_wdata_reg[3]_i_66_n_0
                         CARRY4 (Prop_carry4_CI_CO[3])
                                                      0.117    24.013 r  logits_wdata_reg[3]_i_42/CO[3]
                         net (fo=1, unplaced)         0.000    24.013    logits_wdata_reg[3]_i_42_n_0
                         CARRY4 (Prop_carry4_CI_CO[2])
                                                      0.252    24.265 r  logits_wdata_reg[3]_i_21/CO[2]
                         net (fo=2, unplaced)         0.463    24.728    logits_wdata_reg[3]_i_21_n_1
                         LUT4 (Prop_lut4_I3_O)        0.310    25.038 r  logits_wdata[3]_i_25/O
                         net (fo=1, unplaced)         0.000    25.038    logits_wdata[3]_i_25_n_0
                         CARRY4 (Prop_carry4_S[0]_O[2])
                                                      0.544    25.582 f  logits_wdata_reg[3]_i_11/O[2]
                         net (fo=2, unplaced)         0.463    26.045    logits_wdata_reg[3]_i_11_n_5
                         LUT1 (Prop_lut1_I0_O)        0.301    26.346 r  logits_wdata[7]_i_25/O
                         net (fo=1, unplaced)         0.000    26.346    logits_wdata[7]_i_25_n_0
                         CARRY4 (Prop_carry4_S[1]_O[3])
                                                      0.643    26.989 r  logits_wdata_reg[7]_i_12/O[3]
                         net (fo=1, unplaced)         0.448    27.437    c4_rq12_return0[4]
                         LUT3 (Prop_lut3_I0_O)        0.307    27.744 r  logits_wdata[7]_i_6/O
                         net (fo=2, unplaced)         0.743    28.487    c4_rq12_return[4]
                         LUT6 (Prop_lut6_I0_O)        0.124    28.611 r  logits_wdata[7]_i_10/O
                         net (fo=1, unplaced)         0.000    28.611    logits_wdata[7]_i_10_n_0
                         CARRY4 (Prop_carry4_S[0]_CO[3])
                                                      0.513    29.124 r  logits_wdata_reg[7]_i_2/CO[3]
                         net (fo=1, unplaced)         0.000    29.124    logits_wdata_reg[7]_i_2_n_0
                         CARRY4 (Prop_carry4_CI_CO[3])
                                                      0.117    29.241 r  logits_wdata_reg[11]_i_2/CO[3]
                         net (fo=1, unplaced)         0.000    29.241    logits_wdata_reg[11]_i_2_n_0
                         CARRY4 (Prop_carry4_CI_CO[3])
                                                      0.117    29.358 r  logits_wdata_reg[15]_i_2/CO[3]
                         net (fo=1, unplaced)         0.000    29.358    logits_wdata_reg[15]_i_2_n_0
                         CARRY4 (Prop_carry4_CI_CO[3])
                                                      0.117    29.475 r  logits_wdata_reg[19]_i_2/CO[3]
                         net (fo=1, unplaced)         0.000    29.475    logits_wdata_reg[19]_i_2_n_0
                         CARRY4 (Prop_carry4_CI_CO[3])
                                                      0.117    29.592 r  logits_wdata_reg[23]_i_2/CO[3]
                         net (fo=1, unplaced)         0.000    29.592    logits_wdata_reg[23]_i_2_n_0
                         CARRY4 (Prop_carry4_CI_CO[3])
                                                      0.117    29.709 r  logits_wdata_reg[27]_i_2/CO[3]
                         net (fo=1, unplaced)         0.000    29.709    logits_wdata_reg[27]_i_2_n_0
                         CARRY4 (Prop_carry4_CI_CO[3])
                                                      0.117    29.826 r  logits_wdata_reg[31]_i_5/CO[3]
                         net (fo=1, unplaced)         0.000    29.826    logits_wdata_reg[31]_i_5_n_0
                         CARRY4 (Prop_carry4_CI_CO[3])
                                                      0.117    29.943 r  logits_wdata_reg[31]_i_140/CO[3]
                         net (fo=1, unplaced)         0.000    29.943    logits_wdata_reg[31]_i_140_n_0
                         CARRY4 (Prop_carry4_CI_CO[3])
                                                      0.117    30.060 r  logits_wdata_reg[31]_i_139/CO[3]
                         net (fo=1, unplaced)         0.000    30.060    logits_wdata_reg[31]_i_139_n_0
                         CARRY4 (Prop_carry4_CI_CO[3])
                                                      0.117    30.177 r  logits_wdata_reg[31]_i_103/CO[3]
                         net (fo=1, unplaced)         0.000    30.177    logits_wdata_reg[31]_i_103_n_0
                         CARRY4 (Prop_carry4_CI_CO[3])
                                                      0.117    30.294 r  logits_wdata_reg[31]_i_102/CO[3]
                         net (fo=1, unplaced)         0.000    30.294    logits_wdata_reg[31]_i_102_n_0
                         CARRY4 (Prop_carry4_CI_CO[3])
                                                      0.117    30.411 r  logits_wdata_reg[31]_i_62/CO[3]
                         net (fo=1, unplaced)         0.000    30.411    logits_wdata_reg[31]_i_62_n_0
                         CARRY4 (Prop_carry4_CI_CO[3])
                                                      0.117    30.528 r  logits_wdata_reg[31]_i_61/CO[3]
                         net (fo=1, unplaced)         0.000    30.528    logits_wdata_reg[31]_i_61_n_0
                         CARRY4 (Prop_carry4_CI_CO[3])
                                                      0.117    30.645 r  logits_wdata_reg[31]_i_37/CO[3]
                         net (fo=1, unplaced)         0.000    30.645    logits_wdata_reg[31]_i_37_n_0
                         CARRY4 (Prop_carry4_CI_O[3])
                                                      0.331    30.976 r  logits_wdata_reg[31]_i_36/O[3]
                         net (fo=4, unplaced)         0.445    31.421    val__1[63]
                         LUT2 (Prop_lut2_I0_O)        0.332    31.753 r  logits_wdata[31]_i_14/O
                         net (fo=1, unplaced)         0.000    31.753    logits_wdata[31]_i_14_n_0
                         CARRY4 (Prop_carry4_DI[3]_CO[3])
                                                      0.429    32.182 r  logits_wdata_reg[31]_i_4/CO[3]
                         net (fo=12, unplaced)        0.796    32.978    c4_sat1__0
                         LUT4 (Prop_lut4_I3_O)        0.124    33.102 r  logits_wdata[31]_i_1/O
                         net (fo=21, unplaced)        0.669    33.771    logits_wdata[31]_i_1_n_0
                         FDSE                                         r  logits_wdata_reg[16]/S
  -------------------------------------------------------------------    -------------------

                         (clock clk rise edge)       10.000    10.000 r  <hidden>
                                                      0.000    10.000 r  clk
                         net (fo=42883, unset)        0.924    10.924    clk
                         FDSE                                         r  logits_wdata_reg[16]/C
                         clock pessimism              0.000    10.924    <hidden>
                         clock uncertainty           -0.035    10.889    <hidden>
                         FDSE (Setup_fdse_C_S)       -0.557    10.332    logits_wdata_reg[16]
  -------------------------------------------------------------------
                         required time                         10.332    <hidden>
                         arrival time                         -33.771    <hidden>
  -------------------------------------------------------------------
                         slack                                -23.439    <hidden>

Slack (VIOLATED) :        -23.439ns  (required time - arrival time)
  Source:                 vi_reg[0]_rep__0/C
                            (rising edge-triggered cell FDCE clocked by clk  {rise@0.000ns fall@5.000ns period=10.000ns})
  Destination:            logits_wdata_reg[17]/S
                            (rising edge-triggered cell FDSE clocked by clk  {rise@0.000ns fall@5.000ns period=10.000ns})
  Path Group:             clk
  Path Type:              Setup (Max at Slow Process Corner)
  Requirement:            10.000ns  (clk rise@10.000ns - clk rise@0.000ns)
  Data Path Delay:        32.798ns  (logic 22.462ns (68.485%)  route 10.336ns (31.515%))
  Logic Levels:           53  (CARRY4=35 DSP48E1=4 LUT1=1 LUT2=3 LUT3=2 LUT4=4 LUT5=1 LUT6=2 MUXF7=1)
  Clock Path Skew:        -0.049ns (DCD - SCD + CPR)
    Destination Clock Delay (DCD):    0.924ns = ( 10.924 - 10.000 ) 
    Source Clock Delay      (SCD):    0.973ns
    Clock Pessimism Removal (CPR):    0.000ns
  Clock Uncertainty:      0.035ns  ((TSJ^2 + TIJ^2)^1/2 + DJ) / 2 + PE
    Total System Jitter     (TSJ):    0.071ns
    Total Input Jitter      (TIJ):    0.000ns
    Discrete Jitter          (DJ):    0.000ns
    Phase Error              (PE):    0.000ns

    Location             Delay type                Incr(ns)  Path(ns)    Netlist Resource(s)
  -------------------------------------------------------------------    -------------------
                         (clock clk rise edge)        0.000     0.000 r  <hidden>
                                                      0.000     0.000 r  clk
                         net (fo=42883, unset)        0.973     0.973    clk
                         FDCE                                         r  vi_reg[0]_rep__0/C
  -------------------------------------------------------------------    -------------------
                         FDCE (Prop_fdce_C_Q)         0.478     1.451 r  vi_reg[0]_rep__0/Q
                         net (fo=99, unplaced)        0.905     2.356    vi_reg[0]_rep__0_n_0
                         LUT5 (Prop_lut5_I0_O)        0.295     2.651 r  g48_b7__5/O
                         net (fo=1, unplaced)         0.000     2.651    g48_b7__5_n_0
                         MUXF7 (Prop_muxf7_I1_O)      0.247     2.898 r  val0__0_i_22/O
                         net (fo=1, unplaced)         0.735     3.633    val0__0_i_22_n_0
                         LUT6 (Prop_lut6_I1_O)        0.298     3.931 r  val0__0_i_11/O
                         net (fo=1, unplaced)         0.449     4.380    val0__0_i_11_n_0
                         LUT2 (Prop_lut2_I0_O)        0.124     4.504 r  val0__0_i_4/O
                         net (fo=1, unplaced)         0.803     5.307    wgt817_return[3]
                         DSP48E1 (Prop_dsp48e1_B[3]_P[1])
                                                      3.656     8.963 r  val0__0/P[1]
                         net (fo=1, unplaced)         0.803     9.766    val0__0_n_104
                         LUT2 (Prop_lut2_I1_O)        0.124     9.890 r  c4_rq12_return1__3_i_19/O
                         net (fo=1, unplaced)         0.000     9.890    c4_rq12_return1__3_i_19_n_0
                         CARRY4 (Prop_carry4_S[1]_CO[3])
                                                      0.533    10.423 r  c4_rq12_return1__3_i_4/CO[3]
                         net (fo=1, unplaced)         0.000    10.423    c4_rq12_return1__3_i_4_n_0
                         CARRY4 (Prop_carry4_CI_CO[3])
                                                      0.117    10.540 r  c4_rq12_return1__3_i_3/CO[3]
                         net (fo=1, unplaced)         0.000    10.540    c4_rq12_return1__3_i_3_n_0
                         CARRY4 (Prop_carry4_CI_CO[3])
                                                      0.117    10.657 r  c4_rq12_return1__3_i_2/CO[3]
                         net (fo=1, unplaced)         0.000    10.657    c4_rq12_return1__3_i_2_n_0
                         CARRY4 (Prop_carry4_CI_CO[3])
                                                      0.117    10.774 r  c4_rq12_return1__3_i_1/CO[3]
                         net (fo=1, unplaced)         0.000    10.774    c4_rq12_return1__3_i_1_n_0
                         CARRY4 (Prop_carry4_CI_CO[3])
                                                      0.117    10.891 r  c4_rq12_return1__0_i_5/CO[3]
                         net (fo=1, unplaced)         0.000    10.891    c4_rq12_return1__0_i_5_n_0
                         CARRY4 (Prop_carry4_CI_CO[3])
                                                      0.117    11.008 r  c4_rq12_return1__0_i_4/CO[3]
                         net (fo=1, unplaced)         0.000    11.008    c4_rq12_return1__0_i_4_n_0
                         CARRY4 (Prop_carry4_CI_CO[3])
                                                      0.117    11.125 r  c4_rq12_return1__0_i_3/CO[3]
                         net (fo=1, unplaced)         0.000    11.125    c4_rq12_return1__0_i_3_n_0
                         CARRY4 (Prop_carry4_CI_CO[3])
                                                      0.117    11.242 r  c4_rq12_return1__0_i_2/CO[3]
                         net (fo=1, unplaced)         0.000    11.242    c4_rq12_return1__0_i_2_n_0
                         CARRY4 (Prop_carry4_CI_O[1])
                                                      0.337    11.579 r  c4_rq12_return1__0_i_1/O[1]
                         net (fo=2, unplaced)         0.803    12.382    c4_rq12_return1__0_i_1_n_6
                         DSP48E1 (Prop_dsp48e1_A[16]_PCOUT[47])
                                                      4.215    16.597 r  c4_rq12_return1__0/PCOUT[47]
                         net (fo=1, unplaced)         0.000    16.597    c4_rq12_return1__0_n_106
                         DSP48E1 (Prop_dsp48e1_PCIN[47]_PCOUT[47])
                                                      1.713    18.310 r  c4_rq12_return1__1/PCOUT[47]
                         net (fo=1, unplaced)         0.000    18.310    c4_rq12_return1__1_n_106
                         DSP48E1 (Prop_dsp48e1_PCIN[47]_P[2])
                                                      1.518    19.828 r  c4_rq12_return1__2/P[2]
                         net (fo=2, unplaced)         0.803    20.630    c4_rq12_return1__2_n_103
                         LUT3 (Prop_lut3_I1_O)        0.124    20.754 r  logits_wdata[31]_i_160/O
                         net (fo=2, unplaced)         0.460    21.214    logits_wdata[31]_i_160_n_0
                         LUT4 (Prop_lut4_I3_O)        0.124    21.338 r  logits_wdata[31]_i_164/O
                         net (fo=1, unplaced)         0.000    21.338    logits_wdata[31]_i_164_n_0
                         CARRY4 (Prop_carry4_S[1]_CO[3])
                                                      0.533    21.871 r  logits_wdata_reg[31]_i_121/CO[3]
                         net (fo=1, unplaced)         0.000    21.871    logits_wdata_reg[31]_i_121_n_0
                         CARRY4 (Prop_carry4_CI_CO[3])
                                                      0.117    21.988 r  logits_wdata_reg[31]_i_80/CO[3]
                         net (fo=1, unplaced)         0.000    21.988    logits_wdata_reg[31]_i_80_n_0
                         CARRY4 (Prop_carry4_CI_O[2])
                                                      0.256    22.244 r  logits_wdata_reg[31]_i_47/O[2]
                         net (fo=92, unplaced)        0.549    22.793    c4_rq12_return1__6[63]
                         LUT4 (Prop_lut4_I2_O)        0.293    23.086 r  logits_wdata[3]_i_197/O
                         net (fo=1, unplaced)         0.000    23.086    logits_wdata[3]_i_197_n_0
                         CARRY4 (Prop_carry4_DI[0]_CO[3])
                                                      0.576    23.662 r  logits_wdata_reg[3]_i_150/CO[3]
                         net (fo=1, unplaced)         0.000    23.662    logits_wdata_reg[3]_i_150_n_0
                         CARRY4 (Prop_carry4_CI_CO[3])
                                                      0.117    23.779 r  logits_wdata_reg[3]_i_103/CO[3]
                         net (fo=1, unplaced)         0.000    23.779    logits_wdata_reg[3]_i_103_n_0
                         CARRY4 (Prop_carry4_CI_CO[3])
                                                      0.117    23.896 r  logits_wdata_reg[3]_i_66/CO[3]
                         net (fo=1, unplaced)         0.000    23.896    logits_wdata_reg[3]_i_66_n_0
                         CARRY4 (Prop_carry4_CI_CO[3])
                                                      0.117    24.013 r  logits_wdata_reg[3]_i_42/CO[3]
                         net (fo=1, unplaced)         0.000    24.013    logits_wdata_reg[3]_i_42_n_0
                         CARRY4 (Prop_carry4_CI_CO[2])
                                                      0.252    24.265 r  logits_wdata_reg[3]_i_21/CO[2]
                         net (fo=2, unplaced)         0.463    24.728    logits_wdata_reg[3]_i_21_n_1
                         LUT4 (Prop_lut4_I3_O)        0.310    25.038 r  logits_wdata[3]_i_25/O
                         net (fo=1, unplaced)         0.000    25.038    logits_wdata[3]_i_25_n_0
                         CARRY4 (Prop_carry4_S[0]_O[2])
                                                      0.544    25.582 f  logits_wdata_reg[3]_i_11/O[2]
                         net (fo=2, unplaced)         0.463    26.045    logits_wdata_reg[3]_i_11_n_5
                         LUT1 (Prop_lut1_I0_O)        0.301    26.346 r  logits_wdata[7]_i_25/O
                         net (fo=1, unplaced)         0.000    26.346    logits_wdata[7]_i_25_n_0
                         CARRY4 (Prop_carry4_S[1]_O[3])
                                                      0.643    26.989 r  logits_wdata_reg[7]_i_12/O[3]
                         net (fo=1, unplaced)         0.448    27.437    c4_rq12_return0[4]
                         LUT3 (Prop_lut3_I0_O)        0.307    27.744 r  logits_wdata[7]_i_6/O
                         net (fo=2, unplaced)         0.743    28.487    c4_rq12_return[4]
                         LUT6 (Prop_lut6_I0_O)        0.124    28.611 r  logits_wdata[7]_i_10/O
                         net (fo=1, unplaced)         0.000    28.611    logits_wdata[7]_i_10_n_0
                         CARRY4 (Prop_carry4_S[0]_CO[3])
                                                      0.513    29.124 r  logits_wdata_reg[7]_i_2/CO[3]
                         net (fo=1, unplaced)         0.000    29.124    logits_wdata_reg[7]_i_2_n_0
                         CARRY4 (Prop_carry4_CI_CO[3])
                                                      0.117    29.241 r  logits_wdata_reg[11]_i_2/CO[3]
                         net (fo=1, unplaced)         0.000    29.241    logits_wdata_reg[11]_i_2_n_0
                         CARRY4 (Prop_carry4_CI_CO[3])
                                                      0.117    29.358 r  logits_wdata_reg[15]_i_2/CO[3]
                         net (fo=1, unplaced)         0.000    29.358    logits_wdata_reg[15]_i_2_n_0
                         CARRY4 (Prop_carry4_CI_CO[3])
                                                      0.117    29.475 r  logits_wdata_reg[19]_i_2/CO[3]
                         net (fo=1, unplaced)         0.000    29.475    logits_wdata_reg[19]_i_2_n_0
                         CARRY4 (Prop_carry4_CI_CO[3])
                                                      0.117    29.592 r  logits_wdata_reg[23]_i_2/CO[3]
                         net (fo=1, unplaced)         0.000    29.592    logits_wdata_reg[23]_i_2_n_0
                         CARRY4 (Prop_carry4_CI_CO[3])
                                                      0.117    29.709 r  logits_wdata_reg[27]_i_2/CO[3]
                         net (fo=1, unplaced)         0.000    29.709    logits_wdata_reg[27]_i_2_n_0
                         CARRY4 (Prop_carry4_CI_CO[3])
                                                      0.117    29.826 r  logits_wdata_reg[31]_i_5/CO[3]
                         net (fo=1, unplaced)         0.000    29.826    logits_wdata_reg[31]_i_5_n_0
                         CARRY4 (Prop_carry4_CI_CO[3])
                                                      0.117    29.943 r  logits_wdata_reg[31]_i_140/CO[3]
                         net (fo=1, unplaced)         0.000    29.943    logits_wdata_reg[31]_i_140_n_0
                         CARRY4 (Prop_carry4_CI_CO[3])
                                                      0.117    30.060 r  logits_wdata_reg[31]_i_139/CO[3]
                         net (fo=1, unplaced)         0.000    30.060    logits_wdata_reg[31]_i_139_n_0
                         CARRY4 (Prop_carry4_CI_CO[3])
                                                      0.117    30.177 r  logits_wdata_reg[31]_i_103/CO[3]
                         net (fo=1, unplaced)         0.000    30.177    logits_wdata_reg[31]_i_103_n_0
                         CARRY4 (Prop_carry4_CI_CO[3])
                                                      0.117    30.294 r  logits_wdata_reg[31]_i_102/CO[3]
                         net (fo=1, unplaced)         0.000    30.294    logits_wdata_reg[31]_i_102_n_0
                         CARRY4 (Prop_carry4_CI_CO[3])
                                                      0.117    30.411 r  logits_wdata_reg[31]_i_62/CO[3]
                         net (fo=1, unplaced)         0.000    30.411    logits_wdata_reg[31]_i_62_n_0
                         CARRY4 (Prop_carry4_CI_CO[3])
                                                      0.117    30.528 r  logits_wdata_reg[31]_i_61/CO[3]
                         net (fo=1, unplaced)         0.000    30.528    logits_wdata_reg[31]_i_61_n_0
                         CARRY4 (Prop_carry4_CI_CO[3])
                                                      0.117    30.645 r  logits_wdata_reg[31]_i_37/CO[3]
                         net (fo=1, unplaced)         0.000    30.645    logits_wdata_reg[31]_i_37_n_0
                         CARRY4 (Prop_carry4_CI_O[3])
                                                      0.331    30.976 r  logits_wdata_reg[31]_i_36/O[3]
                         net (fo=4, unplaced)         0.445    31.421    val__1[63]
                         LUT2 (Prop_lut2_I0_O)        0.332    31.753 r  logits_wdata[31]_i_14/O
                         net (fo=1, unplaced)         0.000    31.753    logits_wdata[31]_i_14_n_0
                         CARRY4 (Prop_carry4_DI[3]_CO[3])
                                                      0.429    32.182 r  logits_wdata_reg[31]_i_4/CO[3]
                         net (fo=12, unplaced)        0.796    32.978    c4_sat1__0
                         LUT4 (Prop_lut4_I3_O)        0.124    33.102 r  logits_wdata[31]_i_1/O
                         net (fo=21, unplaced)        0.669    33.771    logits_wdata[31]_i_1_n_0
                         FDSE                                         r  logits_wdata_reg[17]/S
  -------------------------------------------------------------------    -------------------

                         (clock clk rise edge)       10.000    10.000 r  <hidden>
                                                      0.000    10.000 r  clk
                         net (fo=42883, unset)        0.924    10.924    clk
                         FDSE                                         r  logits_wdata_reg[17]/C
                         clock pessimism              0.000    10.924    <hidden>
                         clock uncertainty           -0.035    10.889    <hidden>
                         FDSE (Setup_fdse_C_S)       -0.557    10.332    logits_wdata_reg[17]
  -------------------------------------------------------------------
                         required time                         10.332    <hidden>
                         arrival time                         -33.771    <hidden>
  -------------------------------------------------------------------
                         slack                                -23.439    <hidden>

Slack (VIOLATED) :        -23.439ns  (required time - arrival time)
  Source:                 vi_reg[0]_rep__0/C
                            (rising edge-triggered cell FDCE clocked by clk  {rise@0.000ns fall@5.000ns period=10.000ns})
  Destination:            logits_wdata_reg[18]/S
                            (rising edge-triggered cell FDSE clocked by clk  {rise@0.000ns fall@5.000ns period=10.000ns})
  Path Group:             clk
  Path Type:              Setup (Max at Slow Process Corner)
  Requirement:            10.000ns  (clk rise@10.000ns - clk rise@0.000ns)
  Data Path Delay:        32.798ns  (logic 22.462ns (68.485%)  route 10.336ns (31.515%))
  Logic Levels:           53  (CARRY4=35 DSP48E1=4 LUT1=1 LUT2=3 LUT3=2 LUT4=4 LUT5=1 LUT6=2 MUXF7=1)
  Clock Path Skew:        -0.049ns (DCD - SCD + CPR)
    Destination Clock Delay (DCD):    0.924ns = ( 10.924 - 10.000 ) 
    Source Clock Delay      (SCD):    0.973ns
    Clock Pessimism Removal (CPR):    0.000ns
  Clock Uncertainty:      0.035ns  ((TSJ^2 + TIJ^2)^1/2 + DJ) / 2 + PE
    Total System Jitter     (TSJ):    0.071ns
    Total Input Jitter      (TIJ):    0.000ns
    Discrete Jitter          (DJ):    0.000ns
    Phase Error              (PE):    0.000ns

    Location             Delay type                Incr(ns)  Path(ns)    Netlist Resource(s)
  -------------------------------------------------------------------    -------------------
                         (clock clk rise edge)        0.000     0.000 r  <hidden>
                                                      0.000     0.000 r  clk
                         net (fo=42883, unset)        0.973     0.973    clk
                         FDCE                                         r  vi_reg[0]_rep__0/C
  -------------------------------------------------------------------    -------------------
                         FDCE (Prop_fdce_C_Q)         0.478     1.451 r  vi_reg[0]_rep__0/Q
                         net (fo=99, unplaced)        0.905     2.356    vi_reg[0]_rep__0_n_0
                         LUT5 (Prop_lut5_I0_O)        0.295     2.651 r  g48_b7__5/O
                         net (fo=1, unplaced)         0.000     2.651    g48_b7__5_n_0
                         MUXF7 (Prop_muxf7_I1_O)      0.247     2.898 r  val0__0_i_22/O
                         net (fo=1, unplaced)         0.735     3.633    val0__0_i_22_n_0
                         LUT6 (Prop_lut6_I1_O)        0.298     3.931 r  val0__0_i_11/O
                         net (fo=1, unplaced)         0.449     4.380    val0__0_i_11_n_0
                         LUT2 (Prop_lut2_I0_O)        0.124     4.504 r  val0__0_i_4/O
                         net (fo=1, unplaced)         0.803     5.307    wgt817_return[3]
                         DSP48E1 (Prop_dsp48e1_B[3]_P[1])
                                                      3.656     8.963 r  val0__0/P[1]
                         net (fo=1, unplaced)         0.803     9.766    val0__0_n_104
                         LUT2 (Prop_lut2_I1_O)        0.124     9.890 r  c4_rq12_return1__3_i_19/O
                         net (fo=1, unplaced)         0.000     9.890    c4_rq12_return1__3_i_19_n_0
                         CARRY4 (Prop_carry4_S[1]_CO[3])
                                                      0.533    10.423 r  c4_rq12_return1__3_i_4/CO[3]
                         net (fo=1, unplaced)         0.000    10.423    c4_rq12_return1__3_i_4_n_0
                         CARRY4 (Prop_carry4_CI_CO[3])
                                                      0.117    10.540 r  c4_rq12_return1__3_i_3/CO[3]
                         net (fo=1, unplaced)         0.000    10.540    c4_rq12_return1__3_i_3_n_0
                         CARRY4 (Prop_carry4_CI_CO[3])
                                                      0.117    10.657 r  c4_rq12_return1__3_i_2/CO[3]
                         net (fo=1, unplaced)         0.000    10.657    c4_rq12_return1__3_i_2_n_0
                         CARRY4 (Prop_carry4_CI_CO[3])
                                                      0.117    10.774 r  c4_rq12_return1__3_i_1/CO[3]
                         net (fo=1, unplaced)         0.000    10.774    c4_rq12_return1__3_i_1_n_0
                         CARRY4 (Prop_carry4_CI_CO[3])
                                                      0.117    10.891 r  c4_rq12_return1__0_i_5/CO[3]
                         net (fo=1, unplaced)         0.000    10.891    c4_rq12_return1__0_i_5_n_0
                         CARRY4 (Prop_carry4_CI_CO[3])
                                                      0.117    11.008 r  c4_rq12_return1__0_i_4/CO[3]
                         net (fo=1, unplaced)         0.000    11.008    c4_rq12_return1__0_i_4_n_0
                         CARRY4 (Prop_carry4_CI_CO[3])
                                                      0.117    11.125 r  c4_rq12_return1__0_i_3/CO[3]
                         net (fo=1, unplaced)         0.000    11.125    c4_rq12_return1__0_i_3_n_0
                         CARRY4 (Prop_carry4_CI_CO[3])
                                                      0.117    11.242 r  c4_rq12_return1__0_i_2/CO[3]
                         net (fo=1, unplaced)         0.000    11.242    c4_rq12_return1__0_i_2_n_0
                         CARRY4 (Prop_carry4_CI_O[1])
                                                      0.337    11.579 r  c4_rq12_return1__0_i_1/O[1]
                         net (fo=2, unplaced)         0.803    12.382    c4_rq12_return1__0_i_1_n_6
                         DSP48E1 (Prop_dsp48e1_A[16]_PCOUT[47])
                                                      4.215    16.597 r  c4_rq12_return1__0/PCOUT[47]
                         net (fo=1, unplaced)         0.000    16.597    c4_rq12_return1__0_n_106
                         DSP48E1 (Prop_dsp48e1_PCIN[47]_PCOUT[47])
                                                      1.713    18.310 r  c4_rq12_return1__1/PCOUT[47]
                         net (fo=1, unplaced)         0.000    18.310    c4_rq12_return1__1_n_106
                         DSP48E1 (Prop_dsp48e1_PCIN[47]_P[2])
                                                      1.518    19.828 r  c4_rq12_return1__2/P[2]
                         net (fo=2, unplaced)         0.803    20.630    c4_rq12_return1__2_n_103
                         LUT3 (Prop_lut3_I1_O)        0.124    20.754 r  logits_wdata[31]_i_160/O
                         net (fo=2, unplaced)         0.460    21.214    logits_wdata[31]_i_160_n_0
                         LUT4 (Prop_lut4_I3_O)        0.124    21.338 r  logits_wdata[31]_i_164/O
                         net (fo=1, unplaced)         0.000    21.338    logits_wdata[31]_i_164_n_0
                         CARRY4 (Prop_carry4_S[1]_CO[3])
                                                      0.533    21.871 r  logits_wdata_reg[31]_i_121/CO[3]
                         net (fo=1, unplaced)         0.000    21.871    logits_wdata_reg[31]_i_121_n_0
                         CARRY4 (Prop_carry4_CI_CO[3])
                                                      0.117    21.988 r  logits_wdata_reg[31]_i_80/CO[3]
                         net (fo=1, unplaced)         0.000    21.988    logits_wdata_reg[31]_i_80_n_0
                         CARRY4 (Prop_carry4_CI_O[2])
                                                      0.256    22.244 r  logits_wdata_reg[31]_i_47/O[2]
                         net (fo=92, unplaced)        0.549    22.793    c4_rq12_return1__6[63]
                         LUT4 (Prop_lut4_I2_O)        0.293    23.086 r  logits_wdata[3]_i_197/O
                         net (fo=1, unplaced)         0.000    23.086    logits_wdata[3]_i_197_n_0
                         CARRY4 (Prop_carry4_DI[0]_CO[3])
                                                      0.576    23.662 r  logits_wdata_reg[3]_i_150/CO[3]
                         net (fo=1, unplaced)         0.000    23.662    logits_wdata_reg[3]_i_150_n_0
                         CARRY4 (Prop_carry4_CI_CO[3])
                                                      0.117    23.779 r  logits_wdata_reg[3]_i_103/CO[3]
                         net (fo=1, unplaced)         0.000    23.779    logits_wdata_reg[3]_i_103_n_0
                         CARRY4 (Prop_carry4_CI_CO[3])
                                                      0.117    23.896 r  logits_wdata_reg[3]_i_66/CO[3]
                         net (fo=1, unplaced)         0.000    23.896    logits_wdata_reg[3]_i_66_n_0
                         CARRY4 (Prop_carry4_CI_CO[3])
                                                      0.117    24.013 r  logits_wdata_reg[3]_i_42/CO[3]
                         net (fo=1, unplaced)         0.000    24.013    logits_wdata_reg[3]_i_42_n_0
                         CARRY4 (Prop_carry4_CI_CO[2])
                                                      0.252    24.265 r  logits_wdata_reg[3]_i_21/CO[2]
                         net (fo=2, unplaced)         0.463    24.728    logits_wdata_reg[3]_i_21_n_1
                         LUT4 (Prop_lut4_I3_O)        0.310    25.038 r  logits_wdata[3]_i_25/O
                         net (fo=1, unplaced)         0.000    25.038    logits_wdata[3]_i_25_n_0
                         CARRY4 (Prop_carry4_S[0]_O[2])
                                                      0.544    25.582 f  logits_wdata_reg[3]_i_11/O[2]
                         net (fo=2, unplaced)         0.463    26.045    logits_wdata_reg[3]_i_11_n_5
                         LUT1 (Prop_lut1_I0_O)        0.301    26.346 r  logits_wdata[7]_i_25/O
                         net (fo=1, unplaced)         0.000    26.346    logits_wdata[7]_i_25_n_0
                         CARRY4 (Prop_carry4_S[1]_O[3])
                                                      0.643    26.989 r  logits_wdata_reg[7]_i_12/O[3]
                         net (fo=1, unplaced)         0.448    27.437    c4_rq12_return0[4]
                         LUT3 (Prop_lut3_I0_O)        0.307    27.744 r  logits_wdata[7]_i_6/O
                         net (fo=2, unplaced)         0.743    28.487    c4_rq12_return[4]
                         LUT6 (Prop_lut6_I0_O)        0.124    28.611 r  logits_wdata[7]_i_10/O
                         net (fo=1, unplaced)         0.000    28.611    logits_wdata[7]_i_10_n_0
                         CARRY4 (Prop_carry4_S[0]_CO[3])
                                                      0.513    29.124 r  logits_wdata_reg[7]_i_2/CO[3]
                         net (fo=1, unplaced)         0.000    29.124    logits_wdata_reg[7]_i_2_n_0
                         CARRY4 (Prop_carry4_CI_CO[3])
                                                      0.117    29.241 r  logits_wdata_reg[11]_i_2/CO[3]
                         net (fo=1, unplaced)         0.000    29.241    logits_wdata_reg[11]_i_2_n_0
                         CARRY4 (Prop_carry4_CI_CO[3])
                                                      0.117    29.358 r  logits_wdata_reg[15]_i_2/CO[3]
                         net (fo=1, unplaced)         0.000    29.358    logits_wdata_reg[15]_i_2_n_0
                         CARRY4 (Prop_carry4_CI_CO[3])
                                                      0.117    29.475 r  logits_wdata_reg[19]_i_2/CO[3]
                         net (fo=1, unplaced)         0.000    29.475    logits_wdata_reg[19]_i_2_n_0
                         CARRY4 (Prop_carry4_CI_CO[3])
                                                      0.117    29.592 r  logits_wdata_reg[23]_i_2/CO[3]
                         net (fo=1, unplaced)         0.000    29.592    logits_wdata_reg[23]_i_2_n_0
                         CARRY4 (Prop_carry4_CI_CO[3])
                                                      0.117    29.709 r  logits_wdata_reg[27]_i_2/CO[3]
                         net (fo=1, unplaced)         0.000    29.709    logits_wdata_reg[27]_i_2_n_0
                         CARRY4 (Prop_carry4_CI_CO[3])
                                                      0.117    29.826 r  logits_wdata_reg[31]_i_5/CO[3]
                         net (fo=1, unplaced)         0.000    29.826    logits_wdata_reg[31]_i_5_n_0
                         CARRY4 (Prop_carry4_CI_CO[3])
                                                      0.117    29.943 r  logits_wdata_reg[31]_i_140/CO[3]
                         net (fo=1, unplaced)         0.000    29.943    logits_wdata_reg[31]_i_140_n_0
                         CARRY4 (Prop_carry4_CI_CO[3])
                                                      0.117    30.060 r  logits_wdata_reg[31]_i_139/CO[3]
                         net (fo=1, unplaced)         0.000    30.060    logits_wdata_reg[31]_i_139_n_0
                         CARRY4 (Prop_carry4_CI_CO[3])
                                                      0.117    30.177 r  logits_wdata_reg[31]_i_103/CO[3]
                         net (fo=1, unplaced)         0.000    30.177    logits_wdata_reg[31]_i_103_n_0
                         CARRY4 (Prop_carry4_CI_CO[3])
                                                      0.117    30.294 r  logits_wdata_reg[31]_i_102/CO[3]
                         net (fo=1, unplaced)         0.000    30.294    logits_wdata_reg[31]_i_102_n_0
                         CARRY4 (Prop_carry4_CI_CO[3])
                                                      0.117    30.411 r  logits_wdata_reg[31]_i_62/CO[3]
                         net (fo=1, unplaced)         0.000    30.411    logits_wdata_reg[31]_i_62_n_0
                         CARRY4 (Prop_carry4_CI_CO[3])
                                                      0.117    30.528 r  logits_wdata_reg[31]_i_61/CO[3]
                         net (fo=1, unplaced)         0.000    30.528    logits_wdata_reg[31]_i_61_n_0
                         CARRY4 (Prop_carry4_CI_CO[3])
                                                      0.117    30.645 r  logits_wdata_reg[31]_i_37/CO[3]
                         net (fo=1, unplaced)         0.000    30.645    logits_wdata_reg[31]_i_37_n_0
                         CARRY4 (Prop_carry4_CI_O[3])
                                                      0.331    30.976 r  logits_wdata_reg[31]_i_36/O[3]
                         net (fo=4, unplaced)         0.445    31.421    val__1[63]
                         LUT2 (Prop_lut2_I0_O)        0.332    31.753 r  logits_wdata[31]_i_14/O
                         net (fo=1, unplaced)         0.000    31.753    logits_wdata[31]_i_14_n_0
                         CARRY4 (Prop_carry4_DI[3]_CO[3])
                                                      0.429    32.182 r  logits_wdata_reg[31]_i_4/CO[3]
                         net (fo=12, unplaced)        0.796    32.978    c4_sat1__0
                         LUT4 (Prop_lut4_I3_O)        0.124    33.102 r  logits_wdata[31]_i_1/O
                         net (fo=21, unplaced)        0.669    33.771    logits_wdata[31]_i_1_n_0
                         FDSE                                         r  logits_wdata_reg[18]/S
  -------------------------------------------------------------------    -------------------

                         (clock clk rise edge)       10.000    10.000 r  <hidden>
                                                      0.000    10.000 r  clk
                         net (fo=42883, unset)        0.924    10.924    clk
                         FDSE                                         r  logits_wdata_reg[18]/C
                         clock pessimism              0.000    10.924    <hidden>
                         clock uncertainty           -0.035    10.889    <hidden>
                         FDSE (Setup_fdse_C_S)       -0.557    10.332    logits_wdata_reg[18]
  -------------------------------------------------------------------
                         required time                         10.332    <hidden>
                         arrival time                         -33.771    <hidden>
  -------------------------------------------------------------------
                         slack                                -23.439    <hidden>

Slack (VIOLATED) :        -23.439ns  (required time - arrival time)
  Source:                 vi_reg[0]_rep__0/C
                            (rising edge-triggered cell FDCE clocked by clk  {rise@0.000ns fall@5.000ns period=10.000ns})
  Destination:            logits_wdata_reg[19]/S
                            (rising edge-triggered cell FDSE clocked by clk  {rise@0.000ns fall@5.000ns period=10.000ns})
  Path Group:             clk
  Path Type:              Setup (Max at Slow Process Corner)
  Requirement:            10.000ns  (clk rise@10.000ns - clk rise@0.000ns)
  Data Path Delay:        32.798ns  (logic 22.462ns (68.485%)  route 10.336ns (31.515%))
  Logic Levels:           53  (CARRY4=35 DSP48E1=4 LUT1=1 LUT2=3 LUT3=2 LUT4=4 LUT5=1 LUT6=2 MUXF7=1)
  Clock Path Skew:        -0.049ns (DCD - SCD + CPR)
    Destination Clock Delay (DCD):    0.924ns = ( 10.924 - 10.000 ) 
    Source Clock Delay      (SCD):    0.973ns
    Clock Pessimism Removal (CPR):    0.000ns
  Clock Uncertainty:      0.035ns  ((TSJ^2 + TIJ^2)^1/2 + DJ) / 2 + PE
    Total System Jitter     (TSJ):    0.071ns
    Total Input Jitter      (TIJ):    0.000ns
    Discrete Jitter          (DJ):    0.000ns
    Phase Error              (PE):    0.000ns

    Location             Delay type                Incr(ns)  Path(ns)    Netlist Resource(s)
  -------------------------------------------------------------------    -------------------
                         (clock clk rise edge)        0.000     0.000 r  <hidden>
                                                      0.000     0.000 r  clk
                         net (fo=42883, unset)        0.973     0.973    clk
                         FDCE                                         r  vi_reg[0]_rep__0/C
  -------------------------------------------------------------------    -------------------
                         FDCE (Prop_fdce_C_Q)         0.478     1.451 r  vi_reg[0]_rep__0/Q
                         net (fo=99, unplaced)        0.905     2.356    vi_reg[0]_rep__0_n_0
                         LUT5 (Prop_lut5_I0_O)        0.295     2.651 r  g48_b7__5/O
                         net (fo=1, unplaced)         0.000     2.651    g48_b7__5_n_0
                         MUXF7 (Prop_muxf7_I1_O)      0.247     2.898 r  val0__0_i_22/O
                         net (fo=1, unplaced)         0.735     3.633    val0__0_i_22_n_0
                         LUT6 (Prop_lut6_I1_O)        0.298     3.931 r  val0__0_i_11/O
                         net (fo=1, unplaced)         0.449     4.380    val0__0_i_11_n_0
                         LUT2 (Prop_lut2_I0_O)        0.124     4.504 r  val0__0_i_4/O
                         net (fo=1, unplaced)         0.803     5.307    wgt817_return[3]
                         DSP48E1 (Prop_dsp48e1_B[3]_P[1])
                                                      3.656     8.963 r  val0__0/P[1]
                         net (fo=1, unplaced)         0.803     9.766    val0__0_n_104
                         LUT2 (Prop_lut2_I1_O)        0.124     9.890 r  c4_rq12_return1__3_i_19/O
                         net (fo=1, unplaced)         0.000     9.890    c4_rq12_return1__3_i_19_n_0
                         CARRY4 (Prop_carry4_S[1]_CO[3])
                                                      0.533    10.423 r  c4_rq12_return1__3_i_4/CO[3]
                         net (fo=1, unplaced)         0.000    10.423    c4_rq12_return1__3_i_4_n_0
                         CARRY4 (Prop_carry4_CI_CO[3])
                                                      0.117    10.540 r  c4_rq12_return1__3_i_3/CO[3]
                         net (fo=1, unplaced)         0.000    10.540    c4_rq12_return1__3_i_3_n_0
                         CARRY4 (Prop_carry4_CI_CO[3])
                                                      0.117    10.657 r  c4_rq12_return1__3_i_2/CO[3]
                         net (fo=1, unplaced)         0.000    10.657    c4_rq12_return1__3_i_2_n_0
                         CARRY4 (Prop_carry4_CI_CO[3])
                                                      0.117    10.774 r  c4_rq12_return1__3_i_1/CO[3]
                         net (fo=1, unplaced)         0.000    10.774    c4_rq12_return1__3_i_1_n_0
                         CARRY4 (Prop_carry4_CI_CO[3])
                                                      0.117    10.891 r  c4_rq12_return1__0_i_5/CO[3]
                         net (fo=1, unplaced)         0.000    10.891    c4_rq12_return1__0_i_5_n_0
                         CARRY4 (Prop_carry4_CI_CO[3])
                                                      0.117    11.008 r  c4_rq12_return1__0_i_4/CO[3]
                         net (fo=1, unplaced)         0.000    11.008    c4_rq12_return1__0_i_4_n_0
                         CARRY4 (Prop_carry4_CI_CO[3])
                                                      0.117    11.125 r  c4_rq12_return1__0_i_3/CO[3]
                         net (fo=1, unplaced)         0.000    11.125    c4_rq12_return1__0_i_3_n_0
                         CARRY4 (Prop_carry4_CI_CO[3])
                                                      0.117    11.242 r  c4_rq12_return1__0_i_2/CO[3]
                         net (fo=1, unplaced)         0.000    11.242    c4_rq12_return1__0_i_2_n_0
                         CARRY4 (Prop_carry4_CI_O[1])
                                                      0.337    11.579 r  c4_rq12_return1__0_i_1/O[1]
                         net (fo=2, unplaced)         0.803    12.382    c4_rq12_return1__0_i_1_n_6
                         DSP48E1 (Prop_dsp48e1_A[16]_PCOUT[47])
                                                      4.215    16.597 r  c4_rq12_return1__0/PCOUT[47]
                         net (fo=1, unplaced)         0.000    16.597    c4_rq12_return1__0_n_106
                         DSP48E1 (Prop_dsp48e1_PCIN[47]_PCOUT[47])
                                                      1.713    18.310 r  c4_rq12_return1__1/PCOUT[47]
                         net (fo=1, unplaced)         0.000    18.310    c4_rq12_return1__1_n_106
                         DSP48E1 (Prop_dsp48e1_PCIN[47]_P[2])
                                                      1.518    19.828 r  c4_rq12_return1__2/P[2]
                         net (fo=2, unplaced)         0.803    20.630    c4_rq12_return1__2_n_103
                         LUT3 (Prop_lut3_I1_O)        0.124    20.754 r  logits_wdata[31]_i_160/O
                         net (fo=2, unplaced)         0.460    21.214    logits_wdata[31]_i_160_n_0
                         LUT4 (Prop_lut4_I3_O)        0.124    21.338 r  logits_wdata[31]_i_164/O
                         net (fo=1, unplaced)         0.000    21.338    logits_wdata[31]_i_164_n_0
                         CARRY4 (Prop_carry4_S[1]_CO[3])
                                                      0.533    21.871 r  logits_wdata_reg[31]_i_121/CO[3]
                         net (fo=1, unplaced)         0.000    21.871    logits_wdata_reg[31]_i_121_n_0
                         CARRY4 (Prop_carry4_CI_CO[3])
                                                      0.117    21.988 r  logits_wdata_reg[31]_i_80/CO[3]
                         net (fo=1, unplaced)         0.000    21.988    logits_wdata_reg[31]_i_80_n_0
                         CARRY4 (Prop_carry4_CI_O[2])
                                                      0.256    22.244 r  logits_wdata_reg[31]_i_47/O[2]
                         net (fo=92, unplaced)        0.549    22.793    c4_rq12_return1__6[63]
                         LUT4 (Prop_lut4_I2_O)        0.293    23.086 r  logits_wdata[3]_i_197/O
                         net (fo=1, unplaced)         0.000    23.086    logits_wdata[3]_i_197_n_0
                         CARRY4 (Prop_carry4_DI[0]_CO[3])
                                                      0.576    23.662 r  logits_wdata_reg[3]_i_150/CO[3]
                         net (fo=1, unplaced)         0.000    23.662    logits_wdata_reg[3]_i_150_n_0
                         CARRY4 (Prop_carry4_CI_CO[3])
                                                      0.117    23.779 r  logits_wdata_reg[3]_i_103/CO[3]
                         net (fo=1, unplaced)         0.000    23.779    logits_wdata_reg[3]_i_103_n_0
                         CARRY4 (Prop_carry4_CI_CO[3])
                                                      0.117    23.896 r  logits_wdata_reg[3]_i_66/CO[3]
                         net (fo=1, unplaced)         0.000    23.896    logits_wdata_reg[3]_i_66_n_0
                         CARRY4 (Prop_carry4_CI_CO[3])
                                                      0.117    24.013 r  logits_wdata_reg[3]_i_42/CO[3]
                         net (fo=1, unplaced)         0.000    24.013    logits_wdata_reg[3]_i_42_n_0
                         CARRY4 (Prop_carry4_CI_CO[2])
                                                      0.252    24.265 r  logits_wdata_reg[3]_i_21/CO[2]
                         net (fo=2, unplaced)         0.463    24.728    logits_wdata_reg[3]_i_21_n_1
                         LUT4 (Prop_lut4_I3_O)        0.310    25.038 r  logits_wdata[3]_i_25/O
                         net (fo=1, unplaced)         0.000    25.038    logits_wdata[3]_i_25_n_0
                         CARRY4 (Prop_carry4_S[0]_O[2])
                                                      0.544    25.582 f  logits_wdata_reg[3]_i_11/O[2]
                         net (fo=2, unplaced)         0.463    26.045    logits_wdata_reg[3]_i_11_n_5
                         LUT1 (Prop_lut1_I0_O)        0.301    26.346 r  logits_wdata[7]_i_25/O
                         net (fo=1, unplaced)         0.000    26.346    logits_wdata[7]_i_25_n_0
                         CARRY4 (Prop_carry4_S[1]_O[3])
                                                      0.643    26.989 r  logits_wdata_reg[7]_i_12/O[3]
                         net (fo=1, unplaced)         0.448    27.437    c4_rq12_return0[4]
                         LUT3 (Prop_lut3_I0_O)        0.307    27.744 r  logits_wdata[7]_i_6/O
                         net (fo=2, unplaced)         0.743    28.487    c4_rq12_return[4]
                         LUT6 (Prop_lut6_I0_O)        0.124    28.611 r  logits_wdata[7]_i_10/O
                         net (fo=1, unplaced)         0.000    28.611    logits_wdata[7]_i_10_n_0
                         CARRY4 (Prop_carry4_S[0]_CO[3])
                                                      0.513    29.124 r  logits_wdata_reg[7]_i_2/CO[3]
                         net (fo=1, unplaced)         0.000    29.124    logits_wdata_reg[7]_i_2_n_0
                         CARRY4 (Prop_carry4_CI_CO[3])
                                                      0.117    29.241 r  logits_wdata_reg[11]_i_2/CO[3]
                         net (fo=1, unplaced)         0.000    29.241    logits_wdata_reg[11]_i_2_n_0
                         CARRY4 (Prop_carry4_CI_CO[3])
                                                      0.117    29.358 r  logits_wdata_reg[15]_i_2/CO[3]
                         net (fo=1, unplaced)         0.000    29.358    logits_wdata_reg[15]_i_2_n_0
                         CARRY4 (Prop_carry4_CI_CO[3])
                                                      0.117    29.475 r  logits_wdata_reg[19]_i_2/CO[3]
                         net (fo=1, unplaced)         0.000    29.475    logits_wdata_reg[19]_i_2_n_0
                         CARRY4 (Prop_carry4_CI_CO[3])
                                                      0.117    29.592 r  logits_wdata_reg[23]_i_2/CO[3]
                         net (fo=1, unplaced)         0.000    29.592    logits_wdata_reg[23]_i_2_n_0
                         CARRY4 (Prop_carry4_CI_CO[3])
                                                      0.117    29.709 r  logits_wdata_reg[27]_i_2/CO[3]
                         net (fo=1, unplaced)         0.000    29.709    logits_wdata_reg[27]_i_2_n_0
                         CARRY4 (Prop_carry4_CI_CO[3])
                                                      0.117    29.826 r  logits_wdata_reg[31]_i_5/CO[3]
                         net (fo=1, unplaced)         0.000    29.826    logits_wdata_reg[31]_i_5_n_0
                         CARRY4 (Prop_carry4_CI_CO[3])
                                                      0.117    29.943 r  logits_wdata_reg[31]_i_140/CO[3]
                         net (fo=1, unplaced)         0.000    29.943    logits_wdata_reg[31]_i_140_n_0
                         CARRY4 (Prop_carry4_CI_CO[3])
                                                      0.117    30.060 r  logits_wdata_reg[31]_i_139/CO[3]
                         net (fo=1, unplaced)         0.000    30.060    logits_wdata_reg[31]_i_139_n_0
                         CARRY4 (Prop_carry4_CI_CO[3])
                                                      0.117    30.177 r  logits_wdata_reg[31]_i_103/CO[3]
                         net (fo=1, unplaced)         0.000    30.177    logits_wdata_reg[31]_i_103_n_0
                         CARRY4 (Prop_carry4_CI_CO[3])
                                                      0.117    30.294 r  logits_wdata_reg[31]_i_102/CO[3]
                         net (fo=1, unplaced)         0.000    30.294    logits_wdata_reg[31]_i_102_n_0
                         CARRY4 (Prop_carry4_CI_CO[3])
                                                      0.117    30.411 r  logits_wdata_reg[31]_i_62/CO[3]
                         net (fo=1, unplaced)         0.000    30.411    logits_wdata_reg[31]_i_62_n_0
                         CARRY4 (Prop_carry4_CI_CO[3])
                                                      0.117    30.528 r  logits_wdata_reg[31]_i_61/CO[3]
                         net (fo=1, unplaced)         0.000    30.528    logits_wdata_reg[31]_i_61_n_0
                         CARRY4 (Prop_carry4_CI_CO[3])
                                                      0.117    30.645 r  logits_wdata_reg[31]_i_37/CO[3]
                         net (fo=1, unplaced)         0.000    30.645    logits_wdata_reg[31]_i_37_n_0
                         CARRY4 (Prop_carry4_CI_O[3])
                                                      0.331    30.976 r  logits_wdata_reg[31]_i_36/O[3]
                         net (fo=4, unplaced)         0.445    31.421    val__1[63]
                         LUT2 (Prop_lut2_I0_O)        0.332    31.753 r  logits_wdata[31]_i_14/O
                         net (fo=1, unplaced)         0.000    31.753    logits_wdata[31]_i_14_n_0
                         CARRY4 (Prop_carry4_DI[3]_CO[3])
                                                      0.429    32.182 r  logits_wdata_reg[31]_i_4/CO[3]
                         net (fo=12, unplaced)        0.796    32.978    c4_sat1__0
                         LUT4 (Prop_lut4_I3_O)        0.124    33.102 r  logits_wdata[31]_i_1/O
                         net (fo=21, unplaced)        0.669    33.771    logits_wdata[31]_i_1_n_0
                         FDSE                                         r  logits_wdata_reg[19]/S
  -------------------------------------------------------------------    -------------------

                         (clock clk rise edge)       10.000    10.000 r  <hidden>
                                                      0.000    10.000 r  clk
                         net (fo=42883, unset)        0.924    10.924    clk
                         FDSE                                         r  logits_wdata_reg[19]/C
                         clock pessimism              0.000    10.924    <hidden>
                         clock uncertainty           -0.035    10.889    <hidden>
                         FDSE (Setup_fdse_C_S)       -0.557    10.332    logits_wdata_reg[19]
  -------------------------------------------------------------------
                         required time                         10.332    <hidden>
                         arrival time                         -33.771    <hidden>
  -------------------------------------------------------------------
                         slack                                -23.439    <hidden>

Slack (VIOLATED) :        -23.439ns  (required time - arrival time)
  Source:                 vi_reg[0]_rep__0/C
                            (rising edge-triggered cell FDCE clocked by clk  {rise@0.000ns fall@5.000ns period=10.000ns})
  Destination:            logits_wdata_reg[20]/S
                            (rising edge-triggered cell FDSE clocked by clk  {rise@0.000ns fall@5.000ns period=10.000ns})
  Path Group:             clk
  Path Type:              Setup (Max at Slow Process Corner)
  Requirement:            10.000ns  (clk rise@10.000ns - clk rise@0.000ns)
  Data Path Delay:        32.798ns  (logic 22.462ns (68.485%)  route 10.336ns (31.515%))
  Logic Levels:           53  (CARRY4=35 DSP48E1=4 LUT1=1 LUT2=3 LUT3=2 LUT4=4 LUT5=1 LUT6=2 MUXF7=1)
  Clock Path Skew:        -0.049ns (DCD - SCD + CPR)
    Destination Clock Delay (DCD):    0.924ns = ( 10.924 - 10.000 ) 
    Source Clock Delay      (SCD):    0.973ns
    Clock Pessimism Removal (CPR):    0.000ns
  Clock Uncertainty:      0.035ns  ((TSJ^2 + TIJ^2)^1/2 + DJ) / 2 + PE
    Total System Jitter     (TSJ):    0.071ns
    Total Input Jitter      (TIJ):    0.000ns
    Discrete Jitter          (DJ):    0.000ns
    Phase Error              (PE):    0.000ns

    Location             Delay type                Incr(ns)  Path(ns)    Netlist Resource(s)
  -------------------------------------------------------------------    -------------------
                         (clock clk rise edge)        0.000     0.000 r  <hidden>
                                                      0.000     0.000 r  clk
                         net (fo=42883, unset)        0.973     0.973    clk
                         FDCE                                         r  vi_reg[0]_rep__0/C
  -------------------------------------------------------------------    -------------------
                         FDCE (Prop_fdce_C_Q)         0.478     1.451 r  vi_reg[0]_rep__0/Q
                         net (fo=99, unplaced)        0.905     2.356    vi_reg[0]_rep__0_n_0
                         LUT5 (Prop_lut5_I0_O)        0.295     2.651 r  g48_b7__5/O
                         net (fo=1, unplaced)         0.000     2.651    g48_b7__5_n_0
                         MUXF7 (Prop_muxf7_I1_O)      0.247     2.898 r  val0__0_i_22/O
                         net (fo=1, unplaced)         0.735     3.633    val0__0_i_22_n_0
                         LUT6 (Prop_lut6_I1_O)        0.298     3.931 r  val0__0_i_11/O
                         net (fo=1, unplaced)         0.449     4.380    val0__0_i_11_n_0
                         LUT2 (Prop_lut2_I0_O)        0.124     4.504 r  val0__0_i_4/O
                         net (fo=1, unplaced)         0.803     5.307    wgt817_return[3]
                         DSP48E1 (Prop_dsp48e1_B[3]_P[1])
                                                      3.656     8.963 r  val0__0/P[1]
                         net (fo=1, unplaced)         0.803     9.766    val0__0_n_104
                         LUT2 (Prop_lut2_I1_O)        0.124     9.890 r  c4_rq12_return1__3_i_19/O
                         net (fo=1, unplaced)         0.000     9.890    c4_rq12_return1__3_i_19_n_0
                         CARRY4 (Prop_carry4_S[1]_CO[3])
                                                      0.533    10.423 r  c4_rq12_return1__3_i_4/CO[3]
                         net (fo=1, unplaced)         0.000    10.423    c4_rq12_return1__3_i_4_n_0
                         CARRY4 (Prop_carry4_CI_CO[3])
                                                      0.117    10.540 r  c4_rq12_return1__3_i_3/CO[3]
                         net (fo=1, unplaced)         0.000    10.540    c4_rq12_return1__3_i_3_n_0
                         CARRY4 (Prop_carry4_CI_CO[3])
                                                      0.117    10.657 r  c4_rq12_return1__3_i_2/CO[3]
                         net (fo=1, unplaced)         0.000    10.657    c4_rq12_return1__3_i_2_n_0
                         CARRY4 (Prop_carry4_CI_CO[3])
                                                      0.117    10.774 r  c4_rq12_return1__3_i_1/CO[3]
                         net (fo=1, unplaced)         0.000    10.774    c4_rq12_return1__3_i_1_n_0
                         CARRY4 (Prop_carry4_CI_CO[3])
                                                      0.117    10.891 r  c4_rq12_return1__0_i_5/CO[3]
                         net (fo=1, unplaced)         0.000    10.891    c4_rq12_return1__0_i_5_n_0
                         CARRY4 (Prop_carry4_CI_CO[3])
                                                      0.117    11.008 r  c4_rq12_return1__0_i_4/CO[3]
                         net (fo=1, unplaced)         0.000    11.008    c4_rq12_return1__0_i_4_n_0
                         CARRY4 (Prop_carry4_CI_CO[3])
                                                      0.117    11.125 r  c4_rq12_return1__0_i_3/CO[3]
                         net (fo=1, unplaced)         0.000    11.125    c4_rq12_return1__0_i_3_n_0
                         CARRY4 (Prop_carry4_CI_CO[3])
                                                      0.117    11.242 r  c4_rq12_return1__0_i_2/CO[3]
                         net (fo=1, unplaced)         0.000    11.242    c4_rq12_return1__0_i_2_n_0
                         CARRY4 (Prop_carry4_CI_O[1])
                                                      0.337    11.579 r  c4_rq12_return1__0_i_1/O[1]
                         net (fo=2, unplaced)         0.803    12.382    c4_rq12_return1__0_i_1_n_6
                         DSP48E1 (Prop_dsp48e1_A[16]_PCOUT[47])
                                                      4.215    16.597 r  c4_rq12_return1__0/PCOUT[47]
                         net (fo=1, unplaced)         0.000    16.597    c4_rq12_return1__0_n_106
                         DSP48E1 (Prop_dsp48e1_PCIN[47]_PCOUT[47])
                                                      1.713    18.310 r  c4_rq12_return1__1/PCOUT[47]
                         net (fo=1, unplaced)         0.000    18.310    c4_rq12_return1__1_n_106
                         DSP48E1 (Prop_dsp48e1_PCIN[47]_P[2])
                                                      1.518    19.828 r  c4_rq12_return1__2/P[2]
                         net (fo=2, unplaced)         0.803    20.630    c4_rq12_return1__2_n_103
                         LUT3 (Prop_lut3_I1_O)        0.124    20.754 r  logits_wdata[31]_i_160/O
                         net (fo=2, unplaced)         0.460    21.214    logits_wdata[31]_i_160_n_0
                         LUT4 (Prop_lut4_I3_O)        0.124    21.338 r  logits_wdata[31]_i_164/O
                         net (fo=1, unplaced)         0.000    21.338    logits_wdata[31]_i_164_n_0
                         CARRY4 (Prop_carry4_S[1]_CO[3])
                                                      0.533    21.871 r  logits_wdata_reg[31]_i_121/CO[3]
                         net (fo=1, unplaced)         0.000    21.871    logits_wdata_reg[31]_i_121_n_0
                         CARRY4 (Prop_carry4_CI_CO[3])
                                                      0.117    21.988 r  logits_wdata_reg[31]_i_80/CO[3]
                         net (fo=1, unplaced)         0.000    21.988    logits_wdata_reg[31]_i_80_n_0
                         CARRY4 (Prop_carry4_CI_O[2])
                                                      0.256    22.244 r  logits_wdata_reg[31]_i_47/O[2]
                         net (fo=92, unplaced)        0.549    22.793    c4_rq12_return1__6[63]
                         LUT4 (Prop_lut4_I2_O)        0.293    23.086 r  logits_wdata[3]_i_197/O
                         net (fo=1, unplaced)         0.000    23.086    logits_wdata[3]_i_197_n_0
                         CARRY4 (Prop_carry4_DI[0]_CO[3])
                                                      0.576    23.662 r  logits_wdata_reg[3]_i_150/CO[3]
                         net (fo=1, unplaced)         0.000    23.662    logits_wdata_reg[3]_i_150_n_0
                         CARRY4 (Prop_carry4_CI_CO[3])
                                                      0.117    23.779 r  logits_wdata_reg[3]_i_103/CO[3]
                         net (fo=1, unplaced)         0.000    23.779    logits_wdata_reg[3]_i_103_n_0
                         CARRY4 (Prop_carry4_CI_CO[3])
                                                      0.117    23.896 r  logits_wdata_reg[3]_i_66/CO[3]
                         net (fo=1, unplaced)         0.000    23.896    logits_wdata_reg[3]_i_66_n_0
                         CARRY4 (Prop_carry4_CI_CO[3])
                                                      0.117    24.013 r  logits_wdata_reg[3]_i_42/CO[3]
                         net (fo=1, unplaced)         0.000    24.013    logits_wdata_reg[3]_i_42_n_0
                         CARRY4 (Prop_carry4_CI_CO[2])
                                                      0.252    24.265 r  logits_wdata_reg[3]_i_21/CO[2]
                         net (fo=2, unplaced)         0.463    24.728    logits_wdata_reg[3]_i_21_n_1
                         LUT4 (Prop_lut4_I3_O)        0.310    25.038 r  logits_wdata[3]_i_25/O
                         net (fo=1, unplaced)         0.000    25.038    logits_wdata[3]_i_25_n_0
                         CARRY4 (Prop_carry4_S[0]_O[2])
                                                      0.544    25.582 f  logits_wdata_reg[3]_i_11/O[2]
                         net (fo=2, unplaced)         0.463    26.045    logits_wdata_reg[3]_i_11_n_5
                         LUT1 (Prop_lut1_I0_O)        0.301    26.346 r  logits_wdata[7]_i_25/O
                         net (fo=1, unplaced)         0.000    26.346    logits_wdata[7]_i_25_n_0
                         CARRY4 (Prop_carry4_S[1]_O[3])
                                                      0.643    26.989 r  logits_wdata_reg[7]_i_12/O[3]
                         net (fo=1, unplaced)         0.448    27.437    c4_rq12_return0[4]
                         LUT3 (Prop_lut3_I0_O)        0.307    27.744 r  logits_wdata[7]_i_6/O
                         net (fo=2, unplaced)         0.743    28.487    c4_rq12_return[4]
                         LUT6 (Prop_lut6_I0_O)        0.124    28.611 r  logits_wdata[7]_i_10/O
                         net (fo=1, unplaced)         0.000    28.611    logits_wdata[7]_i_10_n_0
                         CARRY4 (Prop_carry4_S[0]_CO[3])
                                                      0.513    29.124 r  logits_wdata_reg[7]_i_2/CO[3]
                         net (fo=1, unplaced)         0.000    29.124    logits_wdata_reg[7]_i_2_n_0
                         CARRY4 (Prop_carry4_CI_CO[3])
                                                      0.117    29.241 r  logits_wdata_reg[11]_i_2/CO[3]
                         net (fo=1, unplaced)         0.000    29.241    logits_wdata_reg[11]_i_2_n_0
                         CARRY4 (Prop_carry4_CI_CO[3])
                                                      0.117    29.358 r  logits_wdata_reg[15]_i_2/CO[3]
                         net (fo=1, unplaced)         0.000    29.358    logits_wdata_reg[15]_i_2_n_0
                         CARRY4 (Prop_carry4_CI_CO[3])
                                                      0.117    29.475 r  logits_wdata_reg[19]_i_2/CO[3]
                         net (fo=1, unplaced)         0.000    29.475    logits_wdata_reg[19]_i_2_n_0
                         CARRY4 (Prop_carry4_CI_CO[3])
                                                      0.117    29.592 r  logits_wdata_reg[23]_i_2/CO[3]
                         net (fo=1, unplaced)         0.000    29.592    logits_wdata_reg[23]_i_2_n_0
                         CARRY4 (Prop_carry4_CI_CO[3])
                                                      0.117    29.709 r  logits_wdata_reg[27]_i_2/CO[3]
                         net (fo=1, unplaced)         0.000    29.709    logits_wdata_reg[27]_i_2_n_0
                         CARRY4 (Prop_carry4_CI_CO[3])
                                                      0.117    29.826 r  logits_wdata_reg[31]_i_5/CO[3]
                         net (fo=1, unplaced)         0.000    29.826    logits_wdata_reg[31]_i_5_n_0
                         CARRY4 (Prop_carry4_CI_CO[3])
                                                      0.117    29.943 r  logits_wdata_reg[31]_i_140/CO[3]
                         net (fo=1, unplaced)         0.000    29.943    logits_wdata_reg[31]_i_140_n_0
                         CARRY4 (Prop_carry4_CI_CO[3])
                                                      0.117    30.060 r  logits_wdata_reg[31]_i_139/CO[3]
                         net (fo=1, unplaced)         0.000    30.060    logits_wdata_reg[31]_i_139_n_0
                         CARRY4 (Prop_carry4_CI_CO[3])
                                                      0.117    30.177 r  logits_wdata_reg[31]_i_103/CO[3]
                         net (fo=1, unplaced)         0.000    30.177    logits_wdata_reg[31]_i_103_n_0
                         CARRY4 (Prop_carry4_CI_CO[3])
                                                      0.117    30.294 r  logits_wdata_reg[31]_i_102/CO[3]
                         net (fo=1, unplaced)         0.000    30.294    logits_wdata_reg[31]_i_102_n_0
                         CARRY4 (Prop_carry4_CI_CO[3])
                                                      0.117    30.411 r  logits_wdata_reg[31]_i_62/CO[3]
                         net (fo=1, unplaced)         0.000    30.411    logits_wdata_reg[31]_i_62_n_0
                         CARRY4 (Prop_carry4_CI_CO[3])
                                                      0.117    30.528 r  logits_wdata_reg[31]_i_61/CO[3]
                         net (fo=1, unplaced)         0.000    30.528    logits_wdata_reg[31]_i_61_n_0
                         CARRY4 (Prop_carry4_CI_CO[3])
                                                      0.117    30.645 r  logits_wdata_reg[31]_i_37/CO[3]
                         net (fo=1, unplaced)         0.000    30.645    logits_wdata_reg[31]_i_37_n_0
                         CARRY4 (Prop_carry4_CI_O[3])
                                                      0.331    30.976 r  logits_wdata_reg[31]_i_36/O[3]
                         net (fo=4, unplaced)         0.445    31.421    val__1[63]
                         LUT2 (Prop_lut2_I0_O)        0.332    31.753 r  logits_wdata[31]_i_14/O
                         net (fo=1, unplaced)         0.000    31.753    logits_wdata[31]_i_14_n_0
                         CARRY4 (Prop_carry4_DI[3]_CO[3])
                                                      0.429    32.182 r  logits_wdata_reg[31]_i_4/CO[3]
                         net (fo=12, unplaced)        0.796    32.978    c4_sat1__0
                         LUT4 (Prop_lut4_I3_O)        0.124    33.102 r  logits_wdata[31]_i_1/O
                         net (fo=21, unplaced)        0.669    33.771    logits_wdata[31]_i_1_n_0
                         FDSE                                         r  logits_wdata_reg[20]/S
  -------------------------------------------------------------------    -------------------

                         (clock clk rise edge)       10.000    10.000 r  <hidden>
                                                      0.000    10.000 r  clk
                         net (fo=42883, unset)        0.924    10.924    clk
                         FDSE                                         r  logits_wdata_reg[20]/C
                         clock pessimism              0.000    10.924    <hidden>
                         clock uncertainty           -0.035    10.889    <hidden>
                         FDSE (Setup_fdse_C_S)       -0.557    10.332    logits_wdata_reg[20]
  -------------------------------------------------------------------
                         required time                         10.332    <hidden>
                         arrival time                         -33.771    <hidden>
  -------------------------------------------------------------------
                         slack                                -23.439    <hidden>

Slack (VIOLATED) :        -23.439ns  (required time - arrival time)
  Source:                 vi_reg[0]_rep__0/C
                            (rising edge-triggered cell FDCE clocked by clk  {rise@0.000ns fall@5.000ns period=10.000ns})
  Destination:            logits_wdata_reg[21]/S
                            (rising edge-triggered cell FDSE clocked by clk  {rise@0.000ns fall@5.000ns period=10.000ns})
  Path Group:             clk
  Path Type:              Setup (Max at Slow Process Corner)
  Requirement:            10.000ns  (clk rise@10.000ns - clk rise@0.000ns)
  Data Path Delay:        32.798ns  (logic 22.462ns (68.485%)  route 10.336ns (31.515%))
  Logic Levels:           53  (CARRY4=35 DSP48E1=4 LUT1=1 LUT2=3 LUT3=2 LUT4=4 LUT5=1 LUT6=2 MUXF7=1)
  Clock Path Skew:        -0.049ns (DCD - SCD + CPR)
    Destination Clock Delay (DCD):    0.924ns = ( 10.924 - 10.000 ) 
    Source Clock Delay      (SCD):    0.973ns
    Clock Pessimism Removal (CPR):    0.000ns
  Clock Uncertainty:      0.035ns  ((TSJ^2 + TIJ^2)^1/2 + DJ) / 2 + PE
    Total System Jitter     (TSJ):    0.071ns
    Total Input Jitter      (TIJ):    0.000ns
    Discrete Jitter          (DJ):    0.000ns
    Phase Error              (PE):    0.000ns

    Location             Delay type                Incr(ns)  Path(ns)    Netlist Resource(s)
  -------------------------------------------------------------------    -------------------
                         (clock clk rise edge)        0.000     0.000 r  <hidden>
                                                      0.000     0.000 r  clk
                         net (fo=42883, unset)        0.973     0.973    clk
                         FDCE                                         r  vi_reg[0]_rep__0/C
  -------------------------------------------------------------------    -------------------
                         FDCE (Prop_fdce_C_Q)         0.478     1.451 r  vi_reg[0]_rep__0/Q
                         net (fo=99, unplaced)        0.905     2.356    vi_reg[0]_rep__0_n_0
                         LUT5 (Prop_lut5_I0_O)        0.295     2.651 r  g48_b7__5/O
                         net (fo=1, unplaced)         0.000     2.651    g48_b7__5_n_0
                         MUXF7 (Prop_muxf7_I1_O)      0.247     2.898 r  val0__0_i_22/O
                         net (fo=1, unplaced)         0.735     3.633    val0__0_i_22_n_0
                         LUT6 (Prop_lut6_I1_O)        0.298     3.931 r  val0__0_i_11/O
                         net (fo=1, unplaced)         0.449     4.380    val0__0_i_11_n_0
                         LUT2 (Prop_lut2_I0_O)        0.124     4.504 r  val0__0_i_4/O
                         net (fo=1, unplaced)         0.803     5.307    wgt817_return[3]
                         DSP48E1 (Prop_dsp48e1_B[3]_P[1])
                                                      3.656     8.963 r  val0__0/P[1]
                         net (fo=1, unplaced)         0.803     9.766    val0__0_n_104
                         LUT2 (Prop_lut2_I1_O)        0.124     9.890 r  c4_rq12_return1__3_i_19/O
                         net (fo=1, unplaced)         0.000     9.890    c4_rq12_return1__3_i_19_n_0
                         CARRY4 (Prop_carry4_S[1]_CO[3])
                                                      0.533    10.423 r  c4_rq12_return1__3_i_4/CO[3]
                         net (fo=1, unplaced)         0.000    10.423    c4_rq12_return1__3_i_4_n_0
                         CARRY4 (Prop_carry4_CI_CO[3])
                                                      0.117    10.540 r  c4_rq12_return1__3_i_3/CO[3]
                         net (fo=1, unplaced)         0.000    10.540    c4_rq12_return1__3_i_3_n_0
                         CARRY4 (Prop_carry4_CI_CO[3])
                                                      0.117    10.657 r  c4_rq12_return1__3_i_2/CO[3]
                         net (fo=1, unplaced)         0.000    10.657    c4_rq12_return1__3_i_2_n_0
                         CARRY4 (Prop_carry4_CI_CO[3])
                                                      0.117    10.774 r  c4_rq12_return1__3_i_1/CO[3]
                         net (fo=1, unplaced)         0.000    10.774    c4_rq12_return1__3_i_1_n_0
                         CARRY4 (Prop_carry4_CI_CO[3])
                                                      0.117    10.891 r  c4_rq12_return1__0_i_5/CO[3]
                         net (fo=1, unplaced)         0.000    10.891    c4_rq12_return1__0_i_5_n_0
                         CARRY4 (Prop_carry4_CI_CO[3])
                                                      0.117    11.008 r  c4_rq12_return1__0_i_4/CO[3]
                         net (fo=1, unplaced)         0.000    11.008    c4_rq12_return1__0_i_4_n_0
                         CARRY4 (Prop_carry4_CI_CO[3])
                                                      0.117    11.125 r  c4_rq12_return1__0_i_3/CO[3]
                         net (fo=1, unplaced)         0.000    11.125    c4_rq12_return1__0_i_3_n_0
                         CARRY4 (Prop_carry4_CI_CO[3])
                                                      0.117    11.242 r  c4_rq12_return1__0_i_2/CO[3]
                         net (fo=1, unplaced)         0.000    11.242    c4_rq12_return1__0_i_2_n_0
                         CARRY4 (Prop_carry4_CI_O[1])
                                                      0.337    11.579 r  c4_rq12_return1__0_i_1/O[1]
                         net (fo=2, unplaced)         0.803    12.382    c4_rq12_return1__0_i_1_n_6
                         DSP48E1 (Prop_dsp48e1_A[16]_PCOUT[47])
                                                      4.215    16.597 r  c4_rq12_return1__0/PCOUT[47]
                         net (fo=1, unplaced)         0.000    16.597    c4_rq12_return1__0_n_106
                         DSP48E1 (Prop_dsp48e1_PCIN[47]_PCOUT[47])
                                                      1.713    18.310 r  c4_rq12_return1__1/PCOUT[47]
                         net (fo=1, unplaced)         0.000    18.310    c4_rq12_return1__1_n_106
                         DSP48E1 (Prop_dsp48e1_PCIN[47]_P[2])
                                                      1.518    19.828 r  c4_rq12_return1__2/P[2]
                         net (fo=2, unplaced)         0.803    20.630    c4_rq12_return1__2_n_103
                         LUT3 (Prop_lut3_I1_O)        0.124    20.754 r  logits_wdata[31]_i_160/O
                         net (fo=2, unplaced)         0.460    21.214    logits_wdata[31]_i_160_n_0
                         LUT4 (Prop_lut4_I3_O)        0.124    21.338 r  logits_wdata[31]_i_164/O
                         net (fo=1, unplaced)         0.000    21.338    logits_wdata[31]_i_164_n_0
                         CARRY4 (Prop_carry4_S[1]_CO[3])
                                                      0.533    21.871 r  logits_wdata_reg[31]_i_121/CO[3]
                         net (fo=1, unplaced)         0.000    21.871    logits_wdata_reg[31]_i_121_n_0
                         CARRY4 (Prop_carry4_CI_CO[3])
                                                      0.117    21.988 r  logits_wdata_reg[31]_i_80/CO[3]
                         net (fo=1, unplaced)         0.000    21.988    logits_wdata_reg[31]_i_80_n_0
                         CARRY4 (Prop_carry4_CI_O[2])
                                                      0.256    22.244 r  logits_wdata_reg[31]_i_47/O[2]
                         net (fo=92, unplaced)        0.549    22.793    c4_rq12_return1__6[63]
                         LUT4 (Prop_lut4_I2_O)        0.293    23.086 r  logits_wdata[3]_i_197/O
                         net (fo=1, unplaced)         0.000    23.086    logits_wdata[3]_i_197_n_0
                         CARRY4 (Prop_carry4_DI[0]_CO[3])
                                                      0.576    23.662 r  logits_wdata_reg[3]_i_150/CO[3]
                         net (fo=1, unplaced)         0.000    23.662    logits_wdata_reg[3]_i_150_n_0
                         CARRY4 (Prop_carry4_CI_CO[3])
                                                      0.117    23.779 r  logits_wdata_reg[3]_i_103/CO[3]
                         net (fo=1, unplaced)         0.000    23.779    logits_wdata_reg[3]_i_103_n_0
                         CARRY4 (Prop_carry4_CI_CO[3])
                                                      0.117    23.896 r  logits_wdata_reg[3]_i_66/CO[3]
                         net (fo=1, unplaced)         0.000    23.896    logits_wdata_reg[3]_i_66_n_0
                         CARRY4 (Prop_carry4_CI_CO[3])
                                                      0.117    24.013 r  logits_wdata_reg[3]_i_42/CO[3]
                         net (fo=1, unplaced)         0.000    24.013    logits_wdata_reg[3]_i_42_n_0
                         CARRY4 (Prop_carry4_CI_CO[2])
                                                      0.252    24.265 r  logits_wdata_reg[3]_i_21/CO[2]
                         net (fo=2, unplaced)         0.463    24.728    logits_wdata_reg[3]_i_21_n_1
                         LUT4 (Prop_lut4_I3_O)        0.310    25.038 r  logits_wdata[3]_i_25/O
                         net (fo=1, unplaced)         0.000    25.038    logits_wdata[3]_i_25_n_0
                         CARRY4 (Prop_carry4_S[0]_O[2])
                                                      0.544    25.582 f  logits_wdata_reg[3]_i_11/O[2]
                         net (fo=2, unplaced)         0.463    26.045    logits_wdata_reg[3]_i_11_n_5
                         LUT1 (Prop_lut1_I0_O)        0.301    26.346 r  logits_wdata[7]_i_25/O
                         net (fo=1, unplaced)         0.000    26.346    logits_wdata[7]_i_25_n_0
                         CARRY4 (Prop_carry4_S[1]_O[3])
                                                      0.643    26.989 r  logits_wdata_reg[7]_i_12/O[3]
                         net (fo=1, unplaced)         0.448    27.437    c4_rq12_return0[4]
                         LUT3 (Prop_lut3_I0_O)        0.307    27.744 r  logits_wdata[7]_i_6/O
                         net (fo=2, unplaced)         0.743    28.487    c4_rq12_return[4]
                         LUT6 (Prop_lut6_I0_O)        0.124    28.611 r  logits_wdata[7]_i_10/O
                         net (fo=1, unplaced)         0.000    28.611    logits_wdata[7]_i_10_n_0
                         CARRY4 (Prop_carry4_S[0]_CO[3])
                                                      0.513    29.124 r  logits_wdata_reg[7]_i_2/CO[3]
                         net (fo=1, unplaced)         0.000    29.124    logits_wdata_reg[7]_i_2_n_0
                         CARRY4 (Prop_carry4_CI_CO[3])
                                                      0.117    29.241 r  logits_wdata_reg[11]_i_2/CO[3]
                         net (fo=1, unplaced)         0.000    29.241    logits_wdata_reg[11]_i_2_n_0
                         CARRY4 (Prop_carry4_CI_CO[3])
                                                      0.117    29.358 r  logits_wdata_reg[15]_i_2/CO[3]
                         net (fo=1, unplaced)         0.000    29.358    logits_wdata_reg[15]_i_2_n_0
                         CARRY4 (Prop_carry4_CI_CO[3])
                                                      0.117    29.475 r  logits_wdata_reg[19]_i_2/CO[3]
                         net (fo=1, unplaced)         0.000    29.475    logits_wdata_reg[19]_i_2_n_0
                         CARRY4 (Prop_carry4_CI_CO[3])
                                                      0.117    29.592 r  logits_wdata_reg[23]_i_2/CO[3]
                         net (fo=1, unplaced)         0.000    29.592    logits_wdata_reg[23]_i_2_n_0
                         CARRY4 (Prop_carry4_CI_CO[3])
                                                      0.117    29.709 r  logits_wdata_reg[27]_i_2/CO[3]
                         net (fo=1, unplaced)         0.000    29.709    logits_wdata_reg[27]_i_2_n_0
                         CARRY4 (Prop_carry4_CI_CO[3])
                                                      0.117    29.826 r  logits_wdata_reg[31]_i_5/CO[3]
                         net (fo=1, unplaced)         0.000    29.826    logits_wdata_reg[31]_i_5_n_0
                         CARRY4 (Prop_carry4_CI_CO[3])
                                                      0.117    29.943 r  logits_wdata_reg[31]_i_140/CO[3]
                         net (fo=1, unplaced)         0.000    29.943    logits_wdata_reg[31]_i_140_n_0
                         CARRY4 (Prop_carry4_CI_CO[3])
                                                      0.117    30.060 r  logits_wdata_reg[31]_i_139/CO[3]
                         net (fo=1, unplaced)         0.000    30.060    logits_wdata_reg[31]_i_139_n_0
                         CARRY4 (Prop_carry4_CI_CO[3])
                                                      0.117    30.177 r  logits_wdata_reg[31]_i_103/CO[3]
                         net (fo=1, unplaced)         0.000    30.177    logits_wdata_reg[31]_i_103_n_0
                         CARRY4 (Prop_carry4_CI_CO[3])
                                                      0.117    30.294 r  logits_wdata_reg[31]_i_102/CO[3]
                         net (fo=1, unplaced)         0.000    30.294    logits_wdata_reg[31]_i_102_n_0
                         CARRY4 (Prop_carry4_CI_CO[3])
                                                      0.117    30.411 r  logits_wdata_reg[31]_i_62/CO[3]
                         net (fo=1, unplaced)         0.000    30.411    logits_wdata_reg[31]_i_62_n_0
                         CARRY4 (Prop_carry4_CI_CO[3])
                                                      0.117    30.528 r  logits_wdata_reg[31]_i_61/CO[3]
                         net (fo=1, unplaced)         0.000    30.528    logits_wdata_reg[31]_i_61_n_0
                         CARRY4 (Prop_carry4_CI_CO[3])
                                                      0.117    30.645 r  logits_wdata_reg[31]_i_37/CO[3]
                         net (fo=1, unplaced)         0.000    30.645    logits_wdata_reg[31]_i_37_n_0
                         CARRY4 (Prop_carry4_CI_O[3])
                                                      0.331    30.976 r  logits_wdata_reg[31]_i_36/O[3]
                         net (fo=4, unplaced)         0.445    31.421    val__1[63]
                         LUT2 (Prop_lut2_I0_O)        0.332    31.753 r  logits_wdata[31]_i_14/O
                         net (fo=1, unplaced)         0.000    31.753    logits_wdata[31]_i_14_n_0
                         CARRY4 (Prop_carry4_DI[3]_CO[3])
                                                      0.429    32.182 r  logits_wdata_reg[31]_i_4/CO[3]
                         net (fo=12, unplaced)        0.796    32.978    c4_sat1__0
                         LUT4 (Prop_lut4_I3_O)        0.124    33.102 r  logits_wdata[31]_i_1/O
                         net (fo=21, unplaced)        0.669    33.771    logits_wdata[31]_i_1_n_0
                         FDSE                                         r  logits_wdata_reg[21]/S
  -------------------------------------------------------------------    -------------------

                         (clock clk rise edge)       10.000    10.000 r  <hidden>
                                                      0.000    10.000 r  clk
                         net (fo=42883, unset)        0.924    10.924    clk
                         FDSE                                         r  logits_wdata_reg[21]/C
                         clock pessimism              0.000    10.924    <hidden>
                         clock uncertainty           -0.035    10.889    <hidden>
                         FDSE (Setup_fdse_C_S)       -0.557    10.332    logits_wdata_reg[21]
  -------------------------------------------------------------------
                         required time                         10.332    <hidden>
                         arrival time                         -33.771    <hidden>
  -------------------------------------------------------------------
                         slack                                -23.439    <hidden>

Slack (VIOLATED) :        -23.439ns  (required time - arrival time)
  Source:                 vi_reg[0]_rep__0/C
                            (rising edge-triggered cell FDCE clocked by clk  {rise@0.000ns fall@5.000ns period=10.000ns})
  Destination:            logits_wdata_reg[22]/S
                            (rising edge-triggered cell FDSE clocked by clk  {rise@0.000ns fall@5.000ns period=10.000ns})
  Path Group:             clk
  Path Type:              Setup (Max at Slow Process Corner)
  Requirement:            10.000ns  (clk rise@10.000ns - clk rise@0.000ns)
  Data Path Delay:        32.798ns  (logic 22.462ns (68.485%)  route 10.336ns (31.515%))
  Logic Levels:           53  (CARRY4=35 DSP48E1=4 LUT1=1 LUT2=3 LUT3=2 LUT4=4 LUT5=1 LUT6=2 MUXF7=1)
  Clock Path Skew:        -0.049ns (DCD - SCD + CPR)
    Destination Clock Delay (DCD):    0.924ns = ( 10.924 - 10.000 ) 
    Source Clock Delay      (SCD):    0.973ns
    Clock Pessimism Removal (CPR):    0.000ns
  Clock Uncertainty:      0.035ns  ((TSJ^2 + TIJ^2)^1/2 + DJ) / 2 + PE
    Total System Jitter     (TSJ):    0.071ns
    Total Input Jitter      (TIJ):    0.000ns
    Discrete Jitter          (DJ):    0.000ns
    Phase Error              (PE):    0.000ns

    Location             Delay type                Incr(ns)  Path(ns)    Netlist Resource(s)
  -------------------------------------------------------------------    -------------------
                         (clock clk rise edge)        0.000     0.000 r  <hidden>
                                                      0.000     0.000 r  clk
                         net (fo=42883, unset)        0.973     0.973    clk
                         FDCE                                         r  vi_reg[0]_rep__0/C
  -------------------------------------------------------------------    -------------------
                         FDCE (Prop_fdce_C_Q)         0.478     1.451 r  vi_reg[0]_rep__0/Q
                         net (fo=99, unplaced)        0.905     2.356    vi_reg[0]_rep__0_n_0
                         LUT5 (Prop_lut5_I0_O)        0.295     2.651 r  g48_b7__5/O
                         net (fo=1, unplaced)         0.000     2.651    g48_b7__5_n_0
                         MUXF7 (Prop_muxf7_I1_O)      0.247     2.898 r  val0__0_i_22/O
                         net (fo=1, unplaced)         0.735     3.633    val0__0_i_22_n_0
                         LUT6 (Prop_lut6_I1_O)        0.298     3.931 r  val0__0_i_11/O
                         net (fo=1, unplaced)         0.449     4.380    val0__0_i_11_n_0
                         LUT2 (Prop_lut2_I0_O)        0.124     4.504 r  val0__0_i_4/O
                         net (fo=1, unplaced)         0.803     5.307    wgt817_return[3]
                         DSP48E1 (Prop_dsp48e1_B[3]_P[1])
                                                      3.656     8.963 r  val0__0/P[1]
                         net (fo=1, unplaced)         0.803     9.766    val0__0_n_104
                         LUT2 (Prop_lut2_I1_O)        0.124     9.890 r  c4_rq12_return1__3_i_19/O
                         net (fo=1, unplaced)         0.000     9.890    c4_rq12_return1__3_i_19_n_0
                         CARRY4 (Prop_carry4_S[1]_CO[3])
                                                      0.533    10.423 r  c4_rq12_return1__3_i_4/CO[3]
                         net (fo=1, unplaced)         0.000    10.423    c4_rq12_return1__3_i_4_n_0
                         CARRY4 (Prop_carry4_CI_CO[3])
                                                      0.117    10.540 r  c4_rq12_return1__3_i_3/CO[3]
                         net (fo=1, unplaced)         0.000    10.540    c4_rq12_return1__3_i_3_n_0
                         CARRY4 (Prop_carry4_CI_CO[3])
                                                      0.117    10.657 r  c4_rq12_return1__3_i_2/CO[3]
                         net (fo=1, unplaced)         0.000    10.657    c4_rq12_return1__3_i_2_n_0
                         CARRY4 (Prop_carry4_CI_CO[3])
                                                      0.117    10.774 r  c4_rq12_return1__3_i_1/CO[3]
                         net (fo=1, unplaced)         0.000    10.774    c4_rq12_return1__3_i_1_n_0
                         CARRY4 (Prop_carry4_CI_CO[3])
                                                      0.117    10.891 r  c4_rq12_return1__0_i_5/CO[3]
                         net (fo=1, unplaced)         0.000    10.891    c4_rq12_return1__0_i_5_n_0
                         CARRY4 (Prop_carry4_CI_CO[3])
                                                      0.117    11.008 r  c4_rq12_return1__0_i_4/CO[3]
                         net (fo=1, unplaced)         0.000    11.008    c4_rq12_return1__0_i_4_n_0
                         CARRY4 (Prop_carry4_CI_CO[3])
                                                      0.117    11.125 r  c4_rq12_return1__0_i_3/CO[3]
                         net (fo=1, unplaced)         0.000    11.125    c4_rq12_return1__0_i_3_n_0
                         CARRY4 (Prop_carry4_CI_CO[3])
                                                      0.117    11.242 r  c4_rq12_return1__0_i_2/CO[3]
                         net (fo=1, unplaced)         0.000    11.242    c4_rq12_return1__0_i_2_n_0
                         CARRY4 (Prop_carry4_CI_O[1])
                                                      0.337    11.579 r  c4_rq12_return1__0_i_1/O[1]
                         net (fo=2, unplaced)         0.803    12.382    c4_rq12_return1__0_i_1_n_6
                         DSP48E1 (Prop_dsp48e1_A[16]_PCOUT[47])
                                                      4.215    16.597 r  c4_rq12_return1__0/PCOUT[47]
                         net (fo=1, unplaced)         0.000    16.597    c4_rq12_return1__0_n_106
                         DSP48E1 (Prop_dsp48e1_PCIN[47]_PCOUT[47])
                                                      1.713    18.310 r  c4_rq12_return1__1/PCOUT[47]
                         net (fo=1, unplaced)         0.000    18.310    c4_rq12_return1__1_n_106
                         DSP48E1 (Prop_dsp48e1_PCIN[47]_P[2])
                                                      1.518    19.828 r  c4_rq12_return1__2/P[2]
                         net (fo=2, unplaced)         0.803    20.630    c4_rq12_return1__2_n_103
                         LUT3 (Prop_lut3_I1_O)        0.124    20.754 r  logits_wdata[31]_i_160/O
                         net (fo=2, unplaced)         0.460    21.214    logits_wdata[31]_i_160_n_0
                         LUT4 (Prop_lut4_I3_O)        0.124    21.338 r  logits_wdata[31]_i_164/O
                         net (fo=1, unplaced)         0.000    21.338    logits_wdata[31]_i_164_n_0
                         CARRY4 (Prop_carry4_S[1]_CO[3])
                                                      0.533    21.871 r  logits_wdata_reg[31]_i_121/CO[3]
                         net (fo=1, unplaced)         0.000    21.871    logits_wdata_reg[31]_i_121_n_0
                         CARRY4 (Prop_carry4_CI_CO[3])
                                                      0.117    21.988 r  logits_wdata_reg[31]_i_80/CO[3]
                         net (fo=1, unplaced)         0.000    21.988    logits_wdata_reg[31]_i_80_n_0
                         CARRY4 (Prop_carry4_CI_O[2])
                                                      0.256    22.244 r  logits_wdata_reg[31]_i_47/O[2]
                         net (fo=92, unplaced)        0.549    22.793    c4_rq12_return1__6[63]
                         LUT4 (Prop_lut4_I2_O)        0.293    23.086 r  logits_wdata[3]_i_197/O
                         net (fo=1, unplaced)         0.000    23.086    logits_wdata[3]_i_197_n_0
                         CARRY4 (Prop_carry4_DI[0]_CO[3])
                                                      0.576    23.662 r  logits_wdata_reg[3]_i_150/CO[3]
                         net (fo=1, unplaced)         0.000    23.662    logits_wdata_reg[3]_i_150_n_0
                         CARRY4 (Prop_carry4_CI_CO[3])
                                                      0.117    23.779 r  logits_wdata_reg[3]_i_103/CO[3]
                         net (fo=1, unplaced)         0.000    23.779    logits_wdata_reg[3]_i_103_n_0
                         CARRY4 (Prop_carry4_CI_CO[3])
                                                      0.117    23.896 r  logits_wdata_reg[3]_i_66/CO[3]
                         net (fo=1, unplaced)         0.000    23.896    logits_wdata_reg[3]_i_66_n_0
                         CARRY4 (Prop_carry4_CI_CO[3])
                                                      0.117    24.013 r  logits_wdata_reg[3]_i_42/CO[3]
                         net (fo=1, unplaced)         0.000    24.013    logits_wdata_reg[3]_i_42_n_0
                         CARRY4 (Prop_carry4_CI_CO[2])
                                                      0.252    24.265 r  logits_wdata_reg[3]_i_21/CO[2]
                         net (fo=2, unplaced)         0.463    24.728    logits_wdata_reg[3]_i_21_n_1
                         LUT4 (Prop_lut4_I3_O)        0.310    25.038 r  logits_wdata[3]_i_25/O
                         net (fo=1, unplaced)         0.000    25.038    logits_wdata[3]_i_25_n_0
                         CARRY4 (Prop_carry4_S[0]_O[2])
                                                      0.544    25.582 f  logits_wdata_reg[3]_i_11/O[2]
                         net (fo=2, unplaced)         0.463    26.045    logits_wdata_reg[3]_i_11_n_5
                         LUT1 (Prop_lut1_I0_O)        0.301    26.346 r  logits_wdata[7]_i_25/O
                         net (fo=1, unplaced)         0.000    26.346    logits_wdata[7]_i_25_n_0
                         CARRY4 (Prop_carry4_S[1]_O[3])
                                                      0.643    26.989 r  logits_wdata_reg[7]_i_12/O[3]
                         net (fo=1, unplaced)         0.448    27.437    c4_rq12_return0[4]
                         LUT3 (Prop_lut3_I0_O)        0.307    27.744 r  logits_wdata[7]_i_6/O
                         net (fo=2, unplaced)         0.743    28.487    c4_rq12_return[4]
                         LUT6 (Prop_lut6_I0_O)        0.124    28.611 r  logits_wdata[7]_i_10/O
                         net (fo=1, unplaced)         0.000    28.611    logits_wdata[7]_i_10_n_0
                         CARRY4 (Prop_carry4_S[0]_CO[3])
                                                      0.513    29.124 r  logits_wdata_reg[7]_i_2/CO[3]
                         net (fo=1, unplaced)         0.000    29.124    logits_wdata_reg[7]_i_2_n_0
                         CARRY4 (Prop_carry4_CI_CO[3])
                                                      0.117    29.241 r  logits_wdata_reg[11]_i_2/CO[3]
                         net (fo=1, unplaced)         0.000    29.241    logits_wdata_reg[11]_i_2_n_0
                         CARRY4 (Prop_carry4_CI_CO[3])
                                                      0.117    29.358 r  logits_wdata_reg[15]_i_2/CO[3]
                         net (fo=1, unplaced)         0.000    29.358    logits_wdata_reg[15]_i_2_n_0
                         CARRY4 (Prop_carry4_CI_CO[3])
                                                      0.117    29.475 r  logits_wdata_reg[19]_i_2/CO[3]
                         net (fo=1, unplaced)         0.000    29.475    logits_wdata_reg[19]_i_2_n_0
                         CARRY4 (Prop_carry4_CI_CO[3])
                                                      0.117    29.592 r  logits_wdata_reg[23]_i_2/CO[3]
                         net (fo=1, unplaced)         0.000    29.592    logits_wdata_reg[23]_i_2_n_0
                         CARRY4 (Prop_carry4_CI_CO[3])
                                                      0.117    29.709 r  logits_wdata_reg[27]_i_2/CO[3]
                         net (fo=1, unplaced)         0.000    29.709    logits_wdata_reg[27]_i_2_n_0
                         CARRY4 (Prop_carry4_CI_CO[3])
                                                      0.117    29.826 r  logits_wdata_reg[31]_i_5/CO[3]
                         net (fo=1, unplaced)         0.000    29.826    logits_wdata_reg[31]_i_5_n_0
                         CARRY4 (Prop_carry4_CI_CO[3])
                                                      0.117    29.943 r  logits_wdata_reg[31]_i_140/CO[3]
                         net (fo=1, unplaced)         0.000    29.943    logits_wdata_reg[31]_i_140_n_0
                         CARRY4 (Prop_carry4_CI_CO[3])
                                                      0.117    30.060 r  logits_wdata_reg[31]_i_139/CO[3]
                         net (fo=1, unplaced)         0.000    30.060    logits_wdata_reg[31]_i_139_n_0
                         CARRY4 (Prop_carry4_CI_CO[3])
                                                      0.117    30.177 r  logits_wdata_reg[31]_i_103/CO[3]
                         net (fo=1, unplaced)         0.000    30.177    logits_wdata_reg[31]_i_103_n_0
                         CARRY4 (Prop_carry4_CI_CO[3])
                                                      0.117    30.294 r  logits_wdata_reg[31]_i_102/CO[3]
                         net (fo=1, unplaced)         0.000    30.294    logits_wdata_reg[31]_i_102_n_0
                         CARRY4 (Prop_carry4_CI_CO[3])
                                                      0.117    30.411 r  logits_wdata_reg[31]_i_62/CO[3]
                         net (fo=1, unplaced)         0.000    30.411    logits_wdata_reg[31]_i_62_n_0
                         CARRY4 (Prop_carry4_CI_CO[3])
                                                      0.117    30.528 r  logits_wdata_reg[31]_i_61/CO[3]
                         net (fo=1, unplaced)         0.000    30.528    logits_wdata_reg[31]_i_61_n_0
                         CARRY4 (Prop_carry4_CI_CO[3])
                                                      0.117    30.645 r  logits_wdata_reg[31]_i_37/CO[3]
                         net (fo=1, unplaced)         0.000    30.645    logits_wdata_reg[31]_i_37_n_0
                         CARRY4 (Prop_carry4_CI_O[3])
                                                      0.331    30.976 r  logits_wdata_reg[31]_i_36/O[3]
                         net (fo=4, unplaced)         0.445    31.421    val__1[63]
                         LUT2 (Prop_lut2_I0_O)        0.332    31.753 r  logits_wdata[31]_i_14/O
                         net (fo=1, unplaced)         0.000    31.753    logits_wdata[31]_i_14_n_0
                         CARRY4 (Prop_carry4_DI[3]_CO[3])
                                                      0.429    32.182 r  logits_wdata_reg[31]_i_4/CO[3]
                         net (fo=12, unplaced)        0.796    32.978    c4_sat1__0
                         LUT4 (Prop_lut4_I3_O)        0.124    33.102 r  logits_wdata[31]_i_1/O
                         net (fo=21, unplaced)        0.669    33.771    logits_wdata[31]_i_1_n_0
                         FDSE                                         r  logits_wdata_reg[22]/S
  -------------------------------------------------------------------    -------------------

                         (clock clk rise edge)       10.000    10.000 r  <hidden>
                                                      0.000    10.000 r  clk
                         net (fo=42883, unset)        0.924    10.924    clk
                         FDSE                                         r  logits_wdata_reg[22]/C
                         clock pessimism              0.000    10.924    <hidden>
                         clock uncertainty           -0.035    10.889    <hidden>
                         FDSE (Setup_fdse_C_S)       -0.557    10.332    logits_wdata_reg[22]
  -------------------------------------------------------------------
                         required time                         10.332    <hidden>
                         arrival time                         -33.771    <hidden>
  -------------------------------------------------------------------
                         slack                                -23.439    <hidden>

Slack (VIOLATED) :        -23.439ns  (required time - arrival time)
  Source:                 vi_reg[0]_rep__0/C
                            (rising edge-triggered cell FDCE clocked by clk  {rise@0.000ns fall@5.000ns period=10.000ns})
  Destination:            logits_wdata_reg[23]/S
                            (rising edge-triggered cell FDSE clocked by clk  {rise@0.000ns fall@5.000ns period=10.000ns})
  Path Group:             clk
  Path Type:              Setup (Max at Slow Process Corner)
  Requirement:            10.000ns  (clk rise@10.000ns - clk rise@0.000ns)
  Data Path Delay:        32.798ns  (logic 22.462ns (68.485%)  route 10.336ns (31.515%))
  Logic Levels:           53  (CARRY4=35 DSP48E1=4 LUT1=1 LUT2=3 LUT3=2 LUT4=4 LUT5=1 LUT6=2 MUXF7=1)
  Clock Path Skew:        -0.049ns (DCD - SCD + CPR)
    Destination Clock Delay (DCD):    0.924ns = ( 10.924 - 10.000 ) 
    Source Clock Delay      (SCD):    0.973ns
    Clock Pessimism Removal (CPR):    0.000ns
  Clock Uncertainty:      0.035ns  ((TSJ^2 + TIJ^2)^1/2 + DJ) / 2 + PE
    Total System Jitter     (TSJ):    0.071ns
    Total Input Jitter      (TIJ):    0.000ns
    Discrete Jitter          (DJ):    0.000ns
    Phase Error              (PE):    0.000ns

    Location             Delay type                Incr(ns)  Path(ns)    Netlist Resource(s)
  -------------------------------------------------------------------    -------------------
                         (clock clk rise edge)        0.000     0.000 r  <hidden>
                                                      0.000     0.000 r  clk
                         net (fo=42883, unset)        0.973     0.973    clk
                         FDCE                                         r  vi_reg[0]_rep__0/C
  -------------------------------------------------------------------    -------------------
                         FDCE (Prop_fdce_C_Q)         0.478     1.451 r  vi_reg[0]_rep__0/Q
                         net (fo=99, unplaced)        0.905     2.356    vi_reg[0]_rep__0_n_0
                         LUT5 (Prop_lut5_I0_O)        0.295     2.651 r  g48_b7__5/O
                         net (fo=1, unplaced)         0.000     2.651    g48_b7__5_n_0
                         MUXF7 (Prop_muxf7_I1_O)      0.247     2.898 r  val0__0_i_22/O
                         net (fo=1, unplaced)         0.735     3.633    val0__0_i_22_n_0
                         LUT6 (Prop_lut6_I1_O)        0.298     3.931 r  val0__0_i_11/O
                         net (fo=1, unplaced)         0.449     4.380    val0__0_i_11_n_0
                         LUT2 (Prop_lut2_I0_O)        0.124     4.504 r  val0__0_i_4/O
                         net (fo=1, unplaced)         0.803     5.307    wgt817_return[3]
                         DSP48E1 (Prop_dsp48e1_B[3]_P[1])
                                                      3.656     8.963 r  val0__0/P[1]
                         net (fo=1, unplaced)         0.803     9.766    val0__0_n_104
                         LUT2 (Prop_lut2_I1_O)        0.124     9.890 r  c4_rq12_return1__3_i_19/O
                         net (fo=1, unplaced)         0.000     9.890    c4_rq12_return1__3_i_19_n_0
                         CARRY4 (Prop_carry4_S[1]_CO[3])
                                                      0.533    10.423 r  c4_rq12_return1__3_i_4/CO[3]
                         net (fo=1, unplaced)         0.000    10.423    c4_rq12_return1__3_i_4_n_0
                         CARRY4 (Prop_carry4_CI_CO[3])
                                                      0.117    10.540 r  c4_rq12_return1__3_i_3/CO[3]
                         net (fo=1, unplaced)         0.000    10.540    c4_rq12_return1__3_i_3_n_0
                         CARRY4 (Prop_carry4_CI_CO[3])
                                                      0.117    10.657 r  c4_rq12_return1__3_i_2/CO[3]
                         net (fo=1, unplaced)         0.000    10.657    c4_rq12_return1__3_i_2_n_0
                         CARRY4 (Prop_carry4_CI_CO[3])
                                                      0.117    10.774 r  c4_rq12_return1__3_i_1/CO[3]
                         net (fo=1, unplaced)         0.000    10.774    c4_rq12_return1__3_i_1_n_0
                         CARRY4 (Prop_carry4_CI_CO[3])
                                                      0.117    10.891 r  c4_rq12_return1__0_i_5/CO[3]
                         net (fo=1, unplaced)         0.000    10.891    c4_rq12_return1__0_i_5_n_0
                         CARRY4 (Prop_carry4_CI_CO[3])
                                                      0.117    11.008 r  c4_rq12_return1__0_i_4/CO[3]
                         net (fo=1, unplaced)         0.000    11.008    c4_rq12_return1__0_i_4_n_0
                         CARRY4 (Prop_carry4_CI_CO[3])
                                                      0.117    11.125 r  c4_rq12_return1__0_i_3/CO[3]
                         net (fo=1, unplaced)         0.000    11.125    c4_rq12_return1__0_i_3_n_0
                         CARRY4 (Prop_carry4_CI_CO[3])
                                                      0.117    11.242 r  c4_rq12_return1__0_i_2/CO[3]
                         net (fo=1, unplaced)         0.000    11.242    c4_rq12_return1__0_i_2_n_0
                         CARRY4 (Prop_carry4_CI_O[1])
                                                      0.337    11.579 r  c4_rq12_return1__0_i_1/O[1]
                         net (fo=2, unplaced)         0.803    12.382    c4_rq12_return1__0_i_1_n_6
                         DSP48E1 (Prop_dsp48e1_A[16]_PCOUT[47])
                                                      4.215    16.597 r  c4_rq12_return1__0/PCOUT[47]
                         net (fo=1, unplaced)         0.000    16.597    c4_rq12_return1__0_n_106
                         DSP48E1 (Prop_dsp48e1_PCIN[47]_PCOUT[47])
                                                      1.713    18.310 r  c4_rq12_return1__1/PCOUT[47]
                         net (fo=1, unplaced)         0.000    18.310    c4_rq12_return1__1_n_106
                         DSP48E1 (Prop_dsp48e1_PCIN[47]_P[2])
                                                      1.518    19.828 r  c4_rq12_return1__2/P[2]
                         net (fo=2, unplaced)         0.803    20.630    c4_rq12_return1__2_n_103
                         LUT3 (Prop_lut3_I1_O)        0.124    20.754 r  logits_wdata[31]_i_160/O
                         net (fo=2, unplaced)         0.460    21.214    logits_wdata[31]_i_160_n_0
                         LUT4 (Prop_lut4_I3_O)        0.124    21.338 r  logits_wdata[31]_i_164/O
                         net (fo=1, unplaced)         0.000    21.338    logits_wdata[31]_i_164_n_0
                         CARRY4 (Prop_carry4_S[1]_CO[3])
                                                      0.533    21.871 r  logits_wdata_reg[31]_i_121/CO[3]
                         net (fo=1, unplaced)         0.000    21.871    logits_wdata_reg[31]_i_121_n_0
                         CARRY4 (Prop_carry4_CI_CO[3])
                                                      0.117    21.988 r  logits_wdata_reg[31]_i_80/CO[3]
                         net (fo=1, unplaced)         0.000    21.988    logits_wdata_reg[31]_i_80_n_0
                         CARRY4 (Prop_carry4_CI_O[2])
                                                      0.256    22.244 r  logits_wdata_reg[31]_i_47/O[2]
                         net (fo=92, unplaced)        0.549    22.793    c4_rq12_return1__6[63]
                         LUT4 (Prop_lut4_I2_O)        0.293    23.086 r  logits_wdata[3]_i_197/O
                         net (fo=1, unplaced)         0.000    23.086    logits_wdata[3]_i_197_n_0
                         CARRY4 (Prop_carry4_DI[0]_CO[3])
                                                      0.576    23.662 r  logits_wdata_reg[3]_i_150/CO[3]
                         net (fo=1, unplaced)         0.000    23.662    logits_wdata_reg[3]_i_150_n_0
                         CARRY4 (Prop_carry4_CI_CO[3])
                                                      0.117    23.779 r  logits_wdata_reg[3]_i_103/CO[3]
                         net (fo=1, unplaced)         0.000    23.779    logits_wdata_reg[3]_i_103_n_0
                         CARRY4 (Prop_carry4_CI_CO[3])
                                                      0.117    23.896 r  logits_wdata_reg[3]_i_66/CO[3]
                         net (fo=1, unplaced)         0.000    23.896    logits_wdata_reg[3]_i_66_n_0
                         CARRY4 (Prop_carry4_CI_CO[3])
                                                      0.117    24.013 r  logits_wdata_reg[3]_i_42/CO[3]
                         net (fo=1, unplaced)         0.000    24.013    logits_wdata_reg[3]_i_42_n_0
                         CARRY4 (Prop_carry4_CI_CO[2])
                                                      0.252    24.265 r  logits_wdata_reg[3]_i_21/CO[2]
                         net (fo=2, unplaced)         0.463    24.728    logits_wdata_reg[3]_i_21_n_1
                         LUT4 (Prop_lut4_I3_O)        0.310    25.038 r  logits_wdata[3]_i_25/O
                         net (fo=1, unplaced)         0.000    25.038    logits_wdata[3]_i_25_n_0
                         CARRY4 (Prop_carry4_S[0]_O[2])
                                                      0.544    25.582 f  logits_wdata_reg[3]_i_11/O[2]
                         net (fo=2, unplaced)         0.463    26.045    logits_wdata_reg[3]_i_11_n_5
                         LUT1 (Prop_lut1_I0_O)        0.301    26.346 r  logits_wdata[7]_i_25/O
                         net (fo=1, unplaced)         0.000    26.346    logits_wdata[7]_i_25_n_0
                         CARRY4 (Prop_carry4_S[1]_O[3])
                                                      0.643    26.989 r  logits_wdata_reg[7]_i_12/O[3]
                         net (fo=1, unplaced)         0.448    27.437    c4_rq12_return0[4]
                         LUT3 (Prop_lut3_I0_O)        0.307    27.744 r  logits_wdata[7]_i_6/O
                         net (fo=2, unplaced)         0.743    28.487    c4_rq12_return[4]
                         LUT6 (Prop_lut6_I0_O)        0.124    28.611 r  logits_wdata[7]_i_10/O
                         net (fo=1, unplaced)         0.000    28.611    logits_wdata[7]_i_10_n_0
                         CARRY4 (Prop_carry4_S[0]_CO[3])
                                                      0.513    29.124 r  logits_wdata_reg[7]_i_2/CO[3]
                         net (fo=1, unplaced)         0.000    29.124    logits_wdata_reg[7]_i_2_n_0
                         CARRY4 (Prop_carry4_CI_CO[3])
                                                      0.117    29.241 r  logits_wdata_reg[11]_i_2/CO[3]
                         net (fo=1, unplaced)         0.000    29.241    logits_wdata_reg[11]_i_2_n_0
                         CARRY4 (Prop_carry4_CI_CO[3])
                                                      0.117    29.358 r  logits_wdata_reg[15]_i_2/CO[3]
                         net (fo=1, unplaced)         0.000    29.358    logits_wdata_reg[15]_i_2_n_0
                         CARRY4 (Prop_carry4_CI_CO[3])
                                                      0.117    29.475 r  logits_wdata_reg[19]_i_2/CO[3]
                         net (fo=1, unplaced)         0.000    29.475    logits_wdata_reg[19]_i_2_n_0
                         CARRY4 (Prop_carry4_CI_CO[3])
                                                      0.117    29.592 r  logits_wdata_reg[23]_i_2/CO[3]
                         net (fo=1, unplaced)         0.000    29.592    logits_wdata_reg[23]_i_2_n_0
                         CARRY4 (Prop_carry4_CI_CO[3])
                                                      0.117    29.709 r  logits_wdata_reg[27]_i_2/CO[3]
                         net (fo=1, unplaced)         0.000    29.709    logits_wdata_reg[27]_i_2_n_0
                         CARRY4 (Prop_carry4_CI_CO[3])
                                                      0.117    29.826 r  logits_wdata_reg[31]_i_5/CO[3]
                         net (fo=1, unplaced)         0.000    29.826    logits_wdata_reg[31]_i_5_n_0
                         CARRY4 (Prop_carry4_CI_CO[3])
                                                      0.117    29.943 r  logits_wdata_reg[31]_i_140/CO[3]
                         net (fo=1, unplaced)         0.000    29.943    logits_wdata_reg[31]_i_140_n_0
                         CARRY4 (Prop_carry4_CI_CO[3])
                                                      0.117    30.060 r  logits_wdata_reg[31]_i_139/CO[3]
                         net (fo=1, unplaced)         0.000    30.060    logits_wdata_reg[31]_i_139_n_0
                         CARRY4 (Prop_carry4_CI_CO[3])
                                                      0.117    30.177 r  logits_wdata_reg[31]_i_103/CO[3]
                         net (fo=1, unplaced)         0.000    30.177    logits_wdata_reg[31]_i_103_n_0
                         CARRY4 (Prop_carry4_CI_CO[3])
                                                      0.117    30.294 r  logits_wdata_reg[31]_i_102/CO[3]
                         net (fo=1, unplaced)         0.000    30.294    logits_wdata_reg[31]_i_102_n_0
                         CARRY4 (Prop_carry4_CI_CO[3])
                                                      0.117    30.411 r  logits_wdata_reg[31]_i_62/CO[3]
                         net (fo=1, unplaced)         0.000    30.411    logits_wdata_reg[31]_i_62_n_0
                         CARRY4 (Prop_carry4_CI_CO[3])
                                                      0.117    30.528 r  logits_wdata_reg[31]_i_61/CO[3]
                         net (fo=1, unplaced)         0.000    30.528    logits_wdata_reg[31]_i_61_n_0
                         CARRY4 (Prop_carry4_CI_CO[3])
                                                      0.117    30.645 r  logits_wdata_reg[31]_i_37/CO[3]
                         net (fo=1, unplaced)         0.000    30.645    logits_wdata_reg[31]_i_37_n_0
                         CARRY4 (Prop_carry4_CI_O[3])
                                                      0.331    30.976 r  logits_wdata_reg[31]_i_36/O[3]
                         net (fo=4, unplaced)         0.445    31.421    val__1[63]
                         LUT2 (Prop_lut2_I0_O)        0.332    31.753 r  logits_wdata[31]_i_14/O
                         net (fo=1, unplaced)         0.000    31.753    logits_wdata[31]_i_14_n_0
                         CARRY4 (Prop_carry4_DI[3]_CO[3])
                                                      0.429    32.182 r  logits_wdata_reg[31]_i_4/CO[3]
                         net (fo=12, unplaced)        0.796    32.978    c4_sat1__0
                         LUT4 (Prop_lut4_I3_O)        0.124    33.102 r  logits_wdata[31]_i_1/O
                         net (fo=21, unplaced)        0.669    33.771    logits_wdata[31]_i_1_n_0
                         FDSE                                         r  logits_wdata_reg[23]/S
  -------------------------------------------------------------------    -------------------

                         (clock clk rise edge)       10.000    10.000 r  <hidden>
                                                      0.000    10.000 r  clk
                         net (fo=42883, unset)        0.924    10.924    clk
                         FDSE                                         r  logits_wdata_reg[23]/C
                         clock pessimism              0.000    10.924    <hidden>
                         clock uncertainty           -0.035    10.889    <hidden>
                         FDSE (Setup_fdse_C_S)       -0.557    10.332    logits_wdata_reg[23]
  -------------------------------------------------------------------
                         required time                         10.332    <hidden>
                         arrival time                         -33.771    <hidden>
  -------------------------------------------------------------------
                         slack                                -23.439    <hidden>

Slack (VIOLATED) :        -23.439ns  (required time - arrival time)
  Source:                 vi_reg[0]_rep__0/C
                            (rising edge-triggered cell FDCE clocked by clk  {rise@0.000ns fall@5.000ns period=10.000ns})
  Destination:            logits_wdata_reg[24]/S
                            (rising edge-triggered cell FDSE clocked by clk  {rise@0.000ns fall@5.000ns period=10.000ns})
  Path Group:             clk
  Path Type:              Setup (Max at Slow Process Corner)
  Requirement:            10.000ns  (clk rise@10.000ns - clk rise@0.000ns)
  Data Path Delay:        32.798ns  (logic 22.462ns (68.485%)  route 10.336ns (31.515%))
  Logic Levels:           53  (CARRY4=35 DSP48E1=4 LUT1=1 LUT2=3 LUT3=2 LUT4=4 LUT5=1 LUT6=2 MUXF7=1)
  Clock Path Skew:        -0.049ns (DCD - SCD + CPR)
    Destination Clock Delay (DCD):    0.924ns = ( 10.924 - 10.000 ) 
    Source Clock Delay      (SCD):    0.973ns
    Clock Pessimism Removal (CPR):    0.000ns
  Clock Uncertainty:      0.035ns  ((TSJ^2 + TIJ^2)^1/2 + DJ) / 2 + PE
    Total System Jitter     (TSJ):    0.071ns
    Total Input Jitter      (TIJ):    0.000ns
    Discrete Jitter          (DJ):    0.000ns
    Phase Error              (PE):    0.000ns

    Location             Delay type                Incr(ns)  Path(ns)    Netlist Resource(s)
  -------------------------------------------------------------------    -------------------
                         (clock clk rise edge)        0.000     0.000 r  <hidden>
                                                      0.000     0.000 r  clk
                         net (fo=42883, unset)        0.973     0.973    clk
                         FDCE                                         r  vi_reg[0]_rep__0/C
  -------------------------------------------------------------------    -------------------
                         FDCE (Prop_fdce_C_Q)         0.478     1.451 r  vi_reg[0]_rep__0/Q
                         net (fo=99, unplaced)        0.905     2.356    vi_reg[0]_rep__0_n_0
                         LUT5 (Prop_lut5_I0_O)        0.295     2.651 r  g48_b7__5/O
                         net (fo=1, unplaced)         0.000     2.651    g48_b7__5_n_0
                         MUXF7 (Prop_muxf7_I1_O)      0.247     2.898 r  val0__0_i_22/O
                         net (fo=1, unplaced)         0.735     3.633    val0__0_i_22_n_0
                         LUT6 (Prop_lut6_I1_O)        0.298     3.931 r  val0__0_i_11/O
                         net (fo=1, unplaced)         0.449     4.380    val0__0_i_11_n_0
                         LUT2 (Prop_lut2_I0_O)        0.124     4.504 r  val0__0_i_4/O
                         net (fo=1, unplaced)         0.803     5.307    wgt817_return[3]
                         DSP48E1 (Prop_dsp48e1_B[3]_P[1])
                                                      3.656     8.963 r  val0__0/P[1]
                         net (fo=1, unplaced)         0.803     9.766    val0__0_n_104
                         LUT2 (Prop_lut2_I1_O)        0.124     9.890 r  c4_rq12_return1__3_i_19/O
                         net (fo=1, unplaced)         0.000     9.890    c4_rq12_return1__3_i_19_n_0
                         CARRY4 (Prop_carry4_S[1]_CO[3])
                                                      0.533    10.423 r  c4_rq12_return1__3_i_4/CO[3]
                         net (fo=1, unplaced)         0.000    10.423    c4_rq12_return1__3_i_4_n_0
                         CARRY4 (Prop_carry4_CI_CO[3])
                                                      0.117    10.540 r  c4_rq12_return1__3_i_3/CO[3]
                         net (fo=1, unplaced)         0.000    10.540    c4_rq12_return1__3_i_3_n_0
                         CARRY4 (Prop_carry4_CI_CO[3])
                                                      0.117    10.657 r  c4_rq12_return1__3_i_2/CO[3]
                         net (fo=1, unplaced)         0.000    10.657    c4_rq12_return1__3_i_2_n_0
                         CARRY4 (Prop_carry4_CI_CO[3])
                                                      0.117    10.774 r  c4_rq12_return1__3_i_1/CO[3]
                         net (fo=1, unplaced)         0.000    10.774    c4_rq12_return1__3_i_1_n_0
                         CARRY4 (Prop_carry4_CI_CO[3])
                                                      0.117    10.891 r  c4_rq12_return1__0_i_5/CO[3]
                         net (fo=1, unplaced)         0.000    10.891    c4_rq12_return1__0_i_5_n_0
                         CARRY4 (Prop_carry4_CI_CO[3])
                                                      0.117    11.008 r  c4_rq12_return1__0_i_4/CO[3]
                         net (fo=1, unplaced)         0.000    11.008    c4_rq12_return1__0_i_4_n_0
                         CARRY4 (Prop_carry4_CI_CO[3])
                                                      0.117    11.125 r  c4_rq12_return1__0_i_3/CO[3]
                         net (fo=1, unplaced)         0.000    11.125    c4_rq12_return1__0_i_3_n_0
                         CARRY4 (Prop_carry4_CI_CO[3])
                                                      0.117    11.242 r  c4_rq12_return1__0_i_2/CO[3]
                         net (fo=1, unplaced)         0.000    11.242    c4_rq12_return1__0_i_2_n_0
                         CARRY4 (Prop_carry4_CI_O[1])
                                                      0.337    11.579 r  c4_rq12_return1__0_i_1/O[1]
                         net (fo=2, unplaced)         0.803    12.382    c4_rq12_return1__0_i_1_n_6
                         DSP48E1 (Prop_dsp48e1_A[16]_PCOUT[47])
                                                      4.215    16.597 r  c4_rq12_return1__0/PCOUT[47]
                         net (fo=1, unplaced)         0.000    16.597    c4_rq12_return1__0_n_106
                         DSP48E1 (Prop_dsp48e1_PCIN[47]_PCOUT[47])
                                                      1.713    18.310 r  c4_rq12_return1__1/PCOUT[47]
                         net (fo=1, unplaced)         0.000    18.310    c4_rq12_return1__1_n_106
                         DSP48E1 (Prop_dsp48e1_PCIN[47]_P[2])
                                                      1.518    19.828 r  c4_rq12_return1__2/P[2]
                         net (fo=2, unplaced)         0.803    20.630    c4_rq12_return1__2_n_103
                         LUT3 (Prop_lut3_I1_O)        0.124    20.754 r  logits_wdata[31]_i_160/O
                         net (fo=2, unplaced)         0.460    21.214    logits_wdata[31]_i_160_n_0
                         LUT4 (Prop_lut4_I3_O)        0.124    21.338 r  logits_wdata[31]_i_164/O
                         net (fo=1, unplaced)         0.000    21.338    logits_wdata[31]_i_164_n_0
                         CARRY4 (Prop_carry4_S[1]_CO[3])
                                                      0.533    21.871 r  logits_wdata_reg[31]_i_121/CO[3]
                         net (fo=1, unplaced)         0.000    21.871    logits_wdata_reg[31]_i_121_n_0
                         CARRY4 (Prop_carry4_CI_CO[3])
                                                      0.117    21.988 r  logits_wdata_reg[31]_i_80/CO[3]
                         net (fo=1, unplaced)         0.000    21.988    logits_wdata_reg[31]_i_80_n_0
                         CARRY4 (Prop_carry4_CI_O[2])
                                                      0.256    22.244 r  logits_wdata_reg[31]_i_47/O[2]
                         net (fo=92, unplaced)        0.549    22.793    c4_rq12_return1__6[63]
                         LUT4 (Prop_lut4_I2_O)        0.293    23.086 r  logits_wdata[3]_i_197/O
                         net (fo=1, unplaced)         0.000    23.086    logits_wdata[3]_i_197_n_0
                         CARRY4 (Prop_carry4_DI[0]_CO[3])
                                                      0.576    23.662 r  logits_wdata_reg[3]_i_150/CO[3]
                         net (fo=1, unplaced)         0.000    23.662    logits_wdata_reg[3]_i_150_n_0
                         CARRY4 (Prop_carry4_CI_CO[3])
                                                      0.117    23.779 r  logits_wdata_reg[3]_i_103/CO[3]
                         net (fo=1, unplaced)         0.000    23.779    logits_wdata_reg[3]_i_103_n_0
                         CARRY4 (Prop_carry4_CI_CO[3])
                                                      0.117    23.896 r  logits_wdata_reg[3]_i_66/CO[3]
                         net (fo=1, unplaced)         0.000    23.896    logits_wdata_reg[3]_i_66_n_0
                         CARRY4 (Prop_carry4_CI_CO[3])
                                                      0.117    24.013 r  logits_wdata_reg[3]_i_42/CO[3]
                         net (fo=1, unplaced)         0.000    24.013    logits_wdata_reg[3]_i_42_n_0
                         CARRY4 (Prop_carry4_CI_CO[2])
                                                      0.252    24.265 r  logits_wdata_reg[3]_i_21/CO[2]
                         net (fo=2, unplaced)         0.463    24.728    logits_wdata_reg[3]_i_21_n_1
                         LUT4 (Prop_lut4_I3_O)        0.310    25.038 r  logits_wdata[3]_i_25/O
                         net (fo=1, unplaced)         0.000    25.038    logits_wdata[3]_i_25_n_0
                         CARRY4 (Prop_carry4_S[0]_O[2])
                                                      0.544    25.582 f  logits_wdata_reg[3]_i_11/O[2]
                         net (fo=2, unplaced)         0.463    26.045    logits_wdata_reg[3]_i_11_n_5
                         LUT1 (Prop_lut1_I0_O)        0.301    26.346 r  logits_wdata[7]_i_25/O
                         net (fo=1, unplaced)         0.000    26.346    logits_wdata[7]_i_25_n_0
                         CARRY4 (Prop_carry4_S[1]_O[3])
                                                      0.643    26.989 r  logits_wdata_reg[7]_i_12/O[3]
                         net (fo=1, unplaced)         0.448    27.437    c4_rq12_return0[4]
                         LUT3 (Prop_lut3_I0_O)        0.307    27.744 r  logits_wdata[7]_i_6/O
                         net (fo=2, unplaced)         0.743    28.487    c4_rq12_return[4]
                         LUT6 (Prop_lut6_I0_O)        0.124    28.611 r  logits_wdata[7]_i_10/O
                         net (fo=1, unplaced)         0.000    28.611    logits_wdata[7]_i_10_n_0
                         CARRY4 (Prop_carry4_S[0]_CO[3])
                                                      0.513    29.124 r  logits_wdata_reg[7]_i_2/CO[3]
                         net (fo=1, unplaced)         0.000    29.124    logits_wdata_reg[7]_i_2_n_0
                         CARRY4 (Prop_carry4_CI_CO[3])
                                                      0.117    29.241 r  logits_wdata_reg[11]_i_2/CO[3]
                         net (fo=1, unplaced)         0.000    29.241    logits_wdata_reg[11]_i_2_n_0
                         CARRY4 (Prop_carry4_CI_CO[3])
                                                      0.117    29.358 r  logits_wdata_reg[15]_i_2/CO[3]
                         net (fo=1, unplaced)         0.000    29.358    logits_wdata_reg[15]_i_2_n_0
                         CARRY4 (Prop_carry4_CI_CO[3])
                                                      0.117    29.475 r  logits_wdata_reg[19]_i_2/CO[3]
                         net (fo=1, unplaced)         0.000    29.475    logits_wdata_reg[19]_i_2_n_0
                         CARRY4 (Prop_carry4_CI_CO[3])
                                                      0.117    29.592 r  logits_wdata_reg[23]_i_2/CO[3]
                         net (fo=1, unplaced)         0.000    29.592    logits_wdata_reg[23]_i_2_n_0
                         CARRY4 (Prop_carry4_CI_CO[3])
                                                      0.117    29.709 r  logits_wdata_reg[27]_i_2/CO[3]
                         net (fo=1, unplaced)         0.000    29.709    logits_wdata_reg[27]_i_2_n_0
                         CARRY4 (Prop_carry4_CI_CO[3])
                                                      0.117    29.826 r  logits_wdata_reg[31]_i_5/CO[3]
                         net (fo=1, unplaced)         0.000    29.826    logits_wdata_reg[31]_i_5_n_0
                         CARRY4 (Prop_carry4_CI_CO[3])
                                                      0.117    29.943 r  logits_wdata_reg[31]_i_140/CO[3]
                         net (fo=1, unplaced)         0.000    29.943    logits_wdata_reg[31]_i_140_n_0
                         CARRY4 (Prop_carry4_CI_CO[3])
                                                      0.117    30.060 r  logits_wdata_reg[31]_i_139/CO[3]
                         net (fo=1, unplaced)         0.000    30.060    logits_wdata_reg[31]_i_139_n_0
                         CARRY4 (Prop_carry4_CI_CO[3])
                                                      0.117    30.177 r  logits_wdata_reg[31]_i_103/CO[3]
                         net (fo=1, unplaced)         0.000    30.177    logits_wdata_reg[31]_i_103_n_0
                         CARRY4 (Prop_carry4_CI_CO[3])
                                                      0.117    30.294 r  logits_wdata_reg[31]_i_102/CO[3]
                         net (fo=1, unplaced)         0.000    30.294    logits_wdata_reg[31]_i_102_n_0
                         CARRY4 (Prop_carry4_CI_CO[3])
                                                      0.117    30.411 r  logits_wdata_reg[31]_i_62/CO[3]
                         net (fo=1, unplaced)         0.000    30.411    logits_wdata_reg[31]_i_62_n_0
                         CARRY4 (Prop_carry4_CI_CO[3])
                                                      0.117    30.528 r  logits_wdata_reg[31]_i_61/CO[3]
                         net (fo=1, unplaced)         0.000    30.528    logits_wdata_reg[31]_i_61_n_0
                         CARRY4 (Prop_carry4_CI_CO[3])
                                                      0.117    30.645 r  logits_wdata_reg[31]_i_37/CO[3]
                         net (fo=1, unplaced)         0.000    30.645    logits_wdata_reg[31]_i_37_n_0
                         CARRY4 (Prop_carry4_CI_O[3])
                                                      0.331    30.976 r  logits_wdata_reg[31]_i_36/O[3]
                         net (fo=4, unplaced)         0.445    31.421    val__1[63]
                         LUT2 (Prop_lut2_I0_O)        0.332    31.753 r  logits_wdata[31]_i_14/O
                         net (fo=1, unplaced)         0.000    31.753    logits_wdata[31]_i_14_n_0
                         CARRY4 (Prop_carry4_DI[3]_CO[3])
                                                      0.429    32.182 r  logits_wdata_reg[31]_i_4/CO[3]
                         net (fo=12, unplaced)        0.796    32.978    c4_sat1__0
                         LUT4 (Prop_lut4_I3_O)        0.124    33.102 r  logits_wdata[31]_i_1/O
                         net (fo=21, unplaced)        0.669    33.771    logits_wdata[31]_i_1_n_0
                         FDSE                                         r  logits_wdata_reg[24]/S
  -------------------------------------------------------------------    -------------------

                         (clock clk rise edge)       10.000    10.000 r  <hidden>
                                                      0.000    10.000 r  clk
                         net (fo=42883, unset)        0.924    10.924    clk
                         FDSE                                         r  logits_wdata_reg[24]/C
                         clock pessimism              0.000    10.924    <hidden>
                         clock uncertainty           -0.035    10.889    <hidden>
                         FDSE (Setup_fdse_C_S)       -0.557    10.332    logits_wdata_reg[24]
  -------------------------------------------------------------------
                         required time                         10.332    <hidden>
                         arrival time                         -33.771    <hidden>
  -------------------------------------------------------------------
                         slack                                -23.439    <hidden>

Slack (VIOLATED) :        -23.439ns  (required time - arrival time)
  Source:                 vi_reg[0]_rep__0/C
                            (rising edge-triggered cell FDCE clocked by clk  {rise@0.000ns fall@5.000ns period=10.000ns})
  Destination:            logits_wdata_reg[25]/S
                            (rising edge-triggered cell FDSE clocked by clk  {rise@0.000ns fall@5.000ns period=10.000ns})
  Path Group:             clk
  Path Type:              Setup (Max at Slow Process Corner)
  Requirement:            10.000ns  (clk rise@10.000ns - clk rise@0.000ns)
  Data Path Delay:        32.798ns  (logic 22.462ns (68.485%)  route 10.336ns (31.515%))
  Logic Levels:           53  (CARRY4=35 DSP48E1=4 LUT1=1 LUT2=3 LUT3=2 LUT4=4 LUT5=1 LUT6=2 MUXF7=1)
  Clock Path Skew:        -0.049ns (DCD - SCD + CPR)
    Destination Clock Delay (DCD):    0.924ns = ( 10.924 - 10.000 ) 
    Source Clock Delay      (SCD):    0.973ns
    Clock Pessimism Removal (CPR):    0.000ns
  Clock Uncertainty:      0.035ns  ((TSJ^2 + TIJ^2)^1/2 + DJ) / 2 + PE
    Total System Jitter     (TSJ):    0.071ns
    Total Input Jitter      (TIJ):    0.000ns
    Discrete Jitter          (DJ):    0.000ns
    Phase Error              (PE):    0.000ns

    Location             Delay type                Incr(ns)  Path(ns)    Netlist Resource(s)
  -------------------------------------------------------------------    -------------------
                         (clock clk rise edge)        0.000     0.000 r  <hidden>
                                                      0.000     0.000 r  clk
                         net (fo=42883, unset)        0.973     0.973    clk
                         FDCE                                         r  vi_reg[0]_rep__0/C
  -------------------------------------------------------------------    -------------------
                         FDCE (Prop_fdce_C_Q)         0.478     1.451 r  vi_reg[0]_rep__0/Q
                         net (fo=99, unplaced)        0.905     2.356    vi_reg[0]_rep__0_n_0
                         LUT5 (Prop_lut5_I0_O)        0.295     2.651 r  g48_b7__5/O
                         net (fo=1, unplaced)         0.000     2.651    g48_b7__5_n_0
                         MUXF7 (Prop_muxf7_I1_O)      0.247     2.898 r  val0__0_i_22/O
                         net (fo=1, unplaced)         0.735     3.633    val0__0_i_22_n_0
                         LUT6 (Prop_lut6_I1_O)        0.298     3.931 r  val0__0_i_11/O
                         net (fo=1, unplaced)         0.449     4.380    val0__0_i_11_n_0
                         LUT2 (Prop_lut2_I0_O)        0.124     4.504 r  val0__0_i_4/O
                         net (fo=1, unplaced)         0.803     5.307    wgt817_return[3]
                         DSP48E1 (Prop_dsp48e1_B[3]_P[1])
                                                      3.656     8.963 r  val0__0/P[1]
                         net (fo=1, unplaced)         0.803     9.766    val0__0_n_104
                         LUT2 (Prop_lut2_I1_O)        0.124     9.890 r  c4_rq12_return1__3_i_19/O
                         net (fo=1, unplaced)         0.000     9.890    c4_rq12_return1__3_i_19_n_0
                         CARRY4 (Prop_carry4_S[1]_CO[3])
                                                      0.533    10.423 r  c4_rq12_return1__3_i_4/CO[3]
                         net (fo=1, unplaced)         0.000    10.423    c4_rq12_return1__3_i_4_n_0
                         CARRY4 (Prop_carry4_CI_CO[3])
                                                      0.117    10.540 r  c4_rq12_return1__3_i_3/CO[3]
                         net (fo=1, unplaced)         0.000    10.540    c4_rq12_return1__3_i_3_n_0
                         CARRY4 (Prop_carry4_CI_CO[3])
                                                      0.117    10.657 r  c4_rq12_return1__3_i_2/CO[3]
                         net (fo=1, unplaced)         0.000    10.657    c4_rq12_return1__3_i_2_n_0
                         CARRY4 (Prop_carry4_CI_CO[3])
                                                      0.117    10.774 r  c4_rq12_return1__3_i_1/CO[3]
                         net (fo=1, unplaced)         0.000    10.774    c4_rq12_return1__3_i_1_n_0
                         CARRY4 (Prop_carry4_CI_CO[3])
                                                      0.117    10.891 r  c4_rq12_return1__0_i_5/CO[3]
                         net (fo=1, unplaced)         0.000    10.891    c4_rq12_return1__0_i_5_n_0
                         CARRY4 (Prop_carry4_CI_CO[3])
                                                      0.117    11.008 r  c4_rq12_return1__0_i_4/CO[3]
                         net (fo=1, unplaced)         0.000    11.008    c4_rq12_return1__0_i_4_n_0
                         CARRY4 (Prop_carry4_CI_CO[3])
                                                      0.117    11.125 r  c4_rq12_return1__0_i_3/CO[3]
                         net (fo=1, unplaced)         0.000    11.125    c4_rq12_return1__0_i_3_n_0
                         CARRY4 (Prop_carry4_CI_CO[3])
                                                      0.117    11.242 r  c4_rq12_return1__0_i_2/CO[3]
                         net (fo=1, unplaced)         0.000    11.242    c4_rq12_return1__0_i_2_n_0
                         CARRY4 (Prop_carry4_CI_O[1])
                                                      0.337    11.579 r  c4_rq12_return1__0_i_1/O[1]
                         net (fo=2, unplaced)         0.803    12.382    c4_rq12_return1__0_i_1_n_6
                         DSP48E1 (Prop_dsp48e1_A[16]_PCOUT[47])
                                                      4.215    16.597 r  c4_rq12_return1__0/PCOUT[47]
                         net (fo=1, unplaced)         0.000    16.597    c4_rq12_return1__0_n_106
                         DSP48E1 (Prop_dsp48e1_PCIN[47]_PCOUT[47])
                                                      1.713    18.310 r  c4_rq12_return1__1/PCOUT[47]
                         net (fo=1, unplaced)         0.000    18.310    c4_rq12_return1__1_n_106
                         DSP48E1 (Prop_dsp48e1_PCIN[47]_P[2])
                                                      1.518    19.828 r  c4_rq12_return1__2/P[2]
                         net (fo=2, unplaced)         0.803    20.630    c4_rq12_return1__2_n_103
                         LUT3 (Prop_lut3_I1_O)        0.124    20.754 r  logits_wdata[31]_i_160/O
                         net (fo=2, unplaced)         0.460    21.214    logits_wdata[31]_i_160_n_0
                         LUT4 (Prop_lut4_I3_O)        0.124    21.338 r  logits_wdata[31]_i_164/O
                         net (fo=1, unplaced)         0.000    21.338    logits_wdata[31]_i_164_n_0
                         CARRY4 (Prop_carry4_S[1]_CO[3])
                                                      0.533    21.871 r  logits_wdata_reg[31]_i_121/CO[3]
                         net (fo=1, unplaced)         0.000    21.871    logits_wdata_reg[31]_i_121_n_0
                         CARRY4 (Prop_carry4_CI_CO[3])
                                                      0.117    21.988 r  logits_wdata_reg[31]_i_80/CO[3]
                         net (fo=1, unplaced)         0.000    21.988    logits_wdata_reg[31]_i_80_n_0
                         CARRY4 (Prop_carry4_CI_O[2])
                                                      0.256    22.244 r  logits_wdata_reg[31]_i_47/O[2]
                         net (fo=92, unplaced)        0.549    22.793    c4_rq12_return1__6[63]
                         LUT4 (Prop_lut4_I2_O)        0.293    23.086 r  logits_wdata[3]_i_197/O
                         net (fo=1, unplaced)         0.000    23.086    logits_wdata[3]_i_197_n_0
                         CARRY4 (Prop_carry4_DI[0]_CO[3])
                                                      0.576    23.662 r  logits_wdata_reg[3]_i_150/CO[3]
                         net (fo=1, unplaced)         0.000    23.662    logits_wdata_reg[3]_i_150_n_0
                         CARRY4 (Prop_carry4_CI_CO[3])
                                                      0.117    23.779 r  logits_wdata_reg[3]_i_103/CO[3]
                         net (fo=1, unplaced)         0.000    23.779    logits_wdata_reg[3]_i_103_n_0
                         CARRY4 (Prop_carry4_CI_CO[3])
                                                      0.117    23.896 r  logits_wdata_reg[3]_i_66/CO[3]
                         net (fo=1, unplaced)         0.000    23.896    logits_wdata_reg[3]_i_66_n_0
                         CARRY4 (Prop_carry4_CI_CO[3])
                                                      0.117    24.013 r  logits_wdata_reg[3]_i_42/CO[3]
                         net (fo=1, unplaced)         0.000    24.013    logits_wdata_reg[3]_i_42_n_0
                         CARRY4 (Prop_carry4_CI_CO[2])
                                                      0.252    24.265 r  logits_wdata_reg[3]_i_21/CO[2]
                         net (fo=2, unplaced)         0.463    24.728    logits_wdata_reg[3]_i_21_n_1
                         LUT4 (Prop_lut4_I3_O)        0.310    25.038 r  logits_wdata[3]_i_25/O
                         net (fo=1, unplaced)         0.000    25.038    logits_wdata[3]_i_25_n_0
                         CARRY4 (Prop_carry4_S[0]_O[2])
                                                      0.544    25.582 f  logits_wdata_reg[3]_i_11/O[2]
                         net (fo=2, unplaced)         0.463    26.045    logits_wdata_reg[3]_i_11_n_5
                         LUT1 (Prop_lut1_I0_O)        0.301    26.346 r  logits_wdata[7]_i_25/O
                         net (fo=1, unplaced)         0.000    26.346    logits_wdata[7]_i_25_n_0
                         CARRY4 (Prop_carry4_S[1]_O[3])
                                                      0.643    26.989 r  logits_wdata_reg[7]_i_12/O[3]
                         net (fo=1, unplaced)         0.448    27.437    c4_rq12_return0[4]
                         LUT3 (Prop_lut3_I0_O)        0.307    27.744 r  logits_wdata[7]_i_6/O
                         net (fo=2, unplaced)         0.743    28.487    c4_rq12_return[4]
                         LUT6 (Prop_lut6_I0_O)        0.124    28.611 r  logits_wdata[7]_i_10/O
                         net (fo=1, unplaced)         0.000    28.611    logits_wdata[7]_i_10_n_0
                         CARRY4 (Prop_carry4_S[0]_CO[3])
                                                      0.513    29.124 r  logits_wdata_reg[7]_i_2/CO[3]
                         net (fo=1, unplaced)         0.000    29.124    logits_wdata_reg[7]_i_2_n_0
                         CARRY4 (Prop_carry4_CI_CO[3])
                                                      0.117    29.241 r  logits_wdata_reg[11]_i_2/CO[3]
                         net (fo=1, unplaced)         0.000    29.241    logits_wdata_reg[11]_i_2_n_0
                         CARRY4 (Prop_carry4_CI_CO[3])
                                                      0.117    29.358 r  logits_wdata_reg[15]_i_2/CO[3]
                         net (fo=1, unplaced)         0.000    29.358    logits_wdata_reg[15]_i_2_n_0
                         CARRY4 (Prop_carry4_CI_CO[3])
                                                      0.117    29.475 r  logits_wdata_reg[19]_i_2/CO[3]
                         net (fo=1, unplaced)         0.000    29.475    logits_wdata_reg[19]_i_2_n_0
                         CARRY4 (Prop_carry4_CI_CO[3])
                                                      0.117    29.592 r  logits_wdata_reg[23]_i_2/CO[3]
                         net (fo=1, unplaced)         0.000    29.592    logits_wdata_reg[23]_i_2_n_0
                         CARRY4 (Prop_carry4_CI_CO[3])
                                                      0.117    29.709 r  logits_wdata_reg[27]_i_2/CO[3]
                         net (fo=1, unplaced)         0.000    29.709    logits_wdata_reg[27]_i_2_n_0
                         CARRY4 (Prop_carry4_CI_CO[3])
                                                      0.117    29.826 r  logits_wdata_reg[31]_i_5/CO[3]
                         net (fo=1, unplaced)         0.000    29.826    logits_wdata_reg[31]_i_5_n_0
                         CARRY4 (Prop_carry4_CI_CO[3])
                                                      0.117    29.943 r  logits_wdata_reg[31]_i_140/CO[3]
                         net (fo=1, unplaced)         0.000    29.943    logits_wdata_reg[31]_i_140_n_0
                         CARRY4 (Prop_carry4_CI_CO[3])
                                                      0.117    30.060 r  logits_wdata_reg[31]_i_139/CO[3]
                         net (fo=1, unplaced)         0.000    30.060    logits_wdata_reg[31]_i_139_n_0
                         CARRY4 (Prop_carry4_CI_CO[3])
                                                      0.117    30.177 r  logits_wdata_reg[31]_i_103/CO[3]
                         net (fo=1, unplaced)         0.000    30.177    logits_wdata_reg[31]_i_103_n_0
                         CARRY4 (Prop_carry4_CI_CO[3])
                                                      0.117    30.294 r  logits_wdata_reg[31]_i_102/CO[3]
                         net (fo=1, unplaced)         0.000    30.294    logits_wdata_reg[31]_i_102_n_0
                         CARRY4 (Prop_carry4_CI_CO[3])
                                                      0.117    30.411 r  logits_wdata_reg[31]_i_62/CO[3]
                         net (fo=1, unplaced)         0.000    30.411    logits_wdata_reg[31]_i_62_n_0
                         CARRY4 (Prop_carry4_CI_CO[3])
                                                      0.117    30.528 r  logits_wdata_reg[31]_i_61/CO[3]
                         net (fo=1, unplaced)         0.000    30.528    logits_wdata_reg[31]_i_61_n_0
                         CARRY4 (Prop_carry4_CI_CO[3])
                                                      0.117    30.645 r  logits_wdata_reg[31]_i_37/CO[3]
                         net (fo=1, unplaced)         0.000    30.645    logits_wdata_reg[31]_i_37_n_0
                         CARRY4 (Prop_carry4_CI_O[3])
                                                      0.331    30.976 r  logits_wdata_reg[31]_i_36/O[3]
                         net (fo=4, unplaced)         0.445    31.421    val__1[63]
                         LUT2 (Prop_lut2_I0_O)        0.332    31.753 r  logits_wdata[31]_i_14/O
                         net (fo=1, unplaced)         0.000    31.753    logits_wdata[31]_i_14_n_0
                         CARRY4 (Prop_carry4_DI[3]_CO[3])
                                                      0.429    32.182 r  logits_wdata_reg[31]_i_4/CO[3]
                         net (fo=12, unplaced)        0.796    32.978    c4_sat1__0
                         LUT4 (Prop_lut4_I3_O)        0.124    33.102 r  logits_wdata[31]_i_1/O
                         net (fo=21, unplaced)        0.669    33.771    logits_wdata[31]_i_1_n_0
                         FDSE                                         r  logits_wdata_reg[25]/S
  -------------------------------------------------------------------    -------------------

                         (clock clk rise edge)       10.000    10.000 r  <hidden>
                                                      0.000    10.000 r  clk
                         net (fo=42883, unset)        0.924    10.924    clk
                         FDSE                                         r  logits_wdata_reg[25]/C
                         clock pessimism              0.000    10.924    <hidden>
                         clock uncertainty           -0.035    10.889    <hidden>
                         FDSE (Setup_fdse_C_S)       -0.557    10.332    logits_wdata_reg[25]
  -------------------------------------------------------------------
                         required time                         10.332    <hidden>
                         arrival time                         -33.771    <hidden>
  -------------------------------------------------------------------
                         slack                                -23.439    <hidden>

Slack (VIOLATED) :        -23.439ns  (required time - arrival time)
  Source:                 vi_reg[0]_rep__0/C
                            (rising edge-triggered cell FDCE clocked by clk  {rise@0.000ns fall@5.000ns period=10.000ns})
  Destination:            logits_wdata_reg[26]/S
                            (rising edge-triggered cell FDSE clocked by clk  {rise@0.000ns fall@5.000ns period=10.000ns})
  Path Group:             clk
  Path Type:              Setup (Max at Slow Process Corner)
  Requirement:            10.000ns  (clk rise@10.000ns - clk rise@0.000ns)
  Data Path Delay:        32.798ns  (logic 22.462ns (68.485%)  route 10.336ns (31.515%))
  Logic Levels:           53  (CARRY4=35 DSP48E1=4 LUT1=1 LUT2=3 LUT3=2 LUT4=4 LUT5=1 LUT6=2 MUXF7=1)
  Clock Path Skew:        -0.049ns (DCD - SCD + CPR)
    Destination Clock Delay (DCD):    0.924ns = ( 10.924 - 10.000 ) 
    Source Clock Delay      (SCD):    0.973ns
    Clock Pessimism Removal (CPR):    0.000ns
  Clock Uncertainty:      0.035ns  ((TSJ^2 + TIJ^2)^1/2 + DJ) / 2 + PE
    Total System Jitter     (TSJ):    0.071ns
    Total Input Jitter      (TIJ):    0.000ns
    Discrete Jitter          (DJ):    0.000ns
    Phase Error              (PE):    0.000ns

    Location             Delay type                Incr(ns)  Path(ns)    Netlist Resource(s)
  -------------------------------------------------------------------    -------------------
                         (clock clk rise edge)        0.000     0.000 r  <hidden>
                                                      0.000     0.000 r  clk
                         net (fo=42883, unset)        0.973     0.973    clk
                         FDCE                                         r  vi_reg[0]_rep__0/C
  -------------------------------------------------------------------    -------------------
                         FDCE (Prop_fdce_C_Q)         0.478     1.451 r  vi_reg[0]_rep__0/Q
                         net (fo=99, unplaced)        0.905     2.356    vi_reg[0]_rep__0_n_0
                         LUT5 (Prop_lut5_I0_O)        0.295     2.651 r  g48_b7__5/O
                         net (fo=1, unplaced)         0.000     2.651    g48_b7__5_n_0
                         MUXF7 (Prop_muxf7_I1_O)      0.247     2.898 r  val0__0_i_22/O
                         net (fo=1, unplaced)         0.735     3.633    val0__0_i_22_n_0
                         LUT6 (Prop_lut6_I1_O)        0.298     3.931 r  val0__0_i_11/O
                         net (fo=1, unplaced)         0.449     4.380    val0__0_i_11_n_0
                         LUT2 (Prop_lut2_I0_O)        0.124     4.504 r  val0__0_i_4/O
                         net (fo=1, unplaced)         0.803     5.307    wgt817_return[3]
                         DSP48E1 (Prop_dsp48e1_B[3]_P[1])
                                                      3.656     8.963 r  val0__0/P[1]
                         net (fo=1, unplaced)         0.803     9.766    val0__0_n_104
                         LUT2 (Prop_lut2_I1_O)        0.124     9.890 r  c4_rq12_return1__3_i_19/O
                         net (fo=1, unplaced)         0.000     9.890    c4_rq12_return1__3_i_19_n_0
                         CARRY4 (Prop_carry4_S[1]_CO[3])
                                                      0.533    10.423 r  c4_rq12_return1__3_i_4/CO[3]
                         net (fo=1, unplaced)         0.000    10.423    c4_rq12_return1__3_i_4_n_0
                         CARRY4 (Prop_carry4_CI_CO[3])
                                                      0.117    10.540 r  c4_rq12_return1__3_i_3/CO[3]
                         net (fo=1, unplaced)         0.000    10.540    c4_rq12_return1__3_i_3_n_0
                         CARRY4 (Prop_carry4_CI_CO[3])
                                                      0.117    10.657 r  c4_rq12_return1__3_i_2/CO[3]
                         net (fo=1, unplaced)         0.000    10.657    c4_rq12_return1__3_i_2_n_0
                         CARRY4 (Prop_carry4_CI_CO[3])
                                                      0.117    10.774 r  c4_rq12_return1__3_i_1/CO[3]
                         net (fo=1, unplaced)         0.000    10.774    c4_rq12_return1__3_i_1_n_0
                         CARRY4 (Prop_carry4_CI_CO[3])
                                                      0.117    10.891 r  c4_rq12_return1__0_i_5/CO[3]
                         net (fo=1, unplaced)         0.000    10.891    c4_rq12_return1__0_i_5_n_0
                         CARRY4 (Prop_carry4_CI_CO[3])
                                                      0.117    11.008 r  c4_rq12_return1__0_i_4/CO[3]
                         net (fo=1, unplaced)         0.000    11.008    c4_rq12_return1__0_i_4_n_0
                         CARRY4 (Prop_carry4_CI_CO[3])
                                                      0.117    11.125 r  c4_rq12_return1__0_i_3/CO[3]
                         net (fo=1, unplaced)         0.000    11.125    c4_rq12_return1__0_i_3_n_0
                         CARRY4 (Prop_carry4_CI_CO[3])
                                                      0.117    11.242 r  c4_rq12_return1__0_i_2/CO[3]
                         net (fo=1, unplaced)         0.000    11.242    c4_rq12_return1__0_i_2_n_0
                         CARRY4 (Prop_carry4_CI_O[1])
                                                      0.337    11.579 r  c4_rq12_return1__0_i_1/O[1]
                         net (fo=2, unplaced)         0.803    12.382    c4_rq12_return1__0_i_1_n_6
                         DSP48E1 (Prop_dsp48e1_A[16]_PCOUT[47])
                                                      4.215    16.597 r  c4_rq12_return1__0/PCOUT[47]
                         net (fo=1, unplaced)         0.000    16.597    c4_rq12_return1__0_n_106
                         DSP48E1 (Prop_dsp48e1_PCIN[47]_PCOUT[47])
                                                      1.713    18.310 r  c4_rq12_return1__1/PCOUT[47]
                         net (fo=1, unplaced)         0.000    18.310    c4_rq12_return1__1_n_106
                         DSP48E1 (Prop_dsp48e1_PCIN[47]_P[2])
                                                      1.518    19.828 r  c4_rq12_return1__2/P[2]
                         net (fo=2, unplaced)         0.803    20.630    c4_rq12_return1__2_n_103
                         LUT3 (Prop_lut3_I1_O)        0.124    20.754 r  logits_wdata[31]_i_160/O
                         net (fo=2, unplaced)         0.460    21.214    logits_wdata[31]_i_160_n_0
                         LUT4 (Prop_lut4_I3_O)        0.124    21.338 r  logits_wdata[31]_i_164/O
                         net (fo=1, unplaced)         0.000    21.338    logits_wdata[31]_i_164_n_0
                         CARRY4 (Prop_carry4_S[1]_CO[3])
                                                      0.533    21.871 r  logits_wdata_reg[31]_i_121/CO[3]
                         net (fo=1, unplaced)         0.000    21.871    logits_wdata_reg[31]_i_121_n_0
                         CARRY4 (Prop_carry4_CI_CO[3])
                                                      0.117    21.988 r  logits_wdata_reg[31]_i_80/CO[3]
                         net (fo=1, unplaced)         0.000    21.988    logits_wdata_reg[31]_i_80_n_0
                         CARRY4 (Prop_carry4_CI_O[2])
                                                      0.256    22.244 r  logits_wdata_reg[31]_i_47/O[2]
                         net (fo=92, unplaced)        0.549    22.793    c4_rq12_return1__6[63]
                         LUT4 (Prop_lut4_I2_O)        0.293    23.086 r  logits_wdata[3]_i_197/O
                         net (fo=1, unplaced)         0.000    23.086    logits_wdata[3]_i_197_n_0
                         CARRY4 (Prop_carry4_DI[0]_CO[3])
                                                      0.576    23.662 r  logits_wdata_reg[3]_i_150/CO[3]
                         net (fo=1, unplaced)         0.000    23.662    logits_wdata_reg[3]_i_150_n_0
                         CARRY4 (Prop_carry4_CI_CO[3])
                                                      0.117    23.779 r  logits_wdata_reg[3]_i_103/CO[3]
                         net (fo=1, unplaced)         0.000    23.779    logits_wdata_reg[3]_i_103_n_0
                         CARRY4 (Prop_carry4_CI_CO[3])
                                                      0.117    23.896 r  logits_wdata_reg[3]_i_66/CO[3]
                         net (fo=1, unplaced)         0.000    23.896    logits_wdata_reg[3]_i_66_n_0
                         CARRY4 (Prop_carry4_CI_CO[3])
                                                      0.117    24.013 r  logits_wdata_reg[3]_i_42/CO[3]
                         net (fo=1, unplaced)         0.000    24.013    logits_wdata_reg[3]_i_42_n_0
                         CARRY4 (Prop_carry4_CI_CO[2])
                                                      0.252    24.265 r  logits_wdata_reg[3]_i_21/CO[2]
                         net (fo=2, unplaced)         0.463    24.728    logits_wdata_reg[3]_i_21_n_1
                         LUT4 (Prop_lut4_I3_O)        0.310    25.038 r  logits_wdata[3]_i_25/O
                         net (fo=1, unplaced)         0.000    25.038    logits_wdata[3]_i_25_n_0
                         CARRY4 (Prop_carry4_S[0]_O[2])
                                                      0.544    25.582 f  logits_wdata_reg[3]_i_11/O[2]
                         net (fo=2, unplaced)         0.463    26.045    logits_wdata_reg[3]_i_11_n_5
                         LUT1 (Prop_lut1_I0_O)        0.301    26.346 r  logits_wdata[7]_i_25/O
                         net (fo=1, unplaced)         0.000    26.346    logits_wdata[7]_i_25_n_0
                         CARRY4 (Prop_carry4_S[1]_O[3])
                                                      0.643    26.989 r  logits_wdata_reg[7]_i_12/O[3]
                         net (fo=1, unplaced)         0.448    27.437    c4_rq12_return0[4]
                         LUT3 (Prop_lut3_I0_O)        0.307    27.744 r  logits_wdata[7]_i_6/O
                         net (fo=2, unplaced)         0.743    28.487    c4_rq12_return[4]
                         LUT6 (Prop_lut6_I0_O)        0.124    28.611 r  logits_wdata[7]_i_10/O
                         net (fo=1, unplaced)         0.000    28.611    logits_wdata[7]_i_10_n_0
                         CARRY4 (Prop_carry4_S[0]_CO[3])
                                                      0.513    29.124 r  logits_wdata_reg[7]_i_2/CO[3]
                         net (fo=1, unplaced)         0.000    29.124    logits_wdata_reg[7]_i_2_n_0
                         CARRY4 (Prop_carry4_CI_CO[3])
                                                      0.117    29.241 r  logits_wdata_reg[11]_i_2/CO[3]
                         net (fo=1, unplaced)         0.000    29.241    logits_wdata_reg[11]_i_2_n_0
                         CARRY4 (Prop_carry4_CI_CO[3])
                                                      0.117    29.358 r  logits_wdata_reg[15]_i_2/CO[3]
                         net (fo=1, unplaced)         0.000    29.358    logits_wdata_reg[15]_i_2_n_0
                         CARRY4 (Prop_carry4_CI_CO[3])
                                                      0.117    29.475 r  logits_wdata_reg[19]_i_2/CO[3]
                         net (fo=1, unplaced)         0.000    29.475    logits_wdata_reg[19]_i_2_n_0
                         CARRY4 (Prop_carry4_CI_CO[3])
                                                      0.117    29.592 r  logits_wdata_reg[23]_i_2/CO[3]
                         net (fo=1, unplaced)         0.000    29.592    logits_wdata_reg[23]_i_2_n_0
                         CARRY4 (Prop_carry4_CI_CO[3])
                                                      0.117    29.709 r  logits_wdata_reg[27]_i_2/CO[3]
                         net (fo=1, unplaced)         0.000    29.709    logits_wdata_reg[27]_i_2_n_0
                         CARRY4 (Prop_carry4_CI_CO[3])
                                                      0.117    29.826 r  logits_wdata_reg[31]_i_5/CO[3]
                         net (fo=1, unplaced)         0.000    29.826    logits_wdata_reg[31]_i_5_n_0
                         CARRY4 (Prop_carry4_CI_CO[3])
                                                      0.117    29.943 r  logits_wdata_reg[31]_i_140/CO[3]
                         net (fo=1, unplaced)         0.000    29.943    logits_wdata_reg[31]_i_140_n_0
                         CARRY4 (Prop_carry4_CI_CO[3])
                                                      0.117    30.060 r  logits_wdata_reg[31]_i_139/CO[3]
                         net (fo=1, unplaced)         0.000    30.060    logits_wdata_reg[31]_i_139_n_0
                         CARRY4 (Prop_carry4_CI_CO[3])
                                                      0.117    30.177 r  logits_wdata_reg[31]_i_103/CO[3]
                         net (fo=1, unplaced)         0.000    30.177    logits_wdata_reg[31]_i_103_n_0
                         CARRY4 (Prop_carry4_CI_CO[3])
                                                      0.117    30.294 r  logits_wdata_reg[31]_i_102/CO[3]
                         net (fo=1, unplaced)         0.000    30.294    logits_wdata_reg[31]_i_102_n_0
                         CARRY4 (Prop_carry4_CI_CO[3])
                                                      0.117    30.411 r  logits_wdata_reg[31]_i_62/CO[3]
                         net (fo=1, unplaced)         0.000    30.411    logits_wdata_reg[31]_i_62_n_0
                         CARRY4 (Prop_carry4_CI_CO[3])
                                                      0.117    30.528 r  logits_wdata_reg[31]_i_61/CO[3]
                         net (fo=1, unplaced)         0.000    30.528    logits_wdata_reg[31]_i_61_n_0
                         CARRY4 (Prop_carry4_CI_CO[3])
                                                      0.117    30.645 r  logits_wdata_reg[31]_i_37/CO[3]
                         net (fo=1, unplaced)         0.000    30.645    logits_wdata_reg[31]_i_37_n_0
                         CARRY4 (Prop_carry4_CI_O[3])
                                                      0.331    30.976 r  logits_wdata_reg[31]_i_36/O[3]
                         net (fo=4, unplaced)         0.445    31.421    val__1[63]
                         LUT2 (Prop_lut2_I0_O)        0.332    31.753 r  logits_wdata[31]_i_14/O
                         net (fo=1, unplaced)         0.000    31.753    logits_wdata[31]_i_14_n_0
                         CARRY4 (Prop_carry4_DI[3]_CO[3])
                                                      0.429    32.182 r  logits_wdata_reg[31]_i_4/CO[3]
                         net (fo=12, unplaced)        0.796    32.978    c4_sat1__0
                         LUT4 (Prop_lut4_I3_O)        0.124    33.102 r  logits_wdata[31]_i_1/O
                         net (fo=21, unplaced)        0.669    33.771    logits_wdata[31]_i_1_n_0
                         FDSE                                         r  logits_wdata_reg[26]/S
  -------------------------------------------------------------------    -------------------

                         (clock clk rise edge)       10.000    10.000 r  <hidden>
                                                      0.000    10.000 r  clk
                         net (fo=42883, unset)        0.924    10.924    clk
                         FDSE                                         r  logits_wdata_reg[26]/C
                         clock pessimism              0.000    10.924    <hidden>
                         clock uncertainty           -0.035    10.889    <hidden>
                         FDSE (Setup_fdse_C_S)       -0.557    10.332    logits_wdata_reg[26]
  -------------------------------------------------------------------
                         required time                         10.332    <hidden>
                         arrival time                         -33.771    <hidden>
  -------------------------------------------------------------------
                         slack                                -23.439    <hidden>

Slack (VIOLATED) :        -23.439ns  (required time - arrival time)
  Source:                 vi_reg[0]_rep__0/C
                            (rising edge-triggered cell FDCE clocked by clk  {rise@0.000ns fall@5.000ns period=10.000ns})
  Destination:            logits_wdata_reg[27]/S
                            (rising edge-triggered cell FDSE clocked by clk  {rise@0.000ns fall@5.000ns period=10.000ns})
  Path Group:             clk
  Path Type:              Setup (Max at Slow Process Corner)
  Requirement:            10.000ns  (clk rise@10.000ns - clk rise@0.000ns)
  Data Path Delay:        32.798ns  (logic 22.462ns (68.485%)  route 10.336ns (31.515%))
  Logic Levels:           53  (CARRY4=35 DSP48E1=4 LUT1=1 LUT2=3 LUT3=2 LUT4=4 LUT5=1 LUT6=2 MUXF7=1)
  Clock Path Skew:        -0.049ns (DCD - SCD + CPR)
    Destination Clock Delay (DCD):    0.924ns = ( 10.924 - 10.000 ) 
    Source Clock Delay      (SCD):    0.973ns
    Clock Pessimism Removal (CPR):    0.000ns
  Clock Uncertainty:      0.035ns  ((TSJ^2 + TIJ^2)^1/2 + DJ) / 2 + PE
    Total System Jitter     (TSJ):    0.071ns
    Total Input Jitter      (TIJ):    0.000ns
    Discrete Jitter          (DJ):    0.000ns
    Phase Error              (PE):    0.000ns

    Location             Delay type                Incr(ns)  Path(ns)    Netlist Resource(s)
  -------------------------------------------------------------------    -------------------
                         (clock clk rise edge)        0.000     0.000 r  <hidden>
                                                      0.000     0.000 r  clk
                         net (fo=42883, unset)        0.973     0.973    clk
                         FDCE                                         r  vi_reg[0]_rep__0/C
  -------------------------------------------------------------------    -------------------
                         FDCE (Prop_fdce_C_Q)         0.478     1.451 r  vi_reg[0]_rep__0/Q
                         net (fo=99, unplaced)        0.905     2.356    vi_reg[0]_rep__0_n_0
                         LUT5 (Prop_lut5_I0_O)        0.295     2.651 r  g48_b7__5/O
                         net (fo=1, unplaced)         0.000     2.651    g48_b7__5_n_0
                         MUXF7 (Prop_muxf7_I1_O)      0.247     2.898 r  val0__0_i_22/O
                         net (fo=1, unplaced)         0.735     3.633    val0__0_i_22_n_0
                         LUT6 (Prop_lut6_I1_O)        0.298     3.931 r  val0__0_i_11/O
                         net (fo=1, unplaced)         0.449     4.380    val0__0_i_11_n_0
                         LUT2 (Prop_lut2_I0_O)        0.124     4.504 r  val0__0_i_4/O
                         net (fo=1, unplaced)         0.803     5.307    wgt817_return[3]
                         DSP48E1 (Prop_dsp48e1_B[3]_P[1])
                                                      3.656     8.963 r  val0__0/P[1]
                         net (fo=1, unplaced)         0.803     9.766    val0__0_n_104
                         LUT2 (Prop_lut2_I1_O)        0.124     9.890 r  c4_rq12_return1__3_i_19/O
                         net (fo=1, unplaced)         0.000     9.890    c4_rq12_return1__3_i_19_n_0
                         CARRY4 (Prop_carry4_S[1]_CO[3])
                                                      0.533    10.423 r  c4_rq12_return1__3_i_4/CO[3]
                         net (fo=1, unplaced)         0.000    10.423    c4_rq12_return1__3_i_4_n_0
                         CARRY4 (Prop_carry4_CI_CO[3])
                                                      0.117    10.540 r  c4_rq12_return1__3_i_3/CO[3]
                         net (fo=1, unplaced)         0.000    10.540    c4_rq12_return1__3_i_3_n_0
                         CARRY4 (Prop_carry4_CI_CO[3])
                                                      0.117    10.657 r  c4_rq12_return1__3_i_2/CO[3]
                         net (fo=1, unplaced)         0.000    10.657    c4_rq12_return1__3_i_2_n_0
                         CARRY4 (Prop_carry4_CI_CO[3])
                                                      0.117    10.774 r  c4_rq12_return1__3_i_1/CO[3]
                         net (fo=1, unplaced)         0.000    10.774    c4_rq12_return1__3_i_1_n_0
                         CARRY4 (Prop_carry4_CI_CO[3])
                                                      0.117    10.891 r  c4_rq12_return1__0_i_5/CO[3]
                         net (fo=1, unplaced)         0.000    10.891    c4_rq12_return1__0_i_5_n_0
                         CARRY4 (Prop_carry4_CI_CO[3])
                                                      0.117    11.008 r  c4_rq12_return1__0_i_4/CO[3]
                         net (fo=1, unplaced)         0.000    11.008    c4_rq12_return1__0_i_4_n_0
                         CARRY4 (Prop_carry4_CI_CO[3])
                                                      0.117    11.125 r  c4_rq12_return1__0_i_3/CO[3]
                         net (fo=1, unplaced)         0.000    11.125    c4_rq12_return1__0_i_3_n_0
                         CARRY4 (Prop_carry4_CI_CO[3])
                                                      0.117    11.242 r  c4_rq12_return1__0_i_2/CO[3]
                         net (fo=1, unplaced)         0.000    11.242    c4_rq12_return1__0_i_2_n_0
                         CARRY4 (Prop_carry4_CI_O[1])
                                                      0.337    11.579 r  c4_rq12_return1__0_i_1/O[1]
                         net (fo=2, unplaced)         0.803    12.382    c4_rq12_return1__0_i_1_n_6
                         DSP48E1 (Prop_dsp48e1_A[16]_PCOUT[47])
                                                      4.215    16.597 r  c4_rq12_return1__0/PCOUT[47]
                         net (fo=1, unplaced)         0.000    16.597    c4_rq12_return1__0_n_106
                         DSP48E1 (Prop_dsp48e1_PCIN[47]_PCOUT[47])
                                                      1.713    18.310 r  c4_rq12_return1__1/PCOUT[47]
                         net (fo=1, unplaced)         0.000    18.310    c4_rq12_return1__1_n_106
                         DSP48E1 (Prop_dsp48e1_PCIN[47]_P[2])
                                                      1.518    19.828 r  c4_rq12_return1__2/P[2]
                         net (fo=2, unplaced)         0.803    20.630    c4_rq12_return1__2_n_103
                         LUT3 (Prop_lut3_I1_O)        0.124    20.754 r  logits_wdata[31]_i_160/O
                         net (fo=2, unplaced)         0.460    21.214    logits_wdata[31]_i_160_n_0
                         LUT4 (Prop_lut4_I3_O)        0.124    21.338 r  logits_wdata[31]_i_164/O
                         net (fo=1, unplaced)         0.000    21.338    logits_wdata[31]_i_164_n_0
                         CARRY4 (Prop_carry4_S[1]_CO[3])
                                                      0.533    21.871 r  logits_wdata_reg[31]_i_121/CO[3]
                         net (fo=1, unplaced)         0.000    21.871    logits_wdata_reg[31]_i_121_n_0
                         CARRY4 (Prop_carry4_CI_CO[3])
                                                      0.117    21.988 r  logits_wdata_reg[31]_i_80/CO[3]
                         net (fo=1, unplaced)         0.000    21.988    logits_wdata_reg[31]_i_80_n_0
                         CARRY4 (Prop_carry4_CI_O[2])
                                                      0.256    22.244 r  logits_wdata_reg[31]_i_47/O[2]
                         net (fo=92, unplaced)        0.549    22.793    c4_rq12_return1__6[63]
                         LUT4 (Prop_lut4_I2_O)        0.293    23.086 r  logits_wdata[3]_i_197/O
                         net (fo=1, unplaced)         0.000    23.086    logits_wdata[3]_i_197_n_0
                         CARRY4 (Prop_carry4_DI[0]_CO[3])
                                                      0.576    23.662 r  logits_wdata_reg[3]_i_150/CO[3]
                         net (fo=1, unplaced)         0.000    23.662    logits_wdata_reg[3]_i_150_n_0
                         CARRY4 (Prop_carry4_CI_CO[3])
                                                      0.117    23.779 r  logits_wdata_reg[3]_i_103/CO[3]
                         net (fo=1, unplaced)         0.000    23.779    logits_wdata_reg[3]_i_103_n_0
                         CARRY4 (Prop_carry4_CI_CO[3])
                                                      0.117    23.896 r  logits_wdata_reg[3]_i_66/CO[3]
                         net (fo=1, unplaced)         0.000    23.896    logits_wdata_reg[3]_i_66_n_0
                         CARRY4 (Prop_carry4_CI_CO[3])
                                                      0.117    24.013 r  logits_wdata_reg[3]_i_42/CO[3]
                         net (fo=1, unplaced)         0.000    24.013    logits_wdata_reg[3]_i_42_n_0
                         CARRY4 (Prop_carry4_CI_CO[2])
                                                      0.252    24.265 r  logits_wdata_reg[3]_i_21/CO[2]
                         net (fo=2, unplaced)         0.463    24.728    logits_wdata_reg[3]_i_21_n_1
                         LUT4 (Prop_lut4_I3_O)        0.310    25.038 r  logits_wdata[3]_i_25/O
                         net (fo=1, unplaced)         0.000    25.038    logits_wdata[3]_i_25_n_0
                         CARRY4 (Prop_carry4_S[0]_O[2])
                                                      0.544    25.582 f  logits_wdata_reg[3]_i_11/O[2]
                         net (fo=2, unplaced)         0.463    26.045    logits_wdata_reg[3]_i_11_n_5
                         LUT1 (Prop_lut1_I0_O)        0.301    26.346 r  logits_wdata[7]_i_25/O
                         net (fo=1, unplaced)         0.000    26.346    logits_wdata[7]_i_25_n_0
                         CARRY4 (Prop_carry4_S[1]_O[3])
                                                      0.643    26.989 r  logits_wdata_reg[7]_i_12/O[3]
                         net (fo=1, unplaced)         0.448    27.437    c4_rq12_return0[4]
                         LUT3 (Prop_lut3_I0_O)        0.307    27.744 r  logits_wdata[7]_i_6/O
                         net (fo=2, unplaced)         0.743    28.487    c4_rq12_return[4]
                         LUT6 (Prop_lut6_I0_O)        0.124    28.611 r  logits_wdata[7]_i_10/O
                         net (fo=1, unplaced)         0.000    28.611    logits_wdata[7]_i_10_n_0
                         CARRY4 (Prop_carry4_S[0]_CO[3])
                                                      0.513    29.124 r  logits_wdata_reg[7]_i_2/CO[3]
                         net (fo=1, unplaced)         0.000    29.124    logits_wdata_reg[7]_i_2_n_0
                         CARRY4 (Prop_carry4_CI_CO[3])
                                                      0.117    29.241 r  logits_wdata_reg[11]_i_2/CO[3]
                         net (fo=1, unplaced)         0.000    29.241    logits_wdata_reg[11]_i_2_n_0
                         CARRY4 (Prop_carry4_CI_CO[3])
                                                      0.117    29.358 r  logits_wdata_reg[15]_i_2/CO[3]
                         net (fo=1, unplaced)         0.000    29.358    logits_wdata_reg[15]_i_2_n_0
                         CARRY4 (Prop_carry4_CI_CO[3])
                                                      0.117    29.475 r  logits_wdata_reg[19]_i_2/CO[3]
                         net (fo=1, unplaced)         0.000    29.475    logits_wdata_reg[19]_i_2_n_0
                         CARRY4 (Prop_carry4_CI_CO[3])
                                                      0.117    29.592 r  logits_wdata_reg[23]_i_2/CO[3]
                         net (fo=1, unplaced)         0.000    29.592    logits_wdata_reg[23]_i_2_n_0
                         CARRY4 (Prop_carry4_CI_CO[3])
                                                      0.117    29.709 r  logits_wdata_reg[27]_i_2/CO[3]
                         net (fo=1, unplaced)         0.000    29.709    logits_wdata_reg[27]_i_2_n_0
                         CARRY4 (Prop_carry4_CI_CO[3])
                                                      0.117    29.826 r  logits_wdata_reg[31]_i_5/CO[3]
                         net (fo=1, unplaced)         0.000    29.826    logits_wdata_reg[31]_i_5_n_0
                         CARRY4 (Prop_carry4_CI_CO[3])
                                                      0.117    29.943 r  logits_wdata_reg[31]_i_140/CO[3]
                         net (fo=1, unplaced)         0.000    29.943    logits_wdata_reg[31]_i_140_n_0
                         CARRY4 (Prop_carry4_CI_CO[3])
                                                      0.117    30.060 r  logits_wdata_reg[31]_i_139/CO[3]
                         net (fo=1, unplaced)         0.000    30.060    logits_wdata_reg[31]_i_139_n_0
                         CARRY4 (Prop_carry4_CI_CO[3])
                                                      0.117    30.177 r  logits_wdata_reg[31]_i_103/CO[3]
                         net (fo=1, unplaced)         0.000    30.177    logits_wdata_reg[31]_i_103_n_0
                         CARRY4 (Prop_carry4_CI_CO[3])
                                                      0.117    30.294 r  logits_wdata_reg[31]_i_102/CO[3]
                         net (fo=1, unplaced)         0.000    30.294    logits_wdata_reg[31]_i_102_n_0
                         CARRY4 (Prop_carry4_CI_CO[3])
                                                      0.117    30.411 r  logits_wdata_reg[31]_i_62/CO[3]
                         net (fo=1, unplaced)         0.000    30.411    logits_wdata_reg[31]_i_62_n_0
                         CARRY4 (Prop_carry4_CI_CO[3])
                                                      0.117    30.528 r  logits_wdata_reg[31]_i_61/CO[3]
                         net (fo=1, unplaced)         0.000    30.528    logits_wdata_reg[31]_i_61_n_0
                         CARRY4 (Prop_carry4_CI_CO[3])
                                                      0.117    30.645 r  logits_wdata_reg[31]_i_37/CO[3]
                         net (fo=1, unplaced)         0.000    30.645    logits_wdata_reg[31]_i_37_n_0
                         CARRY4 (Prop_carry4_CI_O[3])
                                                      0.331    30.976 r  logits_wdata_reg[31]_i_36/O[3]
                         net (fo=4, unplaced)         0.445    31.421    val__1[63]
                         LUT2 (Prop_lut2_I0_O)        0.332    31.753 r  logits_wdata[31]_i_14/O
                         net (fo=1, unplaced)         0.000    31.753    logits_wdata[31]_i_14_n_0
                         CARRY4 (Prop_carry4_DI[3]_CO[3])
                                                      0.429    32.182 r  logits_wdata_reg[31]_i_4/CO[3]
                         net (fo=12, unplaced)        0.796    32.978    c4_sat1__0
                         LUT4 (Prop_lut4_I3_O)        0.124    33.102 r  logits_wdata[31]_i_1/O
                         net (fo=21, unplaced)        0.669    33.771    logits_wdata[31]_i_1_n_0
                         FDSE                                         r  logits_wdata_reg[27]/S
  -------------------------------------------------------------------    -------------------

                         (clock clk rise edge)       10.000    10.000 r  <hidden>
                                                      0.000    10.000 r  clk
                         net (fo=42883, unset)        0.924    10.924    clk
                         FDSE                                         r  logits_wdata_reg[27]/C
                         clock pessimism              0.000    10.924    <hidden>
                         clock uncertainty           -0.035    10.889    <hidden>
                         FDSE (Setup_fdse_C_S)       -0.557    10.332    logits_wdata_reg[27]
  -------------------------------------------------------------------
                         required time                         10.332    <hidden>
                         arrival time                         -33.771    <hidden>
  -------------------------------------------------------------------
                         slack                                -23.439    <hidden>

Slack (VIOLATED) :        -23.439ns  (required time - arrival time)
  Source:                 vi_reg[0]_rep__0/C
                            (rising edge-triggered cell FDCE clocked by clk  {rise@0.000ns fall@5.000ns period=10.000ns})
  Destination:            logits_wdata_reg[28]/S
                            (rising edge-triggered cell FDSE clocked by clk  {rise@0.000ns fall@5.000ns period=10.000ns})
  Path Group:             clk
  Path Type:              Setup (Max at Slow Process Corner)
  Requirement:            10.000ns  (clk rise@10.000ns - clk rise@0.000ns)
  Data Path Delay:        32.798ns  (logic 22.462ns (68.485%)  route 10.336ns (31.515%))
  Logic Levels:           53  (CARRY4=35 DSP48E1=4 LUT1=1 LUT2=3 LUT3=2 LUT4=4 LUT5=1 LUT6=2 MUXF7=1)
  Clock Path Skew:        -0.049ns (DCD - SCD + CPR)
    Destination Clock Delay (DCD):    0.924ns = ( 10.924 - 10.000 ) 
    Source Clock Delay      (SCD):    0.973ns
    Clock Pessimism Removal (CPR):    0.000ns
  Clock Uncertainty:      0.035ns  ((TSJ^2 + TIJ^2)^1/2 + DJ) / 2 + PE
    Total System Jitter     (TSJ):    0.071ns
    Total Input Jitter      (TIJ):    0.000ns
    Discrete Jitter          (DJ):    0.000ns
    Phase Error              (PE):    0.000ns

    Location             Delay type                Incr(ns)  Path(ns)    Netlist Resource(s)
  -------------------------------------------------------------------    -------------------
                         (clock clk rise edge)        0.000     0.000 r  <hidden>
                                                      0.000     0.000 r  clk
                         net (fo=42883, unset)        0.973     0.973    clk
                         FDCE                                         r  vi_reg[0]_rep__0/C
  -------------------------------------------------------------------    -------------------
                         FDCE (Prop_fdce_C_Q)         0.478     1.451 r  vi_reg[0]_rep__0/Q
                         net (fo=99, unplaced)        0.905     2.356    vi_reg[0]_rep__0_n_0
                         LUT5 (Prop_lut5_I0_O)        0.295     2.651 r  g48_b7__5/O
                         net (fo=1, unplaced)         0.000     2.651    g48_b7__5_n_0
                         MUXF7 (Prop_muxf7_I1_O)      0.247     2.898 r  val0__0_i_22/O
                         net (fo=1, unplaced)         0.735     3.633    val0__0_i_22_n_0
                         LUT6 (Prop_lut6_I1_O)        0.298     3.931 r  val0__0_i_11/O
                         net (fo=1, unplaced)         0.449     4.380    val0__0_i_11_n_0
                         LUT2 (Prop_lut2_I0_O)        0.124     4.504 r  val0__0_i_4/O
                         net (fo=1, unplaced)         0.803     5.307    wgt817_return[3]
                         DSP48E1 (Prop_dsp48e1_B[3]_P[1])
                                                      3.656     8.963 r  val0__0/P[1]
                         net (fo=1, unplaced)         0.803     9.766    val0__0_n_104
                         LUT2 (Prop_lut2_I1_O)        0.124     9.890 r  c4_rq12_return1__3_i_19/O
                         net (fo=1, unplaced)         0.000     9.890    c4_rq12_return1__3_i_19_n_0
                         CARRY4 (Prop_carry4_S[1]_CO[3])
                                                      0.533    10.423 r  c4_rq12_return1__3_i_4/CO[3]
                         net (fo=1, unplaced)         0.000    10.423    c4_rq12_return1__3_i_4_n_0
                         CARRY4 (Prop_carry4_CI_CO[3])
                                                      0.117    10.540 r  c4_rq12_return1__3_i_3/CO[3]
                         net (fo=1, unplaced)         0.000    10.540    c4_rq12_return1__3_i_3_n_0
                         CARRY4 (Prop_carry4_CI_CO[3])
                                                      0.117    10.657 r  c4_rq12_return1__3_i_2/CO[3]
                         net (fo=1, unplaced)         0.000    10.657    c4_rq12_return1__3_i_2_n_0
                         CARRY4 (Prop_carry4_CI_CO[3])
                                                      0.117    10.774 r  c4_rq12_return1__3_i_1/CO[3]
                         net (fo=1, unplaced)         0.000    10.774    c4_rq12_return1__3_i_1_n_0
                         CARRY4 (Prop_carry4_CI_CO[3])
                                                      0.117    10.891 r  c4_rq12_return1__0_i_5/CO[3]
                         net (fo=1, unplaced)         0.000    10.891    c4_rq12_return1__0_i_5_n_0
                         CARRY4 (Prop_carry4_CI_CO[3])
                                                      0.117    11.008 r  c4_rq12_return1__0_i_4/CO[3]
                         net (fo=1, unplaced)         0.000    11.008    c4_rq12_return1__0_i_4_n_0
                         CARRY4 (Prop_carry4_CI_CO[3])
                                                      0.117    11.125 r  c4_rq12_return1__0_i_3/CO[3]
                         net (fo=1, unplaced)         0.000    11.125    c4_rq12_return1__0_i_3_n_0
                         CARRY4 (Prop_carry4_CI_CO[3])
                                                      0.117    11.242 r  c4_rq12_return1__0_i_2/CO[3]
                         net (fo=1, unplaced)         0.000    11.242    c4_rq12_return1__0_i_2_n_0
                         CARRY4 (Prop_carry4_CI_O[1])
                                                      0.337    11.579 r  c4_rq12_return1__0_i_1/O[1]
                         net (fo=2, unplaced)         0.803    12.382    c4_rq12_return1__0_i_1_n_6
                         DSP48E1 (Prop_dsp48e1_A[16]_PCOUT[47])
                                                      4.215    16.597 r  c4_rq12_return1__0/PCOUT[47]
                         net (fo=1, unplaced)         0.000    16.597    c4_rq12_return1__0_n_106
                         DSP48E1 (Prop_dsp48e1_PCIN[47]_PCOUT[47])
                                                      1.713    18.310 r  c4_rq12_return1__1/PCOUT[47]
                         net (fo=1, unplaced)         0.000    18.310    c4_rq12_return1__1_n_106
                         DSP48E1 (Prop_dsp48e1_PCIN[47]_P[2])
                                                      1.518    19.828 r  c4_rq12_return1__2/P[2]
                         net (fo=2, unplaced)         0.803    20.630    c4_rq12_return1__2_n_103
                         LUT3 (Prop_lut3_I1_O)        0.124    20.754 r  logits_wdata[31]_i_160/O
                         net (fo=2, unplaced)         0.460    21.214    logits_wdata[31]_i_160_n_0
                         LUT4 (Prop_lut4_I3_O)        0.124    21.338 r  logits_wdata[31]_i_164/O
                         net (fo=1, unplaced)         0.000    21.338    logits_wdata[31]_i_164_n_0
                         CARRY4 (Prop_carry4_S[1]_CO[3])
                                                      0.533    21.871 r  logits_wdata_reg[31]_i_121/CO[3]
                         net (fo=1, unplaced)         0.000    21.871    logits_wdata_reg[31]_i_121_n_0
                         CARRY4 (Prop_carry4_CI_CO[3])
                                                      0.117    21.988 r  logits_wdata_reg[31]_i_80/CO[3]
                         net (fo=1, unplaced)         0.000    21.988    logits_wdata_reg[31]_i_80_n_0
                         CARRY4 (Prop_carry4_CI_O[2])
                                                      0.256    22.244 r  logits_wdata_reg[31]_i_47/O[2]
                         net (fo=92, unplaced)        0.549    22.793    c4_rq12_return1__6[63]
                         LUT4 (Prop_lut4_I2_O)        0.293    23.086 r  logits_wdata[3]_i_197/O
                         net (fo=1, unplaced)         0.000    23.086    logits_wdata[3]_i_197_n_0
                         CARRY4 (Prop_carry4_DI[0]_CO[3])
                                                      0.576    23.662 r  logits_wdata_reg[3]_i_150/CO[3]
                         net (fo=1, unplaced)         0.000    23.662    logits_wdata_reg[3]_i_150_n_0
                         CARRY4 (Prop_carry4_CI_CO[3])
                                                      0.117    23.779 r  logits_wdata_reg[3]_i_103/CO[3]
                         net (fo=1, unplaced)         0.000    23.779    logits_wdata_reg[3]_i_103_n_0
                         CARRY4 (Prop_carry4_CI_CO[3])
                                                      0.117    23.896 r  logits_wdata_reg[3]_i_66/CO[3]
                         net (fo=1, unplaced)         0.000    23.896    logits_wdata_reg[3]_i_66_n_0
                         CARRY4 (Prop_carry4_CI_CO[3])
                                                      0.117    24.013 r  logits_wdata_reg[3]_i_42/CO[3]
                         net (fo=1, unplaced)         0.000    24.013    logits_wdata_reg[3]_i_42_n_0
                         CARRY4 (Prop_carry4_CI_CO[2])
                                                      0.252    24.265 r  logits_wdata_reg[3]_i_21/CO[2]
                         net (fo=2, unplaced)         0.463    24.728    logits_wdata_reg[3]_i_21_n_1
                         LUT4 (Prop_lut4_I3_O)        0.310    25.038 r  logits_wdata[3]_i_25/O
                         net (fo=1, unplaced)         0.000    25.038    logits_wdata[3]_i_25_n_0
                         CARRY4 (Prop_carry4_S[0]_O[2])
                                                      0.544    25.582 f  logits_wdata_reg[3]_i_11/O[2]
                         net (fo=2, unplaced)         0.463    26.045    logits_wdata_reg[3]_i_11_n_5
                         LUT1 (Prop_lut1_I0_O)        0.301    26.346 r  logits_wdata[7]_i_25/O
                         net (fo=1, unplaced)         0.000    26.346    logits_wdata[7]_i_25_n_0
                         CARRY4 (Prop_carry4_S[1]_O[3])
                                                      0.643    26.989 r  logits_wdata_reg[7]_i_12/O[3]
                         net (fo=1, unplaced)         0.448    27.437    c4_rq12_return0[4]
                         LUT3 (Prop_lut3_I0_O)        0.307    27.744 r  logits_wdata[7]_i_6/O
                         net (fo=2, unplaced)         0.743    28.487    c4_rq12_return[4]
                         LUT6 (Prop_lut6_I0_O)        0.124    28.611 r  logits_wdata[7]_i_10/O
                         net (fo=1, unplaced)         0.000    28.611    logits_wdata[7]_i_10_n_0
                         CARRY4 (Prop_carry4_S[0]_CO[3])
                                                      0.513    29.124 r  logits_wdata_reg[7]_i_2/CO[3]
                         net (fo=1, unplaced)         0.000    29.124    logits_wdata_reg[7]_i_2_n_0
                         CARRY4 (Prop_carry4_CI_CO[3])
                                                      0.117    29.241 r  logits_wdata_reg[11]_i_2/CO[3]
                         net (fo=1, unplaced)         0.000    29.241    logits_wdata_reg[11]_i_2_n_0
                         CARRY4 (Prop_carry4_CI_CO[3])
                                                      0.117    29.358 r  logits_wdata_reg[15]_i_2/CO[3]
                         net (fo=1, unplaced)         0.000    29.358    logits_wdata_reg[15]_i_2_n_0
                         CARRY4 (Prop_carry4_CI_CO[3])
                                                      0.117    29.475 r  logits_wdata_reg[19]_i_2/CO[3]
                         net (fo=1, unplaced)         0.000    29.475    logits_wdata_reg[19]_i_2_n_0
                         CARRY4 (Prop_carry4_CI_CO[3])
                                                      0.117    29.592 r  logits_wdata_reg[23]_i_2/CO[3]
                         net (fo=1, unplaced)         0.000    29.592    logits_wdata_reg[23]_i_2_n_0
                         CARRY4 (Prop_carry4_CI_CO[3])
                                                      0.117    29.709 r  logits_wdata_reg[27]_i_2/CO[3]
                         net (fo=1, unplaced)         0.000    29.709    logits_wdata_reg[27]_i_2_n_0
                         CARRY4 (Prop_carry4_CI_CO[3])
                                                      0.117    29.826 r  logits_wdata_reg[31]_i_5/CO[3]
                         net (fo=1, unplaced)         0.000    29.826    logits_wdata_reg[31]_i_5_n_0
                         CARRY4 (Prop_carry4_CI_CO[3])
                                                      0.117    29.943 r  logits_wdata_reg[31]_i_140/CO[3]
                         net (fo=1, unplaced)         0.000    29.943    logits_wdata_reg[31]_i_140_n_0
                         CARRY4 (Prop_carry4_CI_CO[3])
                                                      0.117    30.060 r  logits_wdata_reg[31]_i_139/CO[3]
                         net (fo=1, unplaced)         0.000    30.060    logits_wdata_reg[31]_i_139_n_0
                         CARRY4 (Prop_carry4_CI_CO[3])
                                                      0.117    30.177 r  logits_wdata_reg[31]_i_103/CO[3]
                         net (fo=1, unplaced)         0.000    30.177    logits_wdata_reg[31]_i_103_n_0
                         CARRY4 (Prop_carry4_CI_CO[3])
                                                      0.117    30.294 r  logits_wdata_reg[31]_i_102/CO[3]
                         net (fo=1, unplaced)         0.000    30.294    logits_wdata_reg[31]_i_102_n_0
                         CARRY4 (Prop_carry4_CI_CO[3])
                                                      0.117    30.411 r  logits_wdata_reg[31]_i_62/CO[3]
                         net (fo=1, unplaced)         0.000    30.411    logits_wdata_reg[31]_i_62_n_0
                         CARRY4 (Prop_carry4_CI_CO[3])
                                                      0.117    30.528 r  logits_wdata_reg[31]_i_61/CO[3]
                         net (fo=1, unplaced)         0.000    30.528    logits_wdata_reg[31]_i_61_n_0
                         CARRY4 (Prop_carry4_CI_CO[3])
                                                      0.117    30.645 r  logits_wdata_reg[31]_i_37/CO[3]
                         net (fo=1, unplaced)         0.000    30.645    logits_wdata_reg[31]_i_37_n_0
                         CARRY4 (Prop_carry4_CI_O[3])
                                                      0.331    30.976 r  logits_wdata_reg[31]_i_36/O[3]
                         net (fo=4, unplaced)         0.445    31.421    val__1[63]
                         LUT2 (Prop_lut2_I0_O)        0.332    31.753 r  logits_wdata[31]_i_14/O
                         net (fo=1, unplaced)         0.000    31.753    logits_wdata[31]_i_14_n_0
                         CARRY4 (Prop_carry4_DI[3]_CO[3])
                                                      0.429    32.182 r  logits_wdata_reg[31]_i_4/CO[3]
                         net (fo=12, unplaced)        0.796    32.978    c4_sat1__0
                         LUT4 (Prop_lut4_I3_O)        0.124    33.102 r  logits_wdata[31]_i_1/O
                         net (fo=21, unplaced)        0.669    33.771    logits_wdata[31]_i_1_n_0
                         FDSE                                         r  logits_wdata_reg[28]/S
  -------------------------------------------------------------------    -------------------

                         (clock clk rise edge)       10.000    10.000 r  <hidden>
                                                      0.000    10.000 r  clk
                         net (fo=42883, unset)        0.924    10.924    clk
                         FDSE                                         r  logits_wdata_reg[28]/C
                         clock pessimism              0.000    10.924    <hidden>
                         clock uncertainty           -0.035    10.889    <hidden>
                         FDSE (Setup_fdse_C_S)       -0.557    10.332    logits_wdata_reg[28]
  -------------------------------------------------------------------
                         required time                         10.332    <hidden>
                         arrival time                         -33.771    <hidden>
  -------------------------------------------------------------------
                         slack                                -23.439    <hidden>

Slack (VIOLATED) :        -23.439ns  (required time - arrival time)
  Source:                 vi_reg[0]_rep__0/C
                            (rising edge-triggered cell FDCE clocked by clk  {rise@0.000ns fall@5.000ns period=10.000ns})
  Destination:            logits_wdata_reg[29]/S
                            (rising edge-triggered cell FDSE clocked by clk  {rise@0.000ns fall@5.000ns period=10.000ns})
  Path Group:             clk
  Path Type:              Setup (Max at Slow Process Corner)
  Requirement:            10.000ns  (clk rise@10.000ns - clk rise@0.000ns)
  Data Path Delay:        32.798ns  (logic 22.462ns (68.485%)  route 10.336ns (31.515%))
  Logic Levels:           53  (CARRY4=35 DSP48E1=4 LUT1=1 LUT2=3 LUT3=2 LUT4=4 LUT5=1 LUT6=2 MUXF7=1)
  Clock Path Skew:        -0.049ns (DCD - SCD + CPR)
    Destination Clock Delay (DCD):    0.924ns = ( 10.924 - 10.000 ) 
    Source Clock Delay      (SCD):    0.973ns
    Clock Pessimism Removal (CPR):    0.000ns
  Clock Uncertainty:      0.035ns  ((TSJ^2 + TIJ^2)^1/2 + DJ) / 2 + PE
    Total System Jitter     (TSJ):    0.071ns
    Total Input Jitter      (TIJ):    0.000ns
    Discrete Jitter          (DJ):    0.000ns
    Phase Error              (PE):    0.000ns

    Location             Delay type                Incr(ns)  Path(ns)    Netlist Resource(s)
  -------------------------------------------------------------------    -------------------
                         (clock clk rise edge)        0.000     0.000 r  <hidden>
                                                      0.000     0.000 r  clk
                         net (fo=42883, unset)        0.973     0.973    clk
                         FDCE                                         r  vi_reg[0]_rep__0/C
  -------------------------------------------------------------------    -------------------
                         FDCE (Prop_fdce_C_Q)         0.478     1.451 r  vi_reg[0]_rep__0/Q
                         net (fo=99, unplaced)        0.905     2.356    vi_reg[0]_rep__0_n_0
                         LUT5 (Prop_lut5_I0_O)        0.295     2.651 r  g48_b7__5/O
                         net (fo=1, unplaced)         0.000     2.651    g48_b7__5_n_0
                         MUXF7 (Prop_muxf7_I1_O)      0.247     2.898 r  val0__0_i_22/O
                         net (fo=1, unplaced)         0.735     3.633    val0__0_i_22_n_0
                         LUT6 (Prop_lut6_I1_O)        0.298     3.931 r  val0__0_i_11/O
                         net (fo=1, unplaced)         0.449     4.380    val0__0_i_11_n_0
                         LUT2 (Prop_lut2_I0_O)        0.124     4.504 r  val0__0_i_4/O
                         net (fo=1, unplaced)         0.803     5.307    wgt817_return[3]
                         DSP48E1 (Prop_dsp48e1_B[3]_P[1])
                                                      3.656     8.963 r  val0__0/P[1]
                         net (fo=1, unplaced)         0.803     9.766    val0__0_n_104
                         LUT2 (Prop_lut2_I1_O)        0.124     9.890 r  c4_rq12_return1__3_i_19/O
                         net (fo=1, unplaced)         0.000     9.890    c4_rq12_return1__3_i_19_n_0
                         CARRY4 (Prop_carry4_S[1]_CO[3])
                                                      0.533    10.423 r  c4_rq12_return1__3_i_4/CO[3]
                         net (fo=1, unplaced)         0.000    10.423    c4_rq12_return1__3_i_4_n_0
                         CARRY4 (Prop_carry4_CI_CO[3])
                                                      0.117    10.540 r  c4_rq12_return1__3_i_3/CO[3]
                         net (fo=1, unplaced)         0.000    10.540    c4_rq12_return1__3_i_3_n_0
                         CARRY4 (Prop_carry4_CI_CO[3])
                                                      0.117    10.657 r  c4_rq12_return1__3_i_2/CO[3]
                         net (fo=1, unplaced)         0.000    10.657    c4_rq12_return1__3_i_2_n_0
                         CARRY4 (Prop_carry4_CI_CO[3])
                                                      0.117    10.774 r  c4_rq12_return1__3_i_1/CO[3]
                         net (fo=1, unplaced)         0.000    10.774    c4_rq12_return1__3_i_1_n_0
                         CARRY4 (Prop_carry4_CI_CO[3])
                                                      0.117    10.891 r  c4_rq12_return1__0_i_5/CO[3]
                         net (fo=1, unplaced)         0.000    10.891    c4_rq12_return1__0_i_5_n_0
                         CARRY4 (Prop_carry4_CI_CO[3])
                                                      0.117    11.008 r  c4_rq12_return1__0_i_4/CO[3]
                         net (fo=1, unplaced)         0.000    11.008    c4_rq12_return1__0_i_4_n_0
                         CARRY4 (Prop_carry4_CI_CO[3])
                                                      0.117    11.125 r  c4_rq12_return1__0_i_3/CO[3]
                         net (fo=1, unplaced)         0.000    11.125    c4_rq12_return1__0_i_3_n_0
                         CARRY4 (Prop_carry4_CI_CO[3])
                                                      0.117    11.242 r  c4_rq12_return1__0_i_2/CO[3]
                         net (fo=1, unplaced)         0.000    11.242    c4_rq12_return1__0_i_2_n_0
                         CARRY4 (Prop_carry4_CI_O[1])
                                                      0.337    11.579 r  c4_rq12_return1__0_i_1/O[1]
                         net (fo=2, unplaced)         0.803    12.382    c4_rq12_return1__0_i_1_n_6
                         DSP48E1 (Prop_dsp48e1_A[16]_PCOUT[47])
                                                      4.215    16.597 r  c4_rq12_return1__0/PCOUT[47]
                         net (fo=1, unplaced)         0.000    16.597    c4_rq12_return1__0_n_106
                         DSP48E1 (Prop_dsp48e1_PCIN[47]_PCOUT[47])
                                                      1.713    18.310 r  c4_rq12_return1__1/PCOUT[47]
                         net (fo=1, unplaced)         0.000    18.310    c4_rq12_return1__1_n_106
                         DSP48E1 (Prop_dsp48e1_PCIN[47]_P[2])
                                                      1.518    19.828 r  c4_rq12_return1__2/P[2]
                         net (fo=2, unplaced)         0.803    20.630    c4_rq12_return1__2_n_103
                         LUT3 (Prop_lut3_I1_O)        0.124    20.754 r  logits_wdata[31]_i_160/O
                         net (fo=2, unplaced)         0.460    21.214    logits_wdata[31]_i_160_n_0
                         LUT4 (Prop_lut4_I3_O)        0.124    21.338 r  logits_wdata[31]_i_164/O
                         net (fo=1, unplaced)         0.000    21.338    logits_wdata[31]_i_164_n_0
                         CARRY4 (Prop_carry4_S[1]_CO[3])
                                                      0.533    21.871 r  logits_wdata_reg[31]_i_121/CO[3]
                         net (fo=1, unplaced)         0.000    21.871    logits_wdata_reg[31]_i_121_n_0
                         CARRY4 (Prop_carry4_CI_CO[3])
                                                      0.117    21.988 r  logits_wdata_reg[31]_i_80/CO[3]
                         net (fo=1, unplaced)         0.000    21.988    logits_wdata_reg[31]_i_80_n_0
                         CARRY4 (Prop_carry4_CI_O[2])
                                                      0.256    22.244 r  logits_wdata_reg[31]_i_47/O[2]
                         net (fo=92, unplaced)        0.549    22.793    c4_rq12_return1__6[63]
                         LUT4 (Prop_lut4_I2_O)        0.293    23.086 r  logits_wdata[3]_i_197/O
                         net (fo=1, unplaced)         0.000    23.086    logits_wdata[3]_i_197_n_0
                         CARRY4 (Prop_carry4_DI[0]_CO[3])
                                                      0.576    23.662 r  logits_wdata_reg[3]_i_150/CO[3]
                         net (fo=1, unplaced)         0.000    23.662    logits_wdata_reg[3]_i_150_n_0
                         CARRY4 (Prop_carry4_CI_CO[3])
                                                      0.117    23.779 r  logits_wdata_reg[3]_i_103/CO[3]
                         net (fo=1, unplaced)         0.000    23.779    logits_wdata_reg[3]_i_103_n_0
                         CARRY4 (Prop_carry4_CI_CO[3])
                                                      0.117    23.896 r  logits_wdata_reg[3]_i_66/CO[3]
                         net (fo=1, unplaced)         0.000    23.896    logits_wdata_reg[3]_i_66_n_0
                         CARRY4 (Prop_carry4_CI_CO[3])
                                                      0.117    24.013 r  logits_wdata_reg[3]_i_42/CO[3]
                         net (fo=1, unplaced)         0.000    24.013    logits_wdata_reg[3]_i_42_n_0
                         CARRY4 (Prop_carry4_CI_CO[2])
                                                      0.252    24.265 r  logits_wdata_reg[3]_i_21/CO[2]
                         net (fo=2, unplaced)         0.463    24.728    logits_wdata_reg[3]_i_21_n_1
                         LUT4 (Prop_lut4_I3_O)        0.310    25.038 r  logits_wdata[3]_i_25/O
                         net (fo=1, unplaced)         0.000    25.038    logits_wdata[3]_i_25_n_0
                         CARRY4 (Prop_carry4_S[0]_O[2])
                                                      0.544    25.582 f  logits_wdata_reg[3]_i_11/O[2]
                         net (fo=2, unplaced)         0.463    26.045    logits_wdata_reg[3]_i_11_n_5
                         LUT1 (Prop_lut1_I0_O)        0.301    26.346 r  logits_wdata[7]_i_25/O
                         net (fo=1, unplaced)         0.000    26.346    logits_wdata[7]_i_25_n_0
                         CARRY4 (Prop_carry4_S[1]_O[3])
                                                      0.643    26.989 r  logits_wdata_reg[7]_i_12/O[3]
                         net (fo=1, unplaced)         0.448    27.437    c4_rq12_return0[4]
                         LUT3 (Prop_lut3_I0_O)        0.307    27.744 r  logits_wdata[7]_i_6/O
                         net (fo=2, unplaced)         0.743    28.487    c4_rq12_return[4]
                         LUT6 (Prop_lut6_I0_O)        0.124    28.611 r  logits_wdata[7]_i_10/O
                         net (fo=1, unplaced)         0.000    28.611    logits_wdata[7]_i_10_n_0
                         CARRY4 (Prop_carry4_S[0]_CO[3])
                                                      0.513    29.124 r  logits_wdata_reg[7]_i_2/CO[3]
                         net (fo=1, unplaced)         0.000    29.124    logits_wdata_reg[7]_i_2_n_0
                         CARRY4 (Prop_carry4_CI_CO[3])
                                                      0.117    29.241 r  logits_wdata_reg[11]_i_2/CO[3]
                         net (fo=1, unplaced)         0.000    29.241    logits_wdata_reg[11]_i_2_n_0
                         CARRY4 (Prop_carry4_CI_CO[3])
                                                      0.117    29.358 r  logits_wdata_reg[15]_i_2/CO[3]
                         net (fo=1, unplaced)         0.000    29.358    logits_wdata_reg[15]_i_2_n_0
                         CARRY4 (Prop_carry4_CI_CO[3])
                                                      0.117    29.475 r  logits_wdata_reg[19]_i_2/CO[3]
                         net (fo=1, unplaced)         0.000    29.475    logits_wdata_reg[19]_i_2_n_0
                         CARRY4 (Prop_carry4_CI_CO[3])
                                                      0.117    29.592 r  logits_wdata_reg[23]_i_2/CO[3]
                         net (fo=1, unplaced)         0.000    29.592    logits_wdata_reg[23]_i_2_n_0
                         CARRY4 (Prop_carry4_CI_CO[3])
                                                      0.117    29.709 r  logits_wdata_reg[27]_i_2/CO[3]
                         net (fo=1, unplaced)         0.000    29.709    logits_wdata_reg[27]_i_2_n_0
                         CARRY4 (Prop_carry4_CI_CO[3])
                                                      0.117    29.826 r  logits_wdata_reg[31]_i_5/CO[3]
                         net (fo=1, unplaced)         0.000    29.826    logits_wdata_reg[31]_i_5_n_0
                         CARRY4 (Prop_carry4_CI_CO[3])
                                                      0.117    29.943 r  logits_wdata_reg[31]_i_140/CO[3]
                         net (fo=1, unplaced)         0.000    29.943    logits_wdata_reg[31]_i_140_n_0
                         CARRY4 (Prop_carry4_CI_CO[3])
                                                      0.117    30.060 r  logits_wdata_reg[31]_i_139/CO[3]
                         net (fo=1, unplaced)         0.000    30.060    logits_wdata_reg[31]_i_139_n_0
                         CARRY4 (Prop_carry4_CI_CO[3])
                                                      0.117    30.177 r  logits_wdata_reg[31]_i_103/CO[3]
                         net (fo=1, unplaced)         0.000    30.177    logits_wdata_reg[31]_i_103_n_0
                         CARRY4 (Prop_carry4_CI_CO[3])
                                                      0.117    30.294 r  logits_wdata_reg[31]_i_102/CO[3]
                         net (fo=1, unplaced)         0.000    30.294    logits_wdata_reg[31]_i_102_n_0
                         CARRY4 (Prop_carry4_CI_CO[3])
                                                      0.117    30.411 r  logits_wdata_reg[31]_i_62/CO[3]
                         net (fo=1, unplaced)         0.000    30.411    logits_wdata_reg[31]_i_62_n_0
                         CARRY4 (Prop_carry4_CI_CO[3])
                                                      0.117    30.528 r  logits_wdata_reg[31]_i_61/CO[3]
                         net (fo=1, unplaced)         0.000    30.528    logits_wdata_reg[31]_i_61_n_0
                         CARRY4 (Prop_carry4_CI_CO[3])
                                                      0.117    30.645 r  logits_wdata_reg[31]_i_37/CO[3]
                         net (fo=1, unplaced)         0.000    30.645    logits_wdata_reg[31]_i_37_n_0
                         CARRY4 (Prop_carry4_CI_O[3])
                                                      0.331    30.976 r  logits_wdata_reg[31]_i_36/O[3]
                         net (fo=4, unplaced)         0.445    31.421    val__1[63]
                         LUT2 (Prop_lut2_I0_O)        0.332    31.753 r  logits_wdata[31]_i_14/O
                         net (fo=1, unplaced)         0.000    31.753    logits_wdata[31]_i_14_n_0
                         CARRY4 (Prop_carry4_DI[3]_CO[3])
                                                      0.429    32.182 r  logits_wdata_reg[31]_i_4/CO[3]
                         net (fo=12, unplaced)        0.796    32.978    c4_sat1__0
                         LUT4 (Prop_lut4_I3_O)        0.124    33.102 r  logits_wdata[31]_i_1/O
                         net (fo=21, unplaced)        0.669    33.771    logits_wdata[31]_i_1_n_0
                         FDSE                                         r  logits_wdata_reg[29]/S
  -------------------------------------------------------------------    -------------------

                         (clock clk rise edge)       10.000    10.000 r  <hidden>
                                                      0.000    10.000 r  clk
                         net (fo=42883, unset)        0.924    10.924    clk
                         FDSE                                         r  logits_wdata_reg[29]/C
                         clock pessimism              0.000    10.924    <hidden>
                         clock uncertainty           -0.035    10.889    <hidden>
                         FDSE (Setup_fdse_C_S)       -0.557    10.332    logits_wdata_reg[29]
  -------------------------------------------------------------------
                         required time                         10.332    <hidden>
                         arrival time                         -33.771    <hidden>
  -------------------------------------------------------------------
                         slack                                -23.439    <hidden>

Slack (VIOLATED) :        -23.439ns  (required time - arrival time)
  Source:                 vi_reg[0]_rep__0/C
                            (rising edge-triggered cell FDCE clocked by clk  {rise@0.000ns fall@5.000ns period=10.000ns})
  Destination:            logits_wdata_reg[30]/S
                            (rising edge-triggered cell FDSE clocked by clk  {rise@0.000ns fall@5.000ns period=10.000ns})
  Path Group:             clk
  Path Type:              Setup (Max at Slow Process Corner)
  Requirement:            10.000ns  (clk rise@10.000ns - clk rise@0.000ns)
  Data Path Delay:        32.798ns  (logic 22.462ns (68.485%)  route 10.336ns (31.515%))
  Logic Levels:           53  (CARRY4=35 DSP48E1=4 LUT1=1 LUT2=3 LUT3=2 LUT4=4 LUT5=1 LUT6=2 MUXF7=1)
  Clock Path Skew:        -0.049ns (DCD - SCD + CPR)
    Destination Clock Delay (DCD):    0.924ns = ( 10.924 - 10.000 ) 
    Source Clock Delay      (SCD):    0.973ns
    Clock Pessimism Removal (CPR):    0.000ns
  Clock Uncertainty:      0.035ns  ((TSJ^2 + TIJ^2)^1/2 + DJ) / 2 + PE
    Total System Jitter     (TSJ):    0.071ns
    Total Input Jitter      (TIJ):    0.000ns
    Discrete Jitter          (DJ):    0.000ns
    Phase Error              (PE):    0.000ns

    Location             Delay type                Incr(ns)  Path(ns)    Netlist Resource(s)
  -------------------------------------------------------------------    -------------------
                         (clock clk rise edge)        0.000     0.000 r  <hidden>
                                                      0.000     0.000 r  clk
                         net (fo=42883, unset)        0.973     0.973    clk
                         FDCE                                         r  vi_reg[0]_rep__0/C
  -------------------------------------------------------------------    -------------------
                         FDCE (Prop_fdce_C_Q)         0.478     1.451 r  vi_reg[0]_rep__0/Q
                         net (fo=99, unplaced)        0.905     2.356    vi_reg[0]_rep__0_n_0
                         LUT5 (Prop_lut5_I0_O)        0.295     2.651 r  g48_b7__5/O
                         net (fo=1, unplaced)         0.000     2.651    g48_b7__5_n_0
                         MUXF7 (Prop_muxf7_I1_O)      0.247     2.898 r  val0__0_i_22/O
                         net (fo=1, unplaced)         0.735     3.633    val0__0_i_22_n_0
                         LUT6 (Prop_lut6_I1_O)        0.298     3.931 r  val0__0_i_11/O
                         net (fo=1, unplaced)         0.449     4.380    val0__0_i_11_n_0
                         LUT2 (Prop_lut2_I0_O)        0.124     4.504 r  val0__0_i_4/O
                         net (fo=1, unplaced)         0.803     5.307    wgt817_return[3]
                         DSP48E1 (Prop_dsp48e1_B[3]_P[1])
                                                      3.656     8.963 r  val0__0/P[1]
                         net (fo=1, unplaced)         0.803     9.766    val0__0_n_104
                         LUT2 (Prop_lut2_I1_O)        0.124     9.890 r  c4_rq12_return1__3_i_19/O
                         net (fo=1, unplaced)         0.000     9.890    c4_rq12_return1__3_i_19_n_0
                         CARRY4 (Prop_carry4_S[1]_CO[3])
                                                      0.533    10.423 r  c4_rq12_return1__3_i_4/CO[3]
                         net (fo=1, unplaced)         0.000    10.423    c4_rq12_return1__3_i_4_n_0
                         CARRY4 (Prop_carry4_CI_CO[3])
                                                      0.117    10.540 r  c4_rq12_return1__3_i_3/CO[3]
                         net (fo=1, unplaced)         0.000    10.540    c4_rq12_return1__3_i_3_n_0
                         CARRY4 (Prop_carry4_CI_CO[3])
                                                      0.117    10.657 r  c4_rq12_return1__3_i_2/CO[3]
                         net (fo=1, unplaced)         0.000    10.657    c4_rq12_return1__3_i_2_n_0
                         CARRY4 (Prop_carry4_CI_CO[3])
                                                      0.117    10.774 r  c4_rq12_return1__3_i_1/CO[3]
                         net (fo=1, unplaced)         0.000    10.774    c4_rq12_return1__3_i_1_n_0
                         CARRY4 (Prop_carry4_CI_CO[3])
                                                      0.117    10.891 r  c4_rq12_return1__0_i_5/CO[3]
                         net (fo=1, unplaced)         0.000    10.891    c4_rq12_return1__0_i_5_n_0
                         CARRY4 (Prop_carry4_CI_CO[3])
                                                      0.117    11.008 r  c4_rq12_return1__0_i_4/CO[3]
                         net (fo=1, unplaced)         0.000    11.008    c4_rq12_return1__0_i_4_n_0
                         CARRY4 (Prop_carry4_CI_CO[3])
                                                      0.117    11.125 r  c4_rq12_return1__0_i_3/CO[3]
                         net (fo=1, unplaced)         0.000    11.125    c4_rq12_return1__0_i_3_n_0
                         CARRY4 (Prop_carry4_CI_CO[3])
                                                      0.117    11.242 r  c4_rq12_return1__0_i_2/CO[3]
                         net (fo=1, unplaced)         0.000    11.242    c4_rq12_return1__0_i_2_n_0
                         CARRY4 (Prop_carry4_CI_O[1])
                                                      0.337    11.579 r  c4_rq12_return1__0_i_1/O[1]
                         net (fo=2, unplaced)         0.803    12.382    c4_rq12_return1__0_i_1_n_6
                         DSP48E1 (Prop_dsp48e1_A[16]_PCOUT[47])
                                                      4.215    16.597 r  c4_rq12_return1__0/PCOUT[47]
                         net (fo=1, unplaced)         0.000    16.597    c4_rq12_return1__0_n_106
                         DSP48E1 (Prop_dsp48e1_PCIN[47]_PCOUT[47])
                                                      1.713    18.310 r  c4_rq12_return1__1/PCOUT[47]
                         net (fo=1, unplaced)         0.000    18.310    c4_rq12_return1__1_n_106
                         DSP48E1 (Prop_dsp48e1_PCIN[47]_P[2])
                                                      1.518    19.828 r  c4_rq12_return1__2/P[2]
                         net (fo=2, unplaced)         0.803    20.630    c4_rq12_return1__2_n_103
                         LUT3 (Prop_lut3_I1_O)        0.124    20.754 r  logits_wdata[31]_i_160/O
                         net (fo=2, unplaced)         0.460    21.214    logits_wdata[31]_i_160_n_0
                         LUT4 (Prop_lut4_I3_O)        0.124    21.338 r  logits_wdata[31]_i_164/O
                         net (fo=1, unplaced)         0.000    21.338    logits_wdata[31]_i_164_n_0
                         CARRY4 (Prop_carry4_S[1]_CO[3])
                                                      0.533    21.871 r  logits_wdata_reg[31]_i_121/CO[3]
                         net (fo=1, unplaced)         0.000    21.871    logits_wdata_reg[31]_i_121_n_0
                         CARRY4 (Prop_carry4_CI_CO[3])
                                                      0.117    21.988 r  logits_wdata_reg[31]_i_80/CO[3]
                         net (fo=1, unplaced)         0.000    21.988    logits_wdata_reg[31]_i_80_n_0
                         CARRY4 (Prop_carry4_CI_O[2])
                                                      0.256    22.244 r  logits_wdata_reg[31]_i_47/O[2]
                         net (fo=92, unplaced)        0.549    22.793    c4_rq12_return1__6[63]
                         LUT4 (Prop_lut4_I2_O)        0.293    23.086 r  logits_wdata[3]_i_197/O
                         net (fo=1, unplaced)         0.000    23.086    logits_wdata[3]_i_197_n_0
                         CARRY4 (Prop_carry4_DI[0]_CO[3])
                                                      0.576    23.662 r  logits_wdata_reg[3]_i_150/CO[3]
                         net (fo=1, unplaced)         0.000    23.662    logits_wdata_reg[3]_i_150_n_0
                         CARRY4 (Prop_carry4_CI_CO[3])
                                                      0.117    23.779 r  logits_wdata_reg[3]_i_103/CO[3]
                         net (fo=1, unplaced)         0.000    23.779    logits_wdata_reg[3]_i_103_n_0
                         CARRY4 (Prop_carry4_CI_CO[3])
                                                      0.117    23.896 r  logits_wdata_reg[3]_i_66/CO[3]
                         net (fo=1, unplaced)         0.000    23.896    logits_wdata_reg[3]_i_66_n_0
                         CARRY4 (Prop_carry4_CI_CO[3])
                                                      0.117    24.013 r  logits_wdata_reg[3]_i_42/CO[3]
                         net (fo=1, unplaced)         0.000    24.013    logits_wdata_reg[3]_i_42_n_0
                         CARRY4 (Prop_carry4_CI_CO[2])
                                                      0.252    24.265 r  logits_wdata_reg[3]_i_21/CO[2]
                         net (fo=2, unplaced)         0.463    24.728    logits_wdata_reg[3]_i_21_n_1
                         LUT4 (Prop_lut4_I3_O)        0.310    25.038 r  logits_wdata[3]_i_25/O
                         net (fo=1, unplaced)         0.000    25.038    logits_wdata[3]_i_25_n_0
                         CARRY4 (Prop_carry4_S[0]_O[2])
                                                      0.544    25.582 f  logits_wdata_reg[3]_i_11/O[2]
                         net (fo=2, unplaced)         0.463    26.045    logits_wdata_reg[3]_i_11_n_5
                         LUT1 (Prop_lut1_I0_O)        0.301    26.346 r  logits_wdata[7]_i_25/O
                         net (fo=1, unplaced)         0.000    26.346    logits_wdata[7]_i_25_n_0
                         CARRY4 (Prop_carry4_S[1]_O[3])
                                                      0.643    26.989 r  logits_wdata_reg[7]_i_12/O[3]
                         net (fo=1, unplaced)         0.448    27.437    c4_rq12_return0[4]
                         LUT3 (Prop_lut3_I0_O)        0.307    27.744 r  logits_wdata[7]_i_6/O
                         net (fo=2, unplaced)         0.743    28.487    c4_rq12_return[4]
                         LUT6 (Prop_lut6_I0_O)        0.124    28.611 r  logits_wdata[7]_i_10/O
                         net (fo=1, unplaced)         0.000    28.611    logits_wdata[7]_i_10_n_0
                         CARRY4 (Prop_carry4_S[0]_CO[3])
                                                      0.513    29.124 r  logits_wdata_reg[7]_i_2/CO[3]
                         net (fo=1, unplaced)         0.000    29.124    logits_wdata_reg[7]_i_2_n_0
                         CARRY4 (Prop_carry4_CI_CO[3])
                                                      0.117    29.241 r  logits_wdata_reg[11]_i_2/CO[3]
                         net (fo=1, unplaced)         0.000    29.241    logits_wdata_reg[11]_i_2_n_0
                         CARRY4 (Prop_carry4_CI_CO[3])
                                                      0.117    29.358 r  logits_wdata_reg[15]_i_2/CO[3]
                         net (fo=1, unplaced)         0.000    29.358    logits_wdata_reg[15]_i_2_n_0
                         CARRY4 (Prop_carry4_CI_CO[3])
                                                      0.117    29.475 r  logits_wdata_reg[19]_i_2/CO[3]
                         net (fo=1, unplaced)         0.000    29.475    logits_wdata_reg[19]_i_2_n_0
                         CARRY4 (Prop_carry4_CI_CO[3])
                                                      0.117    29.592 r  logits_wdata_reg[23]_i_2/CO[3]
                         net (fo=1, unplaced)         0.000    29.592    logits_wdata_reg[23]_i_2_n_0
                         CARRY4 (Prop_carry4_CI_CO[3])
                                                      0.117    29.709 r  logits_wdata_reg[27]_i_2/CO[3]
                         net (fo=1, unplaced)         0.000    29.709    logits_wdata_reg[27]_i_2_n_0
                         CARRY4 (Prop_carry4_CI_CO[3])
                                                      0.117    29.826 r  logits_wdata_reg[31]_i_5/CO[3]
                         net (fo=1, unplaced)         0.000    29.826    logits_wdata_reg[31]_i_5_n_0
                         CARRY4 (Prop_carry4_CI_CO[3])
                                                      0.117    29.943 r  logits_wdata_reg[31]_i_140/CO[3]
                         net (fo=1, unplaced)         0.000    29.943    logits_wdata_reg[31]_i_140_n_0
                         CARRY4 (Prop_carry4_CI_CO[3])
                                                      0.117    30.060 r  logits_wdata_reg[31]_i_139/CO[3]
                         net (fo=1, unplaced)         0.000    30.060    logits_wdata_reg[31]_i_139_n_0
                         CARRY4 (Prop_carry4_CI_CO[3])
                                                      0.117    30.177 r  logits_wdata_reg[31]_i_103/CO[3]
                         net (fo=1, unplaced)         0.000    30.177    logits_wdata_reg[31]_i_103_n_0
                         CARRY4 (Prop_carry4_CI_CO[3])
                                                      0.117    30.294 r  logits_wdata_reg[31]_i_102/CO[3]
                         net (fo=1, unplaced)         0.000    30.294    logits_wdata_reg[31]_i_102_n_0
                         CARRY4 (Prop_carry4_CI_CO[3])
                                                      0.117    30.411 r  logits_wdata_reg[31]_i_62/CO[3]
                         net (fo=1, unplaced)         0.000    30.411    logits_wdata_reg[31]_i_62_n_0
                         CARRY4 (Prop_carry4_CI_CO[3])
                                                      0.117    30.528 r  logits_wdata_reg[31]_i_61/CO[3]
                         net (fo=1, unplaced)         0.000    30.528    logits_wdata_reg[31]_i_61_n_0
                         CARRY4 (Prop_carry4_CI_CO[3])
                                                      0.117    30.645 r  logits_wdata_reg[31]_i_37/CO[3]
                         net (fo=1, unplaced)         0.000    30.645    logits_wdata_reg[31]_i_37_n_0
                         CARRY4 (Prop_carry4_CI_O[3])
                                                      0.331    30.976 r  logits_wdata_reg[31]_i_36/O[3]
                         net (fo=4, unplaced)         0.445    31.421    val__1[63]
                         LUT2 (Prop_lut2_I0_O)        0.332    31.753 r  logits_wdata[31]_i_14/O
                         net (fo=1, unplaced)         0.000    31.753    logits_wdata[31]_i_14_n_0
                         CARRY4 (Prop_carry4_DI[3]_CO[3])
                                                      0.429    32.182 r  logits_wdata_reg[31]_i_4/CO[3]
                         net (fo=12, unplaced)        0.796    32.978    c4_sat1__0
                         LUT4 (Prop_lut4_I3_O)        0.124    33.102 r  logits_wdata[31]_i_1/O
                         net (fo=21, unplaced)        0.669    33.771    logits_wdata[31]_i_1_n_0
                         FDSE                                         r  logits_wdata_reg[30]/S
  -------------------------------------------------------------------    -------------------

                         (clock clk rise edge)       10.000    10.000 r  <hidden>
                                                      0.000    10.000 r  clk
                         net (fo=42883, unset)        0.924    10.924    clk
                         FDSE                                         r  logits_wdata_reg[30]/C
                         clock pessimism              0.000    10.924    <hidden>
                         clock uncertainty           -0.035    10.889    <hidden>
                         FDSE (Setup_fdse_C_S)       -0.557    10.332    logits_wdata_reg[30]
  -------------------------------------------------------------------
                         required time                         10.332    <hidden>
                         arrival time                         -33.771    <hidden>
  -------------------------------------------------------------------
                         slack                                -23.439    <hidden>




