Copyright 1986-2022 Xilinx, Inc. All Rights Reserved. Copyright 2022-2026 Advanced Micro Devices, Inc. All Rights Reserved.
------------------------------------------------------------------------------------------------------------------------------------------------------------------------------------------------------------------------------------------
| Tool Version : Vivado v.2026.1 (win64) Build 6511674 Tue Jun 16 11:02:23 MDT 2026
| Date         : Thu Sep 10 03:30:26 2026
| Host         : laptop-Quan running 64-bit major release  (build 9200)
| Command      : report_timing -delay_type max -max_paths 20 -nworst 1 -sort_by slack -file D:/FPGA/FPGG_ART_Y_ASTRA_NATIVE_V1_RESEARCH/results/A7-NATIVE-GRAPH/ASTRA-FINAL-C4-C7-20260909/26_C4_D32_BITEXACT_PHYSICAL/timing_n20_e3j.rpt
| Design       : a7ng_astra_c4_lm06_d32_fr_v2
| Device       : 7a100t-csg324
| Speed File   : -1  PRODUCTION 1.23 2018-06-13
| Design State : Synthesized
------------------------------------------------------------------------------------------------------------------------------------------------------------------------------------------------------------------------------------------

Timing Report

Slack (VIOLATED) :        -16.734ns  (required time - arrival time)
  Source:                 toks_reg[23][0]/C
                            (rising edge-triggered cell FDRE clocked by clk  {rise@0.000ns fall@5.000ns period=10.000ns})
  Destination:            x_wdata_reg[11]/D
                            (rising edge-triggered cell FDRE clocked by clk  {rise@0.000ns fall@5.000ns period=10.000ns})
  Path Group:             clk
  Path Type:              Setup (Max at Slow Process Corner)
  Requirement:            10.000ns  (clk rise@10.000ns - clk rise@0.000ns)
  Data Path Delay:        26.694ns  (logic 16.432ns (61.558%)  route 10.262ns (38.442%))
  Logic Levels:           41  (CARRY4=24 DSP48E1=2 LUT1=2 LUT2=2 LUT3=2 LUT4=1 LUT5=2 LUT6=4 MUXF7=2)
  Clock Path Skew:        -0.049ns (DCD - SCD + CPR)
    Destination Clock Delay (DCD):    0.924ns = ( 10.924 - 10.000 ) 
    Source Clock Delay      (SCD):    0.973ns
    Clock Pessimism Removal (CPR):    0.000ns
  Clock Uncertainty:      0.035ns  ((TSJ^2 + TIJ^2)^1/2 + DJ) / 2 + PE
    Total System Jitter     (TSJ):    0.071ns
    Total Input Jitter      (TIJ):    0.000ns
    Discrete Jitter          (DJ):    0.000ns
    Phase Error              (PE):    0.000ns

    Location             Delay type                Incr(ns)  Path(ns)    Netlist Resource(s)
  -------------------------------------------------------------------    -------------------
                         (clock clk rise edge)        0.000     0.000 r  <hidden>
                                                      0.000     0.000 r  clk
                         net (fo=43146, unset)        0.973     0.973    clk
                         FDRE                                         r  toks_reg[23][0]/C
  -------------------------------------------------------------------    -------------------
                         FDRE (Prop_fdre_C_Q)         0.478     1.451 r  toks_reg[23][0]/Q
                         net (fo=1, unplaced)         0.965     2.416    toks_reg[23][0]
                         LUT6 (Prop_lut6_I0_O)        0.295     2.711 r  g0_b0__7_i_30/O
                         net (fo=1, unplaced)         0.000     2.711    g0_b0__7_i_30_n_0
                         MUXF7 (Prop_muxf7_I1_O)      0.247     2.958 r  g0_b0__7_i_14/O
                         net (fo=2, unplaced)         0.746     3.704    g0_b0__7_i_14_n_0
                         LUT5 (Prop_lut5_I0_O)        0.298     4.002 r  g0_b0__7_i_4/O
                         net (fo=1, unplaced)         0.469     4.471    toks[0]
                         CARRY4 (Prop_carry4_DI[1]_O[3])
                                                      0.629     5.100 r  g0_b0__7_i_1/O[3]
                         net (fo=239, unplaced)       1.089     6.189    g0_b0__7_i_1_n_4
                         LUT6 (Prop_lut6_I2_O)        0.307     6.496 r  c4_rq_return1_i_132/O
                         net (fo=2, unplaced)         0.743     7.239    c4_rq_return1_i_132_n_0
                         LUT6 (Prop_lut6_I3_O)        0.124     7.363 r  c4_rq_return1_i_69/O
                         net (fo=1, unplaced)         0.665     8.028    c4_rq_return1_i_69_n_0
                         LUT6 (Prop_lut6_I0_O)        0.124     8.152 r  c4_rq_return1_i_23/O
                         net (fo=1, unplaced)         0.000     8.152    c4_rq_return1_i_23_n_0
                         MUXF7 (Prop_muxf7_I0_O)      0.241     8.393 r  c4_rq_return1_i_10/O
                         net (fo=1, unplaced)         0.452     8.845    a[6]
                         LUT2 (Prop_lut2_I0_O)        0.298     9.143 r  c4_rq_return1_i_2/O
                         net (fo=2, unplaced)         0.803     9.946    c4_rq_return1_i_2_n_0
                         DSP48E1 (Prop_dsp48e1_A[6]_PCOUT[47])
                                                      4.036    13.982 r  c4_rq_return1/PCOUT[47]
                         net (fo=1, unplaced)         0.000    13.982    c4_rq_return1_n_106
                         DSP48E1 (Prop_dsp48e1_PCIN[47]_P[1])
                                                      1.518    15.500 f  c4_rq_return1__0/P[1]
                         net (fo=3, unplaced)         0.803    16.303    c4_rq_return1__0_n_104
                         LUT1 (Prop_lut1_I0_O)        0.124    16.427 r  x_wdata[3]_i_90/O
                         net (fo=1, unplaced)         0.000    16.427    x_wdata[3]_i_90_n_0
                         CARRY4 (Prop_carry4_S[1]_CO[3])
                                                      0.533    16.960 r  x_wdata_reg[3]_i_58/CO[3]
                         net (fo=1, unplaced)         0.000    16.960    x_wdata_reg[3]_i_58_n_0
                         CARRY4 (Prop_carry4_CI_O[1])
                                                      0.337    17.297 f  x_wdata_reg[3]_i_36/O[1]
                         net (fo=2, unplaced)         0.622    17.919    c4_rq_return4[22]
                         LUT5 (Prop_lut5_I0_O)        0.306    18.225 r  x_wdata[3]_i_32/O
                         net (fo=1, unplaced)         0.000    18.225    x_wdata[3]_i_32_n_0
                         CARRY4 (Prop_carry4_S[3]_CO[3])
                                                      0.376    18.601 r  x_wdata_reg[3]_i_17/CO[3]
                         net (fo=1, unplaced)         0.000    18.601    x_wdata_reg[3]_i_17_n_0
                         CARRY4 (Prop_carry4_CI_CO[0])
                                                      0.281    18.882 r  x_wdata_reg[3]_i_11/CO[0]
                         net (fo=2, unplaced)         0.322    19.204    x_wdata_reg[3]_i_11_n_3
                         LUT4 (Prop_lut4_I3_O)        0.367    19.571 r  x_wdata[3]_i_15/O
                         net (fo=1, unplaced)         0.000    19.571    x_wdata[3]_i_15_n_0
                         CARRY4 (Prop_carry4_S[0]_CO[3])
                                                      0.513    20.084 r  x_wdata_reg[3]_i_6/CO[3]
                         net (fo=1, unplaced)         0.000    20.084    x_wdata_reg[3]_i_6_n_0
                         CARRY4 (Prop_carry4_CI_CO[3])
                                                      0.117    20.201 r  x_wdata_reg[7]_i_11/CO[3]
                         net (fo=1, unplaced)         0.000    20.201    x_wdata_reg[7]_i_11_n_0
                         CARRY4 (Prop_carry4_CI_CO[3])
                                                      0.117    20.318 r  x_wdata_reg[11]_i_11/CO[3]
                         net (fo=1, unplaced)         0.000    20.318    x_wdata_reg[11]_i_11_n_0
                         CARRY4 (Prop_carry4_CI_CO[3])
                                                      0.117    20.435 r  x_wdata_reg[15]_i_40/CO[3]
                         net (fo=1, unplaced)         0.000    20.435    x_wdata_reg[15]_i_40_n_0
                         CARRY4 (Prop_carry4_CI_CO[3])
                                                      0.117    20.552 r  acc_reg[19]_i_50/CO[3]
                         net (fo=1, unplaced)         0.000    20.552    acc_reg[19]_i_50_n_0
                         CARRY4 (Prop_carry4_CI_CO[3])
                                                      0.117    20.669 r  acc_reg[23]_i_52/CO[3]
                         net (fo=1, unplaced)         0.000    20.669    acc_reg[23]_i_52_n_0
                         CARRY4 (Prop_carry4_CI_CO[3])
                                                      0.117    20.786 r  acc_reg[27]_i_50/CO[3]
                         net (fo=1, unplaced)         0.000    20.786    acc_reg[27]_i_50_n_0
                         CARRY4 (Prop_carry4_CI_O[2])
                                                      0.256    21.042 f  acc_reg[31]_i_55/O[2]
                         net (fo=3, unplaced)         0.470    21.512    c4_rq_return1__1[30]
                         LUT1 (Prop_lut1_I0_O)        0.301    21.813 r  acc[35]_i_63/O
                         net (fo=1, unplaced)         0.000    21.813    acc[35]_i_63_n_0
                         CARRY4 (Prop_carry4_S[1]_CO[3])
                                                      0.533    22.346 r  acc_reg[35]_i_50/CO[3]
                         net (fo=1, unplaced)         0.000    22.346    acc_reg[35]_i_50_n_0
                         CARRY4 (Prop_carry4_CI_O[2])
                                                      0.256    22.602 r  acc_reg[39]_i_49/O[2]
                         net (fo=2, unplaced)         0.463    23.065    c4_rq_return0[35]
                         LUT3 (Prop_lut3_I0_O)        0.301    23.366 r  acc[35]_i_23/O
                         net (fo=1, unplaced)         0.473    23.839    c4_rq_return[35]
                         CARRY4 (Prop_carry4_DI[3]_CO[3])
                                                      0.396    24.235 r  acc_reg[35]_i_11/CO[3]
                         net (fo=1, unplaced)         0.000    24.235    acc_reg[35]_i_11_n_0
                         CARRY4 (Prop_carry4_CI_CO[3])
                                                      0.117    24.352 r  acc_reg[39]_i_11/CO[3]
                         net (fo=1, unplaced)         0.000    24.352    acc_reg[39]_i_11_n_0
                         CARRY4 (Prop_carry4_CI_CO[3])
                                                      0.117    24.469 r  acc_reg[43]_i_11/CO[3]
                         net (fo=1, unplaced)         0.000    24.469    acc_reg[43]_i_11_n_0
                         CARRY4 (Prop_carry4_CI_CO[3])
                                                      0.117    24.586 r  acc_reg[47]_i_11/CO[3]
                         net (fo=1, unplaced)         0.000    24.586    acc_reg[47]_i_11_n_0
                         CARRY4 (Prop_carry4_CI_CO[3])
                                                      0.117    24.703 r  acc_reg[51]_i_11/CO[3]
                         net (fo=1, unplaced)         0.000    24.703    acc_reg[51]_i_11_n_0
                         CARRY4 (Prop_carry4_CI_CO[3])
                                                      0.117    24.820 r  acc_reg[55]_i_11/CO[3]
                         net (fo=1, unplaced)         0.000    24.820    acc_reg[55]_i_11_n_0
                         CARRY4 (Prop_carry4_CI_CO[3])
                                                      0.117    24.937 r  acc_reg[59]_i_11/CO[3]
                         net (fo=1, unplaced)         0.000    24.937    acc_reg[59]_i_11_n_0
                         CARRY4 (Prop_carry4_CI_O[1])
                                                      0.337    25.274 f  acc_reg[63]_i_23/O[1]
                         net (fo=8, unplaced)         0.649    25.923    data1[61]
                         LUT2 (Prop_lut2_I0_O)        0.306    26.229 r  x_wdata[15]_i_11/O
                         net (fo=1, unplaced)         0.000    26.229    x_wdata[15]_i_11_n_0
                         CARRY4 (Prop_carry4_S[1]_CO[2])
                                                      0.574    26.803 f  x_wdata_reg[15]_i_3/CO[2]
                         net (fo=128, unplaced)       0.528    27.331    x_wdata_reg[15]_i_3_n_1
                         LUT3 (Prop_lut3_I0_O)        0.336    27.667 r  x_wdata[11]_i_1/O
                         net (fo=1, unplaced)         0.000    27.667    x_wdata[11]_i_1_n_0
                         FDRE                                         r  x_wdata_reg[11]/D
  -------------------------------------------------------------------    -------------------

                         (clock clk rise edge)       10.000    10.000 r  <hidden>
                                                      0.000    10.000 r  clk
                         net (fo=43146, unset)        0.924    10.924    clk
                         FDRE                                         r  x_wdata_reg[11]/C
                         clock pessimism              0.000    10.924    <hidden>
                         clock uncertainty           -0.035    10.889    <hidden>
                         FDRE (Setup_fdre_C_D)        0.044    10.933    x_wdata_reg[11]
  -------------------------------------------------------------------
                         required time                         10.933    <hidden>
                         arrival time                         -27.667    <hidden>
  -------------------------------------------------------------------
                         slack                                -16.734    <hidden>

Slack (VIOLATED) :        -16.734ns  (required time - arrival time)
  Source:                 toks_reg[23][0]/C
                            (rising edge-triggered cell FDRE clocked by clk  {rise@0.000ns fall@5.000ns period=10.000ns})
  Destination:            x_wdata_reg[13]/D
                            (rising edge-triggered cell FDRE clocked by clk  {rise@0.000ns fall@5.000ns period=10.000ns})
  Path Group:             clk
  Path Type:              Setup (Max at Slow Process Corner)
  Requirement:            10.000ns  (clk rise@10.000ns - clk rise@0.000ns)
  Data Path Delay:        26.694ns  (logic 16.432ns (61.558%)  route 10.262ns (38.442%))
  Logic Levels:           41  (CARRY4=24 DSP48E1=2 LUT1=2 LUT2=2 LUT3=2 LUT4=1 LUT5=2 LUT6=4 MUXF7=2)
  Clock Path Skew:        -0.049ns (DCD - SCD + CPR)
    Destination Clock Delay (DCD):    0.924ns = ( 10.924 - 10.000 ) 
    Source Clock Delay      (SCD):    0.973ns
    Clock Pessimism Removal (CPR):    0.000ns
  Clock Uncertainty:      0.035ns  ((TSJ^2 + TIJ^2)^1/2 + DJ) / 2 + PE
    Total System Jitter     (TSJ):    0.071ns
    Total Input Jitter      (TIJ):    0.000ns
    Discrete Jitter          (DJ):    0.000ns
    Phase Error              (PE):    0.000ns

    Location             Delay type                Incr(ns)  Path(ns)    Netlist Resource(s)
  -------------------------------------------------------------------    -------------------
                         (clock clk rise edge)        0.000     0.000 r  <hidden>
                                                      0.000     0.000 r  clk
                         net (fo=43146, unset)        0.973     0.973    clk
                         FDRE                                         r  toks_reg[23][0]/C
  -------------------------------------------------------------------    -------------------
                         FDRE (Prop_fdre_C_Q)         0.478     1.451 r  toks_reg[23][0]/Q
                         net (fo=1, unplaced)         0.965     2.416    toks_reg[23][0]
                         LUT6 (Prop_lut6_I0_O)        0.295     2.711 r  g0_b0__7_i_30/O
                         net (fo=1, unplaced)         0.000     2.711    g0_b0__7_i_30_n_0
                         MUXF7 (Prop_muxf7_I1_O)      0.247     2.958 r  g0_b0__7_i_14/O
                         net (fo=2, unplaced)         0.746     3.704    g0_b0__7_i_14_n_0
                         LUT5 (Prop_lut5_I0_O)        0.298     4.002 r  g0_b0__7_i_4/O
                         net (fo=1, unplaced)         0.469     4.471    toks[0]
                         CARRY4 (Prop_carry4_DI[1]_O[3])
                                                      0.629     5.100 r  g0_b0__7_i_1/O[3]
                         net (fo=239, unplaced)       1.089     6.189    g0_b0__7_i_1_n_4
                         LUT6 (Prop_lut6_I2_O)        0.307     6.496 r  c4_rq_return1_i_132/O
                         net (fo=2, unplaced)         0.743     7.239    c4_rq_return1_i_132_n_0
                         LUT6 (Prop_lut6_I3_O)        0.124     7.363 r  c4_rq_return1_i_69/O
                         net (fo=1, unplaced)         0.665     8.028    c4_rq_return1_i_69_n_0
                         LUT6 (Prop_lut6_I0_O)        0.124     8.152 r  c4_rq_return1_i_23/O
                         net (fo=1, unplaced)         0.000     8.152    c4_rq_return1_i_23_n_0
                         MUXF7 (Prop_muxf7_I0_O)      0.241     8.393 r  c4_rq_return1_i_10/O
                         net (fo=1, unplaced)         0.452     8.845    a[6]
                         LUT2 (Prop_lut2_I0_O)        0.298     9.143 r  c4_rq_return1_i_2/O
                         net (fo=2, unplaced)         0.803     9.946    c4_rq_return1_i_2_n_0
                         DSP48E1 (Prop_dsp48e1_A[6]_PCOUT[47])
                                                      4.036    13.982 r  c4_rq_return1/PCOUT[47]
                         net (fo=1, unplaced)         0.000    13.982    c4_rq_return1_n_106
                         DSP48E1 (Prop_dsp48e1_PCIN[47]_P[1])
                                                      1.518    15.500 f  c4_rq_return1__0/P[1]
                         net (fo=3, unplaced)         0.803    16.303    c4_rq_return1__0_n_104
                         LUT1 (Prop_lut1_I0_O)        0.124    16.427 r  x_wdata[3]_i_90/O
                         net (fo=1, unplaced)         0.000    16.427    x_wdata[3]_i_90_n_0
                         CARRY4 (Prop_carry4_S[1]_CO[3])
                                                      0.533    16.960 r  x_wdata_reg[3]_i_58/CO[3]
                         net (fo=1, unplaced)         0.000    16.960    x_wdata_reg[3]_i_58_n_0
                         CARRY4 (Prop_carry4_CI_O[1])
                                                      0.337    17.297 f  x_wdata_reg[3]_i_36/O[1]
                         net (fo=2, unplaced)         0.622    17.919    c4_rq_return4[22]
                         LUT5 (Prop_lut5_I0_O)        0.306    18.225 r  x_wdata[3]_i_32/O
                         net (fo=1, unplaced)         0.000    18.225    x_wdata[3]_i_32_n_0
                         CARRY4 (Prop_carry4_S[3]_CO[3])
                                                      0.376    18.601 r  x_wdata_reg[3]_i_17/CO[3]
                         net (fo=1, unplaced)         0.000    18.601    x_wdata_reg[3]_i_17_n_0
                         CARRY4 (Prop_carry4_CI_CO[0])
                                                      0.281    18.882 r  x_wdata_reg[3]_i_11/CO[0]
                         net (fo=2, unplaced)         0.322    19.204    x_wdata_reg[3]_i_11_n_3
                         LUT4 (Prop_lut4_I3_O)        0.367    19.571 r  x_wdata[3]_i_15/O
                         net (fo=1, unplaced)         0.000    19.571    x_wdata[3]_i_15_n_0
                         CARRY4 (Prop_carry4_S[0]_CO[3])
                                                      0.513    20.084 r  x_wdata_reg[3]_i_6/CO[3]
                         net (fo=1, unplaced)         0.000    20.084    x_wdata_reg[3]_i_6_n_0
                         CARRY4 (Prop_carry4_CI_CO[3])
                                                      0.117    20.201 r  x_wdata_reg[7]_i_11/CO[3]
                         net (fo=1, unplaced)         0.000    20.201    x_wdata_reg[7]_i_11_n_0
                         CARRY4 (Prop_carry4_CI_CO[3])
                                                      0.117    20.318 r  x_wdata_reg[11]_i_11/CO[3]
                         net (fo=1, unplaced)         0.000    20.318    x_wdata_reg[11]_i_11_n_0
                         CARRY4 (Prop_carry4_CI_CO[3])
                                                      0.117    20.435 r  x_wdata_reg[15]_i_40/CO[3]
                         net (fo=1, unplaced)         0.000    20.435    x_wdata_reg[15]_i_40_n_0
                         CARRY4 (Prop_carry4_CI_CO[3])
                                                      0.117    20.552 r  acc_reg[19]_i_50/CO[3]
                         net (fo=1, unplaced)         0.000    20.552    acc_reg[19]_i_50_n_0
                         CARRY4 (Prop_carry4_CI_CO[3])
                                                      0.117    20.669 r  acc_reg[23]_i_52/CO[3]
                         net (fo=1, unplaced)         0.000    20.669    acc_reg[23]_i_52_n_0
                         CARRY4 (Prop_carry4_CI_CO[3])
                                                      0.117    20.786 r  acc_reg[27]_i_50/CO[3]
                         net (fo=1, unplaced)         0.000    20.786    acc_reg[27]_i_50_n_0
                         CARRY4 (Prop_carry4_CI_O[2])
                                                      0.256    21.042 f  acc_reg[31]_i_55/O[2]
                         net (fo=3, unplaced)         0.470    21.512    c4_rq_return1__1[30]
                         LUT1 (Prop_lut1_I0_O)        0.301    21.813 r  acc[35]_i_63/O
                         net (fo=1, unplaced)         0.000    21.813    acc[35]_i_63_n_0
                         CARRY4 (Prop_carry4_S[1]_CO[3])
                                                      0.533    22.346 r  acc_reg[35]_i_50/CO[3]
                         net (fo=1, unplaced)         0.000    22.346    acc_reg[35]_i_50_n_0
                         CARRY4 (Prop_carry4_CI_O[2])
                                                      0.256    22.602 r  acc_reg[39]_i_49/O[2]
                         net (fo=2, unplaced)         0.463    23.065    c4_rq_return0[35]
                         LUT3 (Prop_lut3_I0_O)        0.301    23.366 r  acc[35]_i_23/O
                         net (fo=1, unplaced)         0.473    23.839    c4_rq_return[35]
                         CARRY4 (Prop_carry4_DI[3]_CO[3])
                                                      0.396    24.235 r  acc_reg[35]_i_11/CO[3]
                         net (fo=1, unplaced)         0.000    24.235    acc_reg[35]_i_11_n_0
                         CARRY4 (Prop_carry4_CI_CO[3])
                                                      0.117    24.352 r  acc_reg[39]_i_11/CO[3]
                         net (fo=1, unplaced)         0.000    24.352    acc_reg[39]_i_11_n_0
                         CARRY4 (Prop_carry4_CI_CO[3])
                                                      0.117    24.469 r  acc_reg[43]_i_11/CO[3]
                         net (fo=1, unplaced)         0.000    24.469    acc_reg[43]_i_11_n_0
                         CARRY4 (Prop_carry4_CI_CO[3])
                                                      0.117    24.586 r  acc_reg[47]_i_11/CO[3]
                         net (fo=1, unplaced)         0.000    24.586    acc_reg[47]_i_11_n_0
                         CARRY4 (Prop_carry4_CI_CO[3])
                                                      0.117    24.703 r  acc_reg[51]_i_11/CO[3]
                         net (fo=1, unplaced)         0.000    24.703    acc_reg[51]_i_11_n_0
                         CARRY4 (Prop_carry4_CI_CO[3])
                                                      0.117    24.820 r  acc_reg[55]_i_11/CO[3]
                         net (fo=1, unplaced)         0.000    24.820    acc_reg[55]_i_11_n_0
                         CARRY4 (Prop_carry4_CI_CO[3])
                                                      0.117    24.937 r  acc_reg[59]_i_11/CO[3]
                         net (fo=1, unplaced)         0.000    24.937    acc_reg[59]_i_11_n_0
                         CARRY4 (Prop_carry4_CI_O[1])
                                                      0.337    25.274 f  acc_reg[63]_i_23/O[1]
                         net (fo=8, unplaced)         0.649    25.923    data1[61]
                         LUT2 (Prop_lut2_I0_O)        0.306    26.229 r  x_wdata[15]_i_11/O
                         net (fo=1, unplaced)         0.000    26.229    x_wdata[15]_i_11_n_0
                         CARRY4 (Prop_carry4_S[1]_CO[2])
                                                      0.574    26.803 f  x_wdata_reg[15]_i_3/CO[2]
                         net (fo=128, unplaced)       0.528    27.331    x_wdata_reg[15]_i_3_n_1
                         LUT3 (Prop_lut3_I0_O)        0.336    27.667 r  x_wdata[13]_i_1/O
                         net (fo=1, unplaced)         0.000    27.667    x_wdata[13]_i_1_n_0
                         FDRE                                         r  x_wdata_reg[13]/D
  -------------------------------------------------------------------    -------------------

                         (clock clk rise edge)       10.000    10.000 r  <hidden>
                                                      0.000    10.000 r  clk
                         net (fo=43146, unset)        0.924    10.924    clk
                         FDRE                                         r  x_wdata_reg[13]/C
                         clock pessimism              0.000    10.924    <hidden>
                         clock uncertainty           -0.035    10.889    <hidden>
                         FDRE (Setup_fdre_C_D)        0.044    10.933    x_wdata_reg[13]
  -------------------------------------------------------------------
                         required time                         10.933    <hidden>
                         arrival time                         -27.667    <hidden>
  -------------------------------------------------------------------
                         slack                                -16.734    <hidden>

Slack (VIOLATED) :        -16.734ns  (required time - arrival time)
  Source:                 toks_reg[23][0]/C
                            (rising edge-triggered cell FDRE clocked by clk  {rise@0.000ns fall@5.000ns period=10.000ns})
  Destination:            x_wdata_reg[15]/D
                            (rising edge-triggered cell FDRE clocked by clk  {rise@0.000ns fall@5.000ns period=10.000ns})
  Path Group:             clk
  Path Type:              Setup (Max at Slow Process Corner)
  Requirement:            10.000ns  (clk rise@10.000ns - clk rise@0.000ns)
  Data Path Delay:        26.694ns  (logic 16.432ns (61.558%)  route 10.262ns (38.442%))
  Logic Levels:           41  (CARRY4=24 DSP48E1=2 LUT1=2 LUT2=2 LUT3=2 LUT4=1 LUT5=2 LUT6=4 MUXF7=2)
  Clock Path Skew:        -0.049ns (DCD - SCD + CPR)
    Destination Clock Delay (DCD):    0.924ns = ( 10.924 - 10.000 ) 
    Source Clock Delay      (SCD):    0.973ns
    Clock Pessimism Removal (CPR):    0.000ns
  Clock Uncertainty:      0.035ns  ((TSJ^2 + TIJ^2)^1/2 + DJ) / 2 + PE
    Total System Jitter     (TSJ):    0.071ns
    Total Input Jitter      (TIJ):    0.000ns
    Discrete Jitter          (DJ):    0.000ns
    Phase Error              (PE):    0.000ns

    Location             Delay type                Incr(ns)  Path(ns)    Netlist Resource(s)
  -------------------------------------------------------------------    -------------------
                         (clock clk rise edge)        0.000     0.000 r  <hidden>
                                                      0.000     0.000 r  clk
                         net (fo=43146, unset)        0.973     0.973    clk
                         FDRE                                         r  toks_reg[23][0]/C
  -------------------------------------------------------------------    -------------------
                         FDRE (Prop_fdre_C_Q)         0.478     1.451 r  toks_reg[23][0]/Q
                         net (fo=1, unplaced)         0.965     2.416    toks_reg[23][0]
                         LUT6 (Prop_lut6_I0_O)        0.295     2.711 r  g0_b0__7_i_30/O
                         net (fo=1, unplaced)         0.000     2.711    g0_b0__7_i_30_n_0
                         MUXF7 (Prop_muxf7_I1_O)      0.247     2.958 r  g0_b0__7_i_14/O
                         net (fo=2, unplaced)         0.746     3.704    g0_b0__7_i_14_n_0
                         LUT5 (Prop_lut5_I0_O)        0.298     4.002 r  g0_b0__7_i_4/O
                         net (fo=1, unplaced)         0.469     4.471    toks[0]
                         CARRY4 (Prop_carry4_DI[1]_O[3])
                                                      0.629     5.100 r  g0_b0__7_i_1/O[3]
                         net (fo=239, unplaced)       1.089     6.189    g0_b0__7_i_1_n_4
                         LUT6 (Prop_lut6_I2_O)        0.307     6.496 r  c4_rq_return1_i_132/O
                         net (fo=2, unplaced)         0.743     7.239    c4_rq_return1_i_132_n_0
                         LUT6 (Prop_lut6_I3_O)        0.124     7.363 r  c4_rq_return1_i_69/O
                         net (fo=1, unplaced)         0.665     8.028    c4_rq_return1_i_69_n_0
                         LUT6 (Prop_lut6_I0_O)        0.124     8.152 r  c4_rq_return1_i_23/O
                         net (fo=1, unplaced)         0.000     8.152    c4_rq_return1_i_23_n_0
                         MUXF7 (Prop_muxf7_I0_O)      0.241     8.393 r  c4_rq_return1_i_10/O
                         net (fo=1, unplaced)         0.452     8.845    a[6]
                         LUT2 (Prop_lut2_I0_O)        0.298     9.143 r  c4_rq_return1_i_2/O
                         net (fo=2, unplaced)         0.803     9.946    c4_rq_return1_i_2_n_0
                         DSP48E1 (Prop_dsp48e1_A[6]_PCOUT[47])
                                                      4.036    13.982 r  c4_rq_return1/PCOUT[47]
                         net (fo=1, unplaced)         0.000    13.982    c4_rq_return1_n_106
                         DSP48E1 (Prop_dsp48e1_PCIN[47]_P[1])
                                                      1.518    15.500 f  c4_rq_return1__0/P[1]
                         net (fo=3, unplaced)         0.803    16.303    c4_rq_return1__0_n_104
                         LUT1 (Prop_lut1_I0_O)        0.124    16.427 r  x_wdata[3]_i_90/O
                         net (fo=1, unplaced)         0.000    16.427    x_wdata[3]_i_90_n_0
                         CARRY4 (Prop_carry4_S[1]_CO[3])
                                                      0.533    16.960 r  x_wdata_reg[3]_i_58/CO[3]
                         net (fo=1, unplaced)         0.000    16.960    x_wdata_reg[3]_i_58_n_0
                         CARRY4 (Prop_carry4_CI_O[1])
                                                      0.337    17.297 f  x_wdata_reg[3]_i_36/O[1]
                         net (fo=2, unplaced)         0.622    17.919    c4_rq_return4[22]
                         LUT5 (Prop_lut5_I0_O)        0.306    18.225 r  x_wdata[3]_i_32/O
                         net (fo=1, unplaced)         0.000    18.225    x_wdata[3]_i_32_n_0
                         CARRY4 (Prop_carry4_S[3]_CO[3])
                                                      0.376    18.601 r  x_wdata_reg[3]_i_17/CO[3]
                         net (fo=1, unplaced)         0.000    18.601    x_wdata_reg[3]_i_17_n_0
                         CARRY4 (Prop_carry4_CI_CO[0])
                                                      0.281    18.882 r  x_wdata_reg[3]_i_11/CO[0]
                         net (fo=2, unplaced)         0.322    19.204    x_wdata_reg[3]_i_11_n_3
                         LUT4 (Prop_lut4_I3_O)        0.367    19.571 r  x_wdata[3]_i_15/O
                         net (fo=1, unplaced)         0.000    19.571    x_wdata[3]_i_15_n_0
                         CARRY4 (Prop_carry4_S[0]_CO[3])
                                                      0.513    20.084 r  x_wdata_reg[3]_i_6/CO[3]
                         net (fo=1, unplaced)         0.000    20.084    x_wdata_reg[3]_i_6_n_0
                         CARRY4 (Prop_carry4_CI_CO[3])
                                                      0.117    20.201 r  x_wdata_reg[7]_i_11/CO[3]
                         net (fo=1, unplaced)         0.000    20.201    x_wdata_reg[7]_i_11_n_0
                         CARRY4 (Prop_carry4_CI_CO[3])
                                                      0.117    20.318 r  x_wdata_reg[11]_i_11/CO[3]
                         net (fo=1, unplaced)         0.000    20.318    x_wdata_reg[11]_i_11_n_0
                         CARRY4 (Prop_carry4_CI_CO[3])
                                                      0.117    20.435 r  x_wdata_reg[15]_i_40/CO[3]
                         net (fo=1, unplaced)         0.000    20.435    x_wdata_reg[15]_i_40_n_0
                         CARRY4 (Prop_carry4_CI_CO[3])
                                                      0.117    20.552 r  acc_reg[19]_i_50/CO[3]
                         net (fo=1, unplaced)         0.000    20.552    acc_reg[19]_i_50_n_0
                         CARRY4 (Prop_carry4_CI_CO[3])
                                                      0.117    20.669 r  acc_reg[23]_i_52/CO[3]
                         net (fo=1, unplaced)         0.000    20.669    acc_reg[23]_i_52_n_0
                         CARRY4 (Prop_carry4_CI_CO[3])
                                                      0.117    20.786 r  acc_reg[27]_i_50/CO[3]
                         net (fo=1, unplaced)         0.000    20.786    acc_reg[27]_i_50_n_0
                         CARRY4 (Prop_carry4_CI_O[2])
                                                      0.256    21.042 f  acc_reg[31]_i_55/O[2]
                         net (fo=3, unplaced)         0.470    21.512    c4_rq_return1__1[30]
                         LUT1 (Prop_lut1_I0_O)        0.301    21.813 r  acc[35]_i_63/O
                         net (fo=1, unplaced)         0.000    21.813    acc[35]_i_63_n_0
                         CARRY4 (Prop_carry4_S[1]_CO[3])
                                                      0.533    22.346 r  acc_reg[35]_i_50/CO[3]
                         net (fo=1, unplaced)         0.000    22.346    acc_reg[35]_i_50_n_0
                         CARRY4 (Prop_carry4_CI_O[2])
                                                      0.256    22.602 r  acc_reg[39]_i_49/O[2]
                         net (fo=2, unplaced)         0.463    23.065    c4_rq_return0[35]
                         LUT3 (Prop_lut3_I0_O)        0.301    23.366 r  acc[35]_i_23/O
                         net (fo=1, unplaced)         0.473    23.839    c4_rq_return[35]
                         CARRY4 (Prop_carry4_DI[3]_CO[3])
                                                      0.396    24.235 r  acc_reg[35]_i_11/CO[3]
                         net (fo=1, unplaced)         0.000    24.235    acc_reg[35]_i_11_n_0
                         CARRY4 (Prop_carry4_CI_CO[3])
                                                      0.117    24.352 r  acc_reg[39]_i_11/CO[3]
                         net (fo=1, unplaced)         0.000    24.352    acc_reg[39]_i_11_n_0
                         CARRY4 (Prop_carry4_CI_CO[3])
                                                      0.117    24.469 r  acc_reg[43]_i_11/CO[3]
                         net (fo=1, unplaced)         0.000    24.469    acc_reg[43]_i_11_n_0
                         CARRY4 (Prop_carry4_CI_CO[3])
                                                      0.117    24.586 r  acc_reg[47]_i_11/CO[3]
                         net (fo=1, unplaced)         0.000    24.586    acc_reg[47]_i_11_n_0
                         CARRY4 (Prop_carry4_CI_CO[3])
                                                      0.117    24.703 r  acc_reg[51]_i_11/CO[3]
                         net (fo=1, unplaced)         0.000    24.703    acc_reg[51]_i_11_n_0
                         CARRY4 (Prop_carry4_CI_CO[3])
                                                      0.117    24.820 r  acc_reg[55]_i_11/CO[3]
                         net (fo=1, unplaced)         0.000    24.820    acc_reg[55]_i_11_n_0
                         CARRY4 (Prop_carry4_CI_CO[3])
                                                      0.117    24.937 r  acc_reg[59]_i_11/CO[3]
                         net (fo=1, unplaced)         0.000    24.937    acc_reg[59]_i_11_n_0
                         CARRY4 (Prop_carry4_CI_O[1])
                                                      0.337    25.274 f  acc_reg[63]_i_23/O[1]
                         net (fo=8, unplaced)         0.649    25.923    data1[61]
                         LUT2 (Prop_lut2_I0_O)        0.306    26.229 r  x_wdata[15]_i_11/O
                         net (fo=1, unplaced)         0.000    26.229    x_wdata[15]_i_11_n_0
                         CARRY4 (Prop_carry4_S[1]_CO[2])
                                                      0.574    26.803 f  x_wdata_reg[15]_i_3/CO[2]
                         net (fo=128, unplaced)       0.528    27.331    x_wdata_reg[15]_i_3_n_1
                         LUT3 (Prop_lut3_I0_O)        0.336    27.667 r  x_wdata[15]_i_2/O
                         net (fo=1, unplaced)         0.000    27.667    x_wdata[15]_i_2_n_0
                         FDRE                                         r  x_wdata_reg[15]/D
  -------------------------------------------------------------------    -------------------

                         (clock clk rise edge)       10.000    10.000 r  <hidden>
                                                      0.000    10.000 r  clk
                         net (fo=43146, unset)        0.924    10.924    clk
                         FDRE                                         r  x_wdata_reg[15]/C
                         clock pessimism              0.000    10.924    <hidden>
                         clock uncertainty           -0.035    10.889    <hidden>
                         FDRE (Setup_fdre_C_D)        0.044    10.933    x_wdata_reg[15]
  -------------------------------------------------------------------
                         required time                         10.933    <hidden>
                         arrival time                         -27.667    <hidden>
  -------------------------------------------------------------------
                         slack                                -16.734    <hidden>

Slack (VIOLATED) :        -16.734ns  (required time - arrival time)
  Source:                 toks_reg[23][0]/C
                            (rising edge-triggered cell FDRE clocked by clk  {rise@0.000ns fall@5.000ns period=10.000ns})
  Destination:            x_wdata_reg[1]/D
                            (rising edge-triggered cell FDRE clocked by clk  {rise@0.000ns fall@5.000ns period=10.000ns})
  Path Group:             clk
  Path Type:              Setup (Max at Slow Process Corner)
  Requirement:            10.000ns  (clk rise@10.000ns - clk rise@0.000ns)
  Data Path Delay:        26.694ns  (logic 16.432ns (61.558%)  route 10.262ns (38.442%))
  Logic Levels:           41  (CARRY4=24 DSP48E1=2 LUT1=2 LUT2=2 LUT3=2 LUT4=1 LUT5=2 LUT6=4 MUXF7=2)
  Clock Path Skew:        -0.049ns (DCD - SCD + CPR)
    Destination Clock Delay (DCD):    0.924ns = ( 10.924 - 10.000 ) 
    Source Clock Delay      (SCD):    0.973ns
    Clock Pessimism Removal (CPR):    0.000ns
  Clock Uncertainty:      0.035ns  ((TSJ^2 + TIJ^2)^1/2 + DJ) / 2 + PE
    Total System Jitter     (TSJ):    0.071ns
    Total Input Jitter      (TIJ):    0.000ns
    Discrete Jitter          (DJ):    0.000ns
    Phase Error              (PE):    0.000ns

    Location             Delay type                Incr(ns)  Path(ns)    Netlist Resource(s)
  -------------------------------------------------------------------    -------------------
                         (clock clk rise edge)        0.000     0.000 r  <hidden>
                                                      0.000     0.000 r  clk
                         net (fo=43146, unset)        0.973     0.973    clk
                         FDRE                                         r  toks_reg[23][0]/C
  -------------------------------------------------------------------    -------------------
                         FDRE (Prop_fdre_C_Q)         0.478     1.451 r  toks_reg[23][0]/Q
                         net (fo=1, unplaced)         0.965     2.416    toks_reg[23][0]
                         LUT6 (Prop_lut6_I0_O)        0.295     2.711 r  g0_b0__7_i_30/O
                         net (fo=1, unplaced)         0.000     2.711    g0_b0__7_i_30_n_0
                         MUXF7 (Prop_muxf7_I1_O)      0.247     2.958 r  g0_b0__7_i_14/O
                         net (fo=2, unplaced)         0.746     3.704    g0_b0__7_i_14_n_0
                         LUT5 (Prop_lut5_I0_O)        0.298     4.002 r  g0_b0__7_i_4/O
                         net (fo=1, unplaced)         0.469     4.471    toks[0]
                         CARRY4 (Prop_carry4_DI[1]_O[3])
                                                      0.629     5.100 r  g0_b0__7_i_1/O[3]
                         net (fo=239, unplaced)       1.089     6.189    g0_b0__7_i_1_n_4
                         LUT6 (Prop_lut6_I2_O)        0.307     6.496 r  c4_rq_return1_i_132/O
                         net (fo=2, unplaced)         0.743     7.239    c4_rq_return1_i_132_n_0
                         LUT6 (Prop_lut6_I3_O)        0.124     7.363 r  c4_rq_return1_i_69/O
                         net (fo=1, unplaced)         0.665     8.028    c4_rq_return1_i_69_n_0
                         LUT6 (Prop_lut6_I0_O)        0.124     8.152 r  c4_rq_return1_i_23/O
                         net (fo=1, unplaced)         0.000     8.152    c4_rq_return1_i_23_n_0
                         MUXF7 (Prop_muxf7_I0_O)      0.241     8.393 r  c4_rq_return1_i_10/O
                         net (fo=1, unplaced)         0.452     8.845    a[6]
                         LUT2 (Prop_lut2_I0_O)        0.298     9.143 r  c4_rq_return1_i_2/O
                         net (fo=2, unplaced)         0.803     9.946    c4_rq_return1_i_2_n_0
                         DSP48E1 (Prop_dsp48e1_A[6]_PCOUT[47])
                                                      4.036    13.982 r  c4_rq_return1/PCOUT[47]
                         net (fo=1, unplaced)         0.000    13.982    c4_rq_return1_n_106
                         DSP48E1 (Prop_dsp48e1_PCIN[47]_P[1])
                                                      1.518    15.500 f  c4_rq_return1__0/P[1]
                         net (fo=3, unplaced)         0.803    16.303    c4_rq_return1__0_n_104
                         LUT1 (Prop_lut1_I0_O)        0.124    16.427 r  x_wdata[3]_i_90/O
                         net (fo=1, unplaced)         0.000    16.427    x_wdata[3]_i_90_n_0
                         CARRY4 (Prop_carry4_S[1]_CO[3])
                                                      0.533    16.960 r  x_wdata_reg[3]_i_58/CO[3]
                         net (fo=1, unplaced)         0.000    16.960    x_wdata_reg[3]_i_58_n_0
                         CARRY4 (Prop_carry4_CI_O[1])
                                                      0.337    17.297 f  x_wdata_reg[3]_i_36/O[1]
                         net (fo=2, unplaced)         0.622    17.919    c4_rq_return4[22]
                         LUT5 (Prop_lut5_I0_O)        0.306    18.225 r  x_wdata[3]_i_32/O
                         net (fo=1, unplaced)         0.000    18.225    x_wdata[3]_i_32_n_0
                         CARRY4 (Prop_carry4_S[3]_CO[3])
                                                      0.376    18.601 r  x_wdata_reg[3]_i_17/CO[3]
                         net (fo=1, unplaced)         0.000    18.601    x_wdata_reg[3]_i_17_n_0
                         CARRY4 (Prop_carry4_CI_CO[0])
                                                      0.281    18.882 r  x_wdata_reg[3]_i_11/CO[0]
                         net (fo=2, unplaced)         0.322    19.204    x_wdata_reg[3]_i_11_n_3
                         LUT4 (Prop_lut4_I3_O)        0.367    19.571 r  x_wdata[3]_i_15/O
                         net (fo=1, unplaced)         0.000    19.571    x_wdata[3]_i_15_n_0
                         CARRY4 (Prop_carry4_S[0]_CO[3])
                                                      0.513    20.084 r  x_wdata_reg[3]_i_6/CO[3]
                         net (fo=1, unplaced)         0.000    20.084    x_wdata_reg[3]_i_6_n_0
                         CARRY4 (Prop_carry4_CI_CO[3])
                                                      0.117    20.201 r  x_wdata_reg[7]_i_11/CO[3]
                         net (fo=1, unplaced)         0.000    20.201    x_wdata_reg[7]_i_11_n_0
                         CARRY4 (Prop_carry4_CI_CO[3])
                                                      0.117    20.318 r  x_wdata_reg[11]_i_11/CO[3]
                         net (fo=1, unplaced)         0.000    20.318    x_wdata_reg[11]_i_11_n_0
                         CARRY4 (Prop_carry4_CI_CO[3])
                                                      0.117    20.435 r  x_wdata_reg[15]_i_40/CO[3]
                         net (fo=1, unplaced)         0.000    20.435    x_wdata_reg[15]_i_40_n_0
                         CARRY4 (Prop_carry4_CI_CO[3])
                                                      0.117    20.552 r  acc_reg[19]_i_50/CO[3]
                         net (fo=1, unplaced)         0.000    20.552    acc_reg[19]_i_50_n_0
                         CARRY4 (Prop_carry4_CI_CO[3])
                                                      0.117    20.669 r  acc_reg[23]_i_52/CO[3]
                         net (fo=1, unplaced)         0.000    20.669    acc_reg[23]_i_52_n_0
                         CARRY4 (Prop_carry4_CI_CO[3])
                                                      0.117    20.786 r  acc_reg[27]_i_50/CO[3]
                         net (fo=1, unplaced)         0.000    20.786    acc_reg[27]_i_50_n_0
                         CARRY4 (Prop_carry4_CI_O[2])
                                                      0.256    21.042 f  acc_reg[31]_i_55/O[2]
                         net (fo=3, unplaced)         0.470    21.512    c4_rq_return1__1[30]
                         LUT1 (Prop_lut1_I0_O)        0.301    21.813 r  acc[35]_i_63/O
                         net (fo=1, unplaced)         0.000    21.813    acc[35]_i_63_n_0
                         CARRY4 (Prop_carry4_S[1]_CO[3])
                                                      0.533    22.346 r  acc_reg[35]_i_50/CO[3]
                         net (fo=1, unplaced)         0.000    22.346    acc_reg[35]_i_50_n_0
                         CARRY4 (Prop_carry4_CI_O[2])
                                                      0.256    22.602 r  acc_reg[39]_i_49/O[2]
                         net (fo=2, unplaced)         0.463    23.065    c4_rq_return0[35]
                         LUT3 (Prop_lut3_I0_O)        0.301    23.366 r  acc[35]_i_23/O
                         net (fo=1, unplaced)         0.473    23.839    c4_rq_return[35]
                         CARRY4 (Prop_carry4_DI[3]_CO[3])
                                                      0.396    24.235 r  acc_reg[35]_i_11/CO[3]
                         net (fo=1, unplaced)         0.000    24.235    acc_reg[35]_i_11_n_0
                         CARRY4 (Prop_carry4_CI_CO[3])
                                                      0.117    24.352 r  acc_reg[39]_i_11/CO[3]
                         net (fo=1, unplaced)         0.000    24.352    acc_reg[39]_i_11_n_0
                         CARRY4 (Prop_carry4_CI_CO[3])
                                                      0.117    24.469 r  acc_reg[43]_i_11/CO[3]
                         net (fo=1, unplaced)         0.000    24.469    acc_reg[43]_i_11_n_0
                         CARRY4 (Prop_carry4_CI_CO[3])
                                                      0.117    24.586 r  acc_reg[47]_i_11/CO[3]
                         net (fo=1, unplaced)         0.000    24.586    acc_reg[47]_i_11_n_0
                         CARRY4 (Prop_carry4_CI_CO[3])
                                                      0.117    24.703 r  acc_reg[51]_i_11/CO[3]
                         net (fo=1, unplaced)         0.000    24.703    acc_reg[51]_i_11_n_0
                         CARRY4 (Prop_carry4_CI_CO[3])
                                                      0.117    24.820 r  acc_reg[55]_i_11/CO[3]
                         net (fo=1, unplaced)         0.000    24.820    acc_reg[55]_i_11_n_0
                         CARRY4 (Prop_carry4_CI_CO[3])
                                                      0.117    24.937 r  acc_reg[59]_i_11/CO[3]
                         net (fo=1, unplaced)         0.000    24.937    acc_reg[59]_i_11_n_0
                         CARRY4 (Prop_carry4_CI_O[1])
                                                      0.337    25.274 f  acc_reg[63]_i_23/O[1]
                         net (fo=8, unplaced)         0.649    25.923    data1[61]
                         LUT2 (Prop_lut2_I0_O)        0.306    26.229 r  x_wdata[15]_i_11/O
                         net (fo=1, unplaced)         0.000    26.229    x_wdata[15]_i_11_n_0
                         CARRY4 (Prop_carry4_S[1]_CO[2])
                                                      0.574    26.803 r  x_wdata_reg[15]_i_3/CO[2]
                         net (fo=128, unplaced)       0.528    27.331    x_wdata_reg[15]_i_3_n_1
                         LUT3 (Prop_lut3_I0_O)        0.336    27.667 r  x_wdata[1]_i_1/O
                         net (fo=1, unplaced)         0.000    27.667    x_wdata[1]_i_1_n_0
                         FDRE                                         r  x_wdata_reg[1]/D
  -------------------------------------------------------------------    -------------------

                         (clock clk rise edge)       10.000    10.000 r  <hidden>
                                                      0.000    10.000 r  clk
                         net (fo=43146, unset)        0.924    10.924    clk
                         FDRE                                         r  x_wdata_reg[1]/C
                         clock pessimism              0.000    10.924    <hidden>
                         clock uncertainty           -0.035    10.889    <hidden>
                         FDRE (Setup_fdre_C_D)        0.044    10.933    x_wdata_reg[1]
  -------------------------------------------------------------------
                         required time                         10.933    <hidden>
                         arrival time                         -27.667    <hidden>
  -------------------------------------------------------------------
                         slack                                -16.734    <hidden>

Slack (VIOLATED) :        -16.734ns  (required time - arrival time)
  Source:                 toks_reg[23][0]/C
                            (rising edge-triggered cell FDRE clocked by clk  {rise@0.000ns fall@5.000ns period=10.000ns})
  Destination:            x_wdata_reg[3]/D
                            (rising edge-triggered cell FDRE clocked by clk  {rise@0.000ns fall@5.000ns period=10.000ns})
  Path Group:             clk
  Path Type:              Setup (Max at Slow Process Corner)
  Requirement:            10.000ns  (clk rise@10.000ns - clk rise@0.000ns)
  Data Path Delay:        26.694ns  (logic 16.432ns (61.558%)  route 10.262ns (38.442%))
  Logic Levels:           41  (CARRY4=24 DSP48E1=2 LUT1=2 LUT2=2 LUT3=2 LUT4=1 LUT5=2 LUT6=4 MUXF7=2)
  Clock Path Skew:        -0.049ns (DCD - SCD + CPR)
    Destination Clock Delay (DCD):    0.924ns = ( 10.924 - 10.000 ) 
    Source Clock Delay      (SCD):    0.973ns
    Clock Pessimism Removal (CPR):    0.000ns
  Clock Uncertainty:      0.035ns  ((TSJ^2 + TIJ^2)^1/2 + DJ) / 2 + PE
    Total System Jitter     (TSJ):    0.071ns
    Total Input Jitter      (TIJ):    0.000ns
    Discrete Jitter          (DJ):    0.000ns
    Phase Error              (PE):    0.000ns

    Location             Delay type                Incr(ns)  Path(ns)    Netlist Resource(s)
  -------------------------------------------------------------------    -------------------
                         (clock clk rise edge)        0.000     0.000 r  <hidden>
                                                      0.000     0.000 r  clk
                         net (fo=43146, unset)        0.973     0.973    clk
                         FDRE                                         r  toks_reg[23][0]/C
  -------------------------------------------------------------------    -------------------
                         FDRE (Prop_fdre_C_Q)         0.478     1.451 r  toks_reg[23][0]/Q
                         net (fo=1, unplaced)         0.965     2.416    toks_reg[23][0]
                         LUT6 (Prop_lut6_I0_O)        0.295     2.711 r  g0_b0__7_i_30/O
                         net (fo=1, unplaced)         0.000     2.711    g0_b0__7_i_30_n_0
                         MUXF7 (Prop_muxf7_I1_O)      0.247     2.958 r  g0_b0__7_i_14/O
                         net (fo=2, unplaced)         0.746     3.704    g0_b0__7_i_14_n_0
                         LUT5 (Prop_lut5_I0_O)        0.298     4.002 r  g0_b0__7_i_4/O
                         net (fo=1, unplaced)         0.469     4.471    toks[0]
                         CARRY4 (Prop_carry4_DI[1]_O[3])
                                                      0.629     5.100 r  g0_b0__7_i_1/O[3]
                         net (fo=239, unplaced)       1.089     6.189    g0_b0__7_i_1_n_4
                         LUT6 (Prop_lut6_I2_O)        0.307     6.496 r  c4_rq_return1_i_132/O
                         net (fo=2, unplaced)         0.743     7.239    c4_rq_return1_i_132_n_0
                         LUT6 (Prop_lut6_I3_O)        0.124     7.363 r  c4_rq_return1_i_69/O
                         net (fo=1, unplaced)         0.665     8.028    c4_rq_return1_i_69_n_0
                         LUT6 (Prop_lut6_I0_O)        0.124     8.152 r  c4_rq_return1_i_23/O
                         net (fo=1, unplaced)         0.000     8.152    c4_rq_return1_i_23_n_0
                         MUXF7 (Prop_muxf7_I0_O)      0.241     8.393 r  c4_rq_return1_i_10/O
                         net (fo=1, unplaced)         0.452     8.845    a[6]
                         LUT2 (Prop_lut2_I0_O)        0.298     9.143 r  c4_rq_return1_i_2/O
                         net (fo=2, unplaced)         0.803     9.946    c4_rq_return1_i_2_n_0
                         DSP48E1 (Prop_dsp48e1_A[6]_PCOUT[47])
                                                      4.036    13.982 r  c4_rq_return1/PCOUT[47]
                         net (fo=1, unplaced)         0.000    13.982    c4_rq_return1_n_106
                         DSP48E1 (Prop_dsp48e1_PCIN[47]_P[1])
                                                      1.518    15.500 f  c4_rq_return1__0/P[1]
                         net (fo=3, unplaced)         0.803    16.303    c4_rq_return1__0_n_104
                         LUT1 (Prop_lut1_I0_O)        0.124    16.427 r  x_wdata[3]_i_90/O
                         net (fo=1, unplaced)         0.000    16.427    x_wdata[3]_i_90_n_0
                         CARRY4 (Prop_carry4_S[1]_CO[3])
                                                      0.533    16.960 r  x_wdata_reg[3]_i_58/CO[3]
                         net (fo=1, unplaced)         0.000    16.960    x_wdata_reg[3]_i_58_n_0
                         CARRY4 (Prop_carry4_CI_O[1])
                                                      0.337    17.297 f  x_wdata_reg[3]_i_36/O[1]
                         net (fo=2, unplaced)         0.622    17.919    c4_rq_return4[22]
                         LUT5 (Prop_lut5_I0_O)        0.306    18.225 r  x_wdata[3]_i_32/O
                         net (fo=1, unplaced)         0.000    18.225    x_wdata[3]_i_32_n_0
                         CARRY4 (Prop_carry4_S[3]_CO[3])
                                                      0.376    18.601 r  x_wdata_reg[3]_i_17/CO[3]
                         net (fo=1, unplaced)         0.000    18.601    x_wdata_reg[3]_i_17_n_0
                         CARRY4 (Prop_carry4_CI_CO[0])
                                                      0.281    18.882 r  x_wdata_reg[3]_i_11/CO[0]
                         net (fo=2, unplaced)         0.322    19.204    x_wdata_reg[3]_i_11_n_3
                         LUT4 (Prop_lut4_I3_O)        0.367    19.571 r  x_wdata[3]_i_15/O
                         net (fo=1, unplaced)         0.000    19.571    x_wdata[3]_i_15_n_0
                         CARRY4 (Prop_carry4_S[0]_CO[3])
                                                      0.513    20.084 r  x_wdata_reg[3]_i_6/CO[3]
                         net (fo=1, unplaced)         0.000    20.084    x_wdata_reg[3]_i_6_n_0
                         CARRY4 (Prop_carry4_CI_CO[3])
                                                      0.117    20.201 r  x_wdata_reg[7]_i_11/CO[3]
                         net (fo=1, unplaced)         0.000    20.201    x_wdata_reg[7]_i_11_n_0
                         CARRY4 (Prop_carry4_CI_CO[3])
                                                      0.117    20.318 r  x_wdata_reg[11]_i_11/CO[3]
                         net (fo=1, unplaced)         0.000    20.318    x_wdata_reg[11]_i_11_n_0
                         CARRY4 (Prop_carry4_CI_CO[3])
                                                      0.117    20.435 r  x_wdata_reg[15]_i_40/CO[3]
                         net (fo=1, unplaced)         0.000    20.435    x_wdata_reg[15]_i_40_n_0
                         CARRY4 (Prop_carry4_CI_CO[3])
                                                      0.117    20.552 r  acc_reg[19]_i_50/CO[3]
                         net (fo=1, unplaced)         0.000    20.552    acc_reg[19]_i_50_n_0
                         CARRY4 (Prop_carry4_CI_CO[3])
                                                      0.117    20.669 r  acc_reg[23]_i_52/CO[3]
                         net (fo=1, unplaced)         0.000    20.669    acc_reg[23]_i_52_n_0
                         CARRY4 (Prop_carry4_CI_CO[3])
                                                      0.117    20.786 r  acc_reg[27]_i_50/CO[3]
                         net (fo=1, unplaced)         0.000    20.786    acc_reg[27]_i_50_n_0
                         CARRY4 (Prop_carry4_CI_O[2])
                                                      0.256    21.042 f  acc_reg[31]_i_55/O[2]
                         net (fo=3, unplaced)         0.470    21.512    c4_rq_return1__1[30]
                         LUT1 (Prop_lut1_I0_O)        0.301    21.813 r  acc[35]_i_63/O
                         net (fo=1, unplaced)         0.000    21.813    acc[35]_i_63_n_0
                         CARRY4 (Prop_carry4_S[1]_CO[3])
                                                      0.533    22.346 r  acc_reg[35]_i_50/CO[3]
                         net (fo=1, unplaced)         0.000    22.346    acc_reg[35]_i_50_n_0
                         CARRY4 (Prop_carry4_CI_O[2])
                                                      0.256    22.602 r  acc_reg[39]_i_49/O[2]
                         net (fo=2, unplaced)         0.463    23.065    c4_rq_return0[35]
                         LUT3 (Prop_lut3_I0_O)        0.301    23.366 r  acc[35]_i_23/O
                         net (fo=1, unplaced)         0.473    23.839    c4_rq_return[35]
                         CARRY4 (Prop_carry4_DI[3]_CO[3])
                                                      0.396    24.235 r  acc_reg[35]_i_11/CO[3]
                         net (fo=1, unplaced)         0.000    24.235    acc_reg[35]_i_11_n_0
                         CARRY4 (Prop_carry4_CI_CO[3])
                                                      0.117    24.352 r  acc_reg[39]_i_11/CO[3]
                         net (fo=1, unplaced)         0.000    24.352    acc_reg[39]_i_11_n_0
                         CARRY4 (Prop_carry4_CI_CO[3])
                                                      0.117    24.469 r  acc_reg[43]_i_11/CO[3]
                         net (fo=1, unplaced)         0.000    24.469    acc_reg[43]_i_11_n_0
                         CARRY4 (Prop_carry4_CI_CO[3])
                                                      0.117    24.586 r  acc_reg[47]_i_11/CO[3]
                         net (fo=1, unplaced)         0.000    24.586    acc_reg[47]_i_11_n_0
                         CARRY4 (Prop_carry4_CI_CO[3])
                                                      0.117    24.703 r  acc_reg[51]_i_11/CO[3]
                         net (fo=1, unplaced)         0.000    24.703    acc_reg[51]_i_11_n_0
                         CARRY4 (Prop_carry4_CI_CO[3])
                                                      0.117    24.820 r  acc_reg[55]_i_11/CO[3]
                         net (fo=1, unplaced)         0.000    24.820    acc_reg[55]_i_11_n_0
                         CARRY4 (Prop_carry4_CI_CO[3])
                                                      0.117    24.937 r  acc_reg[59]_i_11/CO[3]
                         net (fo=1, unplaced)         0.000    24.937    acc_reg[59]_i_11_n_0
                         CARRY4 (Prop_carry4_CI_O[1])
                                                      0.337    25.274 f  acc_reg[63]_i_23/O[1]
                         net (fo=8, unplaced)         0.649    25.923    data1[61]
                         LUT2 (Prop_lut2_I0_O)        0.306    26.229 r  x_wdata[15]_i_11/O
                         net (fo=1, unplaced)         0.000    26.229    x_wdata[15]_i_11_n_0
                         CARRY4 (Prop_carry4_S[1]_CO[2])
                                                      0.574    26.803 r  x_wdata_reg[15]_i_3/CO[2]
                         net (fo=128, unplaced)       0.528    27.331    x_wdata_reg[15]_i_3_n_1
                         LUT3 (Prop_lut3_I0_O)        0.336    27.667 r  x_wdata[3]_i_1/O
                         net (fo=1, unplaced)         0.000    27.667    x_wdata[3]_i_1_n_0
                         FDRE                                         r  x_wdata_reg[3]/D
  -------------------------------------------------------------------    -------------------

                         (clock clk rise edge)       10.000    10.000 r  <hidden>
                                                      0.000    10.000 r  clk
                         net (fo=43146, unset)        0.924    10.924    clk
                         FDRE                                         r  x_wdata_reg[3]/C
                         clock pessimism              0.000    10.924    <hidden>
                         clock uncertainty           -0.035    10.889    <hidden>
                         FDRE (Setup_fdre_C_D)        0.044    10.933    x_wdata_reg[3]
  -------------------------------------------------------------------
                         required time                         10.933    <hidden>
                         arrival time                         -27.667    <hidden>
  -------------------------------------------------------------------
                         slack                                -16.734    <hidden>

Slack (VIOLATED) :        -16.734ns  (required time - arrival time)
  Source:                 toks_reg[23][0]/C
                            (rising edge-triggered cell FDRE clocked by clk  {rise@0.000ns fall@5.000ns period=10.000ns})
  Destination:            x_wdata_reg[5]/D
                            (rising edge-triggered cell FDRE clocked by clk  {rise@0.000ns fall@5.000ns period=10.000ns})
  Path Group:             clk
  Path Type:              Setup (Max at Slow Process Corner)
  Requirement:            10.000ns  (clk rise@10.000ns - clk rise@0.000ns)
  Data Path Delay:        26.694ns  (logic 16.432ns (61.558%)  route 10.262ns (38.442%))
  Logic Levels:           41  (CARRY4=24 DSP48E1=2 LUT1=2 LUT2=2 LUT3=2 LUT4=1 LUT5=2 LUT6=4 MUXF7=2)
  Clock Path Skew:        -0.049ns (DCD - SCD + CPR)
    Destination Clock Delay (DCD):    0.924ns = ( 10.924 - 10.000 ) 
    Source Clock Delay      (SCD):    0.973ns
    Clock Pessimism Removal (CPR):    0.000ns
  Clock Uncertainty:      0.035ns  ((TSJ^2 + TIJ^2)^1/2 + DJ) / 2 + PE
    Total System Jitter     (TSJ):    0.071ns
    Total Input Jitter      (TIJ):    0.000ns
    Discrete Jitter          (DJ):    0.000ns
    Phase Error              (PE):    0.000ns

    Location             Delay type                Incr(ns)  Path(ns)    Netlist Resource(s)
  -------------------------------------------------------------------    -------------------
                         (clock clk rise edge)        0.000     0.000 r  <hidden>
                                                      0.000     0.000 r  clk
                         net (fo=43146, unset)        0.973     0.973    clk
                         FDRE                                         r  toks_reg[23][0]/C
  -------------------------------------------------------------------    -------------------
                         FDRE (Prop_fdre_C_Q)         0.478     1.451 r  toks_reg[23][0]/Q
                         net (fo=1, unplaced)         0.965     2.416    toks_reg[23][0]
                         LUT6 (Prop_lut6_I0_O)        0.295     2.711 r  g0_b0__7_i_30/O
                         net (fo=1, unplaced)         0.000     2.711    g0_b0__7_i_30_n_0
                         MUXF7 (Prop_muxf7_I1_O)      0.247     2.958 r  g0_b0__7_i_14/O
                         net (fo=2, unplaced)         0.746     3.704    g0_b0__7_i_14_n_0
                         LUT5 (Prop_lut5_I0_O)        0.298     4.002 r  g0_b0__7_i_4/O
                         net (fo=1, unplaced)         0.469     4.471    toks[0]
                         CARRY4 (Prop_carry4_DI[1]_O[3])
                                                      0.629     5.100 r  g0_b0__7_i_1/O[3]
                         net (fo=239, unplaced)       1.089     6.189    g0_b0__7_i_1_n_4
                         LUT6 (Prop_lut6_I2_O)        0.307     6.496 r  c4_rq_return1_i_132/O
                         net (fo=2, unplaced)         0.743     7.239    c4_rq_return1_i_132_n_0
                         LUT6 (Prop_lut6_I3_O)        0.124     7.363 r  c4_rq_return1_i_69/O
                         net (fo=1, unplaced)         0.665     8.028    c4_rq_return1_i_69_n_0
                         LUT6 (Prop_lut6_I0_O)        0.124     8.152 r  c4_rq_return1_i_23/O
                         net (fo=1, unplaced)         0.000     8.152    c4_rq_return1_i_23_n_0
                         MUXF7 (Prop_muxf7_I0_O)      0.241     8.393 r  c4_rq_return1_i_10/O
                         net (fo=1, unplaced)         0.452     8.845    a[6]
                         LUT2 (Prop_lut2_I0_O)        0.298     9.143 r  c4_rq_return1_i_2/O
                         net (fo=2, unplaced)         0.803     9.946    c4_rq_return1_i_2_n_0
                         DSP48E1 (Prop_dsp48e1_A[6]_PCOUT[47])
                                                      4.036    13.982 r  c4_rq_return1/PCOUT[47]
                         net (fo=1, unplaced)         0.000    13.982    c4_rq_return1_n_106
                         DSP48E1 (Prop_dsp48e1_PCIN[47]_P[1])
                                                      1.518    15.500 f  c4_rq_return1__0/P[1]
                         net (fo=3, unplaced)         0.803    16.303    c4_rq_return1__0_n_104
                         LUT1 (Prop_lut1_I0_O)        0.124    16.427 r  x_wdata[3]_i_90/O
                         net (fo=1, unplaced)         0.000    16.427    x_wdata[3]_i_90_n_0
                         CARRY4 (Prop_carry4_S[1]_CO[3])
                                                      0.533    16.960 r  x_wdata_reg[3]_i_58/CO[3]
                         net (fo=1, unplaced)         0.000    16.960    x_wdata_reg[3]_i_58_n_0
                         CARRY4 (Prop_carry4_CI_O[1])
                                                      0.337    17.297 f  x_wdata_reg[3]_i_36/O[1]
                         net (fo=2, unplaced)         0.622    17.919    c4_rq_return4[22]
                         LUT5 (Prop_lut5_I0_O)        0.306    18.225 r  x_wdata[3]_i_32/O
                         net (fo=1, unplaced)         0.000    18.225    x_wdata[3]_i_32_n_0
                         CARRY4 (Prop_carry4_S[3]_CO[3])
                                                      0.376    18.601 r  x_wdata_reg[3]_i_17/CO[3]
                         net (fo=1, unplaced)         0.000    18.601    x_wdata_reg[3]_i_17_n_0
                         CARRY4 (Prop_carry4_CI_CO[0])
                                                      0.281    18.882 r  x_wdata_reg[3]_i_11/CO[0]
                         net (fo=2, unplaced)         0.322    19.204    x_wdata_reg[3]_i_11_n_3
                         LUT4 (Prop_lut4_I3_O)        0.367    19.571 r  x_wdata[3]_i_15/O
                         net (fo=1, unplaced)         0.000    19.571    x_wdata[3]_i_15_n_0
                         CARRY4 (Prop_carry4_S[0]_CO[3])
                                                      0.513    20.084 r  x_wdata_reg[3]_i_6/CO[3]
                         net (fo=1, unplaced)         0.000    20.084    x_wdata_reg[3]_i_6_n_0
                         CARRY4 (Prop_carry4_CI_CO[3])
                                                      0.117    20.201 r  x_wdata_reg[7]_i_11/CO[3]
                         net (fo=1, unplaced)         0.000    20.201    x_wdata_reg[7]_i_11_n_0
                         CARRY4 (Prop_carry4_CI_CO[3])
                                                      0.117    20.318 r  x_wdata_reg[11]_i_11/CO[3]
                         net (fo=1, unplaced)         0.000    20.318    x_wdata_reg[11]_i_11_n_0
                         CARRY4 (Prop_carry4_CI_CO[3])
                                                      0.117    20.435 r  x_wdata_reg[15]_i_40/CO[3]
                         net (fo=1, unplaced)         0.000    20.435    x_wdata_reg[15]_i_40_n_0
                         CARRY4 (Prop_carry4_CI_CO[3])
                                                      0.117    20.552 r  acc_reg[19]_i_50/CO[3]
                         net (fo=1, unplaced)         0.000    20.552    acc_reg[19]_i_50_n_0
                         CARRY4 (Prop_carry4_CI_CO[3])
                                                      0.117    20.669 r  acc_reg[23]_i_52/CO[3]
                         net (fo=1, unplaced)         0.000    20.669    acc_reg[23]_i_52_n_0
                         CARRY4 (Prop_carry4_CI_CO[3])
                                                      0.117    20.786 r  acc_reg[27]_i_50/CO[3]
                         net (fo=1, unplaced)         0.000    20.786    acc_reg[27]_i_50_n_0
                         CARRY4 (Prop_carry4_CI_O[2])
                                                      0.256    21.042 f  acc_reg[31]_i_55/O[2]
                         net (fo=3, unplaced)         0.470    21.512    c4_rq_return1__1[30]
                         LUT1 (Prop_lut1_I0_O)        0.301    21.813 r  acc[35]_i_63/O
                         net (fo=1, unplaced)         0.000    21.813    acc[35]_i_63_n_0
                         CARRY4 (Prop_carry4_S[1]_CO[3])
                                                      0.533    22.346 r  acc_reg[35]_i_50/CO[3]
                         net (fo=1, unplaced)         0.000    22.346    acc_reg[35]_i_50_n_0
                         CARRY4 (Prop_carry4_CI_O[2])
                                                      0.256    22.602 r  acc_reg[39]_i_49/O[2]
                         net (fo=2, unplaced)         0.463    23.065    c4_rq_return0[35]
                         LUT3 (Prop_lut3_I0_O)        0.301    23.366 r  acc[35]_i_23/O
                         net (fo=1, unplaced)         0.473    23.839    c4_rq_return[35]
                         CARRY4 (Prop_carry4_DI[3]_CO[3])
                                                      0.396    24.235 r  acc_reg[35]_i_11/CO[3]
                         net (fo=1, unplaced)         0.000    24.235    acc_reg[35]_i_11_n_0
                         CARRY4 (Prop_carry4_CI_CO[3])
                                                      0.117    24.352 r  acc_reg[39]_i_11/CO[3]
                         net (fo=1, unplaced)         0.000    24.352    acc_reg[39]_i_11_n_0
                         CARRY4 (Prop_carry4_CI_CO[3])
                                                      0.117    24.469 r  acc_reg[43]_i_11/CO[3]
                         net (fo=1, unplaced)         0.000    24.469    acc_reg[43]_i_11_n_0
                         CARRY4 (Prop_carry4_CI_CO[3])
                                                      0.117    24.586 r  acc_reg[47]_i_11/CO[3]
                         net (fo=1, unplaced)         0.000    24.586    acc_reg[47]_i_11_n_0
                         CARRY4 (Prop_carry4_CI_CO[3])
                                                      0.117    24.703 r  acc_reg[51]_i_11/CO[3]
                         net (fo=1, unplaced)         0.000    24.703    acc_reg[51]_i_11_n_0
                         CARRY4 (Prop_carry4_CI_CO[3])
                                                      0.117    24.820 r  acc_reg[55]_i_11/CO[3]
                         net (fo=1, unplaced)         0.000    24.820    acc_reg[55]_i_11_n_0
                         CARRY4 (Prop_carry4_CI_CO[3])
                                                      0.117    24.937 r  acc_reg[59]_i_11/CO[3]
                         net (fo=1, unplaced)         0.000    24.937    acc_reg[59]_i_11_n_0
                         CARRY4 (Prop_carry4_CI_O[1])
                                                      0.337    25.274 f  acc_reg[63]_i_23/O[1]
                         net (fo=8, unplaced)         0.649    25.923    data1[61]
                         LUT2 (Prop_lut2_I0_O)        0.306    26.229 r  x_wdata[15]_i_11/O
                         net (fo=1, unplaced)         0.000    26.229    x_wdata[15]_i_11_n_0
                         CARRY4 (Prop_carry4_S[1]_CO[2])
                                                      0.574    26.803 r  x_wdata_reg[15]_i_3/CO[2]
                         net (fo=128, unplaced)       0.528    27.331    x_wdata_reg[15]_i_3_n_1
                         LUT3 (Prop_lut3_I0_O)        0.336    27.667 r  x_wdata[5]_i_1/O
                         net (fo=1, unplaced)         0.000    27.667    x_wdata[5]_i_1_n_0
                         FDRE                                         r  x_wdata_reg[5]/D
  -------------------------------------------------------------------    -------------------

                         (clock clk rise edge)       10.000    10.000 r  <hidden>
                                                      0.000    10.000 r  clk
                         net (fo=43146, unset)        0.924    10.924    clk
                         FDRE                                         r  x_wdata_reg[5]/C
                         clock pessimism              0.000    10.924    <hidden>
                         clock uncertainty           -0.035    10.889    <hidden>
                         FDRE (Setup_fdre_C_D)        0.044    10.933    x_wdata_reg[5]
  -------------------------------------------------------------------
                         required time                         10.933    <hidden>
                         arrival time                         -27.667    <hidden>
  -------------------------------------------------------------------
                         slack                                -16.734    <hidden>

Slack (VIOLATED) :        -16.734ns  (required time - arrival time)
  Source:                 toks_reg[23][0]/C
                            (rising edge-triggered cell FDRE clocked by clk  {rise@0.000ns fall@5.000ns period=10.000ns})
  Destination:            x_wdata_reg[7]/D
                            (rising edge-triggered cell FDRE clocked by clk  {rise@0.000ns fall@5.000ns period=10.000ns})
  Path Group:             clk
  Path Type:              Setup (Max at Slow Process Corner)
  Requirement:            10.000ns  (clk rise@10.000ns - clk rise@0.000ns)
  Data Path Delay:        26.694ns  (logic 16.432ns (61.558%)  route 10.262ns (38.442%))
  Logic Levels:           41  (CARRY4=24 DSP48E1=2 LUT1=2 LUT2=2 LUT3=2 LUT4=1 LUT5=2 LUT6=4 MUXF7=2)
  Clock Path Skew:        -0.049ns (DCD - SCD + CPR)
    Destination Clock Delay (DCD):    0.924ns = ( 10.924 - 10.000 ) 
    Source Clock Delay      (SCD):    0.973ns
    Clock Pessimism Removal (CPR):    0.000ns
  Clock Uncertainty:      0.035ns  ((TSJ^2 + TIJ^2)^1/2 + DJ) / 2 + PE
    Total System Jitter     (TSJ):    0.071ns
    Total Input Jitter      (TIJ):    0.000ns
    Discrete Jitter          (DJ):    0.000ns
    Phase Error              (PE):    0.000ns

    Location             Delay type                Incr(ns)  Path(ns)    Netlist Resource(s)
  -------------------------------------------------------------------    -------------------
                         (clock clk rise edge)        0.000     0.000 r  <hidden>
                                                      0.000     0.000 r  clk
                         net (fo=43146, unset)        0.973     0.973    clk
                         FDRE                                         r  toks_reg[23][0]/C
  -------------------------------------------------------------------    -------------------
                         FDRE (Prop_fdre_C_Q)         0.478     1.451 r  toks_reg[23][0]/Q
                         net (fo=1, unplaced)         0.965     2.416    toks_reg[23][0]
                         LUT6 (Prop_lut6_I0_O)        0.295     2.711 r  g0_b0__7_i_30/O
                         net (fo=1, unplaced)         0.000     2.711    g0_b0__7_i_30_n_0
                         MUXF7 (Prop_muxf7_I1_O)      0.247     2.958 r  g0_b0__7_i_14/O
                         net (fo=2, unplaced)         0.746     3.704    g0_b0__7_i_14_n_0
                         LUT5 (Prop_lut5_I0_O)        0.298     4.002 r  g0_b0__7_i_4/O
                         net (fo=1, unplaced)         0.469     4.471    toks[0]
                         CARRY4 (Prop_carry4_DI[1]_O[3])
                                                      0.629     5.100 r  g0_b0__7_i_1/O[3]
                         net (fo=239, unplaced)       1.089     6.189    g0_b0__7_i_1_n_4
                         LUT6 (Prop_lut6_I2_O)        0.307     6.496 r  c4_rq_return1_i_132/O
                         net (fo=2, unplaced)         0.743     7.239    c4_rq_return1_i_132_n_0
                         LUT6 (Prop_lut6_I3_O)        0.124     7.363 r  c4_rq_return1_i_69/O
                         net (fo=1, unplaced)         0.665     8.028    c4_rq_return1_i_69_n_0
                         LUT6 (Prop_lut6_I0_O)        0.124     8.152 r  c4_rq_return1_i_23/O
                         net (fo=1, unplaced)         0.000     8.152    c4_rq_return1_i_23_n_0
                         MUXF7 (Prop_muxf7_I0_O)      0.241     8.393 r  c4_rq_return1_i_10/O
                         net (fo=1, unplaced)         0.452     8.845    a[6]
                         LUT2 (Prop_lut2_I0_O)        0.298     9.143 r  c4_rq_return1_i_2/O
                         net (fo=2, unplaced)         0.803     9.946    c4_rq_return1_i_2_n_0
                         DSP48E1 (Prop_dsp48e1_A[6]_PCOUT[47])
                                                      4.036    13.982 r  c4_rq_return1/PCOUT[47]
                         net (fo=1, unplaced)         0.000    13.982    c4_rq_return1_n_106
                         DSP48E1 (Prop_dsp48e1_PCIN[47]_P[1])
                                                      1.518    15.500 f  c4_rq_return1__0/P[1]
                         net (fo=3, unplaced)         0.803    16.303    c4_rq_return1__0_n_104
                         LUT1 (Prop_lut1_I0_O)        0.124    16.427 r  x_wdata[3]_i_90/O
                         net (fo=1, unplaced)         0.000    16.427    x_wdata[3]_i_90_n_0
                         CARRY4 (Prop_carry4_S[1]_CO[3])
                                                      0.533    16.960 r  x_wdata_reg[3]_i_58/CO[3]
                         net (fo=1, unplaced)         0.000    16.960    x_wdata_reg[3]_i_58_n_0
                         CARRY4 (Prop_carry4_CI_O[1])
                                                      0.337    17.297 f  x_wdata_reg[3]_i_36/O[1]
                         net (fo=2, unplaced)         0.622    17.919    c4_rq_return4[22]
                         LUT5 (Prop_lut5_I0_O)        0.306    18.225 r  x_wdata[3]_i_32/O
                         net (fo=1, unplaced)         0.000    18.225    x_wdata[3]_i_32_n_0
                         CARRY4 (Prop_carry4_S[3]_CO[3])
                                                      0.376    18.601 r  x_wdata_reg[3]_i_17/CO[3]
                         net (fo=1, unplaced)         0.000    18.601    x_wdata_reg[3]_i_17_n_0
                         CARRY4 (Prop_carry4_CI_CO[0])
                                                      0.281    18.882 r  x_wdata_reg[3]_i_11/CO[0]
                         net (fo=2, unplaced)         0.322    19.204    x_wdata_reg[3]_i_11_n_3
                         LUT4 (Prop_lut4_I3_O)        0.367    19.571 r  x_wdata[3]_i_15/O
                         net (fo=1, unplaced)         0.000    19.571    x_wdata[3]_i_15_n_0
                         CARRY4 (Prop_carry4_S[0]_CO[3])
                                                      0.513    20.084 r  x_wdata_reg[3]_i_6/CO[3]
                         net (fo=1, unplaced)         0.000    20.084    x_wdata_reg[3]_i_6_n_0
                         CARRY4 (Prop_carry4_CI_CO[3])
                                                      0.117    20.201 r  x_wdata_reg[7]_i_11/CO[3]
                         net (fo=1, unplaced)         0.000    20.201    x_wdata_reg[7]_i_11_n_0
                         CARRY4 (Prop_carry4_CI_CO[3])
                                                      0.117    20.318 r  x_wdata_reg[11]_i_11/CO[3]
                         net (fo=1, unplaced)         0.000    20.318    x_wdata_reg[11]_i_11_n_0
                         CARRY4 (Prop_carry4_CI_CO[3])
                                                      0.117    20.435 r  x_wdata_reg[15]_i_40/CO[3]
                         net (fo=1, unplaced)         0.000    20.435    x_wdata_reg[15]_i_40_n_0
                         CARRY4 (Prop_carry4_CI_CO[3])
                                                      0.117    20.552 r  acc_reg[19]_i_50/CO[3]
                         net (fo=1, unplaced)         0.000    20.552    acc_reg[19]_i_50_n_0
                         CARRY4 (Prop_carry4_CI_CO[3])
                                                      0.117    20.669 r  acc_reg[23]_i_52/CO[3]
                         net (fo=1, unplaced)         0.000    20.669    acc_reg[23]_i_52_n_0
                         CARRY4 (Prop_carry4_CI_CO[3])
                                                      0.117    20.786 r  acc_reg[27]_i_50/CO[3]
                         net (fo=1, unplaced)         0.000    20.786    acc_reg[27]_i_50_n_0
                         CARRY4 (Prop_carry4_CI_O[2])
                                                      0.256    21.042 f  acc_reg[31]_i_55/O[2]
                         net (fo=3, unplaced)         0.470    21.512    c4_rq_return1__1[30]
                         LUT1 (Prop_lut1_I0_O)        0.301    21.813 r  acc[35]_i_63/O
                         net (fo=1, unplaced)         0.000    21.813    acc[35]_i_63_n_0
                         CARRY4 (Prop_carry4_S[1]_CO[3])
                                                      0.533    22.346 r  acc_reg[35]_i_50/CO[3]
                         net (fo=1, unplaced)         0.000    22.346    acc_reg[35]_i_50_n_0
                         CARRY4 (Prop_carry4_CI_O[2])
                                                      0.256    22.602 r  acc_reg[39]_i_49/O[2]
                         net (fo=2, unplaced)         0.463    23.065    c4_rq_return0[35]
                         LUT3 (Prop_lut3_I0_O)        0.301    23.366 r  acc[35]_i_23/O
                         net (fo=1, unplaced)         0.473    23.839    c4_rq_return[35]
                         CARRY4 (Prop_carry4_DI[3]_CO[3])
                                                      0.396    24.235 r  acc_reg[35]_i_11/CO[3]
                         net (fo=1, unplaced)         0.000    24.235    acc_reg[35]_i_11_n_0
                         CARRY4 (Prop_carry4_CI_CO[3])
                                                      0.117    24.352 r  acc_reg[39]_i_11/CO[3]
                         net (fo=1, unplaced)         0.000    24.352    acc_reg[39]_i_11_n_0
                         CARRY4 (Prop_carry4_CI_CO[3])
                                                      0.117    24.469 r  acc_reg[43]_i_11/CO[3]
                         net (fo=1, unplaced)         0.000    24.469    acc_reg[43]_i_11_n_0
                         CARRY4 (Prop_carry4_CI_CO[3])
                                                      0.117    24.586 r  acc_reg[47]_i_11/CO[3]
                         net (fo=1, unplaced)         0.000    24.586    acc_reg[47]_i_11_n_0
                         CARRY4 (Prop_carry4_CI_CO[3])
                                                      0.117    24.703 r  acc_reg[51]_i_11/CO[3]
                         net (fo=1, unplaced)         0.000    24.703    acc_reg[51]_i_11_n_0
                         CARRY4 (Prop_carry4_CI_CO[3])
                                                      0.117    24.820 r  acc_reg[55]_i_11/CO[3]
                         net (fo=1, unplaced)         0.000    24.820    acc_reg[55]_i_11_n_0
                         CARRY4 (Prop_carry4_CI_CO[3])
                                                      0.117    24.937 r  acc_reg[59]_i_11/CO[3]
                         net (fo=1, unplaced)         0.000    24.937    acc_reg[59]_i_11_n_0
                         CARRY4 (Prop_carry4_CI_O[1])
                                                      0.337    25.274 f  acc_reg[63]_i_23/O[1]
                         net (fo=8, unplaced)         0.649    25.923    data1[61]
                         LUT2 (Prop_lut2_I0_O)        0.306    26.229 r  x_wdata[15]_i_11/O
                         net (fo=1, unplaced)         0.000    26.229    x_wdata[15]_i_11_n_0
                         CARRY4 (Prop_carry4_S[1]_CO[2])
                                                      0.574    26.803 r  x_wdata_reg[15]_i_3/CO[2]
                         net (fo=128, unplaced)       0.528    27.331    x_wdata_reg[15]_i_3_n_1
                         LUT3 (Prop_lut3_I0_O)        0.336    27.667 r  x_wdata[7]_i_1/O
                         net (fo=1, unplaced)         0.000    27.667    x_wdata[7]_i_1_n_0
                         FDRE                                         r  x_wdata_reg[7]/D
  -------------------------------------------------------------------    -------------------

                         (clock clk rise edge)       10.000    10.000 r  <hidden>
                                                      0.000    10.000 r  clk
                         net (fo=43146, unset)        0.924    10.924    clk
                         FDRE                                         r  x_wdata_reg[7]/C
                         clock pessimism              0.000    10.924    <hidden>
                         clock uncertainty           -0.035    10.889    <hidden>
                         FDRE (Setup_fdre_C_D)        0.044    10.933    x_wdata_reg[7]
  -------------------------------------------------------------------
                         required time                         10.933    <hidden>
                         arrival time                         -27.667    <hidden>
  -------------------------------------------------------------------
                         slack                                -16.734    <hidden>

Slack (VIOLATED) :        -16.734ns  (required time - arrival time)
  Source:                 toks_reg[23][0]/C
                            (rising edge-triggered cell FDRE clocked by clk  {rise@0.000ns fall@5.000ns period=10.000ns})
  Destination:            x_wdata_reg[9]/D
                            (rising edge-triggered cell FDRE clocked by clk  {rise@0.000ns fall@5.000ns period=10.000ns})
  Path Group:             clk
  Path Type:              Setup (Max at Slow Process Corner)
  Requirement:            10.000ns  (clk rise@10.000ns - clk rise@0.000ns)
  Data Path Delay:        26.694ns  (logic 16.432ns (61.558%)  route 10.262ns (38.442%))
  Logic Levels:           41  (CARRY4=24 DSP48E1=2 LUT1=2 LUT2=2 LUT3=2 LUT4=1 LUT5=2 LUT6=4 MUXF7=2)
  Clock Path Skew:        -0.049ns (DCD - SCD + CPR)
    Destination Clock Delay (DCD):    0.924ns = ( 10.924 - 10.000 ) 
    Source Clock Delay      (SCD):    0.973ns
    Clock Pessimism Removal (CPR):    0.000ns
  Clock Uncertainty:      0.035ns  ((TSJ^2 + TIJ^2)^1/2 + DJ) / 2 + PE
    Total System Jitter     (TSJ):    0.071ns
    Total Input Jitter      (TIJ):    0.000ns
    Discrete Jitter          (DJ):    0.000ns
    Phase Error              (PE):    0.000ns

    Location             Delay type                Incr(ns)  Path(ns)    Netlist Resource(s)
  -------------------------------------------------------------------    -------------------
                         (clock clk rise edge)        0.000     0.000 r  <hidden>
                                                      0.000     0.000 r  clk
                         net (fo=43146, unset)        0.973     0.973    clk
                         FDRE                                         r  toks_reg[23][0]/C
  -------------------------------------------------------------------    -------------------
                         FDRE (Prop_fdre_C_Q)         0.478     1.451 r  toks_reg[23][0]/Q
                         net (fo=1, unplaced)         0.965     2.416    toks_reg[23][0]
                         LUT6 (Prop_lut6_I0_O)        0.295     2.711 r  g0_b0__7_i_30/O
                         net (fo=1, unplaced)         0.000     2.711    g0_b0__7_i_30_n_0
                         MUXF7 (Prop_muxf7_I1_O)      0.247     2.958 r  g0_b0__7_i_14/O
                         net (fo=2, unplaced)         0.746     3.704    g0_b0__7_i_14_n_0
                         LUT5 (Prop_lut5_I0_O)        0.298     4.002 r  g0_b0__7_i_4/O
                         net (fo=1, unplaced)         0.469     4.471    toks[0]
                         CARRY4 (Prop_carry4_DI[1]_O[3])
                                                      0.629     5.100 r  g0_b0__7_i_1/O[3]
                         net (fo=239, unplaced)       1.089     6.189    g0_b0__7_i_1_n_4
                         LUT6 (Prop_lut6_I2_O)        0.307     6.496 r  c4_rq_return1_i_132/O
                         net (fo=2, unplaced)         0.743     7.239    c4_rq_return1_i_132_n_0
                         LUT6 (Prop_lut6_I3_O)        0.124     7.363 r  c4_rq_return1_i_69/O
                         net (fo=1, unplaced)         0.665     8.028    c4_rq_return1_i_69_n_0
                         LUT6 (Prop_lut6_I0_O)        0.124     8.152 r  c4_rq_return1_i_23/O
                         net (fo=1, unplaced)         0.000     8.152    c4_rq_return1_i_23_n_0
                         MUXF7 (Prop_muxf7_I0_O)      0.241     8.393 r  c4_rq_return1_i_10/O
                         net (fo=1, unplaced)         0.452     8.845    a[6]
                         LUT2 (Prop_lut2_I0_O)        0.298     9.143 r  c4_rq_return1_i_2/O
                         net (fo=2, unplaced)         0.803     9.946    c4_rq_return1_i_2_n_0
                         DSP48E1 (Prop_dsp48e1_A[6]_PCOUT[47])
                                                      4.036    13.982 r  c4_rq_return1/PCOUT[47]
                         net (fo=1, unplaced)         0.000    13.982    c4_rq_return1_n_106
                         DSP48E1 (Prop_dsp48e1_PCIN[47]_P[1])
                                                      1.518    15.500 f  c4_rq_return1__0/P[1]
                         net (fo=3, unplaced)         0.803    16.303    c4_rq_return1__0_n_104
                         LUT1 (Prop_lut1_I0_O)        0.124    16.427 r  x_wdata[3]_i_90/O
                         net (fo=1, unplaced)         0.000    16.427    x_wdata[3]_i_90_n_0
                         CARRY4 (Prop_carry4_S[1]_CO[3])
                                                      0.533    16.960 r  x_wdata_reg[3]_i_58/CO[3]
                         net (fo=1, unplaced)         0.000    16.960    x_wdata_reg[3]_i_58_n_0
                         CARRY4 (Prop_carry4_CI_O[1])
                                                      0.337    17.297 f  x_wdata_reg[3]_i_36/O[1]
                         net (fo=2, unplaced)         0.622    17.919    c4_rq_return4[22]
                         LUT5 (Prop_lut5_I0_O)        0.306    18.225 r  x_wdata[3]_i_32/O
                         net (fo=1, unplaced)         0.000    18.225    x_wdata[3]_i_32_n_0
                         CARRY4 (Prop_carry4_S[3]_CO[3])
                                                      0.376    18.601 r  x_wdata_reg[3]_i_17/CO[3]
                         net (fo=1, unplaced)         0.000    18.601    x_wdata_reg[3]_i_17_n_0
                         CARRY4 (Prop_carry4_CI_CO[0])
                                                      0.281    18.882 r  x_wdata_reg[3]_i_11/CO[0]
                         net (fo=2, unplaced)         0.322    19.204    x_wdata_reg[3]_i_11_n_3
                         LUT4 (Prop_lut4_I3_O)        0.367    19.571 r  x_wdata[3]_i_15/O
                         net (fo=1, unplaced)         0.000    19.571    x_wdata[3]_i_15_n_0
                         CARRY4 (Prop_carry4_S[0]_CO[3])
                                                      0.513    20.084 r  x_wdata_reg[3]_i_6/CO[3]
                         net (fo=1, unplaced)         0.000    20.084    x_wdata_reg[3]_i_6_n_0
                         CARRY4 (Prop_carry4_CI_CO[3])
                                                      0.117    20.201 r  x_wdata_reg[7]_i_11/CO[3]
                         net (fo=1, unplaced)         0.000    20.201    x_wdata_reg[7]_i_11_n_0
                         CARRY4 (Prop_carry4_CI_CO[3])
                                                      0.117    20.318 r  x_wdata_reg[11]_i_11/CO[3]
                         net (fo=1, unplaced)         0.000    20.318    x_wdata_reg[11]_i_11_n_0
                         CARRY4 (Prop_carry4_CI_CO[3])
                                                      0.117    20.435 r  x_wdata_reg[15]_i_40/CO[3]
                         net (fo=1, unplaced)         0.000    20.435    x_wdata_reg[15]_i_40_n_0
                         CARRY4 (Prop_carry4_CI_CO[3])
                                                      0.117    20.552 r  acc_reg[19]_i_50/CO[3]
                         net (fo=1, unplaced)         0.000    20.552    acc_reg[19]_i_50_n_0
                         CARRY4 (Prop_carry4_CI_CO[3])
                                                      0.117    20.669 r  acc_reg[23]_i_52/CO[3]
                         net (fo=1, unplaced)         0.000    20.669    acc_reg[23]_i_52_n_0
                         CARRY4 (Prop_carry4_CI_CO[3])
                                                      0.117    20.786 r  acc_reg[27]_i_50/CO[3]
                         net (fo=1, unplaced)         0.000    20.786    acc_reg[27]_i_50_n_0
                         CARRY4 (Prop_carry4_CI_O[2])
                                                      0.256    21.042 f  acc_reg[31]_i_55/O[2]
                         net (fo=3, unplaced)         0.470    21.512    c4_rq_return1__1[30]
                         LUT1 (Prop_lut1_I0_O)        0.301    21.813 r  acc[35]_i_63/O
                         net (fo=1, unplaced)         0.000    21.813    acc[35]_i_63_n_0
                         CARRY4 (Prop_carry4_S[1]_CO[3])
                                                      0.533    22.346 r  acc_reg[35]_i_50/CO[3]
                         net (fo=1, unplaced)         0.000    22.346    acc_reg[35]_i_50_n_0
                         CARRY4 (Prop_carry4_CI_O[2])
                                                      0.256    22.602 r  acc_reg[39]_i_49/O[2]
                         net (fo=2, unplaced)         0.463    23.065    c4_rq_return0[35]
                         LUT3 (Prop_lut3_I0_O)        0.301    23.366 r  acc[35]_i_23/O
                         net (fo=1, unplaced)         0.473    23.839    c4_rq_return[35]
                         CARRY4 (Prop_carry4_DI[3]_CO[3])
                                                      0.396    24.235 r  acc_reg[35]_i_11/CO[3]
                         net (fo=1, unplaced)         0.000    24.235    acc_reg[35]_i_11_n_0
                         CARRY4 (Prop_carry4_CI_CO[3])
                                                      0.117    24.352 r  acc_reg[39]_i_11/CO[3]
                         net (fo=1, unplaced)         0.000    24.352    acc_reg[39]_i_11_n_0
                         CARRY4 (Prop_carry4_CI_CO[3])
                                                      0.117    24.469 r  acc_reg[43]_i_11/CO[3]
                         net (fo=1, unplaced)         0.000    24.469    acc_reg[43]_i_11_n_0
                         CARRY4 (Prop_carry4_CI_CO[3])
                                                      0.117    24.586 r  acc_reg[47]_i_11/CO[3]
                         net (fo=1, unplaced)         0.000    24.586    acc_reg[47]_i_11_n_0
                         CARRY4 (Prop_carry4_CI_CO[3])
                                                      0.117    24.703 r  acc_reg[51]_i_11/CO[3]
                         net (fo=1, unplaced)         0.000    24.703    acc_reg[51]_i_11_n_0
                         CARRY4 (Prop_carry4_CI_CO[3])
                                                      0.117    24.820 r  acc_reg[55]_i_11/CO[3]
                         net (fo=1, unplaced)         0.000    24.820    acc_reg[55]_i_11_n_0
                         CARRY4 (Prop_carry4_CI_CO[3])
                                                      0.117    24.937 r  acc_reg[59]_i_11/CO[3]
                         net (fo=1, unplaced)         0.000    24.937    acc_reg[59]_i_11_n_0
                         CARRY4 (Prop_carry4_CI_O[1])
                                                      0.337    25.274 f  acc_reg[63]_i_23/O[1]
                         net (fo=8, unplaced)         0.649    25.923    data1[61]
                         LUT2 (Prop_lut2_I0_O)        0.306    26.229 r  x_wdata[15]_i_11/O
                         net (fo=1, unplaced)         0.000    26.229    x_wdata[15]_i_11_n_0
                         CARRY4 (Prop_carry4_S[1]_CO[2])
                                                      0.574    26.803 r  x_wdata_reg[15]_i_3/CO[2]
                         net (fo=128, unplaced)       0.528    27.331    x_wdata_reg[15]_i_3_n_1
                         LUT3 (Prop_lut3_I0_O)        0.336    27.667 r  x_wdata[9]_i_1/O
                         net (fo=1, unplaced)         0.000    27.667    x_wdata[9]_i_1_n_0
                         FDRE                                         r  x_wdata_reg[9]/D
  -------------------------------------------------------------------    -------------------

                         (clock clk rise edge)       10.000    10.000 r  <hidden>
                                                      0.000    10.000 r  clk
                         net (fo=43146, unset)        0.924    10.924    clk
                         FDRE                                         r  x_wdata_reg[9]/C
                         clock pessimism              0.000    10.924    <hidden>
                         clock uncertainty           -0.035    10.889    <hidden>
                         FDRE (Setup_fdre_C_D)        0.044    10.933    x_wdata_reg[9]
  -------------------------------------------------------------------
                         required time                         10.933    <hidden>
                         arrival time                         -27.667    <hidden>
  -------------------------------------------------------------------
                         slack                                -16.734    <hidden>

Slack (VIOLATED) :        -16.708ns  (required time - arrival time)
  Source:                 toks_reg[23][0]/C
                            (rising edge-triggered cell FDRE clocked by clk  {rise@0.000ns fall@5.000ns period=10.000ns})
  Destination:            x_wdata_reg[0]/D
                            (rising edge-triggered cell FDRE clocked by clk  {rise@0.000ns fall@5.000ns period=10.000ns})
  Path Group:             clk
  Path Type:              Setup (Max at Slow Process Corner)
  Requirement:            10.000ns  (clk rise@10.000ns - clk rise@0.000ns)
  Data Path Delay:        26.668ns  (logic 16.406ns (61.520%)  route 10.262ns (38.480%))
  Logic Levels:           41  (CARRY4=24 DSP48E1=2 LUT1=2 LUT2=2 LUT3=2 LUT4=1 LUT5=2 LUT6=4 MUXF7=2)
  Clock Path Skew:        -0.049ns (DCD - SCD + CPR)
    Destination Clock Delay (DCD):    0.924ns = ( 10.924 - 10.000 ) 
    Source Clock Delay      (SCD):    0.973ns
    Clock Pessimism Removal (CPR):    0.000ns
  Clock Uncertainty:      0.035ns  ((TSJ^2 + TIJ^2)^1/2 + DJ) / 2 + PE
    Total System Jitter     (TSJ):    0.071ns
    Total Input Jitter      (TIJ):    0.000ns
    Discrete Jitter          (DJ):    0.000ns
    Phase Error              (PE):    0.000ns

    Location             Delay type                Incr(ns)  Path(ns)    Netlist Resource(s)
  -------------------------------------------------------------------    -------------------
                         (clock clk rise edge)        0.000     0.000 r  <hidden>
                                                      0.000     0.000 r  clk
                         net (fo=43146, unset)        0.973     0.973    clk
                         FDRE                                         r  toks_reg[23][0]/C
  -------------------------------------------------------------------    -------------------
                         FDRE (Prop_fdre_C_Q)         0.478     1.451 r  toks_reg[23][0]/Q
                         net (fo=1, unplaced)         0.965     2.416    toks_reg[23][0]
                         LUT6 (Prop_lut6_I0_O)        0.295     2.711 r  g0_b0__7_i_30/O
                         net (fo=1, unplaced)         0.000     2.711    g0_b0__7_i_30_n_0
                         MUXF7 (Prop_muxf7_I1_O)      0.247     2.958 r  g0_b0__7_i_14/O
                         net (fo=2, unplaced)         0.746     3.704    g0_b0__7_i_14_n_0
                         LUT5 (Prop_lut5_I0_O)        0.298     4.002 r  g0_b0__7_i_4/O
                         net (fo=1, unplaced)         0.469     4.471    toks[0]
                         CARRY4 (Prop_carry4_DI[1]_O[3])
                                                      0.629     5.100 r  g0_b0__7_i_1/O[3]
                         net (fo=239, unplaced)       1.089     6.189    g0_b0__7_i_1_n_4
                         LUT6 (Prop_lut6_I2_O)        0.307     6.496 r  c4_rq_return1_i_132/O
                         net (fo=2, unplaced)         0.743     7.239    c4_rq_return1_i_132_n_0
                         LUT6 (Prop_lut6_I3_O)        0.124     7.363 r  c4_rq_return1_i_69/O
                         net (fo=1, unplaced)         0.665     8.028    c4_rq_return1_i_69_n_0
                         LUT6 (Prop_lut6_I0_O)        0.124     8.152 r  c4_rq_return1_i_23/O
                         net (fo=1, unplaced)         0.000     8.152    c4_rq_return1_i_23_n_0
                         MUXF7 (Prop_muxf7_I0_O)      0.241     8.393 r  c4_rq_return1_i_10/O
                         net (fo=1, unplaced)         0.452     8.845    a[6]
                         LUT2 (Prop_lut2_I0_O)        0.298     9.143 r  c4_rq_return1_i_2/O
                         net (fo=2, unplaced)         0.803     9.946    c4_rq_return1_i_2_n_0
                         DSP48E1 (Prop_dsp48e1_A[6]_PCOUT[47])
                                                      4.036    13.982 r  c4_rq_return1/PCOUT[47]
                         net (fo=1, unplaced)         0.000    13.982    c4_rq_return1_n_106
                         DSP48E1 (Prop_dsp48e1_PCIN[47]_P[1])
                                                      1.518    15.500 f  c4_rq_return1__0/P[1]
                         net (fo=3, unplaced)         0.803    16.303    c4_rq_return1__0_n_104
                         LUT1 (Prop_lut1_I0_O)        0.124    16.427 r  x_wdata[3]_i_90/O
                         net (fo=1, unplaced)         0.000    16.427    x_wdata[3]_i_90_n_0
                         CARRY4 (Prop_carry4_S[1]_CO[3])
                                                      0.533    16.960 r  x_wdata_reg[3]_i_58/CO[3]
                         net (fo=1, unplaced)         0.000    16.960    x_wdata_reg[3]_i_58_n_0
                         CARRY4 (Prop_carry4_CI_O[1])
                                                      0.337    17.297 f  x_wdata_reg[3]_i_36/O[1]
                         net (fo=2, unplaced)         0.622    17.919    c4_rq_return4[22]
                         LUT5 (Prop_lut5_I0_O)        0.306    18.225 r  x_wdata[3]_i_32/O
                         net (fo=1, unplaced)         0.000    18.225    x_wdata[3]_i_32_n_0
                         CARRY4 (Prop_carry4_S[3]_CO[3])
                                                      0.376    18.601 r  x_wdata_reg[3]_i_17/CO[3]
                         net (fo=1, unplaced)         0.000    18.601    x_wdata_reg[3]_i_17_n_0
                         CARRY4 (Prop_carry4_CI_CO[0])
                                                      0.281    18.882 r  x_wdata_reg[3]_i_11/CO[0]
                         net (fo=2, unplaced)         0.322    19.204    x_wdata_reg[3]_i_11_n_3
                         LUT4 (Prop_lut4_I3_O)        0.367    19.571 r  x_wdata[3]_i_15/O
                         net (fo=1, unplaced)         0.000    19.571    x_wdata[3]_i_15_n_0
                         CARRY4 (Prop_carry4_S[0]_CO[3])
                                                      0.513    20.084 r  x_wdata_reg[3]_i_6/CO[3]
                         net (fo=1, unplaced)         0.000    20.084    x_wdata_reg[3]_i_6_n_0
                         CARRY4 (Prop_carry4_CI_CO[3])
                                                      0.117    20.201 r  x_wdata_reg[7]_i_11/CO[3]
                         net (fo=1, unplaced)         0.000    20.201    x_wdata_reg[7]_i_11_n_0
                         CARRY4 (Prop_carry4_CI_CO[3])
                                                      0.117    20.318 r  x_wdata_reg[11]_i_11/CO[3]
                         net (fo=1, unplaced)         0.000    20.318    x_wdata_reg[11]_i_11_n_0
                         CARRY4 (Prop_carry4_CI_CO[3])
                                                      0.117    20.435 r  x_wdata_reg[15]_i_40/CO[3]
                         net (fo=1, unplaced)         0.000    20.435    x_wdata_reg[15]_i_40_n_0
                         CARRY4 (Prop_carry4_CI_CO[3])
                                                      0.117    20.552 r  acc_reg[19]_i_50/CO[3]
                         net (fo=1, unplaced)         0.000    20.552    acc_reg[19]_i_50_n_0
                         CARRY4 (Prop_carry4_CI_CO[3])
                                                      0.117    20.669 r  acc_reg[23]_i_52/CO[3]
                         net (fo=1, unplaced)         0.000    20.669    acc_reg[23]_i_52_n_0
                         CARRY4 (Prop_carry4_CI_CO[3])
                                                      0.117    20.786 r  acc_reg[27]_i_50/CO[3]
                         net (fo=1, unplaced)         0.000    20.786    acc_reg[27]_i_50_n_0
                         CARRY4 (Prop_carry4_CI_O[2])
                                                      0.256    21.042 f  acc_reg[31]_i_55/O[2]
                         net (fo=3, unplaced)         0.470    21.512    c4_rq_return1__1[30]
                         LUT1 (Prop_lut1_I0_O)        0.301    21.813 r  acc[35]_i_63/O
                         net (fo=1, unplaced)         0.000    21.813    acc[35]_i_63_n_0
                         CARRY4 (Prop_carry4_S[1]_CO[3])
                                                      0.533    22.346 r  acc_reg[35]_i_50/CO[3]
                         net (fo=1, unplaced)         0.000    22.346    acc_reg[35]_i_50_n_0
                         CARRY4 (Prop_carry4_CI_O[2])
                                                      0.256    22.602 r  acc_reg[39]_i_49/O[2]
                         net (fo=2, unplaced)         0.463    23.065    c4_rq_return0[35]
                         LUT3 (Prop_lut3_I0_O)        0.301    23.366 r  acc[35]_i_23/O
                         net (fo=1, unplaced)         0.473    23.839    c4_rq_return[35]
                         CARRY4 (Prop_carry4_DI[3]_CO[3])
                                                      0.396    24.235 r  acc_reg[35]_i_11/CO[3]
                         net (fo=1, unplaced)         0.000    24.235    acc_reg[35]_i_11_n_0
                         CARRY4 (Prop_carry4_CI_CO[3])
                                                      0.117    24.352 r  acc_reg[39]_i_11/CO[3]
                         net (fo=1, unplaced)         0.000    24.352    acc_reg[39]_i_11_n_0
                         CARRY4 (Prop_carry4_CI_CO[3])
                                                      0.117    24.469 r  acc_reg[43]_i_11/CO[3]
                         net (fo=1, unplaced)         0.000    24.469    acc_reg[43]_i_11_n_0
                         CARRY4 (Prop_carry4_CI_CO[3])
                                                      0.117    24.586 r  acc_reg[47]_i_11/CO[3]
                         net (fo=1, unplaced)         0.000    24.586    acc_reg[47]_i_11_n_0
                         CARRY4 (Prop_carry4_CI_CO[3])
                                                      0.117    24.703 r  acc_reg[51]_i_11/CO[3]
                         net (fo=1, unplaced)         0.000    24.703    acc_reg[51]_i_11_n_0
                         CARRY4 (Prop_carry4_CI_CO[3])
                                                      0.117    24.820 r  acc_reg[55]_i_11/CO[3]
                         net (fo=1, unplaced)         0.000    24.820    acc_reg[55]_i_11_n_0
                         CARRY4 (Prop_carry4_CI_CO[3])
                                                      0.117    24.937 r  acc_reg[59]_i_11/CO[3]
                         net (fo=1, unplaced)         0.000    24.937    acc_reg[59]_i_11_n_0
                         CARRY4 (Prop_carry4_CI_O[1])
                                                      0.337    25.274 f  acc_reg[63]_i_23/O[1]
                         net (fo=8, unplaced)         0.649    25.923    data1[61]
                         LUT2 (Prop_lut2_I0_O)        0.306    26.229 r  x_wdata[15]_i_11/O
                         net (fo=1, unplaced)         0.000    26.229    x_wdata[15]_i_11_n_0
                         CARRY4 (Prop_carry4_S[1]_CO[2])
                                                      0.574    26.803 r  x_wdata_reg[15]_i_3/CO[2]
                         net (fo=128, unplaced)       0.528    27.331    x_wdata_reg[15]_i_3_n_1
                         LUT3 (Prop_lut3_I0_O)        0.310    27.641 r  x_wdata[0]_i_1/O
                         net (fo=1, unplaced)         0.000    27.641    x_wdata[0]_i_1_n_0
                         FDRE                                         r  x_wdata_reg[0]/D
  -------------------------------------------------------------------    -------------------

                         (clock clk rise edge)       10.000    10.000 r  <hidden>
                                                      0.000    10.000 r  clk
                         net (fo=43146, unset)        0.924    10.924    clk
                         FDRE                                         r  x_wdata_reg[0]/C
                         clock pessimism              0.000    10.924    <hidden>
                         clock uncertainty           -0.035    10.889    <hidden>
                         FDRE (Setup_fdre_C_D)        0.044    10.933    x_wdata_reg[0]
  -------------------------------------------------------------------
                         required time                         10.933    <hidden>
                         arrival time                         -27.641    <hidden>
  -------------------------------------------------------------------
                         slack                                -16.708    <hidden>

Slack (VIOLATED) :        -16.708ns  (required time - arrival time)
  Source:                 toks_reg[23][0]/C
                            (rising edge-triggered cell FDRE clocked by clk  {rise@0.000ns fall@5.000ns period=10.000ns})
  Destination:            x_wdata_reg[0]_rep/D
                            (rising edge-triggered cell FDRE clocked by clk  {rise@0.000ns fall@5.000ns period=10.000ns})
  Path Group:             clk
  Path Type:              Setup (Max at Slow Process Corner)
  Requirement:            10.000ns  (clk rise@10.000ns - clk rise@0.000ns)
  Data Path Delay:        26.668ns  (logic 16.406ns (61.520%)  route 10.262ns (38.480%))
  Logic Levels:           41  (CARRY4=24 DSP48E1=2 LUT1=2 LUT2=2 LUT3=2 LUT4=1 LUT5=2 LUT6=4 MUXF7=2)
  Clock Path Skew:        -0.049ns (DCD - SCD + CPR)
    Destination Clock Delay (DCD):    0.924ns = ( 10.924 - 10.000 ) 
    Source Clock Delay      (SCD):    0.973ns
    Clock Pessimism Removal (CPR):    0.000ns
  Clock Uncertainty:      0.035ns  ((TSJ^2 + TIJ^2)^1/2 + DJ) / 2 + PE
    Total System Jitter     (TSJ):    0.071ns
    Total Input Jitter      (TIJ):    0.000ns
    Discrete Jitter          (DJ):    0.000ns
    Phase Error              (PE):    0.000ns

    Location             Delay type                Incr(ns)  Path(ns)    Netlist Resource(s)
  -------------------------------------------------------------------    -------------------
                         (clock clk rise edge)        0.000     0.000 r  <hidden>
                                                      0.000     0.000 r  clk
                         net (fo=43146, unset)        0.973     0.973    clk
                         FDRE                                         r  toks_reg[23][0]/C
  -------------------------------------------------------------------    -------------------
                         FDRE (Prop_fdre_C_Q)         0.478     1.451 r  toks_reg[23][0]/Q
                         net (fo=1, unplaced)         0.965     2.416    toks_reg[23][0]
                         LUT6 (Prop_lut6_I0_O)        0.295     2.711 r  g0_b0__7_i_30/O
                         net (fo=1, unplaced)         0.000     2.711    g0_b0__7_i_30_n_0
                         MUXF7 (Prop_muxf7_I1_O)      0.247     2.958 r  g0_b0__7_i_14/O
                         net (fo=2, unplaced)         0.746     3.704    g0_b0__7_i_14_n_0
                         LUT5 (Prop_lut5_I0_O)        0.298     4.002 r  g0_b0__7_i_4/O
                         net (fo=1, unplaced)         0.469     4.471    toks[0]
                         CARRY4 (Prop_carry4_DI[1]_O[3])
                                                      0.629     5.100 r  g0_b0__7_i_1/O[3]
                         net (fo=239, unplaced)       1.089     6.189    g0_b0__7_i_1_n_4
                         LUT6 (Prop_lut6_I2_O)        0.307     6.496 r  c4_rq_return1_i_132/O
                         net (fo=2, unplaced)         0.743     7.239    c4_rq_return1_i_132_n_0
                         LUT6 (Prop_lut6_I3_O)        0.124     7.363 r  c4_rq_return1_i_69/O
                         net (fo=1, unplaced)         0.665     8.028    c4_rq_return1_i_69_n_0
                         LUT6 (Prop_lut6_I0_O)        0.124     8.152 r  c4_rq_return1_i_23/O
                         net (fo=1, unplaced)         0.000     8.152    c4_rq_return1_i_23_n_0
                         MUXF7 (Prop_muxf7_I0_O)      0.241     8.393 r  c4_rq_return1_i_10/O
                         net (fo=1, unplaced)         0.452     8.845    a[6]
                         LUT2 (Prop_lut2_I0_O)        0.298     9.143 r  c4_rq_return1_i_2/O
                         net (fo=2, unplaced)         0.803     9.946    c4_rq_return1_i_2_n_0
                         DSP48E1 (Prop_dsp48e1_A[6]_PCOUT[47])
                                                      4.036    13.982 r  c4_rq_return1/PCOUT[47]
                         net (fo=1, unplaced)         0.000    13.982    c4_rq_return1_n_106
                         DSP48E1 (Prop_dsp48e1_PCIN[47]_P[1])
                                                      1.518    15.500 f  c4_rq_return1__0/P[1]
                         net (fo=3, unplaced)         0.803    16.303    c4_rq_return1__0_n_104
                         LUT1 (Prop_lut1_I0_O)        0.124    16.427 r  x_wdata[3]_i_90/O
                         net (fo=1, unplaced)         0.000    16.427    x_wdata[3]_i_90_n_0
                         CARRY4 (Prop_carry4_S[1]_CO[3])
                                                      0.533    16.960 r  x_wdata_reg[3]_i_58/CO[3]
                         net (fo=1, unplaced)         0.000    16.960    x_wdata_reg[3]_i_58_n_0
                         CARRY4 (Prop_carry4_CI_O[1])
                                                      0.337    17.297 f  x_wdata_reg[3]_i_36/O[1]
                         net (fo=2, unplaced)         0.622    17.919    c4_rq_return4[22]
                         LUT5 (Prop_lut5_I0_O)        0.306    18.225 r  x_wdata[3]_i_32/O
                         net (fo=1, unplaced)         0.000    18.225    x_wdata[3]_i_32_n_0
                         CARRY4 (Prop_carry4_S[3]_CO[3])
                                                      0.376    18.601 r  x_wdata_reg[3]_i_17/CO[3]
                         net (fo=1, unplaced)         0.000    18.601    x_wdata_reg[3]_i_17_n_0
                         CARRY4 (Prop_carry4_CI_CO[0])
                                                      0.281    18.882 r  x_wdata_reg[3]_i_11/CO[0]
                         net (fo=2, unplaced)         0.322    19.204    x_wdata_reg[3]_i_11_n_3
                         LUT4 (Prop_lut4_I3_O)        0.367    19.571 r  x_wdata[3]_i_15/O
                         net (fo=1, unplaced)         0.000    19.571    x_wdata[3]_i_15_n_0
                         CARRY4 (Prop_carry4_S[0]_CO[3])
                                                      0.513    20.084 r  x_wdata_reg[3]_i_6/CO[3]
                         net (fo=1, unplaced)         0.000    20.084    x_wdata_reg[3]_i_6_n_0
                         CARRY4 (Prop_carry4_CI_CO[3])
                                                      0.117    20.201 r  x_wdata_reg[7]_i_11/CO[3]
                         net (fo=1, unplaced)         0.000    20.201    x_wdata_reg[7]_i_11_n_0
                         CARRY4 (Prop_carry4_CI_CO[3])
                                                      0.117    20.318 r  x_wdata_reg[11]_i_11/CO[3]
                         net (fo=1, unplaced)         0.000    20.318    x_wdata_reg[11]_i_11_n_0
                         CARRY4 (Prop_carry4_CI_CO[3])
                                                      0.117    20.435 r  x_wdata_reg[15]_i_40/CO[3]
                         net (fo=1, unplaced)         0.000    20.435    x_wdata_reg[15]_i_40_n_0
                         CARRY4 (Prop_carry4_CI_CO[3])
                                                      0.117    20.552 r  acc_reg[19]_i_50/CO[3]
                         net (fo=1, unplaced)         0.000    20.552    acc_reg[19]_i_50_n_0
                         CARRY4 (Prop_carry4_CI_CO[3])
                                                      0.117    20.669 r  acc_reg[23]_i_52/CO[3]
                         net (fo=1, unplaced)         0.000    20.669    acc_reg[23]_i_52_n_0
                         CARRY4 (Prop_carry4_CI_CO[3])
                                                      0.117    20.786 r  acc_reg[27]_i_50/CO[3]
                         net (fo=1, unplaced)         0.000    20.786    acc_reg[27]_i_50_n_0
                         CARRY4 (Prop_carry4_CI_O[2])
                                                      0.256    21.042 f  acc_reg[31]_i_55/O[2]
                         net (fo=3, unplaced)         0.470    21.512    c4_rq_return1__1[30]
                         LUT1 (Prop_lut1_I0_O)        0.301    21.813 r  acc[35]_i_63/O
                         net (fo=1, unplaced)         0.000    21.813    acc[35]_i_63_n_0
                         CARRY4 (Prop_carry4_S[1]_CO[3])
                                                      0.533    22.346 r  acc_reg[35]_i_50/CO[3]
                         net (fo=1, unplaced)         0.000    22.346    acc_reg[35]_i_50_n_0
                         CARRY4 (Prop_carry4_CI_O[2])
                                                      0.256    22.602 r  acc_reg[39]_i_49/O[2]
                         net (fo=2, unplaced)         0.463    23.065    c4_rq_return0[35]
                         LUT3 (Prop_lut3_I0_O)        0.301    23.366 r  acc[35]_i_23/O
                         net (fo=1, unplaced)         0.473    23.839    c4_rq_return[35]
                         CARRY4 (Prop_carry4_DI[3]_CO[3])
                                                      0.396    24.235 r  acc_reg[35]_i_11/CO[3]
                         net (fo=1, unplaced)         0.000    24.235    acc_reg[35]_i_11_n_0
                         CARRY4 (Prop_carry4_CI_CO[3])
                                                      0.117    24.352 r  acc_reg[39]_i_11/CO[3]
                         net (fo=1, unplaced)         0.000    24.352    acc_reg[39]_i_11_n_0
                         CARRY4 (Prop_carry4_CI_CO[3])
                                                      0.117    24.469 r  acc_reg[43]_i_11/CO[3]
                         net (fo=1, unplaced)         0.000    24.469    acc_reg[43]_i_11_n_0
                         CARRY4 (Prop_carry4_CI_CO[3])
                                                      0.117    24.586 r  acc_reg[47]_i_11/CO[3]
                         net (fo=1, unplaced)         0.000    24.586    acc_reg[47]_i_11_n_0
                         CARRY4 (Prop_carry4_CI_CO[3])
                                                      0.117    24.703 r  acc_reg[51]_i_11/CO[3]
                         net (fo=1, unplaced)         0.000    24.703    acc_reg[51]_i_11_n_0
                         CARRY4 (Prop_carry4_CI_CO[3])
                                                      0.117    24.820 r  acc_reg[55]_i_11/CO[3]
                         net (fo=1, unplaced)         0.000    24.820    acc_reg[55]_i_11_n_0
                         CARRY4 (Prop_carry4_CI_CO[3])
                                                      0.117    24.937 r  acc_reg[59]_i_11/CO[3]
                         net (fo=1, unplaced)         0.000    24.937    acc_reg[59]_i_11_n_0
                         CARRY4 (Prop_carry4_CI_O[1])
                                                      0.337    25.274 f  acc_reg[63]_i_23/O[1]
                         net (fo=8, unplaced)         0.649    25.923    data1[61]
                         LUT2 (Prop_lut2_I0_O)        0.306    26.229 r  x_wdata[15]_i_11/O
                         net (fo=1, unplaced)         0.000    26.229    x_wdata[15]_i_11_n_0
                         CARRY4 (Prop_carry4_S[1]_CO[2])
                                                      0.574    26.803 r  x_wdata_reg[15]_i_3/CO[2]
                         net (fo=128, unplaced)       0.528    27.331    x_wdata_reg[15]_i_3_n_1
                         LUT3 (Prop_lut3_I0_O)        0.310    27.641 r  x_wdata[0]_rep_i_1/O
                         net (fo=1, unplaced)         0.000    27.641    x_wdata[0]_rep_i_1_n_0
                         FDRE                                         r  x_wdata_reg[0]_rep/D
  -------------------------------------------------------------------    -------------------

                         (clock clk rise edge)       10.000    10.000 r  <hidden>
                                                      0.000    10.000 r  clk
                         net (fo=43146, unset)        0.924    10.924    clk
                         FDRE                                         r  x_wdata_reg[0]_rep/C
                         clock pessimism              0.000    10.924    <hidden>
                         clock uncertainty           -0.035    10.889    <hidden>
                         FDRE (Setup_fdre_C_D)        0.044    10.933    x_wdata_reg[0]_rep
  -------------------------------------------------------------------
                         required time                         10.933    <hidden>
                         arrival time                         -27.641    <hidden>
  -------------------------------------------------------------------
                         slack                                -16.708    <hidden>

Slack (VIOLATED) :        -16.708ns  (required time - arrival time)
  Source:                 toks_reg[23][0]/C
                            (rising edge-triggered cell FDRE clocked by clk  {rise@0.000ns fall@5.000ns period=10.000ns})
  Destination:            x_wdata_reg[0]_rep__0/D
                            (rising edge-triggered cell FDRE clocked by clk  {rise@0.000ns fall@5.000ns period=10.000ns})
  Path Group:             clk
  Path Type:              Setup (Max at Slow Process Corner)
  Requirement:            10.000ns  (clk rise@10.000ns - clk rise@0.000ns)
  Data Path Delay:        26.668ns  (logic 16.406ns (61.520%)  route 10.262ns (38.480%))
  Logic Levels:           41  (CARRY4=24 DSP48E1=2 LUT1=2 LUT2=2 LUT3=2 LUT4=1 LUT5=2 LUT6=4 MUXF7=2)
  Clock Path Skew:        -0.049ns (DCD - SCD + CPR)
    Destination Clock Delay (DCD):    0.924ns = ( 10.924 - 10.000 ) 
    Source Clock Delay      (SCD):    0.973ns
    Clock Pessimism Removal (CPR):    0.000ns
  Clock Uncertainty:      0.035ns  ((TSJ^2 + TIJ^2)^1/2 + DJ) / 2 + PE
    Total System Jitter     (TSJ):    0.071ns
    Total Input Jitter      (TIJ):    0.000ns
    Discrete Jitter          (DJ):    0.000ns
    Phase Error              (PE):    0.000ns

    Location             Delay type                Incr(ns)  Path(ns)    Netlist Resource(s)
  -------------------------------------------------------------------    -------------------
                         (clock clk rise edge)        0.000     0.000 r  <hidden>
                                                      0.000     0.000 r  clk
                         net (fo=43146, unset)        0.973     0.973    clk
                         FDRE                                         r  toks_reg[23][0]/C
  -------------------------------------------------------------------    -------------------
                         FDRE (Prop_fdre_C_Q)         0.478     1.451 r  toks_reg[23][0]/Q
                         net (fo=1, unplaced)         0.965     2.416    toks_reg[23][0]
                         LUT6 (Prop_lut6_I0_O)        0.295     2.711 r  g0_b0__7_i_30/O
                         net (fo=1, unplaced)         0.000     2.711    g0_b0__7_i_30_n_0
                         MUXF7 (Prop_muxf7_I1_O)      0.247     2.958 r  g0_b0__7_i_14/O
                         net (fo=2, unplaced)         0.746     3.704    g0_b0__7_i_14_n_0
                         LUT5 (Prop_lut5_I0_O)        0.298     4.002 r  g0_b0__7_i_4/O
                         net (fo=1, unplaced)         0.469     4.471    toks[0]
                         CARRY4 (Prop_carry4_DI[1]_O[3])
                                                      0.629     5.100 r  g0_b0__7_i_1/O[3]
                         net (fo=239, unplaced)       1.089     6.189    g0_b0__7_i_1_n_4
                         LUT6 (Prop_lut6_I2_O)        0.307     6.496 r  c4_rq_return1_i_132/O
                         net (fo=2, unplaced)         0.743     7.239    c4_rq_return1_i_132_n_0
                         LUT6 (Prop_lut6_I3_O)        0.124     7.363 r  c4_rq_return1_i_69/O
                         net (fo=1, unplaced)         0.665     8.028    c4_rq_return1_i_69_n_0
                         LUT6 (Prop_lut6_I0_O)        0.124     8.152 r  c4_rq_return1_i_23/O
                         net (fo=1, unplaced)         0.000     8.152    c4_rq_return1_i_23_n_0
                         MUXF7 (Prop_muxf7_I0_O)      0.241     8.393 r  c4_rq_return1_i_10/O
                         net (fo=1, unplaced)         0.452     8.845    a[6]
                         LUT2 (Prop_lut2_I0_O)        0.298     9.143 r  c4_rq_return1_i_2/O
                         net (fo=2, unplaced)         0.803     9.946    c4_rq_return1_i_2_n_0
                         DSP48E1 (Prop_dsp48e1_A[6]_PCOUT[47])
                                                      4.036    13.982 r  c4_rq_return1/PCOUT[47]
                         net (fo=1, unplaced)         0.000    13.982    c4_rq_return1_n_106
                         DSP48E1 (Prop_dsp48e1_PCIN[47]_P[1])
                                                      1.518    15.500 f  c4_rq_return1__0/P[1]
                         net (fo=3, unplaced)         0.803    16.303    c4_rq_return1__0_n_104
                         LUT1 (Prop_lut1_I0_O)        0.124    16.427 r  x_wdata[3]_i_90/O
                         net (fo=1, unplaced)         0.000    16.427    x_wdata[3]_i_90_n_0
                         CARRY4 (Prop_carry4_S[1]_CO[3])
                                                      0.533    16.960 r  x_wdata_reg[3]_i_58/CO[3]
                         net (fo=1, unplaced)         0.000    16.960    x_wdata_reg[3]_i_58_n_0
                         CARRY4 (Prop_carry4_CI_O[1])
                                                      0.337    17.297 f  x_wdata_reg[3]_i_36/O[1]
                         net (fo=2, unplaced)         0.622    17.919    c4_rq_return4[22]
                         LUT5 (Prop_lut5_I0_O)        0.306    18.225 r  x_wdata[3]_i_32/O
                         net (fo=1, unplaced)         0.000    18.225    x_wdata[3]_i_32_n_0
                         CARRY4 (Prop_carry4_S[3]_CO[3])
                                                      0.376    18.601 r  x_wdata_reg[3]_i_17/CO[3]
                         net (fo=1, unplaced)         0.000    18.601    x_wdata_reg[3]_i_17_n_0
                         CARRY4 (Prop_carry4_CI_CO[0])
                                                      0.281    18.882 r  x_wdata_reg[3]_i_11/CO[0]
                         net (fo=2, unplaced)         0.322    19.204    x_wdata_reg[3]_i_11_n_3
                         LUT4 (Prop_lut4_I3_O)        0.367    19.571 r  x_wdata[3]_i_15/O
                         net (fo=1, unplaced)         0.000    19.571    x_wdata[3]_i_15_n_0
                         CARRY4 (Prop_carry4_S[0]_CO[3])
                                                      0.513    20.084 r  x_wdata_reg[3]_i_6/CO[3]
                         net (fo=1, unplaced)         0.000    20.084    x_wdata_reg[3]_i_6_n_0
                         CARRY4 (Prop_carry4_CI_CO[3])
                                                      0.117    20.201 r  x_wdata_reg[7]_i_11/CO[3]
                         net (fo=1, unplaced)         0.000    20.201    x_wdata_reg[7]_i_11_n_0
                         CARRY4 (Prop_carry4_CI_CO[3])
                                                      0.117    20.318 r  x_wdata_reg[11]_i_11/CO[3]
                         net (fo=1, unplaced)         0.000    20.318    x_wdata_reg[11]_i_11_n_0
                         CARRY4 (Prop_carry4_CI_CO[3])
                                                      0.117    20.435 r  x_wdata_reg[15]_i_40/CO[3]
                         net (fo=1, unplaced)         0.000    20.435    x_wdata_reg[15]_i_40_n_0
                         CARRY4 (Prop_carry4_CI_CO[3])
                                                      0.117    20.552 r  acc_reg[19]_i_50/CO[3]
                         net (fo=1, unplaced)         0.000    20.552    acc_reg[19]_i_50_n_0
                         CARRY4 (Prop_carry4_CI_CO[3])
                                                      0.117    20.669 r  acc_reg[23]_i_52/CO[3]
                         net (fo=1, unplaced)         0.000    20.669    acc_reg[23]_i_52_n_0
                         CARRY4 (Prop_carry4_CI_CO[3])
                                                      0.117    20.786 r  acc_reg[27]_i_50/CO[3]
                         net (fo=1, unplaced)         0.000    20.786    acc_reg[27]_i_50_n_0
                         CARRY4 (Prop_carry4_CI_O[2])
                                                      0.256    21.042 f  acc_reg[31]_i_55/O[2]
                         net (fo=3, unplaced)         0.470    21.512    c4_rq_return1__1[30]
                         LUT1 (Prop_lut1_I0_O)        0.301    21.813 r  acc[35]_i_63/O
                         net (fo=1, unplaced)         0.000    21.813    acc[35]_i_63_n_0
                         CARRY4 (Prop_carry4_S[1]_CO[3])
                                                      0.533    22.346 r  acc_reg[35]_i_50/CO[3]
                         net (fo=1, unplaced)         0.000    22.346    acc_reg[35]_i_50_n_0
                         CARRY4 (Prop_carry4_CI_O[2])
                                                      0.256    22.602 r  acc_reg[39]_i_49/O[2]
                         net (fo=2, unplaced)         0.463    23.065    c4_rq_return0[35]
                         LUT3 (Prop_lut3_I0_O)        0.301    23.366 r  acc[35]_i_23/O
                         net (fo=1, unplaced)         0.473    23.839    c4_rq_return[35]
                         CARRY4 (Prop_carry4_DI[3]_CO[3])
                                                      0.396    24.235 r  acc_reg[35]_i_11/CO[3]
                         net (fo=1, unplaced)         0.000    24.235    acc_reg[35]_i_11_n_0
                         CARRY4 (Prop_carry4_CI_CO[3])
                                                      0.117    24.352 r  acc_reg[39]_i_11/CO[3]
                         net (fo=1, unplaced)         0.000    24.352    acc_reg[39]_i_11_n_0
                         CARRY4 (Prop_carry4_CI_CO[3])
                                                      0.117    24.469 r  acc_reg[43]_i_11/CO[3]
                         net (fo=1, unplaced)         0.000    24.469    acc_reg[43]_i_11_n_0
                         CARRY4 (Prop_carry4_CI_CO[3])
                                                      0.117    24.586 r  acc_reg[47]_i_11/CO[3]
                         net (fo=1, unplaced)         0.000    24.586    acc_reg[47]_i_11_n_0
                         CARRY4 (Prop_carry4_CI_CO[3])
                                                      0.117    24.703 r  acc_reg[51]_i_11/CO[3]
                         net (fo=1, unplaced)         0.000    24.703    acc_reg[51]_i_11_n_0
                         CARRY4 (Prop_carry4_CI_CO[3])
                                                      0.117    24.820 r  acc_reg[55]_i_11/CO[3]
                         net (fo=1, unplaced)         0.000    24.820    acc_reg[55]_i_11_n_0
                         CARRY4 (Prop_carry4_CI_CO[3])
                                                      0.117    24.937 r  acc_reg[59]_i_11/CO[3]
                         net (fo=1, unplaced)         0.000    24.937    acc_reg[59]_i_11_n_0
                         CARRY4 (Prop_carry4_CI_O[1])
                                                      0.337    25.274 f  acc_reg[63]_i_23/O[1]
                         net (fo=8, unplaced)         0.649    25.923    data1[61]
                         LUT2 (Prop_lut2_I0_O)        0.306    26.229 r  x_wdata[15]_i_11/O
                         net (fo=1, unplaced)         0.000    26.229    x_wdata[15]_i_11_n_0
                         CARRY4 (Prop_carry4_S[1]_CO[2])
                                                      0.574    26.803 r  x_wdata_reg[15]_i_3/CO[2]
                         net (fo=128, unplaced)       0.528    27.331    x_wdata_reg[15]_i_3_n_1
                         LUT3 (Prop_lut3_I0_O)        0.310    27.641 r  x_wdata[0]_rep_i_1__0/O
                         net (fo=1, unplaced)         0.000    27.641    x_wdata[0]_rep_i_1__0_n_0
                         FDRE                                         r  x_wdata_reg[0]_rep__0/D
  -------------------------------------------------------------------    -------------------

                         (clock clk rise edge)       10.000    10.000 r  <hidden>
                                                      0.000    10.000 r  clk
                         net (fo=43146, unset)        0.924    10.924    clk
                         FDRE                                         r  x_wdata_reg[0]_rep__0/C
                         clock pessimism              0.000    10.924    <hidden>
                         clock uncertainty           -0.035    10.889    <hidden>
                         FDRE (Setup_fdre_C_D)        0.044    10.933    x_wdata_reg[0]_rep__0
  -------------------------------------------------------------------
                         required time                         10.933    <hidden>
                         arrival time                         -27.641    <hidden>
  -------------------------------------------------------------------
                         slack                                -16.708    <hidden>

Slack (VIOLATED) :        -16.708ns  (required time - arrival time)
  Source:                 toks_reg[23][0]/C
                            (rising edge-triggered cell FDRE clocked by clk  {rise@0.000ns fall@5.000ns period=10.000ns})
  Destination:            x_wdata_reg[0]_rep__1/D
                            (rising edge-triggered cell FDRE clocked by clk  {rise@0.000ns fall@5.000ns period=10.000ns})
  Path Group:             clk
  Path Type:              Setup (Max at Slow Process Corner)
  Requirement:            10.000ns  (clk rise@10.000ns - clk rise@0.000ns)
  Data Path Delay:        26.668ns  (logic 16.406ns (61.520%)  route 10.262ns (38.480%))
  Logic Levels:           41  (CARRY4=24 DSP48E1=2 LUT1=2 LUT2=2 LUT3=2 LUT4=1 LUT5=2 LUT6=4 MUXF7=2)
  Clock Path Skew:        -0.049ns (DCD - SCD + CPR)
    Destination Clock Delay (DCD):    0.924ns = ( 10.924 - 10.000 ) 
    Source Clock Delay      (SCD):    0.973ns
    Clock Pessimism Removal (CPR):    0.000ns
  Clock Uncertainty:      0.035ns  ((TSJ^2 + TIJ^2)^1/2 + DJ) / 2 + PE
    Total System Jitter     (TSJ):    0.071ns
    Total Input Jitter      (TIJ):    0.000ns
    Discrete Jitter          (DJ):    0.000ns
    Phase Error              (PE):    0.000ns

    Location             Delay type                Incr(ns)  Path(ns)    Netlist Resource(s)
  -------------------------------------------------------------------    -------------------
                         (clock clk rise edge)        0.000     0.000 r  <hidden>
                                                      0.000     0.000 r  clk
                         net (fo=43146, unset)        0.973     0.973    clk
                         FDRE                                         r  toks_reg[23][0]/C
  -------------------------------------------------------------------    -------------------
                         FDRE (Prop_fdre_C_Q)         0.478     1.451 r  toks_reg[23][0]/Q
                         net (fo=1, unplaced)         0.965     2.416    toks_reg[23][0]
                         LUT6 (Prop_lut6_I0_O)        0.295     2.711 r  g0_b0__7_i_30/O
                         net (fo=1, unplaced)         0.000     2.711    g0_b0__7_i_30_n_0
                         MUXF7 (Prop_muxf7_I1_O)      0.247     2.958 r  g0_b0__7_i_14/O
                         net (fo=2, unplaced)         0.746     3.704    g0_b0__7_i_14_n_0
                         LUT5 (Prop_lut5_I0_O)        0.298     4.002 r  g0_b0__7_i_4/O
                         net (fo=1, unplaced)         0.469     4.471    toks[0]
                         CARRY4 (Prop_carry4_DI[1]_O[3])
                                                      0.629     5.100 r  g0_b0__7_i_1/O[3]
                         net (fo=239, unplaced)       1.089     6.189    g0_b0__7_i_1_n_4
                         LUT6 (Prop_lut6_I2_O)        0.307     6.496 r  c4_rq_return1_i_132/O
                         net (fo=2, unplaced)         0.743     7.239    c4_rq_return1_i_132_n_0
                         LUT6 (Prop_lut6_I3_O)        0.124     7.363 r  c4_rq_return1_i_69/O
                         net (fo=1, unplaced)         0.665     8.028    c4_rq_return1_i_69_n_0
                         LUT6 (Prop_lut6_I0_O)        0.124     8.152 r  c4_rq_return1_i_23/O
                         net (fo=1, unplaced)         0.000     8.152    c4_rq_return1_i_23_n_0
                         MUXF7 (Prop_muxf7_I0_O)      0.241     8.393 r  c4_rq_return1_i_10/O
                         net (fo=1, unplaced)         0.452     8.845    a[6]
                         LUT2 (Prop_lut2_I0_O)        0.298     9.143 r  c4_rq_return1_i_2/O
                         net (fo=2, unplaced)         0.803     9.946    c4_rq_return1_i_2_n_0
                         DSP48E1 (Prop_dsp48e1_A[6]_PCOUT[47])
                                                      4.036    13.982 r  c4_rq_return1/PCOUT[47]
                         net (fo=1, unplaced)         0.000    13.982    c4_rq_return1_n_106
                         DSP48E1 (Prop_dsp48e1_PCIN[47]_P[1])
                                                      1.518    15.500 f  c4_rq_return1__0/P[1]
                         net (fo=3, unplaced)         0.803    16.303    c4_rq_return1__0_n_104
                         LUT1 (Prop_lut1_I0_O)        0.124    16.427 r  x_wdata[3]_i_90/O
                         net (fo=1, unplaced)         0.000    16.427    x_wdata[3]_i_90_n_0
                         CARRY4 (Prop_carry4_S[1]_CO[3])
                                                      0.533    16.960 r  x_wdata_reg[3]_i_58/CO[3]
                         net (fo=1, unplaced)         0.000    16.960    x_wdata_reg[3]_i_58_n_0
                         CARRY4 (Prop_carry4_CI_O[1])
                                                      0.337    17.297 f  x_wdata_reg[3]_i_36/O[1]
                         net (fo=2, unplaced)         0.622    17.919    c4_rq_return4[22]
                         LUT5 (Prop_lut5_I0_O)        0.306    18.225 r  x_wdata[3]_i_32/O
                         net (fo=1, unplaced)         0.000    18.225    x_wdata[3]_i_32_n_0
                         CARRY4 (Prop_carry4_S[3]_CO[3])
                                                      0.376    18.601 r  x_wdata_reg[3]_i_17/CO[3]
                         net (fo=1, unplaced)         0.000    18.601    x_wdata_reg[3]_i_17_n_0
                         CARRY4 (Prop_carry4_CI_CO[0])
                                                      0.281    18.882 r  x_wdata_reg[3]_i_11/CO[0]
                         net (fo=2, unplaced)         0.322    19.204    x_wdata_reg[3]_i_11_n_3
                         LUT4 (Prop_lut4_I3_O)        0.367    19.571 r  x_wdata[3]_i_15/O
                         net (fo=1, unplaced)         0.000    19.571    x_wdata[3]_i_15_n_0
                         CARRY4 (Prop_carry4_S[0]_CO[3])
                                                      0.513    20.084 r  x_wdata_reg[3]_i_6/CO[3]
                         net (fo=1, unplaced)         0.000    20.084    x_wdata_reg[3]_i_6_n_0
                         CARRY4 (Prop_carry4_CI_CO[3])
                                                      0.117    20.201 r  x_wdata_reg[7]_i_11/CO[3]
                         net (fo=1, unplaced)         0.000    20.201    x_wdata_reg[7]_i_11_n_0
                         CARRY4 (Prop_carry4_CI_CO[3])
                                                      0.117    20.318 r  x_wdata_reg[11]_i_11/CO[3]
                         net (fo=1, unplaced)         0.000    20.318    x_wdata_reg[11]_i_11_n_0
                         CARRY4 (Prop_carry4_CI_CO[3])
                                                      0.117    20.435 r  x_wdata_reg[15]_i_40/CO[3]
                         net (fo=1, unplaced)         0.000    20.435    x_wdata_reg[15]_i_40_n_0
                         CARRY4 (Prop_carry4_CI_CO[3])
                                                      0.117    20.552 r  acc_reg[19]_i_50/CO[3]
                         net (fo=1, unplaced)         0.000    20.552    acc_reg[19]_i_50_n_0
                         CARRY4 (Prop_carry4_CI_CO[3])
                                                      0.117    20.669 r  acc_reg[23]_i_52/CO[3]
                         net (fo=1, unplaced)         0.000    20.669    acc_reg[23]_i_52_n_0
                         CARRY4 (Prop_carry4_CI_CO[3])
                                                      0.117    20.786 r  acc_reg[27]_i_50/CO[3]
                         net (fo=1, unplaced)         0.000    20.786    acc_reg[27]_i_50_n_0
                         CARRY4 (Prop_carry4_CI_O[2])
                                                      0.256    21.042 f  acc_reg[31]_i_55/O[2]
                         net (fo=3, unplaced)         0.470    21.512    c4_rq_return1__1[30]
                         LUT1 (Prop_lut1_I0_O)        0.301    21.813 r  acc[35]_i_63/O
                         net (fo=1, unplaced)         0.000    21.813    acc[35]_i_63_n_0
                         CARRY4 (Prop_carry4_S[1]_CO[3])
                                                      0.533    22.346 r  acc_reg[35]_i_50/CO[3]
                         net (fo=1, unplaced)         0.000    22.346    acc_reg[35]_i_50_n_0
                         CARRY4 (Prop_carry4_CI_O[2])
                                                      0.256    22.602 r  acc_reg[39]_i_49/O[2]
                         net (fo=2, unplaced)         0.463    23.065    c4_rq_return0[35]
                         LUT3 (Prop_lut3_I0_O)        0.301    23.366 r  acc[35]_i_23/O
                         net (fo=1, unplaced)         0.473    23.839    c4_rq_return[35]
                         CARRY4 (Prop_carry4_DI[3]_CO[3])
                                                      0.396    24.235 r  acc_reg[35]_i_11/CO[3]
                         net (fo=1, unplaced)         0.000    24.235    acc_reg[35]_i_11_n_0
                         CARRY4 (Prop_carry4_CI_CO[3])
                                                      0.117    24.352 r  acc_reg[39]_i_11/CO[3]
                         net (fo=1, unplaced)         0.000    24.352    acc_reg[39]_i_11_n_0
                         CARRY4 (Prop_carry4_CI_CO[3])
                                                      0.117    24.469 r  acc_reg[43]_i_11/CO[3]
                         net (fo=1, unplaced)         0.000    24.469    acc_reg[43]_i_11_n_0
                         CARRY4 (Prop_carry4_CI_CO[3])
                                                      0.117    24.586 r  acc_reg[47]_i_11/CO[3]
                         net (fo=1, unplaced)         0.000    24.586    acc_reg[47]_i_11_n_0
                         CARRY4 (Prop_carry4_CI_CO[3])
                                                      0.117    24.703 r  acc_reg[51]_i_11/CO[3]
                         net (fo=1, unplaced)         0.000    24.703    acc_reg[51]_i_11_n_0
                         CARRY4 (Prop_carry4_CI_CO[3])
                                                      0.117    24.820 r  acc_reg[55]_i_11/CO[3]
                         net (fo=1, unplaced)         0.000    24.820    acc_reg[55]_i_11_n_0
                         CARRY4 (Prop_carry4_CI_CO[3])
                                                      0.117    24.937 r  acc_reg[59]_i_11/CO[3]
                         net (fo=1, unplaced)         0.000    24.937    acc_reg[59]_i_11_n_0
                         CARRY4 (Prop_carry4_CI_O[1])
                                                      0.337    25.274 f  acc_reg[63]_i_23/O[1]
                         net (fo=8, unplaced)         0.649    25.923    data1[61]
                         LUT2 (Prop_lut2_I0_O)        0.306    26.229 r  x_wdata[15]_i_11/O
                         net (fo=1, unplaced)         0.000    26.229    x_wdata[15]_i_11_n_0
                         CARRY4 (Prop_carry4_S[1]_CO[2])
                                                      0.574    26.803 r  x_wdata_reg[15]_i_3/CO[2]
                         net (fo=128, unplaced)       0.528    27.331    x_wdata_reg[15]_i_3_n_1
                         LUT3 (Prop_lut3_I0_O)        0.310    27.641 r  x_wdata[0]_rep_i_1__1/O
                         net (fo=1, unplaced)         0.000    27.641    x_wdata[0]_rep_i_1__1_n_0
                         FDRE                                         r  x_wdata_reg[0]_rep__1/D
  -------------------------------------------------------------------    -------------------

                         (clock clk rise edge)       10.000    10.000 r  <hidden>
                                                      0.000    10.000 r  clk
                         net (fo=43146, unset)        0.924    10.924    clk
                         FDRE                                         r  x_wdata_reg[0]_rep__1/C
                         clock pessimism              0.000    10.924    <hidden>
                         clock uncertainty           -0.035    10.889    <hidden>
                         FDRE (Setup_fdre_C_D)        0.044    10.933    x_wdata_reg[0]_rep__1
  -------------------------------------------------------------------
                         required time                         10.933    <hidden>
                         arrival time                         -27.641    <hidden>
  -------------------------------------------------------------------
                         slack                                -16.708    <hidden>

Slack (VIOLATED) :        -16.708ns  (required time - arrival time)
  Source:                 toks_reg[23][0]/C
                            (rising edge-triggered cell FDRE clocked by clk  {rise@0.000ns fall@5.000ns period=10.000ns})
  Destination:            x_wdata_reg[0]_rep__2/D
                            (rising edge-triggered cell FDRE clocked by clk  {rise@0.000ns fall@5.000ns period=10.000ns})
  Path Group:             clk
  Path Type:              Setup (Max at Slow Process Corner)
  Requirement:            10.000ns  (clk rise@10.000ns - clk rise@0.000ns)
  Data Path Delay:        26.668ns  (logic 16.406ns (61.520%)  route 10.262ns (38.480%))
  Logic Levels:           41  (CARRY4=24 DSP48E1=2 LUT1=2 LUT2=2 LUT3=2 LUT4=1 LUT5=2 LUT6=4 MUXF7=2)
  Clock Path Skew:        -0.049ns (DCD - SCD + CPR)
    Destination Clock Delay (DCD):    0.924ns = ( 10.924 - 10.000 ) 
    Source Clock Delay      (SCD):    0.973ns
    Clock Pessimism Removal (CPR):    0.000ns
  Clock Uncertainty:      0.035ns  ((TSJ^2 + TIJ^2)^1/2 + DJ) / 2 + PE
    Total System Jitter     (TSJ):    0.071ns
    Total Input Jitter      (TIJ):    0.000ns
    Discrete Jitter          (DJ):    0.000ns
    Phase Error              (PE):    0.000ns

    Location             Delay type                Incr(ns)  Path(ns)    Netlist Resource(s)
  -------------------------------------------------------------------    -------------------
                         (clock clk rise edge)        0.000     0.000 r  <hidden>
                                                      0.000     0.000 r  clk
                         net (fo=43146, unset)        0.973     0.973    clk
                         FDRE                                         r  toks_reg[23][0]/C
  -------------------------------------------------------------------    -------------------
                         FDRE (Prop_fdre_C_Q)         0.478     1.451 r  toks_reg[23][0]/Q
                         net (fo=1, unplaced)         0.965     2.416    toks_reg[23][0]
                         LUT6 (Prop_lut6_I0_O)        0.295     2.711 r  g0_b0__7_i_30/O
                         net (fo=1, unplaced)         0.000     2.711    g0_b0__7_i_30_n_0
                         MUXF7 (Prop_muxf7_I1_O)      0.247     2.958 r  g0_b0__7_i_14/O
                         net (fo=2, unplaced)         0.746     3.704    g0_b0__7_i_14_n_0
                         LUT5 (Prop_lut5_I0_O)        0.298     4.002 r  g0_b0__7_i_4/O
                         net (fo=1, unplaced)         0.469     4.471    toks[0]
                         CARRY4 (Prop_carry4_DI[1]_O[3])
                                                      0.629     5.100 r  g0_b0__7_i_1/O[3]
                         net (fo=239, unplaced)       1.089     6.189    g0_b0__7_i_1_n_4
                         LUT6 (Prop_lut6_I2_O)        0.307     6.496 r  c4_rq_return1_i_132/O
                         net (fo=2, unplaced)         0.743     7.239    c4_rq_return1_i_132_n_0
                         LUT6 (Prop_lut6_I3_O)        0.124     7.363 r  c4_rq_return1_i_69/O
                         net (fo=1, unplaced)         0.665     8.028    c4_rq_return1_i_69_n_0
                         LUT6 (Prop_lut6_I0_O)        0.124     8.152 r  c4_rq_return1_i_23/O
                         net (fo=1, unplaced)         0.000     8.152    c4_rq_return1_i_23_n_0
                         MUXF7 (Prop_muxf7_I0_O)      0.241     8.393 r  c4_rq_return1_i_10/O
                         net (fo=1, unplaced)         0.452     8.845    a[6]
                         LUT2 (Prop_lut2_I0_O)        0.298     9.143 r  c4_rq_return1_i_2/O
                         net (fo=2, unplaced)         0.803     9.946    c4_rq_return1_i_2_n_0
                         DSP48E1 (Prop_dsp48e1_A[6]_PCOUT[47])
                                                      4.036    13.982 r  c4_rq_return1/PCOUT[47]
                         net (fo=1, unplaced)         0.000    13.982    c4_rq_return1_n_106
                         DSP48E1 (Prop_dsp48e1_PCIN[47]_P[1])
                                                      1.518    15.500 f  c4_rq_return1__0/P[1]
                         net (fo=3, unplaced)         0.803    16.303    c4_rq_return1__0_n_104
                         LUT1 (Prop_lut1_I0_O)        0.124    16.427 r  x_wdata[3]_i_90/O
                         net (fo=1, unplaced)         0.000    16.427    x_wdata[3]_i_90_n_0
                         CARRY4 (Prop_carry4_S[1]_CO[3])
                                                      0.533    16.960 r  x_wdata_reg[3]_i_58/CO[3]
                         net (fo=1, unplaced)         0.000    16.960    x_wdata_reg[3]_i_58_n_0
                         CARRY4 (Prop_carry4_CI_O[1])
                                                      0.337    17.297 f  x_wdata_reg[3]_i_36/O[1]
                         net (fo=2, unplaced)         0.622    17.919    c4_rq_return4[22]
                         LUT5 (Prop_lut5_I0_O)        0.306    18.225 r  x_wdata[3]_i_32/O
                         net (fo=1, unplaced)         0.000    18.225    x_wdata[3]_i_32_n_0
                         CARRY4 (Prop_carry4_S[3]_CO[3])
                                                      0.376    18.601 r  x_wdata_reg[3]_i_17/CO[3]
                         net (fo=1, unplaced)         0.000    18.601    x_wdata_reg[3]_i_17_n_0
                         CARRY4 (Prop_carry4_CI_CO[0])
                                                      0.281    18.882 r  x_wdata_reg[3]_i_11/CO[0]
                         net (fo=2, unplaced)         0.322    19.204    x_wdata_reg[3]_i_11_n_3
                         LUT4 (Prop_lut4_I3_O)        0.367    19.571 r  x_wdata[3]_i_15/O
                         net (fo=1, unplaced)         0.000    19.571    x_wdata[3]_i_15_n_0
                         CARRY4 (Prop_carry4_S[0]_CO[3])
                                                      0.513    20.084 r  x_wdata_reg[3]_i_6/CO[3]
                         net (fo=1, unplaced)         0.000    20.084    x_wdata_reg[3]_i_6_n_0
                         CARRY4 (Prop_carry4_CI_CO[3])
                                                      0.117    20.201 r  x_wdata_reg[7]_i_11/CO[3]
                         net (fo=1, unplaced)         0.000    20.201    x_wdata_reg[7]_i_11_n_0
                         CARRY4 (Prop_carry4_CI_CO[3])
                                                      0.117    20.318 r  x_wdata_reg[11]_i_11/CO[3]
                         net (fo=1, unplaced)         0.000    20.318    x_wdata_reg[11]_i_11_n_0
                         CARRY4 (Prop_carry4_CI_CO[3])
                                                      0.117    20.435 r  x_wdata_reg[15]_i_40/CO[3]
                         net (fo=1, unplaced)         0.000    20.435    x_wdata_reg[15]_i_40_n_0
                         CARRY4 (Prop_carry4_CI_CO[3])
                                                      0.117    20.552 r  acc_reg[19]_i_50/CO[3]
                         net (fo=1, unplaced)         0.000    20.552    acc_reg[19]_i_50_n_0
                         CARRY4 (Prop_carry4_CI_CO[3])
                                                      0.117    20.669 r  acc_reg[23]_i_52/CO[3]
                         net (fo=1, unplaced)         0.000    20.669    acc_reg[23]_i_52_n_0
                         CARRY4 (Prop_carry4_CI_CO[3])
                                                      0.117    20.786 r  acc_reg[27]_i_50/CO[3]
                         net (fo=1, unplaced)         0.000    20.786    acc_reg[27]_i_50_n_0
                         CARRY4 (Prop_carry4_CI_O[2])
                                                      0.256    21.042 f  acc_reg[31]_i_55/O[2]
                         net (fo=3, unplaced)         0.470    21.512    c4_rq_return1__1[30]
                         LUT1 (Prop_lut1_I0_O)        0.301    21.813 r  acc[35]_i_63/O
                         net (fo=1, unplaced)         0.000    21.813    acc[35]_i_63_n_0
                         CARRY4 (Prop_carry4_S[1]_CO[3])
                                                      0.533    22.346 r  acc_reg[35]_i_50/CO[3]
                         net (fo=1, unplaced)         0.000    22.346    acc_reg[35]_i_50_n_0
                         CARRY4 (Prop_carry4_CI_O[2])
                                                      0.256    22.602 r  acc_reg[39]_i_49/O[2]
                         net (fo=2, unplaced)         0.463    23.065    c4_rq_return0[35]
                         LUT3 (Prop_lut3_I0_O)        0.301    23.366 r  acc[35]_i_23/O
                         net (fo=1, unplaced)         0.473    23.839    c4_rq_return[35]
                         CARRY4 (Prop_carry4_DI[3]_CO[3])
                                                      0.396    24.235 r  acc_reg[35]_i_11/CO[3]
                         net (fo=1, unplaced)         0.000    24.235    acc_reg[35]_i_11_n_0
                         CARRY4 (Prop_carry4_CI_CO[3])
                                                      0.117    24.352 r  acc_reg[39]_i_11/CO[3]
                         net (fo=1, unplaced)         0.000    24.352    acc_reg[39]_i_11_n_0
                         CARRY4 (Prop_carry4_CI_CO[3])
                                                      0.117    24.469 r  acc_reg[43]_i_11/CO[3]
                         net (fo=1, unplaced)         0.000    24.469    acc_reg[43]_i_11_n_0
                         CARRY4 (Prop_carry4_CI_CO[3])
                                                      0.117    24.586 r  acc_reg[47]_i_11/CO[3]
                         net (fo=1, unplaced)         0.000    24.586    acc_reg[47]_i_11_n_0
                         CARRY4 (Prop_carry4_CI_CO[3])
                                                      0.117    24.703 r  acc_reg[51]_i_11/CO[3]
                         net (fo=1, unplaced)         0.000    24.703    acc_reg[51]_i_11_n_0
                         CARRY4 (Prop_carry4_CI_CO[3])
                                                      0.117    24.820 r  acc_reg[55]_i_11/CO[3]
                         net (fo=1, unplaced)         0.000    24.820    acc_reg[55]_i_11_n_0
                         CARRY4 (Prop_carry4_CI_CO[3])
                                                      0.117    24.937 r  acc_reg[59]_i_11/CO[3]
                         net (fo=1, unplaced)         0.000    24.937    acc_reg[59]_i_11_n_0
                         CARRY4 (Prop_carry4_CI_O[1])
                                                      0.337    25.274 f  acc_reg[63]_i_23/O[1]
                         net (fo=8, unplaced)         0.649    25.923    data1[61]
                         LUT2 (Prop_lut2_I0_O)        0.306    26.229 r  x_wdata[15]_i_11/O
                         net (fo=1, unplaced)         0.000    26.229    x_wdata[15]_i_11_n_0
                         CARRY4 (Prop_carry4_S[1]_CO[2])
                                                      0.574    26.803 r  x_wdata_reg[15]_i_3/CO[2]
                         net (fo=128, unplaced)       0.528    27.331    x_wdata_reg[15]_i_3_n_1
                         LUT3 (Prop_lut3_I0_O)        0.310    27.641 r  x_wdata[0]_rep_i_1__2/O
                         net (fo=1, unplaced)         0.000    27.641    x_wdata[0]_rep_i_1__2_n_0
                         FDRE                                         r  x_wdata_reg[0]_rep__2/D
  -------------------------------------------------------------------    -------------------

                         (clock clk rise edge)       10.000    10.000 r  <hidden>
                                                      0.000    10.000 r  clk
                         net (fo=43146, unset)        0.924    10.924    clk
                         FDRE                                         r  x_wdata_reg[0]_rep__2/C
                         clock pessimism              0.000    10.924    <hidden>
                         clock uncertainty           -0.035    10.889    <hidden>
                         FDRE (Setup_fdre_C_D)        0.044    10.933    x_wdata_reg[0]_rep__2
  -------------------------------------------------------------------
                         required time                         10.933    <hidden>
                         arrival time                         -27.641    <hidden>
  -------------------------------------------------------------------
                         slack                                -16.708    <hidden>

Slack (VIOLATED) :        -16.708ns  (required time - arrival time)
  Source:                 toks_reg[23][0]/C
                            (rising edge-triggered cell FDRE clocked by clk  {rise@0.000ns fall@5.000ns period=10.000ns})
  Destination:            x_wdata_reg[0]_rep__3/D
                            (rising edge-triggered cell FDRE clocked by clk  {rise@0.000ns fall@5.000ns period=10.000ns})
  Path Group:             clk
  Path Type:              Setup (Max at Slow Process Corner)
  Requirement:            10.000ns  (clk rise@10.000ns - clk rise@0.000ns)
  Data Path Delay:        26.668ns  (logic 16.406ns (61.520%)  route 10.262ns (38.480%))
  Logic Levels:           41  (CARRY4=24 DSP48E1=2 LUT1=2 LUT2=2 LUT3=2 LUT4=1 LUT5=2 LUT6=4 MUXF7=2)
  Clock Path Skew:        -0.049ns (DCD - SCD + CPR)
    Destination Clock Delay (DCD):    0.924ns = ( 10.924 - 10.000 ) 
    Source Clock Delay      (SCD):    0.973ns
    Clock Pessimism Removal (CPR):    0.000ns
  Clock Uncertainty:      0.035ns  ((TSJ^2 + TIJ^2)^1/2 + DJ) / 2 + PE
    Total System Jitter     (TSJ):    0.071ns
    Total Input Jitter      (TIJ):    0.000ns
    Discrete Jitter          (DJ):    0.000ns
    Phase Error              (PE):    0.000ns

    Location             Delay type                Incr(ns)  Path(ns)    Netlist Resource(s)
  -------------------------------------------------------------------    -------------------
                         (clock clk rise edge)        0.000     0.000 r  <hidden>
                                                      0.000     0.000 r  clk
                         net (fo=43146, unset)        0.973     0.973    clk
                         FDRE                                         r  toks_reg[23][0]/C
  -------------------------------------------------------------------    -------------------
                         FDRE (Prop_fdre_C_Q)         0.478     1.451 r  toks_reg[23][0]/Q
                         net (fo=1, unplaced)         0.965     2.416    toks_reg[23][0]
                         LUT6 (Prop_lut6_I0_O)        0.295     2.711 r  g0_b0__7_i_30/O
                         net (fo=1, unplaced)         0.000     2.711    g0_b0__7_i_30_n_0
                         MUXF7 (Prop_muxf7_I1_O)      0.247     2.958 r  g0_b0__7_i_14/O
                         net (fo=2, unplaced)         0.746     3.704    g0_b0__7_i_14_n_0
                         LUT5 (Prop_lut5_I0_O)        0.298     4.002 r  g0_b0__7_i_4/O
                         net (fo=1, unplaced)         0.469     4.471    toks[0]
                         CARRY4 (Prop_carry4_DI[1]_O[3])
                                                      0.629     5.100 r  g0_b0__7_i_1/O[3]
                         net (fo=239, unplaced)       1.089     6.189    g0_b0__7_i_1_n_4
                         LUT6 (Prop_lut6_I2_O)        0.307     6.496 r  c4_rq_return1_i_132/O
                         net (fo=2, unplaced)         0.743     7.239    c4_rq_return1_i_132_n_0
                         LUT6 (Prop_lut6_I3_O)        0.124     7.363 r  c4_rq_return1_i_69/O
                         net (fo=1, unplaced)         0.665     8.028    c4_rq_return1_i_69_n_0
                         LUT6 (Prop_lut6_I0_O)        0.124     8.152 r  c4_rq_return1_i_23/O
                         net (fo=1, unplaced)         0.000     8.152    c4_rq_return1_i_23_n_0
                         MUXF7 (Prop_muxf7_I0_O)      0.241     8.393 r  c4_rq_return1_i_10/O
                         net (fo=1, unplaced)         0.452     8.845    a[6]
                         LUT2 (Prop_lut2_I0_O)        0.298     9.143 r  c4_rq_return1_i_2/O
                         net (fo=2, unplaced)         0.803     9.946    c4_rq_return1_i_2_n_0
                         DSP48E1 (Prop_dsp48e1_A[6]_PCOUT[47])
                                                      4.036    13.982 r  c4_rq_return1/PCOUT[47]
                         net (fo=1, unplaced)         0.000    13.982    c4_rq_return1_n_106
                         DSP48E1 (Prop_dsp48e1_PCIN[47]_P[1])
                                                      1.518    15.500 f  c4_rq_return1__0/P[1]
                         net (fo=3, unplaced)         0.803    16.303    c4_rq_return1__0_n_104
                         LUT1 (Prop_lut1_I0_O)        0.124    16.427 r  x_wdata[3]_i_90/O
                         net (fo=1, unplaced)         0.000    16.427    x_wdata[3]_i_90_n_0
                         CARRY4 (Prop_carry4_S[1]_CO[3])
                                                      0.533    16.960 r  x_wdata_reg[3]_i_58/CO[3]
                         net (fo=1, unplaced)         0.000    16.960    x_wdata_reg[3]_i_58_n_0
                         CARRY4 (Prop_carry4_CI_O[1])
                                                      0.337    17.297 f  x_wdata_reg[3]_i_36/O[1]
                         net (fo=2, unplaced)         0.622    17.919    c4_rq_return4[22]
                         LUT5 (Prop_lut5_I0_O)        0.306    18.225 r  x_wdata[3]_i_32/O
                         net (fo=1, unplaced)         0.000    18.225    x_wdata[3]_i_32_n_0
                         CARRY4 (Prop_carry4_S[3]_CO[3])
                                                      0.376    18.601 r  x_wdata_reg[3]_i_17/CO[3]
                         net (fo=1, unplaced)         0.000    18.601    x_wdata_reg[3]_i_17_n_0
                         CARRY4 (Prop_carry4_CI_CO[0])
                                                      0.281    18.882 r  x_wdata_reg[3]_i_11/CO[0]
                         net (fo=2, unplaced)         0.322    19.204    x_wdata_reg[3]_i_11_n_3
                         LUT4 (Prop_lut4_I3_O)        0.367    19.571 r  x_wdata[3]_i_15/O
                         net (fo=1, unplaced)         0.000    19.571    x_wdata[3]_i_15_n_0
                         CARRY4 (Prop_carry4_S[0]_CO[3])
                                                      0.513    20.084 r  x_wdata_reg[3]_i_6/CO[3]
                         net (fo=1, unplaced)         0.000    20.084    x_wdata_reg[3]_i_6_n_0
                         CARRY4 (Prop_carry4_CI_CO[3])
                                                      0.117    20.201 r  x_wdata_reg[7]_i_11/CO[3]
                         net (fo=1, unplaced)         0.000    20.201    x_wdata_reg[7]_i_11_n_0
                         CARRY4 (Prop_carry4_CI_CO[3])
                                                      0.117    20.318 r  x_wdata_reg[11]_i_11/CO[3]
                         net (fo=1, unplaced)         0.000    20.318    x_wdata_reg[11]_i_11_n_0
                         CARRY4 (Prop_carry4_CI_CO[3])
                                                      0.117    20.435 r  x_wdata_reg[15]_i_40/CO[3]
                         net (fo=1, unplaced)         0.000    20.435    x_wdata_reg[15]_i_40_n_0
                         CARRY4 (Prop_carry4_CI_CO[3])
                                                      0.117    20.552 r  acc_reg[19]_i_50/CO[3]
                         net (fo=1, unplaced)         0.000    20.552    acc_reg[19]_i_50_n_0
                         CARRY4 (Prop_carry4_CI_CO[3])
                                                      0.117    20.669 r  acc_reg[23]_i_52/CO[3]
                         net (fo=1, unplaced)         0.000    20.669    acc_reg[23]_i_52_n_0
                         CARRY4 (Prop_carry4_CI_CO[3])
                                                      0.117    20.786 r  acc_reg[27]_i_50/CO[3]
                         net (fo=1, unplaced)         0.000    20.786    acc_reg[27]_i_50_n_0
                         CARRY4 (Prop_carry4_CI_O[2])
                                                      0.256    21.042 f  acc_reg[31]_i_55/O[2]
                         net (fo=3, unplaced)         0.470    21.512    c4_rq_return1__1[30]
                         LUT1 (Prop_lut1_I0_O)        0.301    21.813 r  acc[35]_i_63/O
                         net (fo=1, unplaced)         0.000    21.813    acc[35]_i_63_n_0
                         CARRY4 (Prop_carry4_S[1]_CO[3])
                                                      0.533    22.346 r  acc_reg[35]_i_50/CO[3]
                         net (fo=1, unplaced)         0.000    22.346    acc_reg[35]_i_50_n_0
                         CARRY4 (Prop_carry4_CI_O[2])
                                                      0.256    22.602 r  acc_reg[39]_i_49/O[2]
                         net (fo=2, unplaced)         0.463    23.065    c4_rq_return0[35]
                         LUT3 (Prop_lut3_I0_O)        0.301    23.366 r  acc[35]_i_23/O
                         net (fo=1, unplaced)         0.473    23.839    c4_rq_return[35]
                         CARRY4 (Prop_carry4_DI[3]_CO[3])
                                                      0.396    24.235 r  acc_reg[35]_i_11/CO[3]
                         net (fo=1, unplaced)         0.000    24.235    acc_reg[35]_i_11_n_0
                         CARRY4 (Prop_carry4_CI_CO[3])
                                                      0.117    24.352 r  acc_reg[39]_i_11/CO[3]
                         net (fo=1, unplaced)         0.000    24.352    acc_reg[39]_i_11_n_0
                         CARRY4 (Prop_carry4_CI_CO[3])
                                                      0.117    24.469 r  acc_reg[43]_i_11/CO[3]
                         net (fo=1, unplaced)         0.000    24.469    acc_reg[43]_i_11_n_0
                         CARRY4 (Prop_carry4_CI_CO[3])
                                                      0.117    24.586 r  acc_reg[47]_i_11/CO[3]
                         net (fo=1, unplaced)         0.000    24.586    acc_reg[47]_i_11_n_0
                         CARRY4 (Prop_carry4_CI_CO[3])
                                                      0.117    24.703 r  acc_reg[51]_i_11/CO[3]
                         net (fo=1, unplaced)         0.000    24.703    acc_reg[51]_i_11_n_0
                         CARRY4 (Prop_carry4_CI_CO[3])
                                                      0.117    24.820 r  acc_reg[55]_i_11/CO[3]
                         net (fo=1, unplaced)         0.000    24.820    acc_reg[55]_i_11_n_0
                         CARRY4 (Prop_carry4_CI_CO[3])
                                                      0.117    24.937 r  acc_reg[59]_i_11/CO[3]
                         net (fo=1, unplaced)         0.000    24.937    acc_reg[59]_i_11_n_0
                         CARRY4 (Prop_carry4_CI_O[1])
                                                      0.337    25.274 f  acc_reg[63]_i_23/O[1]
                         net (fo=8, unplaced)         0.649    25.923    data1[61]
                         LUT2 (Prop_lut2_I0_O)        0.306    26.229 r  x_wdata[15]_i_11/O
                         net (fo=1, unplaced)         0.000    26.229    x_wdata[15]_i_11_n_0
                         CARRY4 (Prop_carry4_S[1]_CO[2])
                                                      0.574    26.803 r  x_wdata_reg[15]_i_3/CO[2]
                         net (fo=128, unplaced)       0.528    27.331    x_wdata_reg[15]_i_3_n_1
                         LUT3 (Prop_lut3_I0_O)        0.310    27.641 r  x_wdata[0]_rep_i_1__3/O
                         net (fo=1, unplaced)         0.000    27.641    x_wdata[0]_rep_i_1__3_n_0
                         FDRE                                         r  x_wdata_reg[0]_rep__3/D
  -------------------------------------------------------------------    -------------------

                         (clock clk rise edge)       10.000    10.000 r  <hidden>
                                                      0.000    10.000 r  clk
                         net (fo=43146, unset)        0.924    10.924    clk
                         FDRE                                         r  x_wdata_reg[0]_rep__3/C
                         clock pessimism              0.000    10.924    <hidden>
                         clock uncertainty           -0.035    10.889    <hidden>
                         FDRE (Setup_fdre_C_D)        0.044    10.933    x_wdata_reg[0]_rep__3
  -------------------------------------------------------------------
                         required time                         10.933    <hidden>
                         arrival time                         -27.641    <hidden>
  -------------------------------------------------------------------
                         slack                                -16.708    <hidden>

Slack (VIOLATED) :        -16.708ns  (required time - arrival time)
  Source:                 toks_reg[23][0]/C
                            (rising edge-triggered cell FDRE clocked by clk  {rise@0.000ns fall@5.000ns period=10.000ns})
  Destination:            x_wdata_reg[0]_rep__4/D
                            (rising edge-triggered cell FDRE clocked by clk  {rise@0.000ns fall@5.000ns period=10.000ns})
  Path Group:             clk
  Path Type:              Setup (Max at Slow Process Corner)
  Requirement:            10.000ns  (clk rise@10.000ns - clk rise@0.000ns)
  Data Path Delay:        26.668ns  (logic 16.406ns (61.520%)  route 10.262ns (38.480%))
  Logic Levels:           41  (CARRY4=24 DSP48E1=2 LUT1=2 LUT2=2 LUT3=2 LUT4=1 LUT5=2 LUT6=4 MUXF7=2)
  Clock Path Skew:        -0.049ns (DCD - SCD + CPR)
    Destination Clock Delay (DCD):    0.924ns = ( 10.924 - 10.000 ) 
    Source Clock Delay      (SCD):    0.973ns
    Clock Pessimism Removal (CPR):    0.000ns
  Clock Uncertainty:      0.035ns  ((TSJ^2 + TIJ^2)^1/2 + DJ) / 2 + PE
    Total System Jitter     (TSJ):    0.071ns
    Total Input Jitter      (TIJ):    0.000ns
    Discrete Jitter          (DJ):    0.000ns
    Phase Error              (PE):    0.000ns

    Location             Delay type                Incr(ns)  Path(ns)    Netlist Resource(s)
  -------------------------------------------------------------------    -------------------
                         (clock clk rise edge)        0.000     0.000 r  <hidden>
                                                      0.000     0.000 r  clk
                         net (fo=43146, unset)        0.973     0.973    clk
                         FDRE                                         r  toks_reg[23][0]/C
  -------------------------------------------------------------------    -------------------
                         FDRE (Prop_fdre_C_Q)         0.478     1.451 r  toks_reg[23][0]/Q
                         net (fo=1, unplaced)         0.965     2.416    toks_reg[23][0]
                         LUT6 (Prop_lut6_I0_O)        0.295     2.711 r  g0_b0__7_i_30/O
                         net (fo=1, unplaced)         0.000     2.711    g0_b0__7_i_30_n_0
                         MUXF7 (Prop_muxf7_I1_O)      0.247     2.958 r  g0_b0__7_i_14/O
                         net (fo=2, unplaced)         0.746     3.704    g0_b0__7_i_14_n_0
                         LUT5 (Prop_lut5_I0_O)        0.298     4.002 r  g0_b0__7_i_4/O
                         net (fo=1, unplaced)         0.469     4.471    toks[0]
                         CARRY4 (Prop_carry4_DI[1]_O[3])
                                                      0.629     5.100 r  g0_b0__7_i_1/O[3]
                         net (fo=239, unplaced)       1.089     6.189    g0_b0__7_i_1_n_4
                         LUT6 (Prop_lut6_I2_O)        0.307     6.496 r  c4_rq_return1_i_132/O
                         net (fo=2, unplaced)         0.743     7.239    c4_rq_return1_i_132_n_0
                         LUT6 (Prop_lut6_I3_O)        0.124     7.363 r  c4_rq_return1_i_69/O
                         net (fo=1, unplaced)         0.665     8.028    c4_rq_return1_i_69_n_0
                         LUT6 (Prop_lut6_I0_O)        0.124     8.152 r  c4_rq_return1_i_23/O
                         net (fo=1, unplaced)         0.000     8.152    c4_rq_return1_i_23_n_0
                         MUXF7 (Prop_muxf7_I0_O)      0.241     8.393 r  c4_rq_return1_i_10/O
                         net (fo=1, unplaced)         0.452     8.845    a[6]
                         LUT2 (Prop_lut2_I0_O)        0.298     9.143 r  c4_rq_return1_i_2/O
                         net (fo=2, unplaced)         0.803     9.946    c4_rq_return1_i_2_n_0
                         DSP48E1 (Prop_dsp48e1_A[6]_PCOUT[47])
                                                      4.036    13.982 r  c4_rq_return1/PCOUT[47]
                         net (fo=1, unplaced)         0.000    13.982    c4_rq_return1_n_106
                         DSP48E1 (Prop_dsp48e1_PCIN[47]_P[1])
                                                      1.518    15.500 f  c4_rq_return1__0/P[1]
                         net (fo=3, unplaced)         0.803    16.303    c4_rq_return1__0_n_104
                         LUT1 (Prop_lut1_I0_O)        0.124    16.427 r  x_wdata[3]_i_90/O
                         net (fo=1, unplaced)         0.000    16.427    x_wdata[3]_i_90_n_0
                         CARRY4 (Prop_carry4_S[1]_CO[3])
                                                      0.533    16.960 r  x_wdata_reg[3]_i_58/CO[3]
                         net (fo=1, unplaced)         0.000    16.960    x_wdata_reg[3]_i_58_n_0
                         CARRY4 (Prop_carry4_CI_O[1])
                                                      0.337    17.297 f  x_wdata_reg[3]_i_36/O[1]
                         net (fo=2, unplaced)         0.622    17.919    c4_rq_return4[22]
                         LUT5 (Prop_lut5_I0_O)        0.306    18.225 r  x_wdata[3]_i_32/O
                         net (fo=1, unplaced)         0.000    18.225    x_wdata[3]_i_32_n_0
                         CARRY4 (Prop_carry4_S[3]_CO[3])
                                                      0.376    18.601 r  x_wdata_reg[3]_i_17/CO[3]
                         net (fo=1, unplaced)         0.000    18.601    x_wdata_reg[3]_i_17_n_0
                         CARRY4 (Prop_carry4_CI_CO[0])
                                                      0.281    18.882 r  x_wdata_reg[3]_i_11/CO[0]
                         net (fo=2, unplaced)         0.322    19.204    x_wdata_reg[3]_i_11_n_3
                         LUT4 (Prop_lut4_I3_O)        0.367    19.571 r  x_wdata[3]_i_15/O
                         net (fo=1, unplaced)         0.000    19.571    x_wdata[3]_i_15_n_0
                         CARRY4 (Prop_carry4_S[0]_CO[3])
                                                      0.513    20.084 r  x_wdata_reg[3]_i_6/CO[3]
                         net (fo=1, unplaced)         0.000    20.084    x_wdata_reg[3]_i_6_n_0
                         CARRY4 (Prop_carry4_CI_CO[3])
                                                      0.117    20.201 r  x_wdata_reg[7]_i_11/CO[3]
                         net (fo=1, unplaced)         0.000    20.201    x_wdata_reg[7]_i_11_n_0
                         CARRY4 (Prop_carry4_CI_CO[3])
                                                      0.117    20.318 r  x_wdata_reg[11]_i_11/CO[3]
                         net (fo=1, unplaced)         0.000    20.318    x_wdata_reg[11]_i_11_n_0
                         CARRY4 (Prop_carry4_CI_CO[3])
                                                      0.117    20.435 r  x_wdata_reg[15]_i_40/CO[3]
                         net (fo=1, unplaced)         0.000    20.435    x_wdata_reg[15]_i_40_n_0
                         CARRY4 (Prop_carry4_CI_CO[3])
                                                      0.117    20.552 r  acc_reg[19]_i_50/CO[3]
                         net (fo=1, unplaced)         0.000    20.552    acc_reg[19]_i_50_n_0
                         CARRY4 (Prop_carry4_CI_CO[3])
                                                      0.117    20.669 r  acc_reg[23]_i_52/CO[3]
                         net (fo=1, unplaced)         0.000    20.669    acc_reg[23]_i_52_n_0
                         CARRY4 (Prop_carry4_CI_CO[3])
                                                      0.117    20.786 r  acc_reg[27]_i_50/CO[3]
                         net (fo=1, unplaced)         0.000    20.786    acc_reg[27]_i_50_n_0
                         CARRY4 (Prop_carry4_CI_O[2])
                                                      0.256    21.042 f  acc_reg[31]_i_55/O[2]
                         net (fo=3, unplaced)         0.470    21.512    c4_rq_return1__1[30]
                         LUT1 (Prop_lut1_I0_O)        0.301    21.813 r  acc[35]_i_63/O
                         net (fo=1, unplaced)         0.000    21.813    acc[35]_i_63_n_0
                         CARRY4 (Prop_carry4_S[1]_CO[3])
                                                      0.533    22.346 r  acc_reg[35]_i_50/CO[3]
                         net (fo=1, unplaced)         0.000    22.346    acc_reg[35]_i_50_n_0
                         CARRY4 (Prop_carry4_CI_O[2])
                                                      0.256    22.602 r  acc_reg[39]_i_49/O[2]
                         net (fo=2, unplaced)         0.463    23.065    c4_rq_return0[35]
                         LUT3 (Prop_lut3_I0_O)        0.301    23.366 r  acc[35]_i_23/O
                         net (fo=1, unplaced)         0.473    23.839    c4_rq_return[35]
                         CARRY4 (Prop_carry4_DI[3]_CO[3])
                                                      0.396    24.235 r  acc_reg[35]_i_11/CO[3]
                         net (fo=1, unplaced)         0.000    24.235    acc_reg[35]_i_11_n_0
                         CARRY4 (Prop_carry4_CI_CO[3])
                                                      0.117    24.352 r  acc_reg[39]_i_11/CO[3]
                         net (fo=1, unplaced)         0.000    24.352    acc_reg[39]_i_11_n_0
                         CARRY4 (Prop_carry4_CI_CO[3])
                                                      0.117    24.469 r  acc_reg[43]_i_11/CO[3]
                         net (fo=1, unplaced)         0.000    24.469    acc_reg[43]_i_11_n_0
                         CARRY4 (Prop_carry4_CI_CO[3])
                                                      0.117    24.586 r  acc_reg[47]_i_11/CO[3]
                         net (fo=1, unplaced)         0.000    24.586    acc_reg[47]_i_11_n_0
                         CARRY4 (Prop_carry4_CI_CO[3])
                                                      0.117    24.703 r  acc_reg[51]_i_11/CO[3]
                         net (fo=1, unplaced)         0.000    24.703    acc_reg[51]_i_11_n_0
                         CARRY4 (Prop_carry4_CI_CO[3])
                                                      0.117    24.820 r  acc_reg[55]_i_11/CO[3]
                         net (fo=1, unplaced)         0.000    24.820    acc_reg[55]_i_11_n_0
                         CARRY4 (Prop_carry4_CI_CO[3])
                                                      0.117    24.937 r  acc_reg[59]_i_11/CO[3]
                         net (fo=1, unplaced)         0.000    24.937    acc_reg[59]_i_11_n_0
                         CARRY4 (Prop_carry4_CI_O[1])
                                                      0.337    25.274 f  acc_reg[63]_i_23/O[1]
                         net (fo=8, unplaced)         0.649    25.923    data1[61]
                         LUT2 (Prop_lut2_I0_O)        0.306    26.229 r  x_wdata[15]_i_11/O
                         net (fo=1, unplaced)         0.000    26.229    x_wdata[15]_i_11_n_0
                         CARRY4 (Prop_carry4_S[1]_CO[2])
                                                      0.574    26.803 r  x_wdata_reg[15]_i_3/CO[2]
                         net (fo=128, unplaced)       0.528    27.331    x_wdata_reg[15]_i_3_n_1
                         LUT3 (Prop_lut3_I0_O)        0.310    27.641 r  x_wdata[0]_rep_i_1__4/O
                         net (fo=1, unplaced)         0.000    27.641    x_wdata[0]_rep_i_1__4_n_0
                         FDRE                                         r  x_wdata_reg[0]_rep__4/D
  -------------------------------------------------------------------    -------------------

                         (clock clk rise edge)       10.000    10.000 r  <hidden>
                                                      0.000    10.000 r  clk
                         net (fo=43146, unset)        0.924    10.924    clk
                         FDRE                                         r  x_wdata_reg[0]_rep__4/C
                         clock pessimism              0.000    10.924    <hidden>
                         clock uncertainty           -0.035    10.889    <hidden>
                         FDRE (Setup_fdre_C_D)        0.044    10.933    x_wdata_reg[0]_rep__4
  -------------------------------------------------------------------
                         required time                         10.933    <hidden>
                         arrival time                         -27.641    <hidden>
  -------------------------------------------------------------------
                         slack                                -16.708    <hidden>

Slack (VIOLATED) :        -16.708ns  (required time - arrival time)
  Source:                 toks_reg[23][0]/C
                            (rising edge-triggered cell FDRE clocked by clk  {rise@0.000ns fall@5.000ns period=10.000ns})
  Destination:            x_wdata_reg[0]_rep__5/D
                            (rising edge-triggered cell FDRE clocked by clk  {rise@0.000ns fall@5.000ns period=10.000ns})
  Path Group:             clk
  Path Type:              Setup (Max at Slow Process Corner)
  Requirement:            10.000ns  (clk rise@10.000ns - clk rise@0.000ns)
  Data Path Delay:        26.668ns  (logic 16.406ns (61.520%)  route 10.262ns (38.480%))
  Logic Levels:           41  (CARRY4=24 DSP48E1=2 LUT1=2 LUT2=2 LUT3=2 LUT4=1 LUT5=2 LUT6=4 MUXF7=2)
  Clock Path Skew:        -0.049ns (DCD - SCD + CPR)
    Destination Clock Delay (DCD):    0.924ns = ( 10.924 - 10.000 ) 
    Source Clock Delay      (SCD):    0.973ns
    Clock Pessimism Removal (CPR):    0.000ns
  Clock Uncertainty:      0.035ns  ((TSJ^2 + TIJ^2)^1/2 + DJ) / 2 + PE
    Total System Jitter     (TSJ):    0.071ns
    Total Input Jitter      (TIJ):    0.000ns
    Discrete Jitter          (DJ):    0.000ns
    Phase Error              (PE):    0.000ns

    Location             Delay type                Incr(ns)  Path(ns)    Netlist Resource(s)
  -------------------------------------------------------------------    -------------------
                         (clock clk rise edge)        0.000     0.000 r  <hidden>
                                                      0.000     0.000 r  clk
                         net (fo=43146, unset)        0.973     0.973    clk
                         FDRE                                         r  toks_reg[23][0]/C
  -------------------------------------------------------------------    -------------------
                         FDRE (Prop_fdre_C_Q)         0.478     1.451 r  toks_reg[23][0]/Q
                         net (fo=1, unplaced)         0.965     2.416    toks_reg[23][0]
                         LUT6 (Prop_lut6_I0_O)        0.295     2.711 r  g0_b0__7_i_30/O
                         net (fo=1, unplaced)         0.000     2.711    g0_b0__7_i_30_n_0
                         MUXF7 (Prop_muxf7_I1_O)      0.247     2.958 r  g0_b0__7_i_14/O
                         net (fo=2, unplaced)         0.746     3.704    g0_b0__7_i_14_n_0
                         LUT5 (Prop_lut5_I0_O)        0.298     4.002 r  g0_b0__7_i_4/O
                         net (fo=1, unplaced)         0.469     4.471    toks[0]
                         CARRY4 (Prop_carry4_DI[1]_O[3])
                                                      0.629     5.100 r  g0_b0__7_i_1/O[3]
                         net (fo=239, unplaced)       1.089     6.189    g0_b0__7_i_1_n_4
                         LUT6 (Prop_lut6_I2_O)        0.307     6.496 r  c4_rq_return1_i_132/O
                         net (fo=2, unplaced)         0.743     7.239    c4_rq_return1_i_132_n_0
                         LUT6 (Prop_lut6_I3_O)        0.124     7.363 r  c4_rq_return1_i_69/O
                         net (fo=1, unplaced)         0.665     8.028    c4_rq_return1_i_69_n_0
                         LUT6 (Prop_lut6_I0_O)        0.124     8.152 r  c4_rq_return1_i_23/O
                         net (fo=1, unplaced)         0.000     8.152    c4_rq_return1_i_23_n_0
                         MUXF7 (Prop_muxf7_I0_O)      0.241     8.393 r  c4_rq_return1_i_10/O
                         net (fo=1, unplaced)         0.452     8.845    a[6]
                         LUT2 (Prop_lut2_I0_O)        0.298     9.143 r  c4_rq_return1_i_2/O
                         net (fo=2, unplaced)         0.803     9.946    c4_rq_return1_i_2_n_0
                         DSP48E1 (Prop_dsp48e1_A[6]_PCOUT[47])
                                                      4.036    13.982 r  c4_rq_return1/PCOUT[47]
                         net (fo=1, unplaced)         0.000    13.982    c4_rq_return1_n_106
                         DSP48E1 (Prop_dsp48e1_PCIN[47]_P[1])
                                                      1.518    15.500 f  c4_rq_return1__0/P[1]
                         net (fo=3, unplaced)         0.803    16.303    c4_rq_return1__0_n_104
                         LUT1 (Prop_lut1_I0_O)        0.124    16.427 r  x_wdata[3]_i_90/O
                         net (fo=1, unplaced)         0.000    16.427    x_wdata[3]_i_90_n_0
                         CARRY4 (Prop_carry4_S[1]_CO[3])
                                                      0.533    16.960 r  x_wdata_reg[3]_i_58/CO[3]
                         net (fo=1, unplaced)         0.000    16.960    x_wdata_reg[3]_i_58_n_0
                         CARRY4 (Prop_carry4_CI_O[1])
                                                      0.337    17.297 f  x_wdata_reg[3]_i_36/O[1]
                         net (fo=2, unplaced)         0.622    17.919    c4_rq_return4[22]
                         LUT5 (Prop_lut5_I0_O)        0.306    18.225 r  x_wdata[3]_i_32/O
                         net (fo=1, unplaced)         0.000    18.225    x_wdata[3]_i_32_n_0
                         CARRY4 (Prop_carry4_S[3]_CO[3])
                                                      0.376    18.601 r  x_wdata_reg[3]_i_17/CO[3]
                         net (fo=1, unplaced)         0.000    18.601    x_wdata_reg[3]_i_17_n_0
                         CARRY4 (Prop_carry4_CI_CO[0])
                                                      0.281    18.882 r  x_wdata_reg[3]_i_11/CO[0]
                         net (fo=2, unplaced)         0.322    19.204    x_wdata_reg[3]_i_11_n_3
                         LUT4 (Prop_lut4_I3_O)        0.367    19.571 r  x_wdata[3]_i_15/O
                         net (fo=1, unplaced)         0.000    19.571    x_wdata[3]_i_15_n_0
                         CARRY4 (Prop_carry4_S[0]_CO[3])
                                                      0.513    20.084 r  x_wdata_reg[3]_i_6/CO[3]
                         net (fo=1, unplaced)         0.000    20.084    x_wdata_reg[3]_i_6_n_0
                         CARRY4 (Prop_carry4_CI_CO[3])
                                                      0.117    20.201 r  x_wdata_reg[7]_i_11/CO[3]
                         net (fo=1, unplaced)         0.000    20.201    x_wdata_reg[7]_i_11_n_0
                         CARRY4 (Prop_carry4_CI_CO[3])
                                                      0.117    20.318 r  x_wdata_reg[11]_i_11/CO[3]
                         net (fo=1, unplaced)         0.000    20.318    x_wdata_reg[11]_i_11_n_0
                         CARRY4 (Prop_carry4_CI_CO[3])
                                                      0.117    20.435 r  x_wdata_reg[15]_i_40/CO[3]
                         net (fo=1, unplaced)         0.000    20.435    x_wdata_reg[15]_i_40_n_0
                         CARRY4 (Prop_carry4_CI_CO[3])
                                                      0.117    20.552 r  acc_reg[19]_i_50/CO[3]
                         net (fo=1, unplaced)         0.000    20.552    acc_reg[19]_i_50_n_0
                         CARRY4 (Prop_carry4_CI_CO[3])
                                                      0.117    20.669 r  acc_reg[23]_i_52/CO[3]
                         net (fo=1, unplaced)         0.000    20.669    acc_reg[23]_i_52_n_0
                         CARRY4 (Prop_carry4_CI_CO[3])
                                                      0.117    20.786 r  acc_reg[27]_i_50/CO[3]
                         net (fo=1, unplaced)         0.000    20.786    acc_reg[27]_i_50_n_0
                         CARRY4 (Prop_carry4_CI_O[2])
                                                      0.256    21.042 f  acc_reg[31]_i_55/O[2]
                         net (fo=3, unplaced)         0.470    21.512    c4_rq_return1__1[30]
                         LUT1 (Prop_lut1_I0_O)        0.301    21.813 r  acc[35]_i_63/O
                         net (fo=1, unplaced)         0.000    21.813    acc[35]_i_63_n_0
                         CARRY4 (Prop_carry4_S[1]_CO[3])
                                                      0.533    22.346 r  acc_reg[35]_i_50/CO[3]
                         net (fo=1, unplaced)         0.000    22.346    acc_reg[35]_i_50_n_0
                         CARRY4 (Prop_carry4_CI_O[2])
                                                      0.256    22.602 r  acc_reg[39]_i_49/O[2]
                         net (fo=2, unplaced)         0.463    23.065    c4_rq_return0[35]
                         LUT3 (Prop_lut3_I0_O)        0.301    23.366 r  acc[35]_i_23/O
                         net (fo=1, unplaced)         0.473    23.839    c4_rq_return[35]
                         CARRY4 (Prop_carry4_DI[3]_CO[3])
                                                      0.396    24.235 r  acc_reg[35]_i_11/CO[3]
                         net (fo=1, unplaced)         0.000    24.235    acc_reg[35]_i_11_n_0
                         CARRY4 (Prop_carry4_CI_CO[3])
                                                      0.117    24.352 r  acc_reg[39]_i_11/CO[3]
                         net (fo=1, unplaced)         0.000    24.352    acc_reg[39]_i_11_n_0
                         CARRY4 (Prop_carry4_CI_CO[3])
                                                      0.117    24.469 r  acc_reg[43]_i_11/CO[3]
                         net (fo=1, unplaced)         0.000    24.469    acc_reg[43]_i_11_n_0
                         CARRY4 (Prop_carry4_CI_CO[3])
                                                      0.117    24.586 r  acc_reg[47]_i_11/CO[3]
                         net (fo=1, unplaced)         0.000    24.586    acc_reg[47]_i_11_n_0
                         CARRY4 (Prop_carry4_CI_CO[3])
                                                      0.117    24.703 r  acc_reg[51]_i_11/CO[3]
                         net (fo=1, unplaced)         0.000    24.703    acc_reg[51]_i_11_n_0
                         CARRY4 (Prop_carry4_CI_CO[3])
                                                      0.117    24.820 r  acc_reg[55]_i_11/CO[3]
                         net (fo=1, unplaced)         0.000    24.820    acc_reg[55]_i_11_n_0
                         CARRY4 (Prop_carry4_CI_CO[3])
                                                      0.117    24.937 r  acc_reg[59]_i_11/CO[3]
                         net (fo=1, unplaced)         0.000    24.937    acc_reg[59]_i_11_n_0
                         CARRY4 (Prop_carry4_CI_O[1])
                                                      0.337    25.274 f  acc_reg[63]_i_23/O[1]
                         net (fo=8, unplaced)         0.649    25.923    data1[61]
                         LUT2 (Prop_lut2_I0_O)        0.306    26.229 r  x_wdata[15]_i_11/O
                         net (fo=1, unplaced)         0.000    26.229    x_wdata[15]_i_11_n_0
                         CARRY4 (Prop_carry4_S[1]_CO[2])
                                                      0.574    26.803 r  x_wdata_reg[15]_i_3/CO[2]
                         net (fo=128, unplaced)       0.528    27.331    x_wdata_reg[15]_i_3_n_1
                         LUT3 (Prop_lut3_I0_O)        0.310    27.641 r  x_wdata[0]_rep_i_1__5/O
                         net (fo=1, unplaced)         0.000    27.641    x_wdata[0]_rep_i_1__5_n_0
                         FDRE                                         r  x_wdata_reg[0]_rep__5/D
  -------------------------------------------------------------------    -------------------

                         (clock clk rise edge)       10.000    10.000 r  <hidden>
                                                      0.000    10.000 r  clk
                         net (fo=43146, unset)        0.924    10.924    clk
                         FDRE                                         r  x_wdata_reg[0]_rep__5/C
                         clock pessimism              0.000    10.924    <hidden>
                         clock uncertainty           -0.035    10.889    <hidden>
                         FDRE (Setup_fdre_C_D)        0.044    10.933    x_wdata_reg[0]_rep__5
  -------------------------------------------------------------------
                         required time                         10.933    <hidden>
                         arrival time                         -27.641    <hidden>
  -------------------------------------------------------------------
                         slack                                -16.708    <hidden>

Slack (VIOLATED) :        -16.708ns  (required time - arrival time)
  Source:                 toks_reg[23][0]/C
                            (rising edge-triggered cell FDRE clocked by clk  {rise@0.000ns fall@5.000ns period=10.000ns})
  Destination:            x_wdata_reg[10]/D
                            (rising edge-triggered cell FDRE clocked by clk  {rise@0.000ns fall@5.000ns period=10.000ns})
  Path Group:             clk
  Path Type:              Setup (Max at Slow Process Corner)
  Requirement:            10.000ns  (clk rise@10.000ns - clk rise@0.000ns)
  Data Path Delay:        26.668ns  (logic 16.406ns (61.520%)  route 10.262ns (38.480%))
  Logic Levels:           41  (CARRY4=24 DSP48E1=2 LUT1=2 LUT2=2 LUT3=2 LUT4=1 LUT5=2 LUT6=4 MUXF7=2)
  Clock Path Skew:        -0.049ns (DCD - SCD + CPR)
    Destination Clock Delay (DCD):    0.924ns = ( 10.924 - 10.000 ) 
    Source Clock Delay      (SCD):    0.973ns
    Clock Pessimism Removal (CPR):    0.000ns
  Clock Uncertainty:      0.035ns  ((TSJ^2 + TIJ^2)^1/2 + DJ) / 2 + PE
    Total System Jitter     (TSJ):    0.071ns
    Total Input Jitter      (TIJ):    0.000ns
    Discrete Jitter          (DJ):    0.000ns
    Phase Error              (PE):    0.000ns

    Location             Delay type                Incr(ns)  Path(ns)    Netlist Resource(s)
  -------------------------------------------------------------------    -------------------
                         (clock clk rise edge)        0.000     0.000 r  <hidden>
                                                      0.000     0.000 r  clk
                         net (fo=43146, unset)        0.973     0.973    clk
                         FDRE                                         r  toks_reg[23][0]/C
  -------------------------------------------------------------------    -------------------
                         FDRE (Prop_fdre_C_Q)         0.478     1.451 r  toks_reg[23][0]/Q
                         net (fo=1, unplaced)         0.965     2.416    toks_reg[23][0]
                         LUT6 (Prop_lut6_I0_O)        0.295     2.711 r  g0_b0__7_i_30/O
                         net (fo=1, unplaced)         0.000     2.711    g0_b0__7_i_30_n_0
                         MUXF7 (Prop_muxf7_I1_O)      0.247     2.958 r  g0_b0__7_i_14/O
                         net (fo=2, unplaced)         0.746     3.704    g0_b0__7_i_14_n_0
                         LUT5 (Prop_lut5_I0_O)        0.298     4.002 r  g0_b0__7_i_4/O
                         net (fo=1, unplaced)         0.469     4.471    toks[0]
                         CARRY4 (Prop_carry4_DI[1]_O[3])
                                                      0.629     5.100 r  g0_b0__7_i_1/O[3]
                         net (fo=239, unplaced)       1.089     6.189    g0_b0__7_i_1_n_4
                         LUT6 (Prop_lut6_I2_O)        0.307     6.496 r  c4_rq_return1_i_132/O
                         net (fo=2, unplaced)         0.743     7.239    c4_rq_return1_i_132_n_0
                         LUT6 (Prop_lut6_I3_O)        0.124     7.363 r  c4_rq_return1_i_69/O
                         net (fo=1, unplaced)         0.665     8.028    c4_rq_return1_i_69_n_0
                         LUT6 (Prop_lut6_I0_O)        0.124     8.152 r  c4_rq_return1_i_23/O
                         net (fo=1, unplaced)         0.000     8.152    c4_rq_return1_i_23_n_0
                         MUXF7 (Prop_muxf7_I0_O)      0.241     8.393 r  c4_rq_return1_i_10/O
                         net (fo=1, unplaced)         0.452     8.845    a[6]
                         LUT2 (Prop_lut2_I0_O)        0.298     9.143 r  c4_rq_return1_i_2/O
                         net (fo=2, unplaced)         0.803     9.946    c4_rq_return1_i_2_n_0
                         DSP48E1 (Prop_dsp48e1_A[6]_PCOUT[47])
                                                      4.036    13.982 r  c4_rq_return1/PCOUT[47]
                         net (fo=1, unplaced)         0.000    13.982    c4_rq_return1_n_106
                         DSP48E1 (Prop_dsp48e1_PCIN[47]_P[1])
                                                      1.518    15.500 f  c4_rq_return1__0/P[1]
                         net (fo=3, unplaced)         0.803    16.303    c4_rq_return1__0_n_104
                         LUT1 (Prop_lut1_I0_O)        0.124    16.427 r  x_wdata[3]_i_90/O
                         net (fo=1, unplaced)         0.000    16.427    x_wdata[3]_i_90_n_0
                         CARRY4 (Prop_carry4_S[1]_CO[3])
                                                      0.533    16.960 r  x_wdata_reg[3]_i_58/CO[3]
                         net (fo=1, unplaced)         0.000    16.960    x_wdata_reg[3]_i_58_n_0
                         CARRY4 (Prop_carry4_CI_O[1])
                                                      0.337    17.297 f  x_wdata_reg[3]_i_36/O[1]
                         net (fo=2, unplaced)         0.622    17.919    c4_rq_return4[22]
                         LUT5 (Prop_lut5_I0_O)        0.306    18.225 r  x_wdata[3]_i_32/O
                         net (fo=1, unplaced)         0.000    18.225    x_wdata[3]_i_32_n_0
                         CARRY4 (Prop_carry4_S[3]_CO[3])
                                                      0.376    18.601 r  x_wdata_reg[3]_i_17/CO[3]
                         net (fo=1, unplaced)         0.000    18.601    x_wdata_reg[3]_i_17_n_0
                         CARRY4 (Prop_carry4_CI_CO[0])
                                                      0.281    18.882 r  x_wdata_reg[3]_i_11/CO[0]
                         net (fo=2, unplaced)         0.322    19.204    x_wdata_reg[3]_i_11_n_3
                         LUT4 (Prop_lut4_I3_O)        0.367    19.571 r  x_wdata[3]_i_15/O
                         net (fo=1, unplaced)         0.000    19.571    x_wdata[3]_i_15_n_0
                         CARRY4 (Prop_carry4_S[0]_CO[3])
                                                      0.513    20.084 r  x_wdata_reg[3]_i_6/CO[3]
                         net (fo=1, unplaced)         0.000    20.084    x_wdata_reg[3]_i_6_n_0
                         CARRY4 (Prop_carry4_CI_CO[3])
                                                      0.117    20.201 r  x_wdata_reg[7]_i_11/CO[3]
                         net (fo=1, unplaced)         0.000    20.201    x_wdata_reg[7]_i_11_n_0
                         CARRY4 (Prop_carry4_CI_CO[3])
                                                      0.117    20.318 r  x_wdata_reg[11]_i_11/CO[3]
                         net (fo=1, unplaced)         0.000    20.318    x_wdata_reg[11]_i_11_n_0
                         CARRY4 (Prop_carry4_CI_CO[3])
                                                      0.117    20.435 r  x_wdata_reg[15]_i_40/CO[3]
                         net (fo=1, unplaced)         0.000    20.435    x_wdata_reg[15]_i_40_n_0
                         CARRY4 (Prop_carry4_CI_CO[3])
                                                      0.117    20.552 r  acc_reg[19]_i_50/CO[3]
                         net (fo=1, unplaced)         0.000    20.552    acc_reg[19]_i_50_n_0
                         CARRY4 (Prop_carry4_CI_CO[3])
                                                      0.117    20.669 r  acc_reg[23]_i_52/CO[3]
                         net (fo=1, unplaced)         0.000    20.669    acc_reg[23]_i_52_n_0
                         CARRY4 (Prop_carry4_CI_CO[3])
                                                      0.117    20.786 r  acc_reg[27]_i_50/CO[3]
                         net (fo=1, unplaced)         0.000    20.786    acc_reg[27]_i_50_n_0
                         CARRY4 (Prop_carry4_CI_O[2])
                                                      0.256    21.042 f  acc_reg[31]_i_55/O[2]
                         net (fo=3, unplaced)         0.470    21.512    c4_rq_return1__1[30]
                         LUT1 (Prop_lut1_I0_O)        0.301    21.813 r  acc[35]_i_63/O
                         net (fo=1, unplaced)         0.000    21.813    acc[35]_i_63_n_0
                         CARRY4 (Prop_carry4_S[1]_CO[3])
                                                      0.533    22.346 r  acc_reg[35]_i_50/CO[3]
                         net (fo=1, unplaced)         0.000    22.346    acc_reg[35]_i_50_n_0
                         CARRY4 (Prop_carry4_CI_O[2])
                                                      0.256    22.602 r  acc_reg[39]_i_49/O[2]
                         net (fo=2, unplaced)         0.463    23.065    c4_rq_return0[35]
                         LUT3 (Prop_lut3_I0_O)        0.301    23.366 r  acc[35]_i_23/O
                         net (fo=1, unplaced)         0.473    23.839    c4_rq_return[35]
                         CARRY4 (Prop_carry4_DI[3]_CO[3])
                                                      0.396    24.235 r  acc_reg[35]_i_11/CO[3]
                         net (fo=1, unplaced)         0.000    24.235    acc_reg[35]_i_11_n_0
                         CARRY4 (Prop_carry4_CI_CO[3])
                                                      0.117    24.352 r  acc_reg[39]_i_11/CO[3]
                         net (fo=1, unplaced)         0.000    24.352    acc_reg[39]_i_11_n_0
                         CARRY4 (Prop_carry4_CI_CO[3])
                                                      0.117    24.469 r  acc_reg[43]_i_11/CO[3]
                         net (fo=1, unplaced)         0.000    24.469    acc_reg[43]_i_11_n_0
                         CARRY4 (Prop_carry4_CI_CO[3])
                                                      0.117    24.586 r  acc_reg[47]_i_11/CO[3]
                         net (fo=1, unplaced)         0.000    24.586    acc_reg[47]_i_11_n_0
                         CARRY4 (Prop_carry4_CI_CO[3])
                                                      0.117    24.703 r  acc_reg[51]_i_11/CO[3]
                         net (fo=1, unplaced)         0.000    24.703    acc_reg[51]_i_11_n_0
                         CARRY4 (Prop_carry4_CI_CO[3])
                                                      0.117    24.820 r  acc_reg[55]_i_11/CO[3]
                         net (fo=1, unplaced)         0.000    24.820    acc_reg[55]_i_11_n_0
                         CARRY4 (Prop_carry4_CI_CO[3])
                                                      0.117    24.937 r  acc_reg[59]_i_11/CO[3]
                         net (fo=1, unplaced)         0.000    24.937    acc_reg[59]_i_11_n_0
                         CARRY4 (Prop_carry4_CI_O[1])
                                                      0.337    25.274 f  acc_reg[63]_i_23/O[1]
                         net (fo=8, unplaced)         0.649    25.923    data1[61]
                         LUT2 (Prop_lut2_I0_O)        0.306    26.229 r  x_wdata[15]_i_11/O
                         net (fo=1, unplaced)         0.000    26.229    x_wdata[15]_i_11_n_0
                         CARRY4 (Prop_carry4_S[1]_CO[2])
                                                      0.574    26.803 r  x_wdata_reg[15]_i_3/CO[2]
                         net (fo=128, unplaced)       0.528    27.331    x_wdata_reg[15]_i_3_n_1
                         LUT3 (Prop_lut3_I0_O)        0.310    27.641 r  x_wdata[10]_i_1/O
                         net (fo=1, unplaced)         0.000    27.641    x_wdata[10]_i_1_n_0
                         FDRE                                         r  x_wdata_reg[10]/D
  -------------------------------------------------------------------    -------------------

                         (clock clk rise edge)       10.000    10.000 r  <hidden>
                                                      0.000    10.000 r  clk
                         net (fo=43146, unset)        0.924    10.924    clk
                         FDRE                                         r  x_wdata_reg[10]/C
                         clock pessimism              0.000    10.924    <hidden>
                         clock uncertainty           -0.035    10.889    <hidden>
                         FDRE (Setup_fdre_C_D)        0.044    10.933    x_wdata_reg[10]
  -------------------------------------------------------------------
                         required time                         10.933    <hidden>
                         arrival time                         -27.641    <hidden>
  -------------------------------------------------------------------
                         slack                                -16.708    <hidden>

Slack (VIOLATED) :        -16.708ns  (required time - arrival time)
  Source:                 toks_reg[23][0]/C
                            (rising edge-triggered cell FDRE clocked by clk  {rise@0.000ns fall@5.000ns period=10.000ns})
  Destination:            x_wdata_reg[10]_rep/D
                            (rising edge-triggered cell FDRE clocked by clk  {rise@0.000ns fall@5.000ns period=10.000ns})
  Path Group:             clk
  Path Type:              Setup (Max at Slow Process Corner)
  Requirement:            10.000ns  (clk rise@10.000ns - clk rise@0.000ns)
  Data Path Delay:        26.668ns  (logic 16.406ns (61.520%)  route 10.262ns (38.480%))
  Logic Levels:           41  (CARRY4=24 DSP48E1=2 LUT1=2 LUT2=2 LUT3=2 LUT4=1 LUT5=2 LUT6=4 MUXF7=2)
  Clock Path Skew:        -0.049ns (DCD - SCD + CPR)
    Destination Clock Delay (DCD):    0.924ns = ( 10.924 - 10.000 ) 
    Source Clock Delay      (SCD):    0.973ns
    Clock Pessimism Removal (CPR):    0.000ns
  Clock Uncertainty:      0.035ns  ((TSJ^2 + TIJ^2)^1/2 + DJ) / 2 + PE
    Total System Jitter     (TSJ):    0.071ns
    Total Input Jitter      (TIJ):    0.000ns
    Discrete Jitter          (DJ):    0.000ns
    Phase Error              (PE):    0.000ns

    Location             Delay type                Incr(ns)  Path(ns)    Netlist Resource(s)
  -------------------------------------------------------------------    -------------------
                         (clock clk rise edge)        0.000     0.000 r  <hidden>
                                                      0.000     0.000 r  clk
                         net (fo=43146, unset)        0.973     0.973    clk
                         FDRE                                         r  toks_reg[23][0]/C
  -------------------------------------------------------------------    -------------------
                         FDRE (Prop_fdre_C_Q)         0.478     1.451 r  toks_reg[23][0]/Q
                         net (fo=1, unplaced)         0.965     2.416    toks_reg[23][0]
                         LUT6 (Prop_lut6_I0_O)        0.295     2.711 r  g0_b0__7_i_30/O
                         net (fo=1, unplaced)         0.000     2.711    g0_b0__7_i_30_n_0
                         MUXF7 (Prop_muxf7_I1_O)      0.247     2.958 r  g0_b0__7_i_14/O
                         net (fo=2, unplaced)         0.746     3.704    g0_b0__7_i_14_n_0
                         LUT5 (Prop_lut5_I0_O)        0.298     4.002 r  g0_b0__7_i_4/O
                         net (fo=1, unplaced)         0.469     4.471    toks[0]
                         CARRY4 (Prop_carry4_DI[1]_O[3])
                                                      0.629     5.100 r  g0_b0__7_i_1/O[3]
                         net (fo=239, unplaced)       1.089     6.189    g0_b0__7_i_1_n_4
                         LUT6 (Prop_lut6_I2_O)        0.307     6.496 r  c4_rq_return1_i_132/O
                         net (fo=2, unplaced)         0.743     7.239    c4_rq_return1_i_132_n_0
                         LUT6 (Prop_lut6_I3_O)        0.124     7.363 r  c4_rq_return1_i_69/O
                         net (fo=1, unplaced)         0.665     8.028    c4_rq_return1_i_69_n_0
                         LUT6 (Prop_lut6_I0_O)        0.124     8.152 r  c4_rq_return1_i_23/O
                         net (fo=1, unplaced)         0.000     8.152    c4_rq_return1_i_23_n_0
                         MUXF7 (Prop_muxf7_I0_O)      0.241     8.393 r  c4_rq_return1_i_10/O
                         net (fo=1, unplaced)         0.452     8.845    a[6]
                         LUT2 (Prop_lut2_I0_O)        0.298     9.143 r  c4_rq_return1_i_2/O
                         net (fo=2, unplaced)         0.803     9.946    c4_rq_return1_i_2_n_0
                         DSP48E1 (Prop_dsp48e1_A[6]_PCOUT[47])
                                                      4.036    13.982 r  c4_rq_return1/PCOUT[47]
                         net (fo=1, unplaced)         0.000    13.982    c4_rq_return1_n_106
                         DSP48E1 (Prop_dsp48e1_PCIN[47]_P[1])
                                                      1.518    15.500 f  c4_rq_return1__0/P[1]
                         net (fo=3, unplaced)         0.803    16.303    c4_rq_return1__0_n_104
                         LUT1 (Prop_lut1_I0_O)        0.124    16.427 r  x_wdata[3]_i_90/O
                         net (fo=1, unplaced)         0.000    16.427    x_wdata[3]_i_90_n_0
                         CARRY4 (Prop_carry4_S[1]_CO[3])
                                                      0.533    16.960 r  x_wdata_reg[3]_i_58/CO[3]
                         net (fo=1, unplaced)         0.000    16.960    x_wdata_reg[3]_i_58_n_0
                         CARRY4 (Prop_carry4_CI_O[1])
                                                      0.337    17.297 f  x_wdata_reg[3]_i_36/O[1]
                         net (fo=2, unplaced)         0.622    17.919    c4_rq_return4[22]
                         LUT5 (Prop_lut5_I0_O)        0.306    18.225 r  x_wdata[3]_i_32/O
                         net (fo=1, unplaced)         0.000    18.225    x_wdata[3]_i_32_n_0
                         CARRY4 (Prop_carry4_S[3]_CO[3])
                                                      0.376    18.601 r  x_wdata_reg[3]_i_17/CO[3]
                         net (fo=1, unplaced)         0.000    18.601    x_wdata_reg[3]_i_17_n_0
                         CARRY4 (Prop_carry4_CI_CO[0])
                                                      0.281    18.882 r  x_wdata_reg[3]_i_11/CO[0]
                         net (fo=2, unplaced)         0.322    19.204    x_wdata_reg[3]_i_11_n_3
                         LUT4 (Prop_lut4_I3_O)        0.367    19.571 r  x_wdata[3]_i_15/O
                         net (fo=1, unplaced)         0.000    19.571    x_wdata[3]_i_15_n_0
                         CARRY4 (Prop_carry4_S[0]_CO[3])
                                                      0.513    20.084 r  x_wdata_reg[3]_i_6/CO[3]
                         net (fo=1, unplaced)         0.000    20.084    x_wdata_reg[3]_i_6_n_0
                         CARRY4 (Prop_carry4_CI_CO[3])
                                                      0.117    20.201 r  x_wdata_reg[7]_i_11/CO[3]
                         net (fo=1, unplaced)         0.000    20.201    x_wdata_reg[7]_i_11_n_0
                         CARRY4 (Prop_carry4_CI_CO[3])
                                                      0.117    20.318 r  x_wdata_reg[11]_i_11/CO[3]
                         net (fo=1, unplaced)         0.000    20.318    x_wdata_reg[11]_i_11_n_0
                         CARRY4 (Prop_carry4_CI_CO[3])
                                                      0.117    20.435 r  x_wdata_reg[15]_i_40/CO[3]
                         net (fo=1, unplaced)         0.000    20.435    x_wdata_reg[15]_i_40_n_0
                         CARRY4 (Prop_carry4_CI_CO[3])
                                                      0.117    20.552 r  acc_reg[19]_i_50/CO[3]
                         net (fo=1, unplaced)         0.000    20.552    acc_reg[19]_i_50_n_0
                         CARRY4 (Prop_carry4_CI_CO[3])
                                                      0.117    20.669 r  acc_reg[23]_i_52/CO[3]
                         net (fo=1, unplaced)         0.000    20.669    acc_reg[23]_i_52_n_0
                         CARRY4 (Prop_carry4_CI_CO[3])
                                                      0.117    20.786 r  acc_reg[27]_i_50/CO[3]
                         net (fo=1, unplaced)         0.000    20.786    acc_reg[27]_i_50_n_0
                         CARRY4 (Prop_carry4_CI_O[2])
                                                      0.256    21.042 f  acc_reg[31]_i_55/O[2]
                         net (fo=3, unplaced)         0.470    21.512    c4_rq_return1__1[30]
                         LUT1 (Prop_lut1_I0_O)        0.301    21.813 r  acc[35]_i_63/O
                         net (fo=1, unplaced)         0.000    21.813    acc[35]_i_63_n_0
                         CARRY4 (Prop_carry4_S[1]_CO[3])
                                                      0.533    22.346 r  acc_reg[35]_i_50/CO[3]
                         net (fo=1, unplaced)         0.000    22.346    acc_reg[35]_i_50_n_0
                         CARRY4 (Prop_carry4_CI_O[2])
                                                      0.256    22.602 r  acc_reg[39]_i_49/O[2]
                         net (fo=2, unplaced)         0.463    23.065    c4_rq_return0[35]
                         LUT3 (Prop_lut3_I0_O)        0.301    23.366 r  acc[35]_i_23/O
                         net (fo=1, unplaced)         0.473    23.839    c4_rq_return[35]
                         CARRY4 (Prop_carry4_DI[3]_CO[3])
                                                      0.396    24.235 r  acc_reg[35]_i_11/CO[3]
                         net (fo=1, unplaced)         0.000    24.235    acc_reg[35]_i_11_n_0
                         CARRY4 (Prop_carry4_CI_CO[3])
                                                      0.117    24.352 r  acc_reg[39]_i_11/CO[3]
                         net (fo=1, unplaced)         0.000    24.352    acc_reg[39]_i_11_n_0
                         CARRY4 (Prop_carry4_CI_CO[3])
                                                      0.117    24.469 r  acc_reg[43]_i_11/CO[3]
                         net (fo=1, unplaced)         0.000    24.469    acc_reg[43]_i_11_n_0
                         CARRY4 (Prop_carry4_CI_CO[3])
                                                      0.117    24.586 r  acc_reg[47]_i_11/CO[3]
                         net (fo=1, unplaced)         0.000    24.586    acc_reg[47]_i_11_n_0
                         CARRY4 (Prop_carry4_CI_CO[3])
                                                      0.117    24.703 r  acc_reg[51]_i_11/CO[3]
                         net (fo=1, unplaced)         0.000    24.703    acc_reg[51]_i_11_n_0
                         CARRY4 (Prop_carry4_CI_CO[3])
                                                      0.117    24.820 r  acc_reg[55]_i_11/CO[3]
                         net (fo=1, unplaced)         0.000    24.820    acc_reg[55]_i_11_n_0
                         CARRY4 (Prop_carry4_CI_CO[3])
                                                      0.117    24.937 r  acc_reg[59]_i_11/CO[3]
                         net (fo=1, unplaced)         0.000    24.937    acc_reg[59]_i_11_n_0
                         CARRY4 (Prop_carry4_CI_O[1])
                                                      0.337    25.274 f  acc_reg[63]_i_23/O[1]
                         net (fo=8, unplaced)         0.649    25.923    data1[61]
                         LUT2 (Prop_lut2_I0_O)        0.306    26.229 r  x_wdata[15]_i_11/O
                         net (fo=1, unplaced)         0.000    26.229    x_wdata[15]_i_11_n_0
                         CARRY4 (Prop_carry4_S[1]_CO[2])
                                                      0.574    26.803 r  x_wdata_reg[15]_i_3/CO[2]
                         net (fo=128, unplaced)       0.528    27.331    x_wdata_reg[15]_i_3_n_1
                         LUT3 (Prop_lut3_I0_O)        0.310    27.641 r  x_wdata[10]_rep_i_1/O
                         net (fo=1, unplaced)         0.000    27.641    x_wdata[10]_rep_i_1_n_0
                         FDRE                                         r  x_wdata_reg[10]_rep/D
  -------------------------------------------------------------------    -------------------

                         (clock clk rise edge)       10.000    10.000 r  <hidden>
                                                      0.000    10.000 r  clk
                         net (fo=43146, unset)        0.924    10.924    clk
                         FDRE                                         r  x_wdata_reg[10]_rep/C
                         clock pessimism              0.000    10.924    <hidden>
                         clock uncertainty           -0.035    10.889    <hidden>
                         FDRE (Setup_fdre_C_D)        0.044    10.933    x_wdata_reg[10]_rep
  -------------------------------------------------------------------
                         required time                         10.933    <hidden>
                         arrival time                         -27.641    <hidden>
  -------------------------------------------------------------------
                         slack                                -16.708    <hidden>

Slack (VIOLATED) :        -16.708ns  (required time - arrival time)
  Source:                 toks_reg[23][0]/C
                            (rising edge-triggered cell FDRE clocked by clk  {rise@0.000ns fall@5.000ns period=10.000ns})
  Destination:            x_wdata_reg[10]_rep__0/D
                            (rising edge-triggered cell FDRE clocked by clk  {rise@0.000ns fall@5.000ns period=10.000ns})
  Path Group:             clk
  Path Type:              Setup (Max at Slow Process Corner)
  Requirement:            10.000ns  (clk rise@10.000ns - clk rise@0.000ns)
  Data Path Delay:        26.668ns  (logic 16.406ns (61.520%)  route 10.262ns (38.480%))
  Logic Levels:           41  (CARRY4=24 DSP48E1=2 LUT1=2 LUT2=2 LUT3=2 LUT4=1 LUT5=2 LUT6=4 MUXF7=2)
  Clock Path Skew:        -0.049ns (DCD - SCD + CPR)
    Destination Clock Delay (DCD):    0.924ns = ( 10.924 - 10.000 ) 
    Source Clock Delay      (SCD):    0.973ns
    Clock Pessimism Removal (CPR):    0.000ns
  Clock Uncertainty:      0.035ns  ((TSJ^2 + TIJ^2)^1/2 + DJ) / 2 + PE
    Total System Jitter     (TSJ):    0.071ns
    Total Input Jitter      (TIJ):    0.000ns
    Discrete Jitter          (DJ):    0.000ns
    Phase Error              (PE):    0.000ns

    Location             Delay type                Incr(ns)  Path(ns)    Netlist Resource(s)
  -------------------------------------------------------------------    -------------------
                         (clock clk rise edge)        0.000     0.000 r  <hidden>
                                                      0.000     0.000 r  clk
                         net (fo=43146, unset)        0.973     0.973    clk
                         FDRE                                         r  toks_reg[23][0]/C
  -------------------------------------------------------------------    -------------------
                         FDRE (Prop_fdre_C_Q)         0.478     1.451 r  toks_reg[23][0]/Q
                         net (fo=1, unplaced)         0.965     2.416    toks_reg[23][0]
                         LUT6 (Prop_lut6_I0_O)        0.295     2.711 r  g0_b0__7_i_30/O
                         net (fo=1, unplaced)         0.000     2.711    g0_b0__7_i_30_n_0
                         MUXF7 (Prop_muxf7_I1_O)      0.247     2.958 r  g0_b0__7_i_14/O
                         net (fo=2, unplaced)         0.746     3.704    g0_b0__7_i_14_n_0
                         LUT5 (Prop_lut5_I0_O)        0.298     4.002 r  g0_b0__7_i_4/O
                         net (fo=1, unplaced)         0.469     4.471    toks[0]
                         CARRY4 (Prop_carry4_DI[1]_O[3])
                                                      0.629     5.100 r  g0_b0__7_i_1/O[3]
                         net (fo=239, unplaced)       1.089     6.189    g0_b0__7_i_1_n_4
                         LUT6 (Prop_lut6_I2_O)        0.307     6.496 r  c4_rq_return1_i_132/O
                         net (fo=2, unplaced)         0.743     7.239    c4_rq_return1_i_132_n_0
                         LUT6 (Prop_lut6_I3_O)        0.124     7.363 r  c4_rq_return1_i_69/O
                         net (fo=1, unplaced)         0.665     8.028    c4_rq_return1_i_69_n_0
                         LUT6 (Prop_lut6_I0_O)        0.124     8.152 r  c4_rq_return1_i_23/O
                         net (fo=1, unplaced)         0.000     8.152    c4_rq_return1_i_23_n_0
                         MUXF7 (Prop_muxf7_I0_O)      0.241     8.393 r  c4_rq_return1_i_10/O
                         net (fo=1, unplaced)         0.452     8.845    a[6]
                         LUT2 (Prop_lut2_I0_O)        0.298     9.143 r  c4_rq_return1_i_2/O
                         net (fo=2, unplaced)         0.803     9.946    c4_rq_return1_i_2_n_0
                         DSP48E1 (Prop_dsp48e1_A[6]_PCOUT[47])
                                                      4.036    13.982 r  c4_rq_return1/PCOUT[47]
                         net (fo=1, unplaced)         0.000    13.982    c4_rq_return1_n_106
                         DSP48E1 (Prop_dsp48e1_PCIN[47]_P[1])
                                                      1.518    15.500 f  c4_rq_return1__0/P[1]
                         net (fo=3, unplaced)         0.803    16.303    c4_rq_return1__0_n_104
                         LUT1 (Prop_lut1_I0_O)        0.124    16.427 r  x_wdata[3]_i_90/O
                         net (fo=1, unplaced)         0.000    16.427    x_wdata[3]_i_90_n_0
                         CARRY4 (Prop_carry4_S[1]_CO[3])
                                                      0.533    16.960 r  x_wdata_reg[3]_i_58/CO[3]
                         net (fo=1, unplaced)         0.000    16.960    x_wdata_reg[3]_i_58_n_0
                         CARRY4 (Prop_carry4_CI_O[1])
                                                      0.337    17.297 f  x_wdata_reg[3]_i_36/O[1]
                         net (fo=2, unplaced)         0.622    17.919    c4_rq_return4[22]
                         LUT5 (Prop_lut5_I0_O)        0.306    18.225 r  x_wdata[3]_i_32/O
                         net (fo=1, unplaced)         0.000    18.225    x_wdata[3]_i_32_n_0
                         CARRY4 (Prop_carry4_S[3]_CO[3])
                                                      0.376    18.601 r  x_wdata_reg[3]_i_17/CO[3]
                         net (fo=1, unplaced)         0.000    18.601    x_wdata_reg[3]_i_17_n_0
                         CARRY4 (Prop_carry4_CI_CO[0])
                                                      0.281    18.882 r  x_wdata_reg[3]_i_11/CO[0]
                         net (fo=2, unplaced)         0.322    19.204    x_wdata_reg[3]_i_11_n_3
                         LUT4 (Prop_lut4_I3_O)        0.367    19.571 r  x_wdata[3]_i_15/O
                         net (fo=1, unplaced)         0.000    19.571    x_wdata[3]_i_15_n_0
                         CARRY4 (Prop_carry4_S[0]_CO[3])
                                                      0.513    20.084 r  x_wdata_reg[3]_i_6/CO[3]
                         net (fo=1, unplaced)         0.000    20.084    x_wdata_reg[3]_i_6_n_0
                         CARRY4 (Prop_carry4_CI_CO[3])
                                                      0.117    20.201 r  x_wdata_reg[7]_i_11/CO[3]
                         net (fo=1, unplaced)         0.000    20.201    x_wdata_reg[7]_i_11_n_0
                         CARRY4 (Prop_carry4_CI_CO[3])
                                                      0.117    20.318 r  x_wdata_reg[11]_i_11/CO[3]
                         net (fo=1, unplaced)         0.000    20.318    x_wdata_reg[11]_i_11_n_0
                         CARRY4 (Prop_carry4_CI_CO[3])
                                                      0.117    20.435 r  x_wdata_reg[15]_i_40/CO[3]
                         net (fo=1, unplaced)         0.000    20.435    x_wdata_reg[15]_i_40_n_0
                         CARRY4 (Prop_carry4_CI_CO[3])
                                                      0.117    20.552 r  acc_reg[19]_i_50/CO[3]
                         net (fo=1, unplaced)         0.000    20.552    acc_reg[19]_i_50_n_0
                         CARRY4 (Prop_carry4_CI_CO[3])
                                                      0.117    20.669 r  acc_reg[23]_i_52/CO[3]
                         net (fo=1, unplaced)         0.000    20.669    acc_reg[23]_i_52_n_0
                         CARRY4 (Prop_carry4_CI_CO[3])
                                                      0.117    20.786 r  acc_reg[27]_i_50/CO[3]
                         net (fo=1, unplaced)         0.000    20.786    acc_reg[27]_i_50_n_0
                         CARRY4 (Prop_carry4_CI_O[2])
                                                      0.256    21.042 f  acc_reg[31]_i_55/O[2]
                         net (fo=3, unplaced)         0.470    21.512    c4_rq_return1__1[30]
                         LUT1 (Prop_lut1_I0_O)        0.301    21.813 r  acc[35]_i_63/O
                         net (fo=1, unplaced)         0.000    21.813    acc[35]_i_63_n_0
                         CARRY4 (Prop_carry4_S[1]_CO[3])
                                                      0.533    22.346 r  acc_reg[35]_i_50/CO[3]
                         net (fo=1, unplaced)         0.000    22.346    acc_reg[35]_i_50_n_0
                         CARRY4 (Prop_carry4_CI_O[2])
                                                      0.256    22.602 r  acc_reg[39]_i_49/O[2]
                         net (fo=2, unplaced)         0.463    23.065    c4_rq_return0[35]
                         LUT3 (Prop_lut3_I0_O)        0.301    23.366 r  acc[35]_i_23/O
                         net (fo=1, unplaced)         0.473    23.839    c4_rq_return[35]
                         CARRY4 (Prop_carry4_DI[3]_CO[3])
                                                      0.396    24.235 r  acc_reg[35]_i_11/CO[3]
                         net (fo=1, unplaced)         0.000    24.235    acc_reg[35]_i_11_n_0
                         CARRY4 (Prop_carry4_CI_CO[3])
                                                      0.117    24.352 r  acc_reg[39]_i_11/CO[3]
                         net (fo=1, unplaced)         0.000    24.352    acc_reg[39]_i_11_n_0
                         CARRY4 (Prop_carry4_CI_CO[3])
                                                      0.117    24.469 r  acc_reg[43]_i_11/CO[3]
                         net (fo=1, unplaced)         0.000    24.469    acc_reg[43]_i_11_n_0
                         CARRY4 (Prop_carry4_CI_CO[3])
                                                      0.117    24.586 r  acc_reg[47]_i_11/CO[3]
                         net (fo=1, unplaced)         0.000    24.586    acc_reg[47]_i_11_n_0
                         CARRY4 (Prop_carry4_CI_CO[3])
                                                      0.117    24.703 r  acc_reg[51]_i_11/CO[3]
                         net (fo=1, unplaced)         0.000    24.703    acc_reg[51]_i_11_n_0
                         CARRY4 (Prop_carry4_CI_CO[3])
                                                      0.117    24.820 r  acc_reg[55]_i_11/CO[3]
                         net (fo=1, unplaced)         0.000    24.820    acc_reg[55]_i_11_n_0
                         CARRY4 (Prop_carry4_CI_CO[3])
                                                      0.117    24.937 r  acc_reg[59]_i_11/CO[3]
                         net (fo=1, unplaced)         0.000    24.937    acc_reg[59]_i_11_n_0
                         CARRY4 (Prop_carry4_CI_O[1])
                                                      0.337    25.274 f  acc_reg[63]_i_23/O[1]
                         net (fo=8, unplaced)         0.649    25.923    data1[61]
                         LUT2 (Prop_lut2_I0_O)        0.306    26.229 r  x_wdata[15]_i_11/O
                         net (fo=1, unplaced)         0.000    26.229    x_wdata[15]_i_11_n_0
                         CARRY4 (Prop_carry4_S[1]_CO[2])
                                                      0.574    26.803 r  x_wdata_reg[15]_i_3/CO[2]
                         net (fo=128, unplaced)       0.528    27.331    x_wdata_reg[15]_i_3_n_1
                         LUT3 (Prop_lut3_I0_O)        0.310    27.641 r  x_wdata[10]_rep_i_1__0/O
                         net (fo=1, unplaced)         0.000    27.641    x_wdata[10]_rep_i_1__0_n_0
                         FDRE                                         r  x_wdata_reg[10]_rep__0/D
  -------------------------------------------------------------------    -------------------

                         (clock clk rise edge)       10.000    10.000 r  <hidden>
                                                      0.000    10.000 r  clk
                         net (fo=43146, unset)        0.924    10.924    clk
                         FDRE                                         r  x_wdata_reg[10]_rep__0/C
                         clock pessimism              0.000    10.924    <hidden>
                         clock uncertainty           -0.035    10.889    <hidden>
                         FDRE (Setup_fdre_C_D)        0.044    10.933    x_wdata_reg[10]_rep__0
  -------------------------------------------------------------------
                         required time                         10.933    <hidden>
                         arrival time                         -27.641    <hidden>
  -------------------------------------------------------------------
                         slack                                -16.708    <hidden>

Slack (VIOLATED) :        -16.708ns  (required time - arrival time)
  Source:                 toks_reg[23][0]/C
                            (rising edge-triggered cell FDRE clocked by clk  {rise@0.000ns fall@5.000ns period=10.000ns})
  Destination:            x_wdata_reg[10]_rep__1/D
                            (rising edge-triggered cell FDRE clocked by clk  {rise@0.000ns fall@5.000ns period=10.000ns})
  Path Group:             clk
  Path Type:              Setup (Max at Slow Process Corner)
  Requirement:            10.000ns  (clk rise@10.000ns - clk rise@0.000ns)
  Data Path Delay:        26.668ns  (logic 16.406ns (61.520%)  route 10.262ns (38.480%))
  Logic Levels:           41  (CARRY4=24 DSP48E1=2 LUT1=2 LUT2=2 LUT3=2 LUT4=1 LUT5=2 LUT6=4 MUXF7=2)
  Clock Path Skew:        -0.049ns (DCD - SCD + CPR)
    Destination Clock Delay (DCD):    0.924ns = ( 10.924 - 10.000 ) 
    Source Clock Delay      (SCD):    0.973ns
    Clock Pessimism Removal (CPR):    0.000ns
  Clock Uncertainty:      0.035ns  ((TSJ^2 + TIJ^2)^1/2 + DJ) / 2 + PE
    Total System Jitter     (TSJ):    0.071ns
    Total Input Jitter      (TIJ):    0.000ns
    Discrete Jitter          (DJ):    0.000ns
    Phase Error              (PE):    0.000ns

    Location             Delay type                Incr(ns)  Path(ns)    Netlist Resource(s)
  -------------------------------------------------------------------    -------------------
                         (clock clk rise edge)        0.000     0.000 r  <hidden>
                                                      0.000     0.000 r  clk
                         net (fo=43146, unset)        0.973     0.973    clk
                         FDRE                                         r  toks_reg[23][0]/C
  -------------------------------------------------------------------    -------------------
                         FDRE (Prop_fdre_C_Q)         0.478     1.451 r  toks_reg[23][0]/Q
                         net (fo=1, unplaced)         0.965     2.416    toks_reg[23][0]
                         LUT6 (Prop_lut6_I0_O)        0.295     2.711 r  g0_b0__7_i_30/O
                         net (fo=1, unplaced)         0.000     2.711    g0_b0__7_i_30_n_0
                         MUXF7 (Prop_muxf7_I1_O)      0.247     2.958 r  g0_b0__7_i_14/O
                         net (fo=2, unplaced)         0.746     3.704    g0_b0__7_i_14_n_0
                         LUT5 (Prop_lut5_I0_O)        0.298     4.002 r  g0_b0__7_i_4/O
                         net (fo=1, unplaced)         0.469     4.471    toks[0]
                         CARRY4 (Prop_carry4_DI[1]_O[3])
                                                      0.629     5.100 r  g0_b0__7_i_1/O[3]
                         net (fo=239, unplaced)       1.089     6.189    g0_b0__7_i_1_n_4
                         LUT6 (Prop_lut6_I2_O)        0.307     6.496 r  c4_rq_return1_i_132/O
                         net (fo=2, unplaced)         0.743     7.239    c4_rq_return1_i_132_n_0
                         LUT6 (Prop_lut6_I3_O)        0.124     7.363 r  c4_rq_return1_i_69/O
                         net (fo=1, unplaced)         0.665     8.028    c4_rq_return1_i_69_n_0
                         LUT6 (Prop_lut6_I0_O)        0.124     8.152 r  c4_rq_return1_i_23/O
                         net (fo=1, unplaced)         0.000     8.152    c4_rq_return1_i_23_n_0
                         MUXF7 (Prop_muxf7_I0_O)      0.241     8.393 r  c4_rq_return1_i_10/O
                         net (fo=1, unplaced)         0.452     8.845    a[6]
                         LUT2 (Prop_lut2_I0_O)        0.298     9.143 r  c4_rq_return1_i_2/O
                         net (fo=2, unplaced)         0.803     9.946    c4_rq_return1_i_2_n_0
                         DSP48E1 (Prop_dsp48e1_A[6]_PCOUT[47])
                                                      4.036    13.982 r  c4_rq_return1/PCOUT[47]
                         net (fo=1, unplaced)         0.000    13.982    c4_rq_return1_n_106
                         DSP48E1 (Prop_dsp48e1_PCIN[47]_P[1])
                                                      1.518    15.500 f  c4_rq_return1__0/P[1]
                         net (fo=3, unplaced)         0.803    16.303    c4_rq_return1__0_n_104
                         LUT1 (Prop_lut1_I0_O)        0.124    16.427 r  x_wdata[3]_i_90/O
                         net (fo=1, unplaced)         0.000    16.427    x_wdata[3]_i_90_n_0
                         CARRY4 (Prop_carry4_S[1]_CO[3])
                                                      0.533    16.960 r  x_wdata_reg[3]_i_58/CO[3]
                         net (fo=1, unplaced)         0.000    16.960    x_wdata_reg[3]_i_58_n_0
                         CARRY4 (Prop_carry4_CI_O[1])
                                                      0.337    17.297 f  x_wdata_reg[3]_i_36/O[1]
                         net (fo=2, unplaced)         0.622    17.919    c4_rq_return4[22]
                         LUT5 (Prop_lut5_I0_O)        0.306    18.225 r  x_wdata[3]_i_32/O
                         net (fo=1, unplaced)         0.000    18.225    x_wdata[3]_i_32_n_0
                         CARRY4 (Prop_carry4_S[3]_CO[3])
                                                      0.376    18.601 r  x_wdata_reg[3]_i_17/CO[3]
                         net (fo=1, unplaced)         0.000    18.601    x_wdata_reg[3]_i_17_n_0
                         CARRY4 (Prop_carry4_CI_CO[0])
                                                      0.281    18.882 r  x_wdata_reg[3]_i_11/CO[0]
                         net (fo=2, unplaced)         0.322    19.204    x_wdata_reg[3]_i_11_n_3
                         LUT4 (Prop_lut4_I3_O)        0.367    19.571 r  x_wdata[3]_i_15/O
                         net (fo=1, unplaced)         0.000    19.571    x_wdata[3]_i_15_n_0
                         CARRY4 (Prop_carry4_S[0]_CO[3])
                                                      0.513    20.084 r  x_wdata_reg[3]_i_6/CO[3]
                         net (fo=1, unplaced)         0.000    20.084    x_wdata_reg[3]_i_6_n_0
                         CARRY4 (Prop_carry4_CI_CO[3])
                                                      0.117    20.201 r  x_wdata_reg[7]_i_11/CO[3]
                         net (fo=1, unplaced)         0.000    20.201    x_wdata_reg[7]_i_11_n_0
                         CARRY4 (Prop_carry4_CI_CO[3])
                                                      0.117    20.318 r  x_wdata_reg[11]_i_11/CO[3]
                         net (fo=1, unplaced)         0.000    20.318    x_wdata_reg[11]_i_11_n_0
                         CARRY4 (Prop_carry4_CI_CO[3])
                                                      0.117    20.435 r  x_wdata_reg[15]_i_40/CO[3]
                         net (fo=1, unplaced)         0.000    20.435    x_wdata_reg[15]_i_40_n_0
                         CARRY4 (Prop_carry4_CI_CO[3])
                                                      0.117    20.552 r  acc_reg[19]_i_50/CO[3]
                         net (fo=1, unplaced)         0.000    20.552    acc_reg[19]_i_50_n_0
                         CARRY4 (Prop_carry4_CI_CO[3])
                                                      0.117    20.669 r  acc_reg[23]_i_52/CO[3]
                         net (fo=1, unplaced)         0.000    20.669    acc_reg[23]_i_52_n_0
                         CARRY4 (Prop_carry4_CI_CO[3])
                                                      0.117    20.786 r  acc_reg[27]_i_50/CO[3]
                         net (fo=1, unplaced)         0.000    20.786    acc_reg[27]_i_50_n_0
                         CARRY4 (Prop_carry4_CI_O[2])
                                                      0.256    21.042 f  acc_reg[31]_i_55/O[2]
                         net (fo=3, unplaced)         0.470    21.512    c4_rq_return1__1[30]
                         LUT1 (Prop_lut1_I0_O)        0.301    21.813 r  acc[35]_i_63/O
                         net (fo=1, unplaced)         0.000    21.813    acc[35]_i_63_n_0
                         CARRY4 (Prop_carry4_S[1]_CO[3])
                                                      0.533    22.346 r  acc_reg[35]_i_50/CO[3]
                         net (fo=1, unplaced)         0.000    22.346    acc_reg[35]_i_50_n_0
                         CARRY4 (Prop_carry4_CI_O[2])
                                                      0.256    22.602 r  acc_reg[39]_i_49/O[2]
                         net (fo=2, unplaced)         0.463    23.065    c4_rq_return0[35]
                         LUT3 (Prop_lut3_I0_O)        0.301    23.366 r  acc[35]_i_23/O
                         net (fo=1, unplaced)         0.473    23.839    c4_rq_return[35]
                         CARRY4 (Prop_carry4_DI[3]_CO[3])
                                                      0.396    24.235 r  acc_reg[35]_i_11/CO[3]
                         net (fo=1, unplaced)         0.000    24.235    acc_reg[35]_i_11_n_0
                         CARRY4 (Prop_carry4_CI_CO[3])
                                                      0.117    24.352 r  acc_reg[39]_i_11/CO[3]
                         net (fo=1, unplaced)         0.000    24.352    acc_reg[39]_i_11_n_0
                         CARRY4 (Prop_carry4_CI_CO[3])
                                                      0.117    24.469 r  acc_reg[43]_i_11/CO[3]
                         net (fo=1, unplaced)         0.000    24.469    acc_reg[43]_i_11_n_0
                         CARRY4 (Prop_carry4_CI_CO[3])
                                                      0.117    24.586 r  acc_reg[47]_i_11/CO[3]
                         net (fo=1, unplaced)         0.000    24.586    acc_reg[47]_i_11_n_0
                         CARRY4 (Prop_carry4_CI_CO[3])
                                                      0.117    24.703 r  acc_reg[51]_i_11/CO[3]
                         net (fo=1, unplaced)         0.000    24.703    acc_reg[51]_i_11_n_0
                         CARRY4 (Prop_carry4_CI_CO[3])
                                                      0.117    24.820 r  acc_reg[55]_i_11/CO[3]
                         net (fo=1, unplaced)         0.000    24.820    acc_reg[55]_i_11_n_0
                         CARRY4 (Prop_carry4_CI_CO[3])
                                                      0.117    24.937 r  acc_reg[59]_i_11/CO[3]
                         net (fo=1, unplaced)         0.000    24.937    acc_reg[59]_i_11_n_0
                         CARRY4 (Prop_carry4_CI_O[1])
                                                      0.337    25.274 f  acc_reg[63]_i_23/O[1]
                         net (fo=8, unplaced)         0.649    25.923    data1[61]
                         LUT2 (Prop_lut2_I0_O)        0.306    26.229 r  x_wdata[15]_i_11/O
                         net (fo=1, unplaced)         0.000    26.229    x_wdata[15]_i_11_n_0
                         CARRY4 (Prop_carry4_S[1]_CO[2])
                                                      0.574    26.803 r  x_wdata_reg[15]_i_3/CO[2]
                         net (fo=128, unplaced)       0.528    27.331    x_wdata_reg[15]_i_3_n_1
                         LUT3 (Prop_lut3_I0_O)        0.310    27.641 r  x_wdata[10]_rep_i_1__1/O
                         net (fo=1, unplaced)         0.000    27.641    x_wdata[10]_rep_i_1__1_n_0
                         FDRE                                         r  x_wdata_reg[10]_rep__1/D
  -------------------------------------------------------------------    -------------------

                         (clock clk rise edge)       10.000    10.000 r  <hidden>
                                                      0.000    10.000 r  clk
                         net (fo=43146, unset)        0.924    10.924    clk
                         FDRE                                         r  x_wdata_reg[10]_rep__1/C
                         clock pessimism              0.000    10.924    <hidden>
                         clock uncertainty           -0.035    10.889    <hidden>
                         FDRE (Setup_fdre_C_D)        0.044    10.933    x_wdata_reg[10]_rep__1
  -------------------------------------------------------------------
                         required time                         10.933    <hidden>
                         arrival time                         -27.641    <hidden>
  -------------------------------------------------------------------
                         slack                                -16.708    <hidden>




