Copyright 1986-2022 Xilinx, Inc. All Rights Reserved. Copyright 2022-2026 Advanced Micro Devices, Inc. All Rights Reserved.
------------------------------------------------------------------------------------------------------------------------------------------------------------------------------------------------------------------------------------------
| Tool Version : Vivado v.2026.1 (win64) Build 6511674 Tue Jun 16 11:02:23 MDT 2026
| Date         : Thu Sep 10 01:51:05 2026
| Host         : laptop-Quan running 64-bit major release  (build 9200)
| Command      : report_timing -delay_type max -max_paths 20 -nworst 1 -sort_by slack -file D:/FPGA/FPGG_ART_Y_ASTRA_NATIVE_V1_RESEARCH/results/A7-NATIVE-GRAPH/ASTRA-FINAL-C4-C7-20260909/26_C4_D32_BITEXACT_PHYSICAL/timing_n20_e3i.rpt
| Design       : a7ng_astra_c4_lm06_d32_fr_v2
| Device       : 7a100t-csg324
| Speed File   : -1  PRODUCTION 1.23 2018-06-13
| Design State : Synthesized
------------------------------------------------------------------------------------------------------------------------------------------------------------------------------------------------------------------------------------------

Timing Report

Slack (VIOLATED) :        -19.828ns  (required time - arrival time)
  Source:                 dj_reg[4]/C
                            (rising edge-triggered cell FDCE clocked by clk  {rise@0.000ns fall@5.000ns period=10.000ns})
  Destination:            zv_wdata_reg[0]/D
                            (rising edge-triggered cell FDRE clocked by clk  {rise@0.000ns fall@5.000ns period=10.000ns})
  Path Group:             clk
  Path Type:              Setup (Max at Slow Process Corner)
  Requirement:            10.000ns  (clk rise@10.000ns - clk rise@0.000ns)
  Data Path Delay:        29.788ns  (logic 21.881ns (73.455%)  route 7.907ns (26.545%))
  Logic Levels:           49  (CARRY4=35 DSP48E1=4 LUT1=1 LUT2=2 LUT3=2 LUT4=3 LUT6=2)
  Clock Path Skew:        -0.049ns (DCD - SCD + CPR)
    Destination Clock Delay (DCD):    0.924ns = ( 10.924 - 10.000 ) 
    Source Clock Delay      (SCD):    0.973ns
    Clock Pessimism Removal (CPR):    0.000ns
  Clock Uncertainty:      0.035ns  ((TSJ^2 + TIJ^2)^1/2 + DJ) / 2 + PE
    Total System Jitter     (TSJ):    0.071ns
    Total Input Jitter      (TIJ):    0.000ns
    Discrete Jitter          (DJ):    0.000ns
    Phase Error              (PE):    0.000ns

    Location             Delay type                Incr(ns)  Path(ns)    Netlist Resource(s)
  -------------------------------------------------------------------    -------------------
                         (clock clk rise edge)        0.000     0.000 r  <hidden>
                                                      0.000     0.000 r  clk
                         net (fo=43049, unset)        0.973     0.973    clk
                         FDCE                                         r  dj_reg[4]/C
  -------------------------------------------------------------------    -------------------
                         FDCE (Prop_fdce_C_Q)         0.478     1.451 r  dj_reg[4]/Q
                         net (fo=73, unplaced)        1.057     2.508    dj_reg_n_0_[4]
                         LUT6 (Prop_lut6_I0_O)        0.295     2.803 r  val0_i_3/O
                         net (fo=12, unplaced)        0.803     3.606    val0_i_3_n_0
                         DSP48E1 (Prop_dsp48e1_B[17]_P[1])
                                                      3.656     7.262 r  val0/P[1]
                         net (fo=1, unplaced)         0.803     8.065    val0_n_104
                         LUT2 (Prop_lut2_I1_O)        0.124     8.189 r  c4_rq5_return1__3_i_19/O
                         net (fo=1, unplaced)         0.000     8.189    c4_rq5_return1__3_i_19_n_0
                         CARRY4 (Prop_carry4_S[1]_CO[3])
                                                      0.533     8.722 r  c4_rq5_return1__3_i_4/CO[3]
                         net (fo=1, unplaced)         0.000     8.722    c4_rq5_return1__3_i_4_n_0
                         CARRY4 (Prop_carry4_CI_CO[3])
                                                      0.117     8.839 r  c4_rq5_return1__3_i_3/CO[3]
                         net (fo=1, unplaced)         0.000     8.839    c4_rq5_return1__3_i_3_n_0
                         CARRY4 (Prop_carry4_CI_CO[3])
                                                      0.117     8.956 r  c4_rq5_return1__3_i_2/CO[3]
                         net (fo=1, unplaced)         0.000     8.956    c4_rq5_return1__3_i_2_n_0
                         CARRY4 (Prop_carry4_CI_CO[3])
                                                      0.117     9.073 r  c4_rq5_return1__3_i_1/CO[3]
                         net (fo=1, unplaced)         0.000     9.073    c4_rq5_return1__3_i_1_n_0
                         CARRY4 (Prop_carry4_CI_CO[3])
                                                      0.117     9.190 r  c4_rq5_return1__0_i_5/CO[3]
                         net (fo=1, unplaced)         0.000     9.190    c4_rq5_return1__0_i_5_n_0
                         CARRY4 (Prop_carry4_CI_CO[3])
                                                      0.117     9.307 r  c4_rq5_return1__0_i_4/CO[3]
                         net (fo=1, unplaced)         0.000     9.307    c4_rq5_return1__0_i_4_n_0
                         CARRY4 (Prop_carry4_CI_CO[3])
                                                      0.117     9.424 r  c4_rq5_return1__0_i_3/CO[3]
                         net (fo=1, unplaced)         0.000     9.424    c4_rq5_return1__0_i_3_n_0
                         CARRY4 (Prop_carry4_CI_CO[3])
                                                      0.117     9.541 r  c4_rq5_return1__0_i_2/CO[3]
                         net (fo=1, unplaced)         0.000     9.541    c4_rq5_return1__0_i_2_n_0
                         CARRY4 (Prop_carry4_CI_O[1])
                                                      0.337     9.878 r  c4_rq5_return1__0_i_1/O[1]
                         net (fo=2, unplaced)         0.803    10.681    c4_rq5_return1__0_i_1_n_6
                         DSP48E1 (Prop_dsp48e1_A[16]_PCOUT[47])
                                                      4.215    14.896 r  c4_rq5_return1__0/PCOUT[47]
                         net (fo=1, unplaced)         0.000    14.896    c4_rq5_return1__0_n_106
                         DSP48E1 (Prop_dsp48e1_PCIN[47]_PCOUT[47])
                                                      1.713    16.609 r  c4_rq5_return1__1/PCOUT[47]
                         net (fo=1, unplaced)         0.000    16.609    c4_rq5_return1__1_n_106
                         DSP48E1 (Prop_dsp48e1_PCIN[47]_P[2])
                                                      1.518    18.127 r  c4_rq5_return1__2/P[2]
                         net (fo=2, unplaced)         0.803    18.929    c4_rq5_return1__2_n_103
                         LUT3 (Prop_lut3_I1_O)        0.124    19.053 r  zv_wdata[15]_i_238/O
                         net (fo=2, unplaced)         0.460    19.513    zv_wdata[15]_i_238_n_0
                         LUT4 (Prop_lut4_I3_O)        0.124    19.637 r  zv_wdata[15]_i_242/O
                         net (fo=1, unplaced)         0.000    19.637    zv_wdata[15]_i_242_n_0
                         CARRY4 (Prop_carry4_S[1]_CO[3])
                                                      0.533    20.170 r  zv_wdata_reg[15]_i_173/CO[3]
                         net (fo=1, unplaced)         0.000    20.170    zv_wdata_reg[15]_i_173_n_0
                         CARRY4 (Prop_carry4_CI_CO[3])
                                                      0.117    20.287 r  zv_wdata_reg[15]_i_114/CO[3]
                         net (fo=1, unplaced)         0.000    20.287    zv_wdata_reg[15]_i_114_n_0
                         CARRY4 (Prop_carry4_CI_O[2])
                                                      0.256    20.543 r  zv_wdata_reg[15]_i_62/O[2]
                         net (fo=128, unplaced)       0.558    21.101    c4_rq5_return1__6[63]
                         LUT4 (Prop_lut4_I2_O)        0.293    21.394 r  zv_wdata[3]_i_166/O
                         net (fo=1, unplaced)         0.000    21.394    zv_wdata[3]_i_166_n_0
                         CARRY4 (Prop_carry4_DI[0]_CO[3])
                                                      0.576    21.970 r  zv_wdata_reg[3]_i_135/CO[3]
                         net (fo=1, unplaced)         0.000    21.970    zv_wdata_reg[3]_i_135_n_0
                         CARRY4 (Prop_carry4_CI_CO[3])
                                                      0.117    22.087 r  zv_wdata_reg[3]_i_95/CO[3]
                         net (fo=1, unplaced)         0.000    22.087    zv_wdata_reg[3]_i_95_n_0
                         CARRY4 (Prop_carry4_CI_CO[3])
                                                      0.117    22.204 r  zv_wdata_reg[3]_i_56/CO[3]
                         net (fo=1, unplaced)         0.000    22.204    zv_wdata_reg[3]_i_56_n_0
                         CARRY4 (Prop_carry4_CI_CO[3])
                                                      0.117    22.321 r  zv_wdata_reg[3]_i_33/CO[3]
                         net (fo=1, unplaced)         0.000    22.321    zv_wdata_reg[3]_i_33_n_0
                         CARRY4 (Prop_carry4_CI_CO[2])
                                                      0.252    22.573 r  zv_wdata_reg[3]_i_18/CO[2]
                         net (fo=2, unplaced)         0.463    23.036    zv_wdata_reg[3]_i_18_n_1
                         LUT4 (Prop_lut4_I3_O)        0.310    23.346 r  zv_wdata[3]_i_22/O
                         net (fo=1, unplaced)         0.000    23.346    zv_wdata[3]_i_22_n_0
                         CARRY4 (Prop_carry4_S[0]_CO[3])
                                                      0.513    23.859 r  zv_wdata_reg[3]_i_12/CO[3]
                         net (fo=1, unplaced)         0.000    23.859    zv_wdata_reg[3]_i_12_n_0
                         CARRY4 (Prop_carry4_CI_CO[3])
                                                      0.117    23.976 r  zv_wdata_reg[7]_i_13/CO[3]
                         net (fo=1, unplaced)         0.000    23.976    zv_wdata_reg[7]_i_13_n_0
                         CARRY4 (Prop_carry4_CI_CO[3])
                                                      0.117    24.093 r  zv_wdata_reg[11]_i_13/CO[3]
                         net (fo=1, unplaced)         0.000    24.093    zv_wdata_reg[11]_i_13_n_0
                         CARRY4 (Prop_carry4_CI_CO[3])
                                                      0.117    24.210 r  zv_wdata_reg[15]_i_63/CO[3]
                         net (fo=1, unplaced)         0.000    24.210    zv_wdata_reg[15]_i_63_n_0
                         CARRY4 (Prop_carry4_CI_O[2])
                                                      0.256    24.466 f  zv_wdata_reg[15]_i_184/O[2]
                         net (fo=2, unplaced)         0.463    24.929    zv_wdata_reg[15]_i_184_n_5
                         LUT1 (Prop_lut1_I0_O)        0.301    25.230 r  zv_wdata[15]_i_339/O
                         net (fo=1, unplaced)         0.000    25.230    zv_wdata[15]_i_339_n_0
                         CARRY4 (Prop_carry4_S[1]_CO[3])
                                                      0.533    25.763 r  zv_wdata_reg[15]_i_289/CO[3]
                         net (fo=1, unplaced)         0.000    25.763    zv_wdata_reg[15]_i_289_n_0
                         CARRY4 (Prop_carry4_CI_O[3])
                                                      0.331    26.094 r  zv_wdata_reg[15]_i_213/O[3]
                         net (fo=1, unplaced)         0.448    26.542    c4_rq5_return0[24]
                         LUT6 (Prop_lut6_I5_O)        0.307    26.849 r  zv_wdata[15]_i_329/O
                         net (fo=1, unplaced)         0.000    26.849    zv_wdata[15]_i_329_n_0
                         CARRY4 (Prop_carry4_S[0]_CO[3])
                                                      0.513    27.362 r  zv_wdata_reg[15]_i_267/CO[3]
                         net (fo=1, unplaced)         0.000    27.362    zv_wdata_reg[15]_i_267_n_0
                         CARRY4 (Prop_carry4_CI_CO[3])
                                                      0.117    27.479 r  zv_wdata_reg[15]_i_266/CO[3]
                         net (fo=1, unplaced)         0.000    27.479    zv_wdata_reg[15]_i_266_n_0
                         CARRY4 (Prop_carry4_CI_CO[3])
                                                      0.117    27.596 r  zv_wdata_reg[15]_i_195/CO[3]
                         net (fo=1, unplaced)         0.000    27.596    zv_wdata_reg[15]_i_195_n_0
                         CARRY4 (Prop_carry4_CI_CO[3])
                                                      0.117    27.713 r  zv_wdata_reg[15]_i_194/CO[3]
                         net (fo=1, unplaced)         0.000    27.713    zv_wdata_reg[15]_i_194_n_0
                         CARRY4 (Prop_carry4_CI_CO[3])
                                                      0.117    27.830 r  zv_wdata_reg[15]_i_142/CO[3]
                         net (fo=1, unplaced)         0.000    27.830    zv_wdata_reg[15]_i_142_n_0
                         CARRY4 (Prop_carry4_CI_CO[3])
                                                      0.117    27.947 r  zv_wdata_reg[15]_i_141/CO[3]
                         net (fo=1, unplaced)         0.000    27.947    zv_wdata_reg[15]_i_141_n_0
                         CARRY4 (Prop_carry4_CI_CO[3])
                                                      0.117    28.064 r  zv_wdata_reg[15]_i_77/CO[3]
                         net (fo=1, unplaced)         0.000    28.064    zv_wdata_reg[15]_i_77_n_0
                         CARRY4 (Prop_carry4_CI_CO[3])
                                                      0.117    28.181 r  zv_wdata_reg[15]_i_76/CO[3]
                         net (fo=1, unplaced)         0.000    28.181    zv_wdata_reg[15]_i_76_n_0
                         CARRY4 (Prop_carry4_CI_CO[3])
                                                      0.117    28.298 r  zv_wdata_reg[15]_i_49/CO[3]
                         net (fo=1, unplaced)         0.000    28.298    zv_wdata_reg[15]_i_49_n_0
                         CARRY4 (Prop_carry4_CI_O[3])
                                                      0.331    28.629 r  zv_wdata_reg[15]_i_48/O[3]
                         net (fo=4, unplaced)         0.445    29.074    zv_wdata_reg[15]_i_48_n_4
                         LUT2 (Prop_lut2_I0_O)        0.332    29.406 r  zv_wdata[15]_i_20/O
                         net (fo=1, unplaced)         0.000    29.406    zv_wdata[15]_i_20_n_0
                         CARRY4 (Prop_carry4_DI[3]_CO[3])
                                                      0.429    29.835 r  zv_wdata_reg[15]_i_6/CO[3]
                         net (fo=16, unplaced)        0.802    30.637    zv_wdata_reg[15]_i_6_n_0
                         LUT3 (Prop_lut3_I1_O)        0.124    30.761 r  zv_wdata[0]_i_1/O
                         net (fo=1, unplaced)         0.000    30.761    zv_wdata[0]_i_1_n_0
                         FDRE                                         r  zv_wdata_reg[0]/D
  -------------------------------------------------------------------    -------------------

                         (clock clk rise edge)       10.000    10.000 r  <hidden>
                                                      0.000    10.000 r  clk
                         net (fo=43049, unset)        0.924    10.924    clk
                         FDRE                                         r  zv_wdata_reg[0]/C
                         clock pessimism              0.000    10.924    <hidden>
                         clock uncertainty           -0.035    10.889    <hidden>
                         FDRE (Setup_fdre_C_D)        0.044    10.933    zv_wdata_reg[0]
  -------------------------------------------------------------------
                         required time                         10.933    <hidden>
                         arrival time                         -30.761    <hidden>
  -------------------------------------------------------------------
                         slack                                -19.828    <hidden>

Slack (VIOLATED) :        -19.828ns  (required time - arrival time)
  Source:                 dj_reg[4]/C
                            (rising edge-triggered cell FDCE clocked by clk  {rise@0.000ns fall@5.000ns period=10.000ns})
  Destination:            zv_wdata_reg[10]/D
                            (rising edge-triggered cell FDRE clocked by clk  {rise@0.000ns fall@5.000ns period=10.000ns})
  Path Group:             clk
  Path Type:              Setup (Max at Slow Process Corner)
  Requirement:            10.000ns  (clk rise@10.000ns - clk rise@0.000ns)
  Data Path Delay:        29.788ns  (logic 21.881ns (73.455%)  route 7.907ns (26.545%))
  Logic Levels:           49  (CARRY4=35 DSP48E1=4 LUT1=1 LUT2=2 LUT3=2 LUT4=3 LUT6=2)
  Clock Path Skew:        -0.049ns (DCD - SCD + CPR)
    Destination Clock Delay (DCD):    0.924ns = ( 10.924 - 10.000 ) 
    Source Clock Delay      (SCD):    0.973ns
    Clock Pessimism Removal (CPR):    0.000ns
  Clock Uncertainty:      0.035ns  ((TSJ^2 + TIJ^2)^1/2 + DJ) / 2 + PE
    Total System Jitter     (TSJ):    0.071ns
    Total Input Jitter      (TIJ):    0.000ns
    Discrete Jitter          (DJ):    0.000ns
    Phase Error              (PE):    0.000ns

    Location             Delay type                Incr(ns)  Path(ns)    Netlist Resource(s)
  -------------------------------------------------------------------    -------------------
                         (clock clk rise edge)        0.000     0.000 r  <hidden>
                                                      0.000     0.000 r  clk
                         net (fo=43049, unset)        0.973     0.973    clk
                         FDCE                                         r  dj_reg[4]/C
  -------------------------------------------------------------------    -------------------
                         FDCE (Prop_fdce_C_Q)         0.478     1.451 r  dj_reg[4]/Q
                         net (fo=73, unplaced)        1.057     2.508    dj_reg_n_0_[4]
                         LUT6 (Prop_lut6_I0_O)        0.295     2.803 r  val0_i_3/O
                         net (fo=12, unplaced)        0.803     3.606    val0_i_3_n_0
                         DSP48E1 (Prop_dsp48e1_B[17]_P[1])
                                                      3.656     7.262 r  val0/P[1]
                         net (fo=1, unplaced)         0.803     8.065    val0_n_104
                         LUT2 (Prop_lut2_I1_O)        0.124     8.189 r  c4_rq5_return1__3_i_19/O
                         net (fo=1, unplaced)         0.000     8.189    c4_rq5_return1__3_i_19_n_0
                         CARRY4 (Prop_carry4_S[1]_CO[3])
                                                      0.533     8.722 r  c4_rq5_return1__3_i_4/CO[3]
                         net (fo=1, unplaced)         0.000     8.722    c4_rq5_return1__3_i_4_n_0
                         CARRY4 (Prop_carry4_CI_CO[3])
                                                      0.117     8.839 r  c4_rq5_return1__3_i_3/CO[3]
                         net (fo=1, unplaced)         0.000     8.839    c4_rq5_return1__3_i_3_n_0
                         CARRY4 (Prop_carry4_CI_CO[3])
                                                      0.117     8.956 r  c4_rq5_return1__3_i_2/CO[3]
                         net (fo=1, unplaced)         0.000     8.956    c4_rq5_return1__3_i_2_n_0
                         CARRY4 (Prop_carry4_CI_CO[3])
                                                      0.117     9.073 r  c4_rq5_return1__3_i_1/CO[3]
                         net (fo=1, unplaced)         0.000     9.073    c4_rq5_return1__3_i_1_n_0
                         CARRY4 (Prop_carry4_CI_CO[3])
                                                      0.117     9.190 r  c4_rq5_return1__0_i_5/CO[3]
                         net (fo=1, unplaced)         0.000     9.190    c4_rq5_return1__0_i_5_n_0
                         CARRY4 (Prop_carry4_CI_CO[3])
                                                      0.117     9.307 r  c4_rq5_return1__0_i_4/CO[3]
                         net (fo=1, unplaced)         0.000     9.307    c4_rq5_return1__0_i_4_n_0
                         CARRY4 (Prop_carry4_CI_CO[3])
                                                      0.117     9.424 r  c4_rq5_return1__0_i_3/CO[3]
                         net (fo=1, unplaced)         0.000     9.424    c4_rq5_return1__0_i_3_n_0
                         CARRY4 (Prop_carry4_CI_CO[3])
                                                      0.117     9.541 r  c4_rq5_return1__0_i_2/CO[3]
                         net (fo=1, unplaced)         0.000     9.541    c4_rq5_return1__0_i_2_n_0
                         CARRY4 (Prop_carry4_CI_O[1])
                                                      0.337     9.878 r  c4_rq5_return1__0_i_1/O[1]
                         net (fo=2, unplaced)         0.803    10.681    c4_rq5_return1__0_i_1_n_6
                         DSP48E1 (Prop_dsp48e1_A[16]_PCOUT[47])
                                                      4.215    14.896 r  c4_rq5_return1__0/PCOUT[47]
                         net (fo=1, unplaced)         0.000    14.896    c4_rq5_return1__0_n_106
                         DSP48E1 (Prop_dsp48e1_PCIN[47]_PCOUT[47])
                                                      1.713    16.609 r  c4_rq5_return1__1/PCOUT[47]
                         net (fo=1, unplaced)         0.000    16.609    c4_rq5_return1__1_n_106
                         DSP48E1 (Prop_dsp48e1_PCIN[47]_P[2])
                                                      1.518    18.127 r  c4_rq5_return1__2/P[2]
                         net (fo=2, unplaced)         0.803    18.929    c4_rq5_return1__2_n_103
                         LUT3 (Prop_lut3_I1_O)        0.124    19.053 r  zv_wdata[15]_i_238/O
                         net (fo=2, unplaced)         0.460    19.513    zv_wdata[15]_i_238_n_0
                         LUT4 (Prop_lut4_I3_O)        0.124    19.637 r  zv_wdata[15]_i_242/O
                         net (fo=1, unplaced)         0.000    19.637    zv_wdata[15]_i_242_n_0
                         CARRY4 (Prop_carry4_S[1]_CO[3])
                                                      0.533    20.170 r  zv_wdata_reg[15]_i_173/CO[3]
                         net (fo=1, unplaced)         0.000    20.170    zv_wdata_reg[15]_i_173_n_0
                         CARRY4 (Prop_carry4_CI_CO[3])
                                                      0.117    20.287 r  zv_wdata_reg[15]_i_114/CO[3]
                         net (fo=1, unplaced)         0.000    20.287    zv_wdata_reg[15]_i_114_n_0
                         CARRY4 (Prop_carry4_CI_O[2])
                                                      0.256    20.543 r  zv_wdata_reg[15]_i_62/O[2]
                         net (fo=128, unplaced)       0.558    21.101    c4_rq5_return1__6[63]
                         LUT4 (Prop_lut4_I2_O)        0.293    21.394 r  zv_wdata[3]_i_166/O
                         net (fo=1, unplaced)         0.000    21.394    zv_wdata[3]_i_166_n_0
                         CARRY4 (Prop_carry4_DI[0]_CO[3])
                                                      0.576    21.970 r  zv_wdata_reg[3]_i_135/CO[3]
                         net (fo=1, unplaced)         0.000    21.970    zv_wdata_reg[3]_i_135_n_0
                         CARRY4 (Prop_carry4_CI_CO[3])
                                                      0.117    22.087 r  zv_wdata_reg[3]_i_95/CO[3]
                         net (fo=1, unplaced)         0.000    22.087    zv_wdata_reg[3]_i_95_n_0
                         CARRY4 (Prop_carry4_CI_CO[3])
                                                      0.117    22.204 r  zv_wdata_reg[3]_i_56/CO[3]
                         net (fo=1, unplaced)         0.000    22.204    zv_wdata_reg[3]_i_56_n_0
                         CARRY4 (Prop_carry4_CI_CO[3])
                                                      0.117    22.321 r  zv_wdata_reg[3]_i_33/CO[3]
                         net (fo=1, unplaced)         0.000    22.321    zv_wdata_reg[3]_i_33_n_0
                         CARRY4 (Prop_carry4_CI_CO[2])
                                                      0.252    22.573 r  zv_wdata_reg[3]_i_18/CO[2]
                         net (fo=2, unplaced)         0.463    23.036    zv_wdata_reg[3]_i_18_n_1
                         LUT4 (Prop_lut4_I3_O)        0.310    23.346 r  zv_wdata[3]_i_22/O
                         net (fo=1, unplaced)         0.000    23.346    zv_wdata[3]_i_22_n_0
                         CARRY4 (Prop_carry4_S[0]_CO[3])
                                                      0.513    23.859 r  zv_wdata_reg[3]_i_12/CO[3]
                         net (fo=1, unplaced)         0.000    23.859    zv_wdata_reg[3]_i_12_n_0
                         CARRY4 (Prop_carry4_CI_CO[3])
                                                      0.117    23.976 r  zv_wdata_reg[7]_i_13/CO[3]
                         net (fo=1, unplaced)         0.000    23.976    zv_wdata_reg[7]_i_13_n_0
                         CARRY4 (Prop_carry4_CI_CO[3])
                                                      0.117    24.093 r  zv_wdata_reg[11]_i_13/CO[3]
                         net (fo=1, unplaced)         0.000    24.093    zv_wdata_reg[11]_i_13_n_0
                         CARRY4 (Prop_carry4_CI_CO[3])
                                                      0.117    24.210 r  zv_wdata_reg[15]_i_63/CO[3]
                         net (fo=1, unplaced)         0.000    24.210    zv_wdata_reg[15]_i_63_n_0
                         CARRY4 (Prop_carry4_CI_O[2])
                                                      0.256    24.466 f  zv_wdata_reg[15]_i_184/O[2]
                         net (fo=2, unplaced)         0.463    24.929    zv_wdata_reg[15]_i_184_n_5
                         LUT1 (Prop_lut1_I0_O)        0.301    25.230 r  zv_wdata[15]_i_339/O
                         net (fo=1, unplaced)         0.000    25.230    zv_wdata[15]_i_339_n_0
                         CARRY4 (Prop_carry4_S[1]_CO[3])
                                                      0.533    25.763 r  zv_wdata_reg[15]_i_289/CO[3]
                         net (fo=1, unplaced)         0.000    25.763    zv_wdata_reg[15]_i_289_n_0
                         CARRY4 (Prop_carry4_CI_O[3])
                                                      0.331    26.094 r  zv_wdata_reg[15]_i_213/O[3]
                         net (fo=1, unplaced)         0.448    26.542    c4_rq5_return0[24]
                         LUT6 (Prop_lut6_I5_O)        0.307    26.849 r  zv_wdata[15]_i_329/O
                         net (fo=1, unplaced)         0.000    26.849    zv_wdata[15]_i_329_n_0
                         CARRY4 (Prop_carry4_S[0]_CO[3])
                                                      0.513    27.362 r  zv_wdata_reg[15]_i_267/CO[3]
                         net (fo=1, unplaced)         0.000    27.362    zv_wdata_reg[15]_i_267_n_0
                         CARRY4 (Prop_carry4_CI_CO[3])
                                                      0.117    27.479 r  zv_wdata_reg[15]_i_266/CO[3]
                         net (fo=1, unplaced)         0.000    27.479    zv_wdata_reg[15]_i_266_n_0
                         CARRY4 (Prop_carry4_CI_CO[3])
                                                      0.117    27.596 r  zv_wdata_reg[15]_i_195/CO[3]
                         net (fo=1, unplaced)         0.000    27.596    zv_wdata_reg[15]_i_195_n_0
                         CARRY4 (Prop_carry4_CI_CO[3])
                                                      0.117    27.713 r  zv_wdata_reg[15]_i_194/CO[3]
                         net (fo=1, unplaced)         0.000    27.713    zv_wdata_reg[15]_i_194_n_0
                         CARRY4 (Prop_carry4_CI_CO[3])
                                                      0.117    27.830 r  zv_wdata_reg[15]_i_142/CO[3]
                         net (fo=1, unplaced)         0.000    27.830    zv_wdata_reg[15]_i_142_n_0
                         CARRY4 (Prop_carry4_CI_CO[3])
                                                      0.117    27.947 r  zv_wdata_reg[15]_i_141/CO[3]
                         net (fo=1, unplaced)         0.000    27.947    zv_wdata_reg[15]_i_141_n_0
                         CARRY4 (Prop_carry4_CI_CO[3])
                                                      0.117    28.064 r  zv_wdata_reg[15]_i_77/CO[3]
                         net (fo=1, unplaced)         0.000    28.064    zv_wdata_reg[15]_i_77_n_0
                         CARRY4 (Prop_carry4_CI_CO[3])
                                                      0.117    28.181 r  zv_wdata_reg[15]_i_76/CO[3]
                         net (fo=1, unplaced)         0.000    28.181    zv_wdata_reg[15]_i_76_n_0
                         CARRY4 (Prop_carry4_CI_CO[3])
                                                      0.117    28.298 r  zv_wdata_reg[15]_i_49/CO[3]
                         net (fo=1, unplaced)         0.000    28.298    zv_wdata_reg[15]_i_49_n_0
                         CARRY4 (Prop_carry4_CI_O[3])
                                                      0.331    28.629 r  zv_wdata_reg[15]_i_48/O[3]
                         net (fo=4, unplaced)         0.445    29.074    zv_wdata_reg[15]_i_48_n_4
                         LUT2 (Prop_lut2_I0_O)        0.332    29.406 r  zv_wdata[15]_i_20/O
                         net (fo=1, unplaced)         0.000    29.406    zv_wdata[15]_i_20_n_0
                         CARRY4 (Prop_carry4_DI[3]_CO[3])
                                                      0.429    29.835 f  zv_wdata_reg[15]_i_6/CO[3]
                         net (fo=16, unplaced)        0.802    30.637    zv_wdata_reg[15]_i_6_n_0
                         LUT3 (Prop_lut3_I2_O)        0.124    30.761 r  zv_wdata[10]_i_1/O
                         net (fo=1, unplaced)         0.000    30.761    zv_wdata[10]_i_1_n_0
                         FDRE                                         r  zv_wdata_reg[10]/D
  -------------------------------------------------------------------    -------------------

                         (clock clk rise edge)       10.000    10.000 r  <hidden>
                                                      0.000    10.000 r  clk
                         net (fo=43049, unset)        0.924    10.924    clk
                         FDRE                                         r  zv_wdata_reg[10]/C
                         clock pessimism              0.000    10.924    <hidden>
                         clock uncertainty           -0.035    10.889    <hidden>
                         FDRE (Setup_fdre_C_D)        0.044    10.933    zv_wdata_reg[10]
  -------------------------------------------------------------------
                         required time                         10.933    <hidden>
                         arrival time                         -30.761    <hidden>
  -------------------------------------------------------------------
                         slack                                -19.828    <hidden>

Slack (VIOLATED) :        -19.828ns  (required time - arrival time)
  Source:                 dj_reg[4]/C
                            (rising edge-triggered cell FDCE clocked by clk  {rise@0.000ns fall@5.000ns period=10.000ns})
  Destination:            zv_wdata_reg[12]/D
                            (rising edge-triggered cell FDRE clocked by clk  {rise@0.000ns fall@5.000ns period=10.000ns})
  Path Group:             clk
  Path Type:              Setup (Max at Slow Process Corner)
  Requirement:            10.000ns  (clk rise@10.000ns - clk rise@0.000ns)
  Data Path Delay:        29.788ns  (logic 21.881ns (73.455%)  route 7.907ns (26.545%))
  Logic Levels:           49  (CARRY4=35 DSP48E1=4 LUT1=1 LUT2=2 LUT3=2 LUT4=3 LUT6=2)
  Clock Path Skew:        -0.049ns (DCD - SCD + CPR)
    Destination Clock Delay (DCD):    0.924ns = ( 10.924 - 10.000 ) 
    Source Clock Delay      (SCD):    0.973ns
    Clock Pessimism Removal (CPR):    0.000ns
  Clock Uncertainty:      0.035ns  ((TSJ^2 + TIJ^2)^1/2 + DJ) / 2 + PE
    Total System Jitter     (TSJ):    0.071ns
    Total Input Jitter      (TIJ):    0.000ns
    Discrete Jitter          (DJ):    0.000ns
    Phase Error              (PE):    0.000ns

    Location             Delay type                Incr(ns)  Path(ns)    Netlist Resource(s)
  -------------------------------------------------------------------    -------------------
                         (clock clk rise edge)        0.000     0.000 r  <hidden>
                                                      0.000     0.000 r  clk
                         net (fo=43049, unset)        0.973     0.973    clk
                         FDCE                                         r  dj_reg[4]/C
  -------------------------------------------------------------------    -------------------
                         FDCE (Prop_fdce_C_Q)         0.478     1.451 r  dj_reg[4]/Q
                         net (fo=73, unplaced)        1.057     2.508    dj_reg_n_0_[4]
                         LUT6 (Prop_lut6_I0_O)        0.295     2.803 r  val0_i_3/O
                         net (fo=12, unplaced)        0.803     3.606    val0_i_3_n_0
                         DSP48E1 (Prop_dsp48e1_B[17]_P[1])
                                                      3.656     7.262 r  val0/P[1]
                         net (fo=1, unplaced)         0.803     8.065    val0_n_104
                         LUT2 (Prop_lut2_I1_O)        0.124     8.189 r  c4_rq5_return1__3_i_19/O
                         net (fo=1, unplaced)         0.000     8.189    c4_rq5_return1__3_i_19_n_0
                         CARRY4 (Prop_carry4_S[1]_CO[3])
                                                      0.533     8.722 r  c4_rq5_return1__3_i_4/CO[3]
                         net (fo=1, unplaced)         0.000     8.722    c4_rq5_return1__3_i_4_n_0
                         CARRY4 (Prop_carry4_CI_CO[3])
                                                      0.117     8.839 r  c4_rq5_return1__3_i_3/CO[3]
                         net (fo=1, unplaced)         0.000     8.839    c4_rq5_return1__3_i_3_n_0
                         CARRY4 (Prop_carry4_CI_CO[3])
                                                      0.117     8.956 r  c4_rq5_return1__3_i_2/CO[3]
                         net (fo=1, unplaced)         0.000     8.956    c4_rq5_return1__3_i_2_n_0
                         CARRY4 (Prop_carry4_CI_CO[3])
                                                      0.117     9.073 r  c4_rq5_return1__3_i_1/CO[3]
                         net (fo=1, unplaced)         0.000     9.073    c4_rq5_return1__3_i_1_n_0
                         CARRY4 (Prop_carry4_CI_CO[3])
                                                      0.117     9.190 r  c4_rq5_return1__0_i_5/CO[3]
                         net (fo=1, unplaced)         0.000     9.190    c4_rq5_return1__0_i_5_n_0
                         CARRY4 (Prop_carry4_CI_CO[3])
                                                      0.117     9.307 r  c4_rq5_return1__0_i_4/CO[3]
                         net (fo=1, unplaced)         0.000     9.307    c4_rq5_return1__0_i_4_n_0
                         CARRY4 (Prop_carry4_CI_CO[3])
                                                      0.117     9.424 r  c4_rq5_return1__0_i_3/CO[3]
                         net (fo=1, unplaced)         0.000     9.424    c4_rq5_return1__0_i_3_n_0
                         CARRY4 (Prop_carry4_CI_CO[3])
                                                      0.117     9.541 r  c4_rq5_return1__0_i_2/CO[3]
                         net (fo=1, unplaced)         0.000     9.541    c4_rq5_return1__0_i_2_n_0
                         CARRY4 (Prop_carry4_CI_O[1])
                                                      0.337     9.878 r  c4_rq5_return1__0_i_1/O[1]
                         net (fo=2, unplaced)         0.803    10.681    c4_rq5_return1__0_i_1_n_6
                         DSP48E1 (Prop_dsp48e1_A[16]_PCOUT[47])
                                                      4.215    14.896 r  c4_rq5_return1__0/PCOUT[47]
                         net (fo=1, unplaced)         0.000    14.896    c4_rq5_return1__0_n_106
                         DSP48E1 (Prop_dsp48e1_PCIN[47]_PCOUT[47])
                                                      1.713    16.609 r  c4_rq5_return1__1/PCOUT[47]
                         net (fo=1, unplaced)         0.000    16.609    c4_rq5_return1__1_n_106
                         DSP48E1 (Prop_dsp48e1_PCIN[47]_P[2])
                                                      1.518    18.127 r  c4_rq5_return1__2/P[2]
                         net (fo=2, unplaced)         0.803    18.929    c4_rq5_return1__2_n_103
                         LUT3 (Prop_lut3_I1_O)        0.124    19.053 r  zv_wdata[15]_i_238/O
                         net (fo=2, unplaced)         0.460    19.513    zv_wdata[15]_i_238_n_0
                         LUT4 (Prop_lut4_I3_O)        0.124    19.637 r  zv_wdata[15]_i_242/O
                         net (fo=1, unplaced)         0.000    19.637    zv_wdata[15]_i_242_n_0
                         CARRY4 (Prop_carry4_S[1]_CO[3])
                                                      0.533    20.170 r  zv_wdata_reg[15]_i_173/CO[3]
                         net (fo=1, unplaced)         0.000    20.170    zv_wdata_reg[15]_i_173_n_0
                         CARRY4 (Prop_carry4_CI_CO[3])
                                                      0.117    20.287 r  zv_wdata_reg[15]_i_114/CO[3]
                         net (fo=1, unplaced)         0.000    20.287    zv_wdata_reg[15]_i_114_n_0
                         CARRY4 (Prop_carry4_CI_O[2])
                                                      0.256    20.543 r  zv_wdata_reg[15]_i_62/O[2]
                         net (fo=128, unplaced)       0.558    21.101    c4_rq5_return1__6[63]
                         LUT4 (Prop_lut4_I2_O)        0.293    21.394 r  zv_wdata[3]_i_166/O
                         net (fo=1, unplaced)         0.000    21.394    zv_wdata[3]_i_166_n_0
                         CARRY4 (Prop_carry4_DI[0]_CO[3])
                                                      0.576    21.970 r  zv_wdata_reg[3]_i_135/CO[3]
                         net (fo=1, unplaced)         0.000    21.970    zv_wdata_reg[3]_i_135_n_0
                         CARRY4 (Prop_carry4_CI_CO[3])
                                                      0.117    22.087 r  zv_wdata_reg[3]_i_95/CO[3]
                         net (fo=1, unplaced)         0.000    22.087    zv_wdata_reg[3]_i_95_n_0
                         CARRY4 (Prop_carry4_CI_CO[3])
                                                      0.117    22.204 r  zv_wdata_reg[3]_i_56/CO[3]
                         net (fo=1, unplaced)         0.000    22.204    zv_wdata_reg[3]_i_56_n_0
                         CARRY4 (Prop_carry4_CI_CO[3])
                                                      0.117    22.321 r  zv_wdata_reg[3]_i_33/CO[3]
                         net (fo=1, unplaced)         0.000    22.321    zv_wdata_reg[3]_i_33_n_0
                         CARRY4 (Prop_carry4_CI_CO[2])
                                                      0.252    22.573 r  zv_wdata_reg[3]_i_18/CO[2]
                         net (fo=2, unplaced)         0.463    23.036    zv_wdata_reg[3]_i_18_n_1
                         LUT4 (Prop_lut4_I3_O)        0.310    23.346 r  zv_wdata[3]_i_22/O
                         net (fo=1, unplaced)         0.000    23.346    zv_wdata[3]_i_22_n_0
                         CARRY4 (Prop_carry4_S[0]_CO[3])
                                                      0.513    23.859 r  zv_wdata_reg[3]_i_12/CO[3]
                         net (fo=1, unplaced)         0.000    23.859    zv_wdata_reg[3]_i_12_n_0
                         CARRY4 (Prop_carry4_CI_CO[3])
                                                      0.117    23.976 r  zv_wdata_reg[7]_i_13/CO[3]
                         net (fo=1, unplaced)         0.000    23.976    zv_wdata_reg[7]_i_13_n_0
                         CARRY4 (Prop_carry4_CI_CO[3])
                                                      0.117    24.093 r  zv_wdata_reg[11]_i_13/CO[3]
                         net (fo=1, unplaced)         0.000    24.093    zv_wdata_reg[11]_i_13_n_0
                         CARRY4 (Prop_carry4_CI_CO[3])
                                                      0.117    24.210 r  zv_wdata_reg[15]_i_63/CO[3]
                         net (fo=1, unplaced)         0.000    24.210    zv_wdata_reg[15]_i_63_n_0
                         CARRY4 (Prop_carry4_CI_O[2])
                                                      0.256    24.466 f  zv_wdata_reg[15]_i_184/O[2]
                         net (fo=2, unplaced)         0.463    24.929    zv_wdata_reg[15]_i_184_n_5
                         LUT1 (Prop_lut1_I0_O)        0.301    25.230 r  zv_wdata[15]_i_339/O
                         net (fo=1, unplaced)         0.000    25.230    zv_wdata[15]_i_339_n_0
                         CARRY4 (Prop_carry4_S[1]_CO[3])
                                                      0.533    25.763 r  zv_wdata_reg[15]_i_289/CO[3]
                         net (fo=1, unplaced)         0.000    25.763    zv_wdata_reg[15]_i_289_n_0
                         CARRY4 (Prop_carry4_CI_O[3])
                                                      0.331    26.094 r  zv_wdata_reg[15]_i_213/O[3]
                         net (fo=1, unplaced)         0.448    26.542    c4_rq5_return0[24]
                         LUT6 (Prop_lut6_I5_O)        0.307    26.849 r  zv_wdata[15]_i_329/O
                         net (fo=1, unplaced)         0.000    26.849    zv_wdata[15]_i_329_n_0
                         CARRY4 (Prop_carry4_S[0]_CO[3])
                                                      0.513    27.362 r  zv_wdata_reg[15]_i_267/CO[3]
                         net (fo=1, unplaced)         0.000    27.362    zv_wdata_reg[15]_i_267_n_0
                         CARRY4 (Prop_carry4_CI_CO[3])
                                                      0.117    27.479 r  zv_wdata_reg[15]_i_266/CO[3]
                         net (fo=1, unplaced)         0.000    27.479    zv_wdata_reg[15]_i_266_n_0
                         CARRY4 (Prop_carry4_CI_CO[3])
                                                      0.117    27.596 r  zv_wdata_reg[15]_i_195/CO[3]
                         net (fo=1, unplaced)         0.000    27.596    zv_wdata_reg[15]_i_195_n_0
                         CARRY4 (Prop_carry4_CI_CO[3])
                                                      0.117    27.713 r  zv_wdata_reg[15]_i_194/CO[3]
                         net (fo=1, unplaced)         0.000    27.713    zv_wdata_reg[15]_i_194_n_0
                         CARRY4 (Prop_carry4_CI_CO[3])
                                                      0.117    27.830 r  zv_wdata_reg[15]_i_142/CO[3]
                         net (fo=1, unplaced)         0.000    27.830    zv_wdata_reg[15]_i_142_n_0
                         CARRY4 (Prop_carry4_CI_CO[3])
                                                      0.117    27.947 r  zv_wdata_reg[15]_i_141/CO[3]
                         net (fo=1, unplaced)         0.000    27.947    zv_wdata_reg[15]_i_141_n_0
                         CARRY4 (Prop_carry4_CI_CO[3])
                                                      0.117    28.064 r  zv_wdata_reg[15]_i_77/CO[3]
                         net (fo=1, unplaced)         0.000    28.064    zv_wdata_reg[15]_i_77_n_0
                         CARRY4 (Prop_carry4_CI_CO[3])
                                                      0.117    28.181 r  zv_wdata_reg[15]_i_76/CO[3]
                         net (fo=1, unplaced)         0.000    28.181    zv_wdata_reg[15]_i_76_n_0
                         CARRY4 (Prop_carry4_CI_CO[3])
                                                      0.117    28.298 r  zv_wdata_reg[15]_i_49/CO[3]
                         net (fo=1, unplaced)         0.000    28.298    zv_wdata_reg[15]_i_49_n_0
                         CARRY4 (Prop_carry4_CI_O[3])
                                                      0.331    28.629 r  zv_wdata_reg[15]_i_48/O[3]
                         net (fo=4, unplaced)         0.445    29.074    zv_wdata_reg[15]_i_48_n_4
                         LUT2 (Prop_lut2_I0_O)        0.332    29.406 r  zv_wdata[15]_i_20/O
                         net (fo=1, unplaced)         0.000    29.406    zv_wdata[15]_i_20_n_0
                         CARRY4 (Prop_carry4_DI[3]_CO[3])
                                                      0.429    29.835 r  zv_wdata_reg[15]_i_6/CO[3]
                         net (fo=16, unplaced)        0.802    30.637    zv_wdata_reg[15]_i_6_n_0
                         LUT3 (Prop_lut3_I1_O)        0.124    30.761 r  zv_wdata[12]_i_1/O
                         net (fo=1, unplaced)         0.000    30.761    zv_wdata[12]_i_1_n_0
                         FDRE                                         r  zv_wdata_reg[12]/D
  -------------------------------------------------------------------    -------------------

                         (clock clk rise edge)       10.000    10.000 r  <hidden>
                                                      0.000    10.000 r  clk
                         net (fo=43049, unset)        0.924    10.924    clk
                         FDRE                                         r  zv_wdata_reg[12]/C
                         clock pessimism              0.000    10.924    <hidden>
                         clock uncertainty           -0.035    10.889    <hidden>
                         FDRE (Setup_fdre_C_D)        0.044    10.933    zv_wdata_reg[12]
  -------------------------------------------------------------------
                         required time                         10.933    <hidden>
                         arrival time                         -30.761    <hidden>
  -------------------------------------------------------------------
                         slack                                -19.828    <hidden>

Slack (VIOLATED) :        -19.828ns  (required time - arrival time)
  Source:                 dj_reg[4]/C
                            (rising edge-triggered cell FDCE clocked by clk  {rise@0.000ns fall@5.000ns period=10.000ns})
  Destination:            zv_wdata_reg[14]/D
                            (rising edge-triggered cell FDRE clocked by clk  {rise@0.000ns fall@5.000ns period=10.000ns})
  Path Group:             clk
  Path Type:              Setup (Max at Slow Process Corner)
  Requirement:            10.000ns  (clk rise@10.000ns - clk rise@0.000ns)
  Data Path Delay:        29.788ns  (logic 21.881ns (73.455%)  route 7.907ns (26.545%))
  Logic Levels:           49  (CARRY4=35 DSP48E1=4 LUT1=1 LUT2=2 LUT3=2 LUT4=3 LUT6=2)
  Clock Path Skew:        -0.049ns (DCD - SCD + CPR)
    Destination Clock Delay (DCD):    0.924ns = ( 10.924 - 10.000 ) 
    Source Clock Delay      (SCD):    0.973ns
    Clock Pessimism Removal (CPR):    0.000ns
  Clock Uncertainty:      0.035ns  ((TSJ^2 + TIJ^2)^1/2 + DJ) / 2 + PE
    Total System Jitter     (TSJ):    0.071ns
    Total Input Jitter      (TIJ):    0.000ns
    Discrete Jitter          (DJ):    0.000ns
    Phase Error              (PE):    0.000ns

    Location             Delay type                Incr(ns)  Path(ns)    Netlist Resource(s)
  -------------------------------------------------------------------    -------------------
                         (clock clk rise edge)        0.000     0.000 r  <hidden>
                                                      0.000     0.000 r  clk
                         net (fo=43049, unset)        0.973     0.973    clk
                         FDCE                                         r  dj_reg[4]/C
  -------------------------------------------------------------------    -------------------
                         FDCE (Prop_fdce_C_Q)         0.478     1.451 r  dj_reg[4]/Q
                         net (fo=73, unplaced)        1.057     2.508    dj_reg_n_0_[4]
                         LUT6 (Prop_lut6_I0_O)        0.295     2.803 r  val0_i_3/O
                         net (fo=12, unplaced)        0.803     3.606    val0_i_3_n_0
                         DSP48E1 (Prop_dsp48e1_B[17]_P[1])
                                                      3.656     7.262 r  val0/P[1]
                         net (fo=1, unplaced)         0.803     8.065    val0_n_104
                         LUT2 (Prop_lut2_I1_O)        0.124     8.189 r  c4_rq5_return1__3_i_19/O
                         net (fo=1, unplaced)         0.000     8.189    c4_rq5_return1__3_i_19_n_0
                         CARRY4 (Prop_carry4_S[1]_CO[3])
                                                      0.533     8.722 r  c4_rq5_return1__3_i_4/CO[3]
                         net (fo=1, unplaced)         0.000     8.722    c4_rq5_return1__3_i_4_n_0
                         CARRY4 (Prop_carry4_CI_CO[3])
                                                      0.117     8.839 r  c4_rq5_return1__3_i_3/CO[3]
                         net (fo=1, unplaced)         0.000     8.839    c4_rq5_return1__3_i_3_n_0
                         CARRY4 (Prop_carry4_CI_CO[3])
                                                      0.117     8.956 r  c4_rq5_return1__3_i_2/CO[3]
                         net (fo=1, unplaced)         0.000     8.956    c4_rq5_return1__3_i_2_n_0
                         CARRY4 (Prop_carry4_CI_CO[3])
                                                      0.117     9.073 r  c4_rq5_return1__3_i_1/CO[3]
                         net (fo=1, unplaced)         0.000     9.073    c4_rq5_return1__3_i_1_n_0
                         CARRY4 (Prop_carry4_CI_CO[3])
                                                      0.117     9.190 r  c4_rq5_return1__0_i_5/CO[3]
                         net (fo=1, unplaced)         0.000     9.190    c4_rq5_return1__0_i_5_n_0
                         CARRY4 (Prop_carry4_CI_CO[3])
                                                      0.117     9.307 r  c4_rq5_return1__0_i_4/CO[3]
                         net (fo=1, unplaced)         0.000     9.307    c4_rq5_return1__0_i_4_n_0
                         CARRY4 (Prop_carry4_CI_CO[3])
                                                      0.117     9.424 r  c4_rq5_return1__0_i_3/CO[3]
                         net (fo=1, unplaced)         0.000     9.424    c4_rq5_return1__0_i_3_n_0
                         CARRY4 (Prop_carry4_CI_CO[3])
                                                      0.117     9.541 r  c4_rq5_return1__0_i_2/CO[3]
                         net (fo=1, unplaced)         0.000     9.541    c4_rq5_return1__0_i_2_n_0
                         CARRY4 (Prop_carry4_CI_O[1])
                                                      0.337     9.878 r  c4_rq5_return1__0_i_1/O[1]
                         net (fo=2, unplaced)         0.803    10.681    c4_rq5_return1__0_i_1_n_6
                         DSP48E1 (Prop_dsp48e1_A[16]_PCOUT[47])
                                                      4.215    14.896 r  c4_rq5_return1__0/PCOUT[47]
                         net (fo=1, unplaced)         0.000    14.896    c4_rq5_return1__0_n_106
                         DSP48E1 (Prop_dsp48e1_PCIN[47]_PCOUT[47])
                                                      1.713    16.609 r  c4_rq5_return1__1/PCOUT[47]
                         net (fo=1, unplaced)         0.000    16.609    c4_rq5_return1__1_n_106
                         DSP48E1 (Prop_dsp48e1_PCIN[47]_P[2])
                                                      1.518    18.127 r  c4_rq5_return1__2/P[2]
                         net (fo=2, unplaced)         0.803    18.929    c4_rq5_return1__2_n_103
                         LUT3 (Prop_lut3_I1_O)        0.124    19.053 r  zv_wdata[15]_i_238/O
                         net (fo=2, unplaced)         0.460    19.513    zv_wdata[15]_i_238_n_0
                         LUT4 (Prop_lut4_I3_O)        0.124    19.637 r  zv_wdata[15]_i_242/O
                         net (fo=1, unplaced)         0.000    19.637    zv_wdata[15]_i_242_n_0
                         CARRY4 (Prop_carry4_S[1]_CO[3])
                                                      0.533    20.170 r  zv_wdata_reg[15]_i_173/CO[3]
                         net (fo=1, unplaced)         0.000    20.170    zv_wdata_reg[15]_i_173_n_0
                         CARRY4 (Prop_carry4_CI_CO[3])
                                                      0.117    20.287 r  zv_wdata_reg[15]_i_114/CO[3]
                         net (fo=1, unplaced)         0.000    20.287    zv_wdata_reg[15]_i_114_n_0
                         CARRY4 (Prop_carry4_CI_O[2])
                                                      0.256    20.543 r  zv_wdata_reg[15]_i_62/O[2]
                         net (fo=128, unplaced)       0.558    21.101    c4_rq5_return1__6[63]
                         LUT4 (Prop_lut4_I2_O)        0.293    21.394 r  zv_wdata[3]_i_166/O
                         net (fo=1, unplaced)         0.000    21.394    zv_wdata[3]_i_166_n_0
                         CARRY4 (Prop_carry4_DI[0]_CO[3])
                                                      0.576    21.970 r  zv_wdata_reg[3]_i_135/CO[3]
                         net (fo=1, unplaced)         0.000    21.970    zv_wdata_reg[3]_i_135_n_0
                         CARRY4 (Prop_carry4_CI_CO[3])
                                                      0.117    22.087 r  zv_wdata_reg[3]_i_95/CO[3]
                         net (fo=1, unplaced)         0.000    22.087    zv_wdata_reg[3]_i_95_n_0
                         CARRY4 (Prop_carry4_CI_CO[3])
                                                      0.117    22.204 r  zv_wdata_reg[3]_i_56/CO[3]
                         net (fo=1, unplaced)         0.000    22.204    zv_wdata_reg[3]_i_56_n_0
                         CARRY4 (Prop_carry4_CI_CO[3])
                                                      0.117    22.321 r  zv_wdata_reg[3]_i_33/CO[3]
                         net (fo=1, unplaced)         0.000    22.321    zv_wdata_reg[3]_i_33_n_0
                         CARRY4 (Prop_carry4_CI_CO[2])
                                                      0.252    22.573 r  zv_wdata_reg[3]_i_18/CO[2]
                         net (fo=2, unplaced)         0.463    23.036    zv_wdata_reg[3]_i_18_n_1
                         LUT4 (Prop_lut4_I3_O)        0.310    23.346 r  zv_wdata[3]_i_22/O
                         net (fo=1, unplaced)         0.000    23.346    zv_wdata[3]_i_22_n_0
                         CARRY4 (Prop_carry4_S[0]_CO[3])
                                                      0.513    23.859 r  zv_wdata_reg[3]_i_12/CO[3]
                         net (fo=1, unplaced)         0.000    23.859    zv_wdata_reg[3]_i_12_n_0
                         CARRY4 (Prop_carry4_CI_CO[3])
                                                      0.117    23.976 r  zv_wdata_reg[7]_i_13/CO[3]
                         net (fo=1, unplaced)         0.000    23.976    zv_wdata_reg[7]_i_13_n_0
                         CARRY4 (Prop_carry4_CI_CO[3])
                                                      0.117    24.093 r  zv_wdata_reg[11]_i_13/CO[3]
                         net (fo=1, unplaced)         0.000    24.093    zv_wdata_reg[11]_i_13_n_0
                         CARRY4 (Prop_carry4_CI_CO[3])
                                                      0.117    24.210 r  zv_wdata_reg[15]_i_63/CO[3]
                         net (fo=1, unplaced)         0.000    24.210    zv_wdata_reg[15]_i_63_n_0
                         CARRY4 (Prop_carry4_CI_O[2])
                                                      0.256    24.466 f  zv_wdata_reg[15]_i_184/O[2]
                         net (fo=2, unplaced)         0.463    24.929    zv_wdata_reg[15]_i_184_n_5
                         LUT1 (Prop_lut1_I0_O)        0.301    25.230 r  zv_wdata[15]_i_339/O
                         net (fo=1, unplaced)         0.000    25.230    zv_wdata[15]_i_339_n_0
                         CARRY4 (Prop_carry4_S[1]_CO[3])
                                                      0.533    25.763 r  zv_wdata_reg[15]_i_289/CO[3]
                         net (fo=1, unplaced)         0.000    25.763    zv_wdata_reg[15]_i_289_n_0
                         CARRY4 (Prop_carry4_CI_O[3])
                                                      0.331    26.094 r  zv_wdata_reg[15]_i_213/O[3]
                         net (fo=1, unplaced)         0.448    26.542    c4_rq5_return0[24]
                         LUT6 (Prop_lut6_I5_O)        0.307    26.849 r  zv_wdata[15]_i_329/O
                         net (fo=1, unplaced)         0.000    26.849    zv_wdata[15]_i_329_n_0
                         CARRY4 (Prop_carry4_S[0]_CO[3])
                                                      0.513    27.362 r  zv_wdata_reg[15]_i_267/CO[3]
                         net (fo=1, unplaced)         0.000    27.362    zv_wdata_reg[15]_i_267_n_0
                         CARRY4 (Prop_carry4_CI_CO[3])
                                                      0.117    27.479 r  zv_wdata_reg[15]_i_266/CO[3]
                         net (fo=1, unplaced)         0.000    27.479    zv_wdata_reg[15]_i_266_n_0
                         CARRY4 (Prop_carry4_CI_CO[3])
                                                      0.117    27.596 r  zv_wdata_reg[15]_i_195/CO[3]
                         net (fo=1, unplaced)         0.000    27.596    zv_wdata_reg[15]_i_195_n_0
                         CARRY4 (Prop_carry4_CI_CO[3])
                                                      0.117    27.713 r  zv_wdata_reg[15]_i_194/CO[3]
                         net (fo=1, unplaced)         0.000    27.713    zv_wdata_reg[15]_i_194_n_0
                         CARRY4 (Prop_carry4_CI_CO[3])
                                                      0.117    27.830 r  zv_wdata_reg[15]_i_142/CO[3]
                         net (fo=1, unplaced)         0.000    27.830    zv_wdata_reg[15]_i_142_n_0
                         CARRY4 (Prop_carry4_CI_CO[3])
                                                      0.117    27.947 r  zv_wdata_reg[15]_i_141/CO[3]
                         net (fo=1, unplaced)         0.000    27.947    zv_wdata_reg[15]_i_141_n_0
                         CARRY4 (Prop_carry4_CI_CO[3])
                                                      0.117    28.064 r  zv_wdata_reg[15]_i_77/CO[3]
                         net (fo=1, unplaced)         0.000    28.064    zv_wdata_reg[15]_i_77_n_0
                         CARRY4 (Prop_carry4_CI_CO[3])
                                                      0.117    28.181 r  zv_wdata_reg[15]_i_76/CO[3]
                         net (fo=1, unplaced)         0.000    28.181    zv_wdata_reg[15]_i_76_n_0
                         CARRY4 (Prop_carry4_CI_CO[3])
                                                      0.117    28.298 r  zv_wdata_reg[15]_i_49/CO[3]
                         net (fo=1, unplaced)         0.000    28.298    zv_wdata_reg[15]_i_49_n_0
                         CARRY4 (Prop_carry4_CI_O[3])
                                                      0.331    28.629 r  zv_wdata_reg[15]_i_48/O[3]
                         net (fo=4, unplaced)         0.445    29.074    zv_wdata_reg[15]_i_48_n_4
                         LUT2 (Prop_lut2_I0_O)        0.332    29.406 r  zv_wdata[15]_i_20/O
                         net (fo=1, unplaced)         0.000    29.406    zv_wdata[15]_i_20_n_0
                         CARRY4 (Prop_carry4_DI[3]_CO[3])
                                                      0.429    29.835 r  zv_wdata_reg[15]_i_6/CO[3]
                         net (fo=16, unplaced)        0.802    30.637    zv_wdata_reg[15]_i_6_n_0
                         LUT3 (Prop_lut3_I1_O)        0.124    30.761 r  zv_wdata[14]_i_1/O
                         net (fo=1, unplaced)         0.000    30.761    zv_wdata[14]_i_1_n_0
                         FDRE                                         r  zv_wdata_reg[14]/D
  -------------------------------------------------------------------    -------------------

                         (clock clk rise edge)       10.000    10.000 r  <hidden>
                                                      0.000    10.000 r  clk
                         net (fo=43049, unset)        0.924    10.924    clk
                         FDRE                                         r  zv_wdata_reg[14]/C
                         clock pessimism              0.000    10.924    <hidden>
                         clock uncertainty           -0.035    10.889    <hidden>
                         FDRE (Setup_fdre_C_D)        0.044    10.933    zv_wdata_reg[14]
  -------------------------------------------------------------------
                         required time                         10.933    <hidden>
                         arrival time                         -30.761    <hidden>
  -------------------------------------------------------------------
                         slack                                -19.828    <hidden>

Slack (VIOLATED) :        -19.828ns  (required time - arrival time)
  Source:                 dj_reg[4]/C
                            (rising edge-triggered cell FDCE clocked by clk  {rise@0.000ns fall@5.000ns period=10.000ns})
  Destination:            zv_wdata_reg[2]/D
                            (rising edge-triggered cell FDRE clocked by clk  {rise@0.000ns fall@5.000ns period=10.000ns})
  Path Group:             clk
  Path Type:              Setup (Max at Slow Process Corner)
  Requirement:            10.000ns  (clk rise@10.000ns - clk rise@0.000ns)
  Data Path Delay:        29.788ns  (logic 21.881ns (73.455%)  route 7.907ns (26.545%))
  Logic Levels:           49  (CARRY4=35 DSP48E1=4 LUT1=1 LUT2=2 LUT3=2 LUT4=3 LUT6=2)
  Clock Path Skew:        -0.049ns (DCD - SCD + CPR)
    Destination Clock Delay (DCD):    0.924ns = ( 10.924 - 10.000 ) 
    Source Clock Delay      (SCD):    0.973ns
    Clock Pessimism Removal (CPR):    0.000ns
  Clock Uncertainty:      0.035ns  ((TSJ^2 + TIJ^2)^1/2 + DJ) / 2 + PE
    Total System Jitter     (TSJ):    0.071ns
    Total Input Jitter      (TIJ):    0.000ns
    Discrete Jitter          (DJ):    0.000ns
    Phase Error              (PE):    0.000ns

    Location             Delay type                Incr(ns)  Path(ns)    Netlist Resource(s)
  -------------------------------------------------------------------    -------------------
                         (clock clk rise edge)        0.000     0.000 r  <hidden>
                                                      0.000     0.000 r  clk
                         net (fo=43049, unset)        0.973     0.973    clk
                         FDCE                                         r  dj_reg[4]/C
  -------------------------------------------------------------------    -------------------
                         FDCE (Prop_fdce_C_Q)         0.478     1.451 r  dj_reg[4]/Q
                         net (fo=73, unplaced)        1.057     2.508    dj_reg_n_0_[4]
                         LUT6 (Prop_lut6_I0_O)        0.295     2.803 r  val0_i_3/O
                         net (fo=12, unplaced)        0.803     3.606    val0_i_3_n_0
                         DSP48E1 (Prop_dsp48e1_B[17]_P[1])
                                                      3.656     7.262 r  val0/P[1]
                         net (fo=1, unplaced)         0.803     8.065    val0_n_104
                         LUT2 (Prop_lut2_I1_O)        0.124     8.189 r  c4_rq5_return1__3_i_19/O
                         net (fo=1, unplaced)         0.000     8.189    c4_rq5_return1__3_i_19_n_0
                         CARRY4 (Prop_carry4_S[1]_CO[3])
                                                      0.533     8.722 r  c4_rq5_return1__3_i_4/CO[3]
                         net (fo=1, unplaced)         0.000     8.722    c4_rq5_return1__3_i_4_n_0
                         CARRY4 (Prop_carry4_CI_CO[3])
                                                      0.117     8.839 r  c4_rq5_return1__3_i_3/CO[3]
                         net (fo=1, unplaced)         0.000     8.839    c4_rq5_return1__3_i_3_n_0
                         CARRY4 (Prop_carry4_CI_CO[3])
                                                      0.117     8.956 r  c4_rq5_return1__3_i_2/CO[3]
                         net (fo=1, unplaced)         0.000     8.956    c4_rq5_return1__3_i_2_n_0
                         CARRY4 (Prop_carry4_CI_CO[3])
                                                      0.117     9.073 r  c4_rq5_return1__3_i_1/CO[3]
                         net (fo=1, unplaced)         0.000     9.073    c4_rq5_return1__3_i_1_n_0
                         CARRY4 (Prop_carry4_CI_CO[3])
                                                      0.117     9.190 r  c4_rq5_return1__0_i_5/CO[3]
                         net (fo=1, unplaced)         0.000     9.190    c4_rq5_return1__0_i_5_n_0
                         CARRY4 (Prop_carry4_CI_CO[3])
                                                      0.117     9.307 r  c4_rq5_return1__0_i_4/CO[3]
                         net (fo=1, unplaced)         0.000     9.307    c4_rq5_return1__0_i_4_n_0
                         CARRY4 (Prop_carry4_CI_CO[3])
                                                      0.117     9.424 r  c4_rq5_return1__0_i_3/CO[3]
                         net (fo=1, unplaced)         0.000     9.424    c4_rq5_return1__0_i_3_n_0
                         CARRY4 (Prop_carry4_CI_CO[3])
                                                      0.117     9.541 r  c4_rq5_return1__0_i_2/CO[3]
                         net (fo=1, unplaced)         0.000     9.541    c4_rq5_return1__0_i_2_n_0
                         CARRY4 (Prop_carry4_CI_O[1])
                                                      0.337     9.878 r  c4_rq5_return1__0_i_1/O[1]
                         net (fo=2, unplaced)         0.803    10.681    c4_rq5_return1__0_i_1_n_6
                         DSP48E1 (Prop_dsp48e1_A[16]_PCOUT[47])
                                                      4.215    14.896 r  c4_rq5_return1__0/PCOUT[47]
                         net (fo=1, unplaced)         0.000    14.896    c4_rq5_return1__0_n_106
                         DSP48E1 (Prop_dsp48e1_PCIN[47]_PCOUT[47])
                                                      1.713    16.609 r  c4_rq5_return1__1/PCOUT[47]
                         net (fo=1, unplaced)         0.000    16.609    c4_rq5_return1__1_n_106
                         DSP48E1 (Prop_dsp48e1_PCIN[47]_P[2])
                                                      1.518    18.127 r  c4_rq5_return1__2/P[2]
                         net (fo=2, unplaced)         0.803    18.929    c4_rq5_return1__2_n_103
                         LUT3 (Prop_lut3_I1_O)        0.124    19.053 r  zv_wdata[15]_i_238/O
                         net (fo=2, unplaced)         0.460    19.513    zv_wdata[15]_i_238_n_0
                         LUT4 (Prop_lut4_I3_O)        0.124    19.637 r  zv_wdata[15]_i_242/O
                         net (fo=1, unplaced)         0.000    19.637    zv_wdata[15]_i_242_n_0
                         CARRY4 (Prop_carry4_S[1]_CO[3])
                                                      0.533    20.170 r  zv_wdata_reg[15]_i_173/CO[3]
                         net (fo=1, unplaced)         0.000    20.170    zv_wdata_reg[15]_i_173_n_0
                         CARRY4 (Prop_carry4_CI_CO[3])
                                                      0.117    20.287 r  zv_wdata_reg[15]_i_114/CO[3]
                         net (fo=1, unplaced)         0.000    20.287    zv_wdata_reg[15]_i_114_n_0
                         CARRY4 (Prop_carry4_CI_O[2])
                                                      0.256    20.543 r  zv_wdata_reg[15]_i_62/O[2]
                         net (fo=128, unplaced)       0.558    21.101    c4_rq5_return1__6[63]
                         LUT4 (Prop_lut4_I2_O)        0.293    21.394 r  zv_wdata[3]_i_166/O
                         net (fo=1, unplaced)         0.000    21.394    zv_wdata[3]_i_166_n_0
                         CARRY4 (Prop_carry4_DI[0]_CO[3])
                                                      0.576    21.970 r  zv_wdata_reg[3]_i_135/CO[3]
                         net (fo=1, unplaced)         0.000    21.970    zv_wdata_reg[3]_i_135_n_0
                         CARRY4 (Prop_carry4_CI_CO[3])
                                                      0.117    22.087 r  zv_wdata_reg[3]_i_95/CO[3]
                         net (fo=1, unplaced)         0.000    22.087    zv_wdata_reg[3]_i_95_n_0
                         CARRY4 (Prop_carry4_CI_CO[3])
                                                      0.117    22.204 r  zv_wdata_reg[3]_i_56/CO[3]
                         net (fo=1, unplaced)         0.000    22.204    zv_wdata_reg[3]_i_56_n_0
                         CARRY4 (Prop_carry4_CI_CO[3])
                                                      0.117    22.321 r  zv_wdata_reg[3]_i_33/CO[3]
                         net (fo=1, unplaced)         0.000    22.321    zv_wdata_reg[3]_i_33_n_0
                         CARRY4 (Prop_carry4_CI_CO[2])
                                                      0.252    22.573 r  zv_wdata_reg[3]_i_18/CO[2]
                         net (fo=2, unplaced)         0.463    23.036    zv_wdata_reg[3]_i_18_n_1
                         LUT4 (Prop_lut4_I3_O)        0.310    23.346 r  zv_wdata[3]_i_22/O
                         net (fo=1, unplaced)         0.000    23.346    zv_wdata[3]_i_22_n_0
                         CARRY4 (Prop_carry4_S[0]_CO[3])
                                                      0.513    23.859 r  zv_wdata_reg[3]_i_12/CO[3]
                         net (fo=1, unplaced)         0.000    23.859    zv_wdata_reg[3]_i_12_n_0
                         CARRY4 (Prop_carry4_CI_CO[3])
                                                      0.117    23.976 r  zv_wdata_reg[7]_i_13/CO[3]
                         net (fo=1, unplaced)         0.000    23.976    zv_wdata_reg[7]_i_13_n_0
                         CARRY4 (Prop_carry4_CI_CO[3])
                                                      0.117    24.093 r  zv_wdata_reg[11]_i_13/CO[3]
                         net (fo=1, unplaced)         0.000    24.093    zv_wdata_reg[11]_i_13_n_0
                         CARRY4 (Prop_carry4_CI_CO[3])
                                                      0.117    24.210 r  zv_wdata_reg[15]_i_63/CO[3]
                         net (fo=1, unplaced)         0.000    24.210    zv_wdata_reg[15]_i_63_n_0
                         CARRY4 (Prop_carry4_CI_O[2])
                                                      0.256    24.466 f  zv_wdata_reg[15]_i_184/O[2]
                         net (fo=2, unplaced)         0.463    24.929    zv_wdata_reg[15]_i_184_n_5
                         LUT1 (Prop_lut1_I0_O)        0.301    25.230 r  zv_wdata[15]_i_339/O
                         net (fo=1, unplaced)         0.000    25.230    zv_wdata[15]_i_339_n_0
                         CARRY4 (Prop_carry4_S[1]_CO[3])
                                                      0.533    25.763 r  zv_wdata_reg[15]_i_289/CO[3]
                         net (fo=1, unplaced)         0.000    25.763    zv_wdata_reg[15]_i_289_n_0
                         CARRY4 (Prop_carry4_CI_O[3])
                                                      0.331    26.094 r  zv_wdata_reg[15]_i_213/O[3]
                         net (fo=1, unplaced)         0.448    26.542    c4_rq5_return0[24]
                         LUT6 (Prop_lut6_I5_O)        0.307    26.849 r  zv_wdata[15]_i_329/O
                         net (fo=1, unplaced)         0.000    26.849    zv_wdata[15]_i_329_n_0
                         CARRY4 (Prop_carry4_S[0]_CO[3])
                                                      0.513    27.362 r  zv_wdata_reg[15]_i_267/CO[3]
                         net (fo=1, unplaced)         0.000    27.362    zv_wdata_reg[15]_i_267_n_0
                         CARRY4 (Prop_carry4_CI_CO[3])
                                                      0.117    27.479 r  zv_wdata_reg[15]_i_266/CO[3]
                         net (fo=1, unplaced)         0.000    27.479    zv_wdata_reg[15]_i_266_n_0
                         CARRY4 (Prop_carry4_CI_CO[3])
                                                      0.117    27.596 r  zv_wdata_reg[15]_i_195/CO[3]
                         net (fo=1, unplaced)         0.000    27.596    zv_wdata_reg[15]_i_195_n_0
                         CARRY4 (Prop_carry4_CI_CO[3])
                                                      0.117    27.713 r  zv_wdata_reg[15]_i_194/CO[3]
                         net (fo=1, unplaced)         0.000    27.713    zv_wdata_reg[15]_i_194_n_0
                         CARRY4 (Prop_carry4_CI_CO[3])
                                                      0.117    27.830 r  zv_wdata_reg[15]_i_142/CO[3]
                         net (fo=1, unplaced)         0.000    27.830    zv_wdata_reg[15]_i_142_n_0
                         CARRY4 (Prop_carry4_CI_CO[3])
                                                      0.117    27.947 r  zv_wdata_reg[15]_i_141/CO[3]
                         net (fo=1, unplaced)         0.000    27.947    zv_wdata_reg[15]_i_141_n_0
                         CARRY4 (Prop_carry4_CI_CO[3])
                                                      0.117    28.064 r  zv_wdata_reg[15]_i_77/CO[3]
                         net (fo=1, unplaced)         0.000    28.064    zv_wdata_reg[15]_i_77_n_0
                         CARRY4 (Prop_carry4_CI_CO[3])
                                                      0.117    28.181 r  zv_wdata_reg[15]_i_76/CO[3]
                         net (fo=1, unplaced)         0.000    28.181    zv_wdata_reg[15]_i_76_n_0
                         CARRY4 (Prop_carry4_CI_CO[3])
                                                      0.117    28.298 r  zv_wdata_reg[15]_i_49/CO[3]
                         net (fo=1, unplaced)         0.000    28.298    zv_wdata_reg[15]_i_49_n_0
                         CARRY4 (Prop_carry4_CI_O[3])
                                                      0.331    28.629 r  zv_wdata_reg[15]_i_48/O[3]
                         net (fo=4, unplaced)         0.445    29.074    zv_wdata_reg[15]_i_48_n_4
                         LUT2 (Prop_lut2_I0_O)        0.332    29.406 r  zv_wdata[15]_i_20/O
                         net (fo=1, unplaced)         0.000    29.406    zv_wdata[15]_i_20_n_0
                         CARRY4 (Prop_carry4_DI[3]_CO[3])
                                                      0.429    29.835 f  zv_wdata_reg[15]_i_6/CO[3]
                         net (fo=16, unplaced)        0.802    30.637    zv_wdata_reg[15]_i_6_n_0
                         LUT3 (Prop_lut3_I2_O)        0.124    30.761 r  zv_wdata[2]_i_1/O
                         net (fo=1, unplaced)         0.000    30.761    zv_wdata[2]_i_1_n_0
                         FDRE                                         r  zv_wdata_reg[2]/D
  -------------------------------------------------------------------    -------------------

                         (clock clk rise edge)       10.000    10.000 r  <hidden>
                                                      0.000    10.000 r  clk
                         net (fo=43049, unset)        0.924    10.924    clk
                         FDRE                                         r  zv_wdata_reg[2]/C
                         clock pessimism              0.000    10.924    <hidden>
                         clock uncertainty           -0.035    10.889    <hidden>
                         FDRE (Setup_fdre_C_D)        0.044    10.933    zv_wdata_reg[2]
  -------------------------------------------------------------------
                         required time                         10.933    <hidden>
                         arrival time                         -30.761    <hidden>
  -------------------------------------------------------------------
                         slack                                -19.828    <hidden>

Slack (VIOLATED) :        -19.828ns  (required time - arrival time)
  Source:                 dj_reg[4]/C
                            (rising edge-triggered cell FDCE clocked by clk  {rise@0.000ns fall@5.000ns period=10.000ns})
  Destination:            zv_wdata_reg[4]/D
                            (rising edge-triggered cell FDRE clocked by clk  {rise@0.000ns fall@5.000ns period=10.000ns})
  Path Group:             clk
  Path Type:              Setup (Max at Slow Process Corner)
  Requirement:            10.000ns  (clk rise@10.000ns - clk rise@0.000ns)
  Data Path Delay:        29.788ns  (logic 21.881ns (73.455%)  route 7.907ns (26.545%))
  Logic Levels:           49  (CARRY4=35 DSP48E1=4 LUT1=1 LUT2=2 LUT3=2 LUT4=3 LUT6=2)
  Clock Path Skew:        -0.049ns (DCD - SCD + CPR)
    Destination Clock Delay (DCD):    0.924ns = ( 10.924 - 10.000 ) 
    Source Clock Delay      (SCD):    0.973ns
    Clock Pessimism Removal (CPR):    0.000ns
  Clock Uncertainty:      0.035ns  ((TSJ^2 + TIJ^2)^1/2 + DJ) / 2 + PE
    Total System Jitter     (TSJ):    0.071ns
    Total Input Jitter      (TIJ):    0.000ns
    Discrete Jitter          (DJ):    0.000ns
    Phase Error              (PE):    0.000ns

    Location             Delay type                Incr(ns)  Path(ns)    Netlist Resource(s)
  -------------------------------------------------------------------    -------------------
                         (clock clk rise edge)        0.000     0.000 r  <hidden>
                                                      0.000     0.000 r  clk
                         net (fo=43049, unset)        0.973     0.973    clk
                         FDCE                                         r  dj_reg[4]/C
  -------------------------------------------------------------------    -------------------
                         FDCE (Prop_fdce_C_Q)         0.478     1.451 r  dj_reg[4]/Q
                         net (fo=73, unplaced)        1.057     2.508    dj_reg_n_0_[4]
                         LUT6 (Prop_lut6_I0_O)        0.295     2.803 r  val0_i_3/O
                         net (fo=12, unplaced)        0.803     3.606    val0_i_3_n_0
                         DSP48E1 (Prop_dsp48e1_B[17]_P[1])
                                                      3.656     7.262 r  val0/P[1]
                         net (fo=1, unplaced)         0.803     8.065    val0_n_104
                         LUT2 (Prop_lut2_I1_O)        0.124     8.189 r  c4_rq5_return1__3_i_19/O
                         net (fo=1, unplaced)         0.000     8.189    c4_rq5_return1__3_i_19_n_0
                         CARRY4 (Prop_carry4_S[1]_CO[3])
                                                      0.533     8.722 r  c4_rq5_return1__3_i_4/CO[3]
                         net (fo=1, unplaced)         0.000     8.722    c4_rq5_return1__3_i_4_n_0
                         CARRY4 (Prop_carry4_CI_CO[3])
                                                      0.117     8.839 r  c4_rq5_return1__3_i_3/CO[3]
                         net (fo=1, unplaced)         0.000     8.839    c4_rq5_return1__3_i_3_n_0
                         CARRY4 (Prop_carry4_CI_CO[3])
                                                      0.117     8.956 r  c4_rq5_return1__3_i_2/CO[3]
                         net (fo=1, unplaced)         0.000     8.956    c4_rq5_return1__3_i_2_n_0
                         CARRY4 (Prop_carry4_CI_CO[3])
                                                      0.117     9.073 r  c4_rq5_return1__3_i_1/CO[3]
                         net (fo=1, unplaced)         0.000     9.073    c4_rq5_return1__3_i_1_n_0
                         CARRY4 (Prop_carry4_CI_CO[3])
                                                      0.117     9.190 r  c4_rq5_return1__0_i_5/CO[3]
                         net (fo=1, unplaced)         0.000     9.190    c4_rq5_return1__0_i_5_n_0
                         CARRY4 (Prop_carry4_CI_CO[3])
                                                      0.117     9.307 r  c4_rq5_return1__0_i_4/CO[3]
                         net (fo=1, unplaced)         0.000     9.307    c4_rq5_return1__0_i_4_n_0
                         CARRY4 (Prop_carry4_CI_CO[3])
                                                      0.117     9.424 r  c4_rq5_return1__0_i_3/CO[3]
                         net (fo=1, unplaced)         0.000     9.424    c4_rq5_return1__0_i_3_n_0
                         CARRY4 (Prop_carry4_CI_CO[3])
                                                      0.117     9.541 r  c4_rq5_return1__0_i_2/CO[3]
                         net (fo=1, unplaced)         0.000     9.541    c4_rq5_return1__0_i_2_n_0
                         CARRY4 (Prop_carry4_CI_O[1])
                                                      0.337     9.878 r  c4_rq5_return1__0_i_1/O[1]
                         net (fo=2, unplaced)         0.803    10.681    c4_rq5_return1__0_i_1_n_6
                         DSP48E1 (Prop_dsp48e1_A[16]_PCOUT[47])
                                                      4.215    14.896 r  c4_rq5_return1__0/PCOUT[47]
                         net (fo=1, unplaced)         0.000    14.896    c4_rq5_return1__0_n_106
                         DSP48E1 (Prop_dsp48e1_PCIN[47]_PCOUT[47])
                                                      1.713    16.609 r  c4_rq5_return1__1/PCOUT[47]
                         net (fo=1, unplaced)         0.000    16.609    c4_rq5_return1__1_n_106
                         DSP48E1 (Prop_dsp48e1_PCIN[47]_P[2])
                                                      1.518    18.127 r  c4_rq5_return1__2/P[2]
                         net (fo=2, unplaced)         0.803    18.929    c4_rq5_return1__2_n_103
                         LUT3 (Prop_lut3_I1_O)        0.124    19.053 r  zv_wdata[15]_i_238/O
                         net (fo=2, unplaced)         0.460    19.513    zv_wdata[15]_i_238_n_0
                         LUT4 (Prop_lut4_I3_O)        0.124    19.637 r  zv_wdata[15]_i_242/O
                         net (fo=1, unplaced)         0.000    19.637    zv_wdata[15]_i_242_n_0
                         CARRY4 (Prop_carry4_S[1]_CO[3])
                                                      0.533    20.170 r  zv_wdata_reg[15]_i_173/CO[3]
                         net (fo=1, unplaced)         0.000    20.170    zv_wdata_reg[15]_i_173_n_0
                         CARRY4 (Prop_carry4_CI_CO[3])
                                                      0.117    20.287 r  zv_wdata_reg[15]_i_114/CO[3]
                         net (fo=1, unplaced)         0.000    20.287    zv_wdata_reg[15]_i_114_n_0
                         CARRY4 (Prop_carry4_CI_O[2])
                                                      0.256    20.543 r  zv_wdata_reg[15]_i_62/O[2]
                         net (fo=128, unplaced)       0.558    21.101    c4_rq5_return1__6[63]
                         LUT4 (Prop_lut4_I2_O)        0.293    21.394 r  zv_wdata[3]_i_166/O
                         net (fo=1, unplaced)         0.000    21.394    zv_wdata[3]_i_166_n_0
                         CARRY4 (Prop_carry4_DI[0]_CO[3])
                                                      0.576    21.970 r  zv_wdata_reg[3]_i_135/CO[3]
                         net (fo=1, unplaced)         0.000    21.970    zv_wdata_reg[3]_i_135_n_0
                         CARRY4 (Prop_carry4_CI_CO[3])
                                                      0.117    22.087 r  zv_wdata_reg[3]_i_95/CO[3]
                         net (fo=1, unplaced)         0.000    22.087    zv_wdata_reg[3]_i_95_n_0
                         CARRY4 (Prop_carry4_CI_CO[3])
                                                      0.117    22.204 r  zv_wdata_reg[3]_i_56/CO[3]
                         net (fo=1, unplaced)         0.000    22.204    zv_wdata_reg[3]_i_56_n_0
                         CARRY4 (Prop_carry4_CI_CO[3])
                                                      0.117    22.321 r  zv_wdata_reg[3]_i_33/CO[3]
                         net (fo=1, unplaced)         0.000    22.321    zv_wdata_reg[3]_i_33_n_0
                         CARRY4 (Prop_carry4_CI_CO[2])
                                                      0.252    22.573 r  zv_wdata_reg[3]_i_18/CO[2]
                         net (fo=2, unplaced)         0.463    23.036    zv_wdata_reg[3]_i_18_n_1
                         LUT4 (Prop_lut4_I3_O)        0.310    23.346 r  zv_wdata[3]_i_22/O
                         net (fo=1, unplaced)         0.000    23.346    zv_wdata[3]_i_22_n_0
                         CARRY4 (Prop_carry4_S[0]_CO[3])
                                                      0.513    23.859 r  zv_wdata_reg[3]_i_12/CO[3]
                         net (fo=1, unplaced)         0.000    23.859    zv_wdata_reg[3]_i_12_n_0
                         CARRY4 (Prop_carry4_CI_CO[3])
                                                      0.117    23.976 r  zv_wdata_reg[7]_i_13/CO[3]
                         net (fo=1, unplaced)         0.000    23.976    zv_wdata_reg[7]_i_13_n_0
                         CARRY4 (Prop_carry4_CI_CO[3])
                                                      0.117    24.093 r  zv_wdata_reg[11]_i_13/CO[3]
                         net (fo=1, unplaced)         0.000    24.093    zv_wdata_reg[11]_i_13_n_0
                         CARRY4 (Prop_carry4_CI_CO[3])
                                                      0.117    24.210 r  zv_wdata_reg[15]_i_63/CO[3]
                         net (fo=1, unplaced)         0.000    24.210    zv_wdata_reg[15]_i_63_n_0
                         CARRY4 (Prop_carry4_CI_O[2])
                                                      0.256    24.466 f  zv_wdata_reg[15]_i_184/O[2]
                         net (fo=2, unplaced)         0.463    24.929    zv_wdata_reg[15]_i_184_n_5
                         LUT1 (Prop_lut1_I0_O)        0.301    25.230 r  zv_wdata[15]_i_339/O
                         net (fo=1, unplaced)         0.000    25.230    zv_wdata[15]_i_339_n_0
                         CARRY4 (Prop_carry4_S[1]_CO[3])
                                                      0.533    25.763 r  zv_wdata_reg[15]_i_289/CO[3]
                         net (fo=1, unplaced)         0.000    25.763    zv_wdata_reg[15]_i_289_n_0
                         CARRY4 (Prop_carry4_CI_O[3])
                                                      0.331    26.094 r  zv_wdata_reg[15]_i_213/O[3]
                         net (fo=1, unplaced)         0.448    26.542    c4_rq5_return0[24]
                         LUT6 (Prop_lut6_I5_O)        0.307    26.849 r  zv_wdata[15]_i_329/O
                         net (fo=1, unplaced)         0.000    26.849    zv_wdata[15]_i_329_n_0
                         CARRY4 (Prop_carry4_S[0]_CO[3])
                                                      0.513    27.362 r  zv_wdata_reg[15]_i_267/CO[3]
                         net (fo=1, unplaced)         0.000    27.362    zv_wdata_reg[15]_i_267_n_0
                         CARRY4 (Prop_carry4_CI_CO[3])
                                                      0.117    27.479 r  zv_wdata_reg[15]_i_266/CO[3]
                         net (fo=1, unplaced)         0.000    27.479    zv_wdata_reg[15]_i_266_n_0
                         CARRY4 (Prop_carry4_CI_CO[3])
                                                      0.117    27.596 r  zv_wdata_reg[15]_i_195/CO[3]
                         net (fo=1, unplaced)         0.000    27.596    zv_wdata_reg[15]_i_195_n_0
                         CARRY4 (Prop_carry4_CI_CO[3])
                                                      0.117    27.713 r  zv_wdata_reg[15]_i_194/CO[3]
                         net (fo=1, unplaced)         0.000    27.713    zv_wdata_reg[15]_i_194_n_0
                         CARRY4 (Prop_carry4_CI_CO[3])
                                                      0.117    27.830 r  zv_wdata_reg[15]_i_142/CO[3]
                         net (fo=1, unplaced)         0.000    27.830    zv_wdata_reg[15]_i_142_n_0
                         CARRY4 (Prop_carry4_CI_CO[3])
                                                      0.117    27.947 r  zv_wdata_reg[15]_i_141/CO[3]
                         net (fo=1, unplaced)         0.000    27.947    zv_wdata_reg[15]_i_141_n_0
                         CARRY4 (Prop_carry4_CI_CO[3])
                                                      0.117    28.064 r  zv_wdata_reg[15]_i_77/CO[3]
                         net (fo=1, unplaced)         0.000    28.064    zv_wdata_reg[15]_i_77_n_0
                         CARRY4 (Prop_carry4_CI_CO[3])
                                                      0.117    28.181 r  zv_wdata_reg[15]_i_76/CO[3]
                         net (fo=1, unplaced)         0.000    28.181    zv_wdata_reg[15]_i_76_n_0
                         CARRY4 (Prop_carry4_CI_CO[3])
                                                      0.117    28.298 r  zv_wdata_reg[15]_i_49/CO[3]
                         net (fo=1, unplaced)         0.000    28.298    zv_wdata_reg[15]_i_49_n_0
                         CARRY4 (Prop_carry4_CI_O[3])
                                                      0.331    28.629 r  zv_wdata_reg[15]_i_48/O[3]
                         net (fo=4, unplaced)         0.445    29.074    zv_wdata_reg[15]_i_48_n_4
                         LUT2 (Prop_lut2_I0_O)        0.332    29.406 r  zv_wdata[15]_i_20/O
                         net (fo=1, unplaced)         0.000    29.406    zv_wdata[15]_i_20_n_0
                         CARRY4 (Prop_carry4_DI[3]_CO[3])
                                                      0.429    29.835 f  zv_wdata_reg[15]_i_6/CO[3]
                         net (fo=16, unplaced)        0.802    30.637    zv_wdata_reg[15]_i_6_n_0
                         LUT3 (Prop_lut3_I2_O)        0.124    30.761 r  zv_wdata[4]_i_1/O
                         net (fo=1, unplaced)         0.000    30.761    zv_wdata[4]_i_1_n_0
                         FDRE                                         r  zv_wdata_reg[4]/D
  -------------------------------------------------------------------    -------------------

                         (clock clk rise edge)       10.000    10.000 r  <hidden>
                                                      0.000    10.000 r  clk
                         net (fo=43049, unset)        0.924    10.924    clk
                         FDRE                                         r  zv_wdata_reg[4]/C
                         clock pessimism              0.000    10.924    <hidden>
                         clock uncertainty           -0.035    10.889    <hidden>
                         FDRE (Setup_fdre_C_D)        0.044    10.933    zv_wdata_reg[4]
  -------------------------------------------------------------------
                         required time                         10.933    <hidden>
                         arrival time                         -30.761    <hidden>
  -------------------------------------------------------------------
                         slack                                -19.828    <hidden>

Slack (VIOLATED) :        -19.828ns  (required time - arrival time)
  Source:                 dj_reg[4]/C
                            (rising edge-triggered cell FDCE clocked by clk  {rise@0.000ns fall@5.000ns period=10.000ns})
  Destination:            zv_wdata_reg[6]/D
                            (rising edge-triggered cell FDRE clocked by clk  {rise@0.000ns fall@5.000ns period=10.000ns})
  Path Group:             clk
  Path Type:              Setup (Max at Slow Process Corner)
  Requirement:            10.000ns  (clk rise@10.000ns - clk rise@0.000ns)
  Data Path Delay:        29.788ns  (logic 21.881ns (73.455%)  route 7.907ns (26.545%))
  Logic Levels:           49  (CARRY4=35 DSP48E1=4 LUT1=1 LUT2=2 LUT3=2 LUT4=3 LUT6=2)
  Clock Path Skew:        -0.049ns (DCD - SCD + CPR)
    Destination Clock Delay (DCD):    0.924ns = ( 10.924 - 10.000 ) 
    Source Clock Delay      (SCD):    0.973ns
    Clock Pessimism Removal (CPR):    0.000ns
  Clock Uncertainty:      0.035ns  ((TSJ^2 + TIJ^2)^1/2 + DJ) / 2 + PE
    Total System Jitter     (TSJ):    0.071ns
    Total Input Jitter      (TIJ):    0.000ns
    Discrete Jitter          (DJ):    0.000ns
    Phase Error              (PE):    0.000ns

    Location             Delay type                Incr(ns)  Path(ns)    Netlist Resource(s)
  -------------------------------------------------------------------    -------------------
                         (clock clk rise edge)        0.000     0.000 r  <hidden>
                                                      0.000     0.000 r  clk
                         net (fo=43049, unset)        0.973     0.973    clk
                         FDCE                                         r  dj_reg[4]/C
  -------------------------------------------------------------------    -------------------
                         FDCE (Prop_fdce_C_Q)         0.478     1.451 r  dj_reg[4]/Q
                         net (fo=73, unplaced)        1.057     2.508    dj_reg_n_0_[4]
                         LUT6 (Prop_lut6_I0_O)        0.295     2.803 r  val0_i_3/O
                         net (fo=12, unplaced)        0.803     3.606    val0_i_3_n_0
                         DSP48E1 (Prop_dsp48e1_B[17]_P[1])
                                                      3.656     7.262 r  val0/P[1]
                         net (fo=1, unplaced)         0.803     8.065    val0_n_104
                         LUT2 (Prop_lut2_I1_O)        0.124     8.189 r  c4_rq5_return1__3_i_19/O
                         net (fo=1, unplaced)         0.000     8.189    c4_rq5_return1__3_i_19_n_0
                         CARRY4 (Prop_carry4_S[1]_CO[3])
                                                      0.533     8.722 r  c4_rq5_return1__3_i_4/CO[3]
                         net (fo=1, unplaced)         0.000     8.722    c4_rq5_return1__3_i_4_n_0
                         CARRY4 (Prop_carry4_CI_CO[3])
                                                      0.117     8.839 r  c4_rq5_return1__3_i_3/CO[3]
                         net (fo=1, unplaced)         0.000     8.839    c4_rq5_return1__3_i_3_n_0
                         CARRY4 (Prop_carry4_CI_CO[3])
                                                      0.117     8.956 r  c4_rq5_return1__3_i_2/CO[3]
                         net (fo=1, unplaced)         0.000     8.956    c4_rq5_return1__3_i_2_n_0
                         CARRY4 (Prop_carry4_CI_CO[3])
                                                      0.117     9.073 r  c4_rq5_return1__3_i_1/CO[3]
                         net (fo=1, unplaced)         0.000     9.073    c4_rq5_return1__3_i_1_n_0
                         CARRY4 (Prop_carry4_CI_CO[3])
                                                      0.117     9.190 r  c4_rq5_return1__0_i_5/CO[3]
                         net (fo=1, unplaced)         0.000     9.190    c4_rq5_return1__0_i_5_n_0
                         CARRY4 (Prop_carry4_CI_CO[3])
                                                      0.117     9.307 r  c4_rq5_return1__0_i_4/CO[3]
                         net (fo=1, unplaced)         0.000     9.307    c4_rq5_return1__0_i_4_n_0
                         CARRY4 (Prop_carry4_CI_CO[3])
                                                      0.117     9.424 r  c4_rq5_return1__0_i_3/CO[3]
                         net (fo=1, unplaced)         0.000     9.424    c4_rq5_return1__0_i_3_n_0
                         CARRY4 (Prop_carry4_CI_CO[3])
                                                      0.117     9.541 r  c4_rq5_return1__0_i_2/CO[3]
                         net (fo=1, unplaced)         0.000     9.541    c4_rq5_return1__0_i_2_n_0
                         CARRY4 (Prop_carry4_CI_O[1])
                                                      0.337     9.878 r  c4_rq5_return1__0_i_1/O[1]
                         net (fo=2, unplaced)         0.803    10.681    c4_rq5_return1__0_i_1_n_6
                         DSP48E1 (Prop_dsp48e1_A[16]_PCOUT[47])
                                                      4.215    14.896 r  c4_rq5_return1__0/PCOUT[47]
                         net (fo=1, unplaced)         0.000    14.896    c4_rq5_return1__0_n_106
                         DSP48E1 (Prop_dsp48e1_PCIN[47]_PCOUT[47])
                                                      1.713    16.609 r  c4_rq5_return1__1/PCOUT[47]
                         net (fo=1, unplaced)         0.000    16.609    c4_rq5_return1__1_n_106
                         DSP48E1 (Prop_dsp48e1_PCIN[47]_P[2])
                                                      1.518    18.127 r  c4_rq5_return1__2/P[2]
                         net (fo=2, unplaced)         0.803    18.929    c4_rq5_return1__2_n_103
                         LUT3 (Prop_lut3_I1_O)        0.124    19.053 r  zv_wdata[15]_i_238/O
                         net (fo=2, unplaced)         0.460    19.513    zv_wdata[15]_i_238_n_0
                         LUT4 (Prop_lut4_I3_O)        0.124    19.637 r  zv_wdata[15]_i_242/O
                         net (fo=1, unplaced)         0.000    19.637    zv_wdata[15]_i_242_n_0
                         CARRY4 (Prop_carry4_S[1]_CO[3])
                                                      0.533    20.170 r  zv_wdata_reg[15]_i_173/CO[3]
                         net (fo=1, unplaced)         0.000    20.170    zv_wdata_reg[15]_i_173_n_0
                         CARRY4 (Prop_carry4_CI_CO[3])
                                                      0.117    20.287 r  zv_wdata_reg[15]_i_114/CO[3]
                         net (fo=1, unplaced)         0.000    20.287    zv_wdata_reg[15]_i_114_n_0
                         CARRY4 (Prop_carry4_CI_O[2])
                                                      0.256    20.543 r  zv_wdata_reg[15]_i_62/O[2]
                         net (fo=128, unplaced)       0.558    21.101    c4_rq5_return1__6[63]
                         LUT4 (Prop_lut4_I2_O)        0.293    21.394 r  zv_wdata[3]_i_166/O
                         net (fo=1, unplaced)         0.000    21.394    zv_wdata[3]_i_166_n_0
                         CARRY4 (Prop_carry4_DI[0]_CO[3])
                                                      0.576    21.970 r  zv_wdata_reg[3]_i_135/CO[3]
                         net (fo=1, unplaced)         0.000    21.970    zv_wdata_reg[3]_i_135_n_0
                         CARRY4 (Prop_carry4_CI_CO[3])
                                                      0.117    22.087 r  zv_wdata_reg[3]_i_95/CO[3]
                         net (fo=1, unplaced)         0.000    22.087    zv_wdata_reg[3]_i_95_n_0
                         CARRY4 (Prop_carry4_CI_CO[3])
                                                      0.117    22.204 r  zv_wdata_reg[3]_i_56/CO[3]
                         net (fo=1, unplaced)         0.000    22.204    zv_wdata_reg[3]_i_56_n_0
                         CARRY4 (Prop_carry4_CI_CO[3])
                                                      0.117    22.321 r  zv_wdata_reg[3]_i_33/CO[3]
                         net (fo=1, unplaced)         0.000    22.321    zv_wdata_reg[3]_i_33_n_0
                         CARRY4 (Prop_carry4_CI_CO[2])
                                                      0.252    22.573 r  zv_wdata_reg[3]_i_18/CO[2]
                         net (fo=2, unplaced)         0.463    23.036    zv_wdata_reg[3]_i_18_n_1
                         LUT4 (Prop_lut4_I3_O)        0.310    23.346 r  zv_wdata[3]_i_22/O
                         net (fo=1, unplaced)         0.000    23.346    zv_wdata[3]_i_22_n_0
                         CARRY4 (Prop_carry4_S[0]_CO[3])
                                                      0.513    23.859 r  zv_wdata_reg[3]_i_12/CO[3]
                         net (fo=1, unplaced)         0.000    23.859    zv_wdata_reg[3]_i_12_n_0
                         CARRY4 (Prop_carry4_CI_CO[3])
                                                      0.117    23.976 r  zv_wdata_reg[7]_i_13/CO[3]
                         net (fo=1, unplaced)         0.000    23.976    zv_wdata_reg[7]_i_13_n_0
                         CARRY4 (Prop_carry4_CI_CO[3])
                                                      0.117    24.093 r  zv_wdata_reg[11]_i_13/CO[3]
                         net (fo=1, unplaced)         0.000    24.093    zv_wdata_reg[11]_i_13_n_0
                         CARRY4 (Prop_carry4_CI_CO[3])
                                                      0.117    24.210 r  zv_wdata_reg[15]_i_63/CO[3]
                         net (fo=1, unplaced)         0.000    24.210    zv_wdata_reg[15]_i_63_n_0
                         CARRY4 (Prop_carry4_CI_O[2])
                                                      0.256    24.466 f  zv_wdata_reg[15]_i_184/O[2]
                         net (fo=2, unplaced)         0.463    24.929    zv_wdata_reg[15]_i_184_n_5
                         LUT1 (Prop_lut1_I0_O)        0.301    25.230 r  zv_wdata[15]_i_339/O
                         net (fo=1, unplaced)         0.000    25.230    zv_wdata[15]_i_339_n_0
                         CARRY4 (Prop_carry4_S[1]_CO[3])
                                                      0.533    25.763 r  zv_wdata_reg[15]_i_289/CO[3]
                         net (fo=1, unplaced)         0.000    25.763    zv_wdata_reg[15]_i_289_n_0
                         CARRY4 (Prop_carry4_CI_O[3])
                                                      0.331    26.094 r  zv_wdata_reg[15]_i_213/O[3]
                         net (fo=1, unplaced)         0.448    26.542    c4_rq5_return0[24]
                         LUT6 (Prop_lut6_I5_O)        0.307    26.849 r  zv_wdata[15]_i_329/O
                         net (fo=1, unplaced)         0.000    26.849    zv_wdata[15]_i_329_n_0
                         CARRY4 (Prop_carry4_S[0]_CO[3])
                                                      0.513    27.362 r  zv_wdata_reg[15]_i_267/CO[3]
                         net (fo=1, unplaced)         0.000    27.362    zv_wdata_reg[15]_i_267_n_0
                         CARRY4 (Prop_carry4_CI_CO[3])
                                                      0.117    27.479 r  zv_wdata_reg[15]_i_266/CO[3]
                         net (fo=1, unplaced)         0.000    27.479    zv_wdata_reg[15]_i_266_n_0
                         CARRY4 (Prop_carry4_CI_CO[3])
                                                      0.117    27.596 r  zv_wdata_reg[15]_i_195/CO[3]
                         net (fo=1, unplaced)         0.000    27.596    zv_wdata_reg[15]_i_195_n_0
                         CARRY4 (Prop_carry4_CI_CO[3])
                                                      0.117    27.713 r  zv_wdata_reg[15]_i_194/CO[3]
                         net (fo=1, unplaced)         0.000    27.713    zv_wdata_reg[15]_i_194_n_0
                         CARRY4 (Prop_carry4_CI_CO[3])
                                                      0.117    27.830 r  zv_wdata_reg[15]_i_142/CO[3]
                         net (fo=1, unplaced)         0.000    27.830    zv_wdata_reg[15]_i_142_n_0
                         CARRY4 (Prop_carry4_CI_CO[3])
                                                      0.117    27.947 r  zv_wdata_reg[15]_i_141/CO[3]
                         net (fo=1, unplaced)         0.000    27.947    zv_wdata_reg[15]_i_141_n_0
                         CARRY4 (Prop_carry4_CI_CO[3])
                                                      0.117    28.064 r  zv_wdata_reg[15]_i_77/CO[3]
                         net (fo=1, unplaced)         0.000    28.064    zv_wdata_reg[15]_i_77_n_0
                         CARRY4 (Prop_carry4_CI_CO[3])
                                                      0.117    28.181 r  zv_wdata_reg[15]_i_76/CO[3]
                         net (fo=1, unplaced)         0.000    28.181    zv_wdata_reg[15]_i_76_n_0
                         CARRY4 (Prop_carry4_CI_CO[3])
                                                      0.117    28.298 r  zv_wdata_reg[15]_i_49/CO[3]
                         net (fo=1, unplaced)         0.000    28.298    zv_wdata_reg[15]_i_49_n_0
                         CARRY4 (Prop_carry4_CI_O[3])
                                                      0.331    28.629 r  zv_wdata_reg[15]_i_48/O[3]
                         net (fo=4, unplaced)         0.445    29.074    zv_wdata_reg[15]_i_48_n_4
                         LUT2 (Prop_lut2_I0_O)        0.332    29.406 r  zv_wdata[15]_i_20/O
                         net (fo=1, unplaced)         0.000    29.406    zv_wdata[15]_i_20_n_0
                         CARRY4 (Prop_carry4_DI[3]_CO[3])
                                                      0.429    29.835 f  zv_wdata_reg[15]_i_6/CO[3]
                         net (fo=16, unplaced)        0.802    30.637    zv_wdata_reg[15]_i_6_n_0
                         LUT3 (Prop_lut3_I2_O)        0.124    30.761 r  zv_wdata[6]_i_1/O
                         net (fo=1, unplaced)         0.000    30.761    zv_wdata[6]_i_1_n_0
                         FDRE                                         r  zv_wdata_reg[6]/D
  -------------------------------------------------------------------    -------------------

                         (clock clk rise edge)       10.000    10.000 r  <hidden>
                                                      0.000    10.000 r  clk
                         net (fo=43049, unset)        0.924    10.924    clk
                         FDRE                                         r  zv_wdata_reg[6]/C
                         clock pessimism              0.000    10.924    <hidden>
                         clock uncertainty           -0.035    10.889    <hidden>
                         FDRE (Setup_fdre_C_D)        0.044    10.933    zv_wdata_reg[6]
  -------------------------------------------------------------------
                         required time                         10.933    <hidden>
                         arrival time                         -30.761    <hidden>
  -------------------------------------------------------------------
                         slack                                -19.828    <hidden>

Slack (VIOLATED) :        -19.828ns  (required time - arrival time)
  Source:                 dj_reg[4]/C
                            (rising edge-triggered cell FDCE clocked by clk  {rise@0.000ns fall@5.000ns period=10.000ns})
  Destination:            zv_wdata_reg[8]/D
                            (rising edge-triggered cell FDRE clocked by clk  {rise@0.000ns fall@5.000ns period=10.000ns})
  Path Group:             clk
  Path Type:              Setup (Max at Slow Process Corner)
  Requirement:            10.000ns  (clk rise@10.000ns - clk rise@0.000ns)
  Data Path Delay:        29.788ns  (logic 21.881ns (73.455%)  route 7.907ns (26.545%))
  Logic Levels:           49  (CARRY4=35 DSP48E1=4 LUT1=1 LUT2=2 LUT3=2 LUT4=3 LUT6=2)
  Clock Path Skew:        -0.049ns (DCD - SCD + CPR)
    Destination Clock Delay (DCD):    0.924ns = ( 10.924 - 10.000 ) 
    Source Clock Delay      (SCD):    0.973ns
    Clock Pessimism Removal (CPR):    0.000ns
  Clock Uncertainty:      0.035ns  ((TSJ^2 + TIJ^2)^1/2 + DJ) / 2 + PE
    Total System Jitter     (TSJ):    0.071ns
    Total Input Jitter      (TIJ):    0.000ns
    Discrete Jitter          (DJ):    0.000ns
    Phase Error              (PE):    0.000ns

    Location             Delay type                Incr(ns)  Path(ns)    Netlist Resource(s)
  -------------------------------------------------------------------    -------------------
                         (clock clk rise edge)        0.000     0.000 r  <hidden>
                                                      0.000     0.000 r  clk
                         net (fo=43049, unset)        0.973     0.973    clk
                         FDCE                                         r  dj_reg[4]/C
  -------------------------------------------------------------------    -------------------
                         FDCE (Prop_fdce_C_Q)         0.478     1.451 r  dj_reg[4]/Q
                         net (fo=73, unplaced)        1.057     2.508    dj_reg_n_0_[4]
                         LUT6 (Prop_lut6_I0_O)        0.295     2.803 r  val0_i_3/O
                         net (fo=12, unplaced)        0.803     3.606    val0_i_3_n_0
                         DSP48E1 (Prop_dsp48e1_B[17]_P[1])
                                                      3.656     7.262 r  val0/P[1]
                         net (fo=1, unplaced)         0.803     8.065    val0_n_104
                         LUT2 (Prop_lut2_I1_O)        0.124     8.189 r  c4_rq5_return1__3_i_19/O
                         net (fo=1, unplaced)         0.000     8.189    c4_rq5_return1__3_i_19_n_0
                         CARRY4 (Prop_carry4_S[1]_CO[3])
                                                      0.533     8.722 r  c4_rq5_return1__3_i_4/CO[3]
                         net (fo=1, unplaced)         0.000     8.722    c4_rq5_return1__3_i_4_n_0
                         CARRY4 (Prop_carry4_CI_CO[3])
                                                      0.117     8.839 r  c4_rq5_return1__3_i_3/CO[3]
                         net (fo=1, unplaced)         0.000     8.839    c4_rq5_return1__3_i_3_n_0
                         CARRY4 (Prop_carry4_CI_CO[3])
                                                      0.117     8.956 r  c4_rq5_return1__3_i_2/CO[3]
                         net (fo=1, unplaced)         0.000     8.956    c4_rq5_return1__3_i_2_n_0
                         CARRY4 (Prop_carry4_CI_CO[3])
                                                      0.117     9.073 r  c4_rq5_return1__3_i_1/CO[3]
                         net (fo=1, unplaced)         0.000     9.073    c4_rq5_return1__3_i_1_n_0
                         CARRY4 (Prop_carry4_CI_CO[3])
                                                      0.117     9.190 r  c4_rq5_return1__0_i_5/CO[3]
                         net (fo=1, unplaced)         0.000     9.190    c4_rq5_return1__0_i_5_n_0
                         CARRY4 (Prop_carry4_CI_CO[3])
                                                      0.117     9.307 r  c4_rq5_return1__0_i_4/CO[3]
                         net (fo=1, unplaced)         0.000     9.307    c4_rq5_return1__0_i_4_n_0
                         CARRY4 (Prop_carry4_CI_CO[3])
                                                      0.117     9.424 r  c4_rq5_return1__0_i_3/CO[3]
                         net (fo=1, unplaced)         0.000     9.424    c4_rq5_return1__0_i_3_n_0
                         CARRY4 (Prop_carry4_CI_CO[3])
                                                      0.117     9.541 r  c4_rq5_return1__0_i_2/CO[3]
                         net (fo=1, unplaced)         0.000     9.541    c4_rq5_return1__0_i_2_n_0
                         CARRY4 (Prop_carry4_CI_O[1])
                                                      0.337     9.878 r  c4_rq5_return1__0_i_1/O[1]
                         net (fo=2, unplaced)         0.803    10.681    c4_rq5_return1__0_i_1_n_6
                         DSP48E1 (Prop_dsp48e1_A[16]_PCOUT[47])
                                                      4.215    14.896 r  c4_rq5_return1__0/PCOUT[47]
                         net (fo=1, unplaced)         0.000    14.896    c4_rq5_return1__0_n_106
                         DSP48E1 (Prop_dsp48e1_PCIN[47]_PCOUT[47])
                                                      1.713    16.609 r  c4_rq5_return1__1/PCOUT[47]
                         net (fo=1, unplaced)         0.000    16.609    c4_rq5_return1__1_n_106
                         DSP48E1 (Prop_dsp48e1_PCIN[47]_P[2])
                                                      1.518    18.127 r  c4_rq5_return1__2/P[2]
                         net (fo=2, unplaced)         0.803    18.929    c4_rq5_return1__2_n_103
                         LUT3 (Prop_lut3_I1_O)        0.124    19.053 r  zv_wdata[15]_i_238/O
                         net (fo=2, unplaced)         0.460    19.513    zv_wdata[15]_i_238_n_0
                         LUT4 (Prop_lut4_I3_O)        0.124    19.637 r  zv_wdata[15]_i_242/O
                         net (fo=1, unplaced)         0.000    19.637    zv_wdata[15]_i_242_n_0
                         CARRY4 (Prop_carry4_S[1]_CO[3])
                                                      0.533    20.170 r  zv_wdata_reg[15]_i_173/CO[3]
                         net (fo=1, unplaced)         0.000    20.170    zv_wdata_reg[15]_i_173_n_0
                         CARRY4 (Prop_carry4_CI_CO[3])
                                                      0.117    20.287 r  zv_wdata_reg[15]_i_114/CO[3]
                         net (fo=1, unplaced)         0.000    20.287    zv_wdata_reg[15]_i_114_n_0
                         CARRY4 (Prop_carry4_CI_O[2])
                                                      0.256    20.543 r  zv_wdata_reg[15]_i_62/O[2]
                         net (fo=128, unplaced)       0.558    21.101    c4_rq5_return1__6[63]
                         LUT4 (Prop_lut4_I2_O)        0.293    21.394 r  zv_wdata[3]_i_166/O
                         net (fo=1, unplaced)         0.000    21.394    zv_wdata[3]_i_166_n_0
                         CARRY4 (Prop_carry4_DI[0]_CO[3])
                                                      0.576    21.970 r  zv_wdata_reg[3]_i_135/CO[3]
                         net (fo=1, unplaced)         0.000    21.970    zv_wdata_reg[3]_i_135_n_0
                         CARRY4 (Prop_carry4_CI_CO[3])
                                                      0.117    22.087 r  zv_wdata_reg[3]_i_95/CO[3]
                         net (fo=1, unplaced)         0.000    22.087    zv_wdata_reg[3]_i_95_n_0
                         CARRY4 (Prop_carry4_CI_CO[3])
                                                      0.117    22.204 r  zv_wdata_reg[3]_i_56/CO[3]
                         net (fo=1, unplaced)         0.000    22.204    zv_wdata_reg[3]_i_56_n_0
                         CARRY4 (Prop_carry4_CI_CO[3])
                                                      0.117    22.321 r  zv_wdata_reg[3]_i_33/CO[3]
                         net (fo=1, unplaced)         0.000    22.321    zv_wdata_reg[3]_i_33_n_0
                         CARRY4 (Prop_carry4_CI_CO[2])
                                                      0.252    22.573 r  zv_wdata_reg[3]_i_18/CO[2]
                         net (fo=2, unplaced)         0.463    23.036    zv_wdata_reg[3]_i_18_n_1
                         LUT4 (Prop_lut4_I3_O)        0.310    23.346 r  zv_wdata[3]_i_22/O
                         net (fo=1, unplaced)         0.000    23.346    zv_wdata[3]_i_22_n_0
                         CARRY4 (Prop_carry4_S[0]_CO[3])
                                                      0.513    23.859 r  zv_wdata_reg[3]_i_12/CO[3]
                         net (fo=1, unplaced)         0.000    23.859    zv_wdata_reg[3]_i_12_n_0
                         CARRY4 (Prop_carry4_CI_CO[3])
                                                      0.117    23.976 r  zv_wdata_reg[7]_i_13/CO[3]
                         net (fo=1, unplaced)         0.000    23.976    zv_wdata_reg[7]_i_13_n_0
                         CARRY4 (Prop_carry4_CI_CO[3])
                                                      0.117    24.093 r  zv_wdata_reg[11]_i_13/CO[3]
                         net (fo=1, unplaced)         0.000    24.093    zv_wdata_reg[11]_i_13_n_0
                         CARRY4 (Prop_carry4_CI_CO[3])
                                                      0.117    24.210 r  zv_wdata_reg[15]_i_63/CO[3]
                         net (fo=1, unplaced)         0.000    24.210    zv_wdata_reg[15]_i_63_n_0
                         CARRY4 (Prop_carry4_CI_O[2])
                                                      0.256    24.466 f  zv_wdata_reg[15]_i_184/O[2]
                         net (fo=2, unplaced)         0.463    24.929    zv_wdata_reg[15]_i_184_n_5
                         LUT1 (Prop_lut1_I0_O)        0.301    25.230 r  zv_wdata[15]_i_339/O
                         net (fo=1, unplaced)         0.000    25.230    zv_wdata[15]_i_339_n_0
                         CARRY4 (Prop_carry4_S[1]_CO[3])
                                                      0.533    25.763 r  zv_wdata_reg[15]_i_289/CO[3]
                         net (fo=1, unplaced)         0.000    25.763    zv_wdata_reg[15]_i_289_n_0
                         CARRY4 (Prop_carry4_CI_O[3])
                                                      0.331    26.094 r  zv_wdata_reg[15]_i_213/O[3]
                         net (fo=1, unplaced)         0.448    26.542    c4_rq5_return0[24]
                         LUT6 (Prop_lut6_I5_O)        0.307    26.849 r  zv_wdata[15]_i_329/O
                         net (fo=1, unplaced)         0.000    26.849    zv_wdata[15]_i_329_n_0
                         CARRY4 (Prop_carry4_S[0]_CO[3])
                                                      0.513    27.362 r  zv_wdata_reg[15]_i_267/CO[3]
                         net (fo=1, unplaced)         0.000    27.362    zv_wdata_reg[15]_i_267_n_0
                         CARRY4 (Prop_carry4_CI_CO[3])
                                                      0.117    27.479 r  zv_wdata_reg[15]_i_266/CO[3]
                         net (fo=1, unplaced)         0.000    27.479    zv_wdata_reg[15]_i_266_n_0
                         CARRY4 (Prop_carry4_CI_CO[3])
                                                      0.117    27.596 r  zv_wdata_reg[15]_i_195/CO[3]
                         net (fo=1, unplaced)         0.000    27.596    zv_wdata_reg[15]_i_195_n_0
                         CARRY4 (Prop_carry4_CI_CO[3])
                                                      0.117    27.713 r  zv_wdata_reg[15]_i_194/CO[3]
                         net (fo=1, unplaced)         0.000    27.713    zv_wdata_reg[15]_i_194_n_0
                         CARRY4 (Prop_carry4_CI_CO[3])
                                                      0.117    27.830 r  zv_wdata_reg[15]_i_142/CO[3]
                         net (fo=1, unplaced)         0.000    27.830    zv_wdata_reg[15]_i_142_n_0
                         CARRY4 (Prop_carry4_CI_CO[3])
                                                      0.117    27.947 r  zv_wdata_reg[15]_i_141/CO[3]
                         net (fo=1, unplaced)         0.000    27.947    zv_wdata_reg[15]_i_141_n_0
                         CARRY4 (Prop_carry4_CI_CO[3])
                                                      0.117    28.064 r  zv_wdata_reg[15]_i_77/CO[3]
                         net (fo=1, unplaced)         0.000    28.064    zv_wdata_reg[15]_i_77_n_0
                         CARRY4 (Prop_carry4_CI_CO[3])
                                                      0.117    28.181 r  zv_wdata_reg[15]_i_76/CO[3]
                         net (fo=1, unplaced)         0.000    28.181    zv_wdata_reg[15]_i_76_n_0
                         CARRY4 (Prop_carry4_CI_CO[3])
                                                      0.117    28.298 r  zv_wdata_reg[15]_i_49/CO[3]
                         net (fo=1, unplaced)         0.000    28.298    zv_wdata_reg[15]_i_49_n_0
                         CARRY4 (Prop_carry4_CI_O[3])
                                                      0.331    28.629 r  zv_wdata_reg[15]_i_48/O[3]
                         net (fo=4, unplaced)         0.445    29.074    zv_wdata_reg[15]_i_48_n_4
                         LUT2 (Prop_lut2_I0_O)        0.332    29.406 r  zv_wdata[15]_i_20/O
                         net (fo=1, unplaced)         0.000    29.406    zv_wdata[15]_i_20_n_0
                         CARRY4 (Prop_carry4_DI[3]_CO[3])
                                                      0.429    29.835 f  zv_wdata_reg[15]_i_6/CO[3]
                         net (fo=16, unplaced)        0.802    30.637    zv_wdata_reg[15]_i_6_n_0
                         LUT3 (Prop_lut3_I2_O)        0.124    30.761 r  zv_wdata[8]_i_1/O
                         net (fo=1, unplaced)         0.000    30.761    zv_wdata[8]_i_1_n_0
                         FDRE                                         r  zv_wdata_reg[8]/D
  -------------------------------------------------------------------    -------------------

                         (clock clk rise edge)       10.000    10.000 r  <hidden>
                                                      0.000    10.000 r  clk
                         net (fo=43049, unset)        0.924    10.924    clk
                         FDRE                                         r  zv_wdata_reg[8]/C
                         clock pessimism              0.000    10.924    <hidden>
                         clock uncertainty           -0.035    10.889    <hidden>
                         FDRE (Setup_fdre_C_D)        0.044    10.933    zv_wdata_reg[8]
  -------------------------------------------------------------------
                         required time                         10.933    <hidden>
                         arrival time                         -30.761    <hidden>
  -------------------------------------------------------------------
                         slack                                -19.828    <hidden>

Slack (VIOLATED) :        -19.820ns  (required time - arrival time)
  Source:                 dj_reg[4]/C
                            (rising edge-triggered cell FDCE clocked by clk  {rise@0.000ns fall@5.000ns period=10.000ns})
  Destination:            zv_wdata_reg[11]/D
                            (rising edge-triggered cell FDRE clocked by clk  {rise@0.000ns fall@5.000ns period=10.000ns})
  Path Group:             clk
  Path Type:              Setup (Max at Slow Process Corner)
  Requirement:            10.000ns  (clk rise@10.000ns - clk rise@0.000ns)
  Data Path Delay:        29.780ns  (logic 21.873ns (73.448%)  route 7.907ns (26.552%))
  Logic Levels:           49  (CARRY4=35 DSP48E1=4 LUT1=1 LUT2=2 LUT3=2 LUT4=3 LUT6=2)
  Clock Path Skew:        -0.049ns (DCD - SCD + CPR)
    Destination Clock Delay (DCD):    0.924ns = ( 10.924 - 10.000 ) 
    Source Clock Delay      (SCD):    0.973ns
    Clock Pessimism Removal (CPR):    0.000ns
  Clock Uncertainty:      0.035ns  ((TSJ^2 + TIJ^2)^1/2 + DJ) / 2 + PE
    Total System Jitter     (TSJ):    0.071ns
    Total Input Jitter      (TIJ):    0.000ns
    Discrete Jitter          (DJ):    0.000ns
    Phase Error              (PE):    0.000ns

    Location             Delay type                Incr(ns)  Path(ns)    Netlist Resource(s)
  -------------------------------------------------------------------    -------------------
                         (clock clk rise edge)        0.000     0.000 r  <hidden>
                                                      0.000     0.000 r  clk
                         net (fo=43049, unset)        0.973     0.973    clk
                         FDCE                                         r  dj_reg[4]/C
  -------------------------------------------------------------------    -------------------
                         FDCE (Prop_fdce_C_Q)         0.478     1.451 r  dj_reg[4]/Q
                         net (fo=73, unplaced)        1.057     2.508    dj_reg_n_0_[4]
                         LUT6 (Prop_lut6_I0_O)        0.295     2.803 r  val0_i_3/O
                         net (fo=12, unplaced)        0.803     3.606    val0_i_3_n_0
                         DSP48E1 (Prop_dsp48e1_B[17]_P[1])
                                                      3.656     7.262 r  val0/P[1]
                         net (fo=1, unplaced)         0.803     8.065    val0_n_104
                         LUT2 (Prop_lut2_I1_O)        0.124     8.189 r  c4_rq5_return1__3_i_19/O
                         net (fo=1, unplaced)         0.000     8.189    c4_rq5_return1__3_i_19_n_0
                         CARRY4 (Prop_carry4_S[1]_CO[3])
                                                      0.533     8.722 r  c4_rq5_return1__3_i_4/CO[3]
                         net (fo=1, unplaced)         0.000     8.722    c4_rq5_return1__3_i_4_n_0
                         CARRY4 (Prop_carry4_CI_CO[3])
                                                      0.117     8.839 r  c4_rq5_return1__3_i_3/CO[3]
                         net (fo=1, unplaced)         0.000     8.839    c4_rq5_return1__3_i_3_n_0
                         CARRY4 (Prop_carry4_CI_CO[3])
                                                      0.117     8.956 r  c4_rq5_return1__3_i_2/CO[3]
                         net (fo=1, unplaced)         0.000     8.956    c4_rq5_return1__3_i_2_n_0
                         CARRY4 (Prop_carry4_CI_CO[3])
                                                      0.117     9.073 r  c4_rq5_return1__3_i_1/CO[3]
                         net (fo=1, unplaced)         0.000     9.073    c4_rq5_return1__3_i_1_n_0
                         CARRY4 (Prop_carry4_CI_CO[3])
                                                      0.117     9.190 r  c4_rq5_return1__0_i_5/CO[3]
                         net (fo=1, unplaced)         0.000     9.190    c4_rq5_return1__0_i_5_n_0
                         CARRY4 (Prop_carry4_CI_CO[3])
                                                      0.117     9.307 r  c4_rq5_return1__0_i_4/CO[3]
                         net (fo=1, unplaced)         0.000     9.307    c4_rq5_return1__0_i_4_n_0
                         CARRY4 (Prop_carry4_CI_CO[3])
                                                      0.117     9.424 r  c4_rq5_return1__0_i_3/CO[3]
                         net (fo=1, unplaced)         0.000     9.424    c4_rq5_return1__0_i_3_n_0
                         CARRY4 (Prop_carry4_CI_CO[3])
                                                      0.117     9.541 r  c4_rq5_return1__0_i_2/CO[3]
                         net (fo=1, unplaced)         0.000     9.541    c4_rq5_return1__0_i_2_n_0
                         CARRY4 (Prop_carry4_CI_O[1])
                                                      0.337     9.878 r  c4_rq5_return1__0_i_1/O[1]
                         net (fo=2, unplaced)         0.803    10.681    c4_rq5_return1__0_i_1_n_6
                         DSP48E1 (Prop_dsp48e1_A[16]_PCOUT[47])
                                                      4.215    14.896 r  c4_rq5_return1__0/PCOUT[47]
                         net (fo=1, unplaced)         0.000    14.896    c4_rq5_return1__0_n_106
                         DSP48E1 (Prop_dsp48e1_PCIN[47]_PCOUT[47])
                                                      1.713    16.609 r  c4_rq5_return1__1/PCOUT[47]
                         net (fo=1, unplaced)         0.000    16.609    c4_rq5_return1__1_n_106
                         DSP48E1 (Prop_dsp48e1_PCIN[47]_P[2])
                                                      1.518    18.127 r  c4_rq5_return1__2/P[2]
                         net (fo=2, unplaced)         0.803    18.929    c4_rq5_return1__2_n_103
                         LUT3 (Prop_lut3_I1_O)        0.124    19.053 r  zv_wdata[15]_i_238/O
                         net (fo=2, unplaced)         0.460    19.513    zv_wdata[15]_i_238_n_0
                         LUT4 (Prop_lut4_I3_O)        0.124    19.637 r  zv_wdata[15]_i_242/O
                         net (fo=1, unplaced)         0.000    19.637    zv_wdata[15]_i_242_n_0
                         CARRY4 (Prop_carry4_S[1]_CO[3])
                                                      0.533    20.170 r  zv_wdata_reg[15]_i_173/CO[3]
                         net (fo=1, unplaced)         0.000    20.170    zv_wdata_reg[15]_i_173_n_0
                         CARRY4 (Prop_carry4_CI_CO[3])
                                                      0.117    20.287 r  zv_wdata_reg[15]_i_114/CO[3]
                         net (fo=1, unplaced)         0.000    20.287    zv_wdata_reg[15]_i_114_n_0
                         CARRY4 (Prop_carry4_CI_O[2])
                                                      0.256    20.543 r  zv_wdata_reg[15]_i_62/O[2]
                         net (fo=128, unplaced)       0.558    21.101    c4_rq5_return1__6[63]
                         LUT4 (Prop_lut4_I2_O)        0.293    21.394 r  zv_wdata[3]_i_166/O
                         net (fo=1, unplaced)         0.000    21.394    zv_wdata[3]_i_166_n_0
                         CARRY4 (Prop_carry4_DI[0]_CO[3])
                                                      0.576    21.970 r  zv_wdata_reg[3]_i_135/CO[3]
                         net (fo=1, unplaced)         0.000    21.970    zv_wdata_reg[3]_i_135_n_0
                         CARRY4 (Prop_carry4_CI_CO[3])
                                                      0.117    22.087 r  zv_wdata_reg[3]_i_95/CO[3]
                         net (fo=1, unplaced)         0.000    22.087    zv_wdata_reg[3]_i_95_n_0
                         CARRY4 (Prop_carry4_CI_CO[3])
                                                      0.117    22.204 r  zv_wdata_reg[3]_i_56/CO[3]
                         net (fo=1, unplaced)         0.000    22.204    zv_wdata_reg[3]_i_56_n_0
                         CARRY4 (Prop_carry4_CI_CO[3])
                                                      0.117    22.321 r  zv_wdata_reg[3]_i_33/CO[3]
                         net (fo=1, unplaced)         0.000    22.321    zv_wdata_reg[3]_i_33_n_0
                         CARRY4 (Prop_carry4_CI_CO[2])
                                                      0.252    22.573 r  zv_wdata_reg[3]_i_18/CO[2]
                         net (fo=2, unplaced)         0.463    23.036    zv_wdata_reg[3]_i_18_n_1
                         LUT4 (Prop_lut4_I3_O)        0.310    23.346 r  zv_wdata[3]_i_22/O
                         net (fo=1, unplaced)         0.000    23.346    zv_wdata[3]_i_22_n_0
                         CARRY4 (Prop_carry4_S[0]_CO[3])
                                                      0.513    23.859 r  zv_wdata_reg[3]_i_12/CO[3]
                         net (fo=1, unplaced)         0.000    23.859    zv_wdata_reg[3]_i_12_n_0
                         CARRY4 (Prop_carry4_CI_CO[3])
                                                      0.117    23.976 r  zv_wdata_reg[7]_i_13/CO[3]
                         net (fo=1, unplaced)         0.000    23.976    zv_wdata_reg[7]_i_13_n_0
                         CARRY4 (Prop_carry4_CI_CO[3])
                                                      0.117    24.093 r  zv_wdata_reg[11]_i_13/CO[3]
                         net (fo=1, unplaced)         0.000    24.093    zv_wdata_reg[11]_i_13_n_0
                         CARRY4 (Prop_carry4_CI_CO[3])
                                                      0.117    24.210 r  zv_wdata_reg[15]_i_63/CO[3]
                         net (fo=1, unplaced)         0.000    24.210    zv_wdata_reg[15]_i_63_n_0
                         CARRY4 (Prop_carry4_CI_O[2])
                                                      0.256    24.466 f  zv_wdata_reg[15]_i_184/O[2]
                         net (fo=2, unplaced)         0.463    24.929    zv_wdata_reg[15]_i_184_n_5
                         LUT1 (Prop_lut1_I0_O)        0.301    25.230 r  zv_wdata[15]_i_339/O
                         net (fo=1, unplaced)         0.000    25.230    zv_wdata[15]_i_339_n_0
                         CARRY4 (Prop_carry4_S[1]_CO[3])
                                                      0.533    25.763 r  zv_wdata_reg[15]_i_289/CO[3]
                         net (fo=1, unplaced)         0.000    25.763    zv_wdata_reg[15]_i_289_n_0
                         CARRY4 (Prop_carry4_CI_O[3])
                                                      0.331    26.094 r  zv_wdata_reg[15]_i_213/O[3]
                         net (fo=1, unplaced)         0.448    26.542    c4_rq5_return0[24]
                         LUT6 (Prop_lut6_I5_O)        0.307    26.849 r  zv_wdata[15]_i_329/O
                         net (fo=1, unplaced)         0.000    26.849    zv_wdata[15]_i_329_n_0
                         CARRY4 (Prop_carry4_S[0]_CO[3])
                                                      0.513    27.362 r  zv_wdata_reg[15]_i_267/CO[3]
                         net (fo=1, unplaced)         0.000    27.362    zv_wdata_reg[15]_i_267_n_0
                         CARRY4 (Prop_carry4_CI_CO[3])
                                                      0.117    27.479 r  zv_wdata_reg[15]_i_266/CO[3]
                         net (fo=1, unplaced)         0.000    27.479    zv_wdata_reg[15]_i_266_n_0
                         CARRY4 (Prop_carry4_CI_CO[3])
                                                      0.117    27.596 r  zv_wdata_reg[15]_i_195/CO[3]
                         net (fo=1, unplaced)         0.000    27.596    zv_wdata_reg[15]_i_195_n_0
                         CARRY4 (Prop_carry4_CI_CO[3])
                                                      0.117    27.713 r  zv_wdata_reg[15]_i_194/CO[3]
                         net (fo=1, unplaced)         0.000    27.713    zv_wdata_reg[15]_i_194_n_0
                         CARRY4 (Prop_carry4_CI_CO[3])
                                                      0.117    27.830 r  zv_wdata_reg[15]_i_142/CO[3]
                         net (fo=1, unplaced)         0.000    27.830    zv_wdata_reg[15]_i_142_n_0
                         CARRY4 (Prop_carry4_CI_CO[3])
                                                      0.117    27.947 r  zv_wdata_reg[15]_i_141/CO[3]
                         net (fo=1, unplaced)         0.000    27.947    zv_wdata_reg[15]_i_141_n_0
                         CARRY4 (Prop_carry4_CI_CO[3])
                                                      0.117    28.064 r  zv_wdata_reg[15]_i_77/CO[3]
                         net (fo=1, unplaced)         0.000    28.064    zv_wdata_reg[15]_i_77_n_0
                         CARRY4 (Prop_carry4_CI_CO[3])
                                                      0.117    28.181 r  zv_wdata_reg[15]_i_76/CO[3]
                         net (fo=1, unplaced)         0.000    28.181    zv_wdata_reg[15]_i_76_n_0
                         CARRY4 (Prop_carry4_CI_CO[3])
                                                      0.117    28.298 r  zv_wdata_reg[15]_i_49/CO[3]
                         net (fo=1, unplaced)         0.000    28.298    zv_wdata_reg[15]_i_49_n_0
                         CARRY4 (Prop_carry4_CI_O[3])
                                                      0.331    28.629 r  zv_wdata_reg[15]_i_48/O[3]
                         net (fo=4, unplaced)         0.445    29.074    zv_wdata_reg[15]_i_48_n_4
                         LUT2 (Prop_lut2_I0_O)        0.332    29.406 r  zv_wdata[15]_i_20/O
                         net (fo=1, unplaced)         0.000    29.406    zv_wdata[15]_i_20_n_0
                         CARRY4 (Prop_carry4_DI[3]_CO[3])
                                                      0.429    29.835 r  zv_wdata_reg[15]_i_6/CO[3]
                         net (fo=16, unplaced)        0.802    30.637    zv_wdata_reg[15]_i_6_n_0
                         LUT3 (Prop_lut3_I1_O)        0.116    30.753 r  zv_wdata[11]_i_1/O
                         net (fo=1, unplaced)         0.000    30.753    zv_wdata[11]_i_1_n_0
                         FDRE                                         r  zv_wdata_reg[11]/D
  -------------------------------------------------------------------    -------------------

                         (clock clk rise edge)       10.000    10.000 r  <hidden>
                                                      0.000    10.000 r  clk
                         net (fo=43049, unset)        0.924    10.924    clk
                         FDRE                                         r  zv_wdata_reg[11]/C
                         clock pessimism              0.000    10.924    <hidden>
                         clock uncertainty           -0.035    10.889    <hidden>
                         FDRE (Setup_fdre_C_D)        0.044    10.933    zv_wdata_reg[11]
  -------------------------------------------------------------------
                         required time                         10.933    <hidden>
                         arrival time                         -30.753    <hidden>
  -------------------------------------------------------------------
                         slack                                -19.820    <hidden>

Slack (VIOLATED) :        -19.820ns  (required time - arrival time)
  Source:                 dj_reg[4]/C
                            (rising edge-triggered cell FDCE clocked by clk  {rise@0.000ns fall@5.000ns period=10.000ns})
  Destination:            zv_wdata_reg[13]/D
                            (rising edge-triggered cell FDRE clocked by clk  {rise@0.000ns fall@5.000ns period=10.000ns})
  Path Group:             clk
  Path Type:              Setup (Max at Slow Process Corner)
  Requirement:            10.000ns  (clk rise@10.000ns - clk rise@0.000ns)
  Data Path Delay:        29.780ns  (logic 21.873ns (73.448%)  route 7.907ns (26.552%))
  Logic Levels:           49  (CARRY4=35 DSP48E1=4 LUT1=1 LUT2=2 LUT3=2 LUT4=3 LUT6=2)
  Clock Path Skew:        -0.049ns (DCD - SCD + CPR)
    Destination Clock Delay (DCD):    0.924ns = ( 10.924 - 10.000 ) 
    Source Clock Delay      (SCD):    0.973ns
    Clock Pessimism Removal (CPR):    0.000ns
  Clock Uncertainty:      0.035ns  ((TSJ^2 + TIJ^2)^1/2 + DJ) / 2 + PE
    Total System Jitter     (TSJ):    0.071ns
    Total Input Jitter      (TIJ):    0.000ns
    Discrete Jitter          (DJ):    0.000ns
    Phase Error              (PE):    0.000ns

    Location             Delay type                Incr(ns)  Path(ns)    Netlist Resource(s)
  -------------------------------------------------------------------    -------------------
                         (clock clk rise edge)        0.000     0.000 r  <hidden>
                                                      0.000     0.000 r  clk
                         net (fo=43049, unset)        0.973     0.973    clk
                         FDCE                                         r  dj_reg[4]/C
  -------------------------------------------------------------------    -------------------
                         FDCE (Prop_fdce_C_Q)         0.478     1.451 r  dj_reg[4]/Q
                         net (fo=73, unplaced)        1.057     2.508    dj_reg_n_0_[4]
                         LUT6 (Prop_lut6_I0_O)        0.295     2.803 r  val0_i_3/O
                         net (fo=12, unplaced)        0.803     3.606    val0_i_3_n_0
                         DSP48E1 (Prop_dsp48e1_B[17]_P[1])
                                                      3.656     7.262 r  val0/P[1]
                         net (fo=1, unplaced)         0.803     8.065    val0_n_104
                         LUT2 (Prop_lut2_I1_O)        0.124     8.189 r  c4_rq5_return1__3_i_19/O
                         net (fo=1, unplaced)         0.000     8.189    c4_rq5_return1__3_i_19_n_0
                         CARRY4 (Prop_carry4_S[1]_CO[3])
                                                      0.533     8.722 r  c4_rq5_return1__3_i_4/CO[3]
                         net (fo=1, unplaced)         0.000     8.722    c4_rq5_return1__3_i_4_n_0
                         CARRY4 (Prop_carry4_CI_CO[3])
                                                      0.117     8.839 r  c4_rq5_return1__3_i_3/CO[3]
                         net (fo=1, unplaced)         0.000     8.839    c4_rq5_return1__3_i_3_n_0
                         CARRY4 (Prop_carry4_CI_CO[3])
                                                      0.117     8.956 r  c4_rq5_return1__3_i_2/CO[3]
                         net (fo=1, unplaced)         0.000     8.956    c4_rq5_return1__3_i_2_n_0
                         CARRY4 (Prop_carry4_CI_CO[3])
                                                      0.117     9.073 r  c4_rq5_return1__3_i_1/CO[3]
                         net (fo=1, unplaced)         0.000     9.073    c4_rq5_return1__3_i_1_n_0
                         CARRY4 (Prop_carry4_CI_CO[3])
                                                      0.117     9.190 r  c4_rq5_return1__0_i_5/CO[3]
                         net (fo=1, unplaced)         0.000     9.190    c4_rq5_return1__0_i_5_n_0
                         CARRY4 (Prop_carry4_CI_CO[3])
                                                      0.117     9.307 r  c4_rq5_return1__0_i_4/CO[3]
                         net (fo=1, unplaced)         0.000     9.307    c4_rq5_return1__0_i_4_n_0
                         CARRY4 (Prop_carry4_CI_CO[3])
                                                      0.117     9.424 r  c4_rq5_return1__0_i_3/CO[3]
                         net (fo=1, unplaced)         0.000     9.424    c4_rq5_return1__0_i_3_n_0
                         CARRY4 (Prop_carry4_CI_CO[3])
                                                      0.117     9.541 r  c4_rq5_return1__0_i_2/CO[3]
                         net (fo=1, unplaced)         0.000     9.541    c4_rq5_return1__0_i_2_n_0
                         CARRY4 (Prop_carry4_CI_O[1])
                                                      0.337     9.878 r  c4_rq5_return1__0_i_1/O[1]
                         net (fo=2, unplaced)         0.803    10.681    c4_rq5_return1__0_i_1_n_6
                         DSP48E1 (Prop_dsp48e1_A[16]_PCOUT[47])
                                                      4.215    14.896 r  c4_rq5_return1__0/PCOUT[47]
                         net (fo=1, unplaced)         0.000    14.896    c4_rq5_return1__0_n_106
                         DSP48E1 (Prop_dsp48e1_PCIN[47]_PCOUT[47])
                                                      1.713    16.609 r  c4_rq5_return1__1/PCOUT[47]
                         net (fo=1, unplaced)         0.000    16.609    c4_rq5_return1__1_n_106
                         DSP48E1 (Prop_dsp48e1_PCIN[47]_P[2])
                                                      1.518    18.127 r  c4_rq5_return1__2/P[2]
                         net (fo=2, unplaced)         0.803    18.929    c4_rq5_return1__2_n_103
                         LUT3 (Prop_lut3_I1_O)        0.124    19.053 r  zv_wdata[15]_i_238/O
                         net (fo=2, unplaced)         0.460    19.513    zv_wdata[15]_i_238_n_0
                         LUT4 (Prop_lut4_I3_O)        0.124    19.637 r  zv_wdata[15]_i_242/O
                         net (fo=1, unplaced)         0.000    19.637    zv_wdata[15]_i_242_n_0
                         CARRY4 (Prop_carry4_S[1]_CO[3])
                                                      0.533    20.170 r  zv_wdata_reg[15]_i_173/CO[3]
                         net (fo=1, unplaced)         0.000    20.170    zv_wdata_reg[15]_i_173_n_0
                         CARRY4 (Prop_carry4_CI_CO[3])
                                                      0.117    20.287 r  zv_wdata_reg[15]_i_114/CO[3]
                         net (fo=1, unplaced)         0.000    20.287    zv_wdata_reg[15]_i_114_n_0
                         CARRY4 (Prop_carry4_CI_O[2])
                                                      0.256    20.543 r  zv_wdata_reg[15]_i_62/O[2]
                         net (fo=128, unplaced)       0.558    21.101    c4_rq5_return1__6[63]
                         LUT4 (Prop_lut4_I2_O)        0.293    21.394 r  zv_wdata[3]_i_166/O
                         net (fo=1, unplaced)         0.000    21.394    zv_wdata[3]_i_166_n_0
                         CARRY4 (Prop_carry4_DI[0]_CO[3])
                                                      0.576    21.970 r  zv_wdata_reg[3]_i_135/CO[3]
                         net (fo=1, unplaced)         0.000    21.970    zv_wdata_reg[3]_i_135_n_0
                         CARRY4 (Prop_carry4_CI_CO[3])
                                                      0.117    22.087 r  zv_wdata_reg[3]_i_95/CO[3]
                         net (fo=1, unplaced)         0.000    22.087    zv_wdata_reg[3]_i_95_n_0
                         CARRY4 (Prop_carry4_CI_CO[3])
                                                      0.117    22.204 r  zv_wdata_reg[3]_i_56/CO[3]
                         net (fo=1, unplaced)         0.000    22.204    zv_wdata_reg[3]_i_56_n_0
                         CARRY4 (Prop_carry4_CI_CO[3])
                                                      0.117    22.321 r  zv_wdata_reg[3]_i_33/CO[3]
                         net (fo=1, unplaced)         0.000    22.321    zv_wdata_reg[3]_i_33_n_0
                         CARRY4 (Prop_carry4_CI_CO[2])
                                                      0.252    22.573 r  zv_wdata_reg[3]_i_18/CO[2]
                         net (fo=2, unplaced)         0.463    23.036    zv_wdata_reg[3]_i_18_n_1
                         LUT4 (Prop_lut4_I3_O)        0.310    23.346 r  zv_wdata[3]_i_22/O
                         net (fo=1, unplaced)         0.000    23.346    zv_wdata[3]_i_22_n_0
                         CARRY4 (Prop_carry4_S[0]_CO[3])
                                                      0.513    23.859 r  zv_wdata_reg[3]_i_12/CO[3]
                         net (fo=1, unplaced)         0.000    23.859    zv_wdata_reg[3]_i_12_n_0
                         CARRY4 (Prop_carry4_CI_CO[3])
                                                      0.117    23.976 r  zv_wdata_reg[7]_i_13/CO[3]
                         net (fo=1, unplaced)         0.000    23.976    zv_wdata_reg[7]_i_13_n_0
                         CARRY4 (Prop_carry4_CI_CO[3])
                                                      0.117    24.093 r  zv_wdata_reg[11]_i_13/CO[3]
                         net (fo=1, unplaced)         0.000    24.093    zv_wdata_reg[11]_i_13_n_0
                         CARRY4 (Prop_carry4_CI_CO[3])
                                                      0.117    24.210 r  zv_wdata_reg[15]_i_63/CO[3]
                         net (fo=1, unplaced)         0.000    24.210    zv_wdata_reg[15]_i_63_n_0
                         CARRY4 (Prop_carry4_CI_O[2])
                                                      0.256    24.466 f  zv_wdata_reg[15]_i_184/O[2]
                         net (fo=2, unplaced)         0.463    24.929    zv_wdata_reg[15]_i_184_n_5
                         LUT1 (Prop_lut1_I0_O)        0.301    25.230 r  zv_wdata[15]_i_339/O
                         net (fo=1, unplaced)         0.000    25.230    zv_wdata[15]_i_339_n_0
                         CARRY4 (Prop_carry4_S[1]_CO[3])
                                                      0.533    25.763 r  zv_wdata_reg[15]_i_289/CO[3]
                         net (fo=1, unplaced)         0.000    25.763    zv_wdata_reg[15]_i_289_n_0
                         CARRY4 (Prop_carry4_CI_O[3])
                                                      0.331    26.094 r  zv_wdata_reg[15]_i_213/O[3]
                         net (fo=1, unplaced)         0.448    26.542    c4_rq5_return0[24]
                         LUT6 (Prop_lut6_I5_O)        0.307    26.849 r  zv_wdata[15]_i_329/O
                         net (fo=1, unplaced)         0.000    26.849    zv_wdata[15]_i_329_n_0
                         CARRY4 (Prop_carry4_S[0]_CO[3])
                                                      0.513    27.362 r  zv_wdata_reg[15]_i_267/CO[3]
                         net (fo=1, unplaced)         0.000    27.362    zv_wdata_reg[15]_i_267_n_0
                         CARRY4 (Prop_carry4_CI_CO[3])
                                                      0.117    27.479 r  zv_wdata_reg[15]_i_266/CO[3]
                         net (fo=1, unplaced)         0.000    27.479    zv_wdata_reg[15]_i_266_n_0
                         CARRY4 (Prop_carry4_CI_CO[3])
                                                      0.117    27.596 r  zv_wdata_reg[15]_i_195/CO[3]
                         net (fo=1, unplaced)         0.000    27.596    zv_wdata_reg[15]_i_195_n_0
                         CARRY4 (Prop_carry4_CI_CO[3])
                                                      0.117    27.713 r  zv_wdata_reg[15]_i_194/CO[3]
                         net (fo=1, unplaced)         0.000    27.713    zv_wdata_reg[15]_i_194_n_0
                         CARRY4 (Prop_carry4_CI_CO[3])
                                                      0.117    27.830 r  zv_wdata_reg[15]_i_142/CO[3]
                         net (fo=1, unplaced)         0.000    27.830    zv_wdata_reg[15]_i_142_n_0
                         CARRY4 (Prop_carry4_CI_CO[3])
                                                      0.117    27.947 r  zv_wdata_reg[15]_i_141/CO[3]
                         net (fo=1, unplaced)         0.000    27.947    zv_wdata_reg[15]_i_141_n_0
                         CARRY4 (Prop_carry4_CI_CO[3])
                                                      0.117    28.064 r  zv_wdata_reg[15]_i_77/CO[3]
                         net (fo=1, unplaced)         0.000    28.064    zv_wdata_reg[15]_i_77_n_0
                         CARRY4 (Prop_carry4_CI_CO[3])
                                                      0.117    28.181 r  zv_wdata_reg[15]_i_76/CO[3]
                         net (fo=1, unplaced)         0.000    28.181    zv_wdata_reg[15]_i_76_n_0
                         CARRY4 (Prop_carry4_CI_CO[3])
                                                      0.117    28.298 r  zv_wdata_reg[15]_i_49/CO[3]
                         net (fo=1, unplaced)         0.000    28.298    zv_wdata_reg[15]_i_49_n_0
                         CARRY4 (Prop_carry4_CI_O[3])
                                                      0.331    28.629 r  zv_wdata_reg[15]_i_48/O[3]
                         net (fo=4, unplaced)         0.445    29.074    zv_wdata_reg[15]_i_48_n_4
                         LUT2 (Prop_lut2_I0_O)        0.332    29.406 r  zv_wdata[15]_i_20/O
                         net (fo=1, unplaced)         0.000    29.406    zv_wdata[15]_i_20_n_0
                         CARRY4 (Prop_carry4_DI[3]_CO[3])
                                                      0.429    29.835 r  zv_wdata_reg[15]_i_6/CO[3]
                         net (fo=16, unplaced)        0.802    30.637    zv_wdata_reg[15]_i_6_n_0
                         LUT3 (Prop_lut3_I1_O)        0.116    30.753 r  zv_wdata[13]_i_1/O
                         net (fo=1, unplaced)         0.000    30.753    zv_wdata[13]_i_1_n_0
                         FDRE                                         r  zv_wdata_reg[13]/D
  -------------------------------------------------------------------    -------------------

                         (clock clk rise edge)       10.000    10.000 r  <hidden>
                                                      0.000    10.000 r  clk
                         net (fo=43049, unset)        0.924    10.924    clk
                         FDRE                                         r  zv_wdata_reg[13]/C
                         clock pessimism              0.000    10.924    <hidden>
                         clock uncertainty           -0.035    10.889    <hidden>
                         FDRE (Setup_fdre_C_D)        0.044    10.933    zv_wdata_reg[13]
  -------------------------------------------------------------------
                         required time                         10.933    <hidden>
                         arrival time                         -30.753    <hidden>
  -------------------------------------------------------------------
                         slack                                -19.820    <hidden>

Slack (VIOLATED) :        -19.820ns  (required time - arrival time)
  Source:                 dj_reg[4]/C
                            (rising edge-triggered cell FDCE clocked by clk  {rise@0.000ns fall@5.000ns period=10.000ns})
  Destination:            zv_wdata_reg[15]/D
                            (rising edge-triggered cell FDRE clocked by clk  {rise@0.000ns fall@5.000ns period=10.000ns})
  Path Group:             clk
  Path Type:              Setup (Max at Slow Process Corner)
  Requirement:            10.000ns  (clk rise@10.000ns - clk rise@0.000ns)
  Data Path Delay:        29.780ns  (logic 21.873ns (73.448%)  route 7.907ns (26.552%))
  Logic Levels:           49  (CARRY4=35 DSP48E1=4 LUT1=1 LUT2=2 LUT3=2 LUT4=3 LUT6=2)
  Clock Path Skew:        -0.049ns (DCD - SCD + CPR)
    Destination Clock Delay (DCD):    0.924ns = ( 10.924 - 10.000 ) 
    Source Clock Delay      (SCD):    0.973ns
    Clock Pessimism Removal (CPR):    0.000ns
  Clock Uncertainty:      0.035ns  ((TSJ^2 + TIJ^2)^1/2 + DJ) / 2 + PE
    Total System Jitter     (TSJ):    0.071ns
    Total Input Jitter      (TIJ):    0.000ns
    Discrete Jitter          (DJ):    0.000ns
    Phase Error              (PE):    0.000ns

    Location             Delay type                Incr(ns)  Path(ns)    Netlist Resource(s)
  -------------------------------------------------------------------    -------------------
                         (clock clk rise edge)        0.000     0.000 r  <hidden>
                                                      0.000     0.000 r  clk
                         net (fo=43049, unset)        0.973     0.973    clk
                         FDCE                                         r  dj_reg[4]/C
  -------------------------------------------------------------------    -------------------
                         FDCE (Prop_fdce_C_Q)         0.478     1.451 r  dj_reg[4]/Q
                         net (fo=73, unplaced)        1.057     2.508    dj_reg_n_0_[4]
                         LUT6 (Prop_lut6_I0_O)        0.295     2.803 r  val0_i_3/O
                         net (fo=12, unplaced)        0.803     3.606    val0_i_3_n_0
                         DSP48E1 (Prop_dsp48e1_B[17]_P[1])
                                                      3.656     7.262 r  val0/P[1]
                         net (fo=1, unplaced)         0.803     8.065    val0_n_104
                         LUT2 (Prop_lut2_I1_O)        0.124     8.189 r  c4_rq5_return1__3_i_19/O
                         net (fo=1, unplaced)         0.000     8.189    c4_rq5_return1__3_i_19_n_0
                         CARRY4 (Prop_carry4_S[1]_CO[3])
                                                      0.533     8.722 r  c4_rq5_return1__3_i_4/CO[3]
                         net (fo=1, unplaced)         0.000     8.722    c4_rq5_return1__3_i_4_n_0
                         CARRY4 (Prop_carry4_CI_CO[3])
                                                      0.117     8.839 r  c4_rq5_return1__3_i_3/CO[3]
                         net (fo=1, unplaced)         0.000     8.839    c4_rq5_return1__3_i_3_n_0
                         CARRY4 (Prop_carry4_CI_CO[3])
                                                      0.117     8.956 r  c4_rq5_return1__3_i_2/CO[3]
                         net (fo=1, unplaced)         0.000     8.956    c4_rq5_return1__3_i_2_n_0
                         CARRY4 (Prop_carry4_CI_CO[3])
                                                      0.117     9.073 r  c4_rq5_return1__3_i_1/CO[3]
                         net (fo=1, unplaced)         0.000     9.073    c4_rq5_return1__3_i_1_n_0
                         CARRY4 (Prop_carry4_CI_CO[3])
                                                      0.117     9.190 r  c4_rq5_return1__0_i_5/CO[3]
                         net (fo=1, unplaced)         0.000     9.190    c4_rq5_return1__0_i_5_n_0
                         CARRY4 (Prop_carry4_CI_CO[3])
                                                      0.117     9.307 r  c4_rq5_return1__0_i_4/CO[3]
                         net (fo=1, unplaced)         0.000     9.307    c4_rq5_return1__0_i_4_n_0
                         CARRY4 (Prop_carry4_CI_CO[3])
                                                      0.117     9.424 r  c4_rq5_return1__0_i_3/CO[3]
                         net (fo=1, unplaced)         0.000     9.424    c4_rq5_return1__0_i_3_n_0
                         CARRY4 (Prop_carry4_CI_CO[3])
                                                      0.117     9.541 r  c4_rq5_return1__0_i_2/CO[3]
                         net (fo=1, unplaced)         0.000     9.541    c4_rq5_return1__0_i_2_n_0
                         CARRY4 (Prop_carry4_CI_O[1])
                                                      0.337     9.878 r  c4_rq5_return1__0_i_1/O[1]
                         net (fo=2, unplaced)         0.803    10.681    c4_rq5_return1__0_i_1_n_6
                         DSP48E1 (Prop_dsp48e1_A[16]_PCOUT[47])
                                                      4.215    14.896 r  c4_rq5_return1__0/PCOUT[47]
                         net (fo=1, unplaced)         0.000    14.896    c4_rq5_return1__0_n_106
                         DSP48E1 (Prop_dsp48e1_PCIN[47]_PCOUT[47])
                                                      1.713    16.609 r  c4_rq5_return1__1/PCOUT[47]
                         net (fo=1, unplaced)         0.000    16.609    c4_rq5_return1__1_n_106
                         DSP48E1 (Prop_dsp48e1_PCIN[47]_P[2])
                                                      1.518    18.127 r  c4_rq5_return1__2/P[2]
                         net (fo=2, unplaced)         0.803    18.929    c4_rq5_return1__2_n_103
                         LUT3 (Prop_lut3_I1_O)        0.124    19.053 r  zv_wdata[15]_i_238/O
                         net (fo=2, unplaced)         0.460    19.513    zv_wdata[15]_i_238_n_0
                         LUT4 (Prop_lut4_I3_O)        0.124    19.637 r  zv_wdata[15]_i_242/O
                         net (fo=1, unplaced)         0.000    19.637    zv_wdata[15]_i_242_n_0
                         CARRY4 (Prop_carry4_S[1]_CO[3])
                                                      0.533    20.170 r  zv_wdata_reg[15]_i_173/CO[3]
                         net (fo=1, unplaced)         0.000    20.170    zv_wdata_reg[15]_i_173_n_0
                         CARRY4 (Prop_carry4_CI_CO[3])
                                                      0.117    20.287 r  zv_wdata_reg[15]_i_114/CO[3]
                         net (fo=1, unplaced)         0.000    20.287    zv_wdata_reg[15]_i_114_n_0
                         CARRY4 (Prop_carry4_CI_O[2])
                                                      0.256    20.543 r  zv_wdata_reg[15]_i_62/O[2]
                         net (fo=128, unplaced)       0.558    21.101    c4_rq5_return1__6[63]
                         LUT4 (Prop_lut4_I2_O)        0.293    21.394 r  zv_wdata[3]_i_166/O
                         net (fo=1, unplaced)         0.000    21.394    zv_wdata[3]_i_166_n_0
                         CARRY4 (Prop_carry4_DI[0]_CO[3])
                                                      0.576    21.970 r  zv_wdata_reg[3]_i_135/CO[3]
                         net (fo=1, unplaced)         0.000    21.970    zv_wdata_reg[3]_i_135_n_0
                         CARRY4 (Prop_carry4_CI_CO[3])
                                                      0.117    22.087 r  zv_wdata_reg[3]_i_95/CO[3]
                         net (fo=1, unplaced)         0.000    22.087    zv_wdata_reg[3]_i_95_n_0
                         CARRY4 (Prop_carry4_CI_CO[3])
                                                      0.117    22.204 r  zv_wdata_reg[3]_i_56/CO[3]
                         net (fo=1, unplaced)         0.000    22.204    zv_wdata_reg[3]_i_56_n_0
                         CARRY4 (Prop_carry4_CI_CO[3])
                                                      0.117    22.321 r  zv_wdata_reg[3]_i_33/CO[3]
                         net (fo=1, unplaced)         0.000    22.321    zv_wdata_reg[3]_i_33_n_0
                         CARRY4 (Prop_carry4_CI_CO[2])
                                                      0.252    22.573 r  zv_wdata_reg[3]_i_18/CO[2]
                         net (fo=2, unplaced)         0.463    23.036    zv_wdata_reg[3]_i_18_n_1
                         LUT4 (Prop_lut4_I3_O)        0.310    23.346 r  zv_wdata[3]_i_22/O
                         net (fo=1, unplaced)         0.000    23.346    zv_wdata[3]_i_22_n_0
                         CARRY4 (Prop_carry4_S[0]_CO[3])
                                                      0.513    23.859 r  zv_wdata_reg[3]_i_12/CO[3]
                         net (fo=1, unplaced)         0.000    23.859    zv_wdata_reg[3]_i_12_n_0
                         CARRY4 (Prop_carry4_CI_CO[3])
                                                      0.117    23.976 r  zv_wdata_reg[7]_i_13/CO[3]
                         net (fo=1, unplaced)         0.000    23.976    zv_wdata_reg[7]_i_13_n_0
                         CARRY4 (Prop_carry4_CI_CO[3])
                                                      0.117    24.093 r  zv_wdata_reg[11]_i_13/CO[3]
                         net (fo=1, unplaced)         0.000    24.093    zv_wdata_reg[11]_i_13_n_0
                         CARRY4 (Prop_carry4_CI_CO[3])
                                                      0.117    24.210 r  zv_wdata_reg[15]_i_63/CO[3]
                         net (fo=1, unplaced)         0.000    24.210    zv_wdata_reg[15]_i_63_n_0
                         CARRY4 (Prop_carry4_CI_O[2])
                                                      0.256    24.466 f  zv_wdata_reg[15]_i_184/O[2]
                         net (fo=2, unplaced)         0.463    24.929    zv_wdata_reg[15]_i_184_n_5
                         LUT1 (Prop_lut1_I0_O)        0.301    25.230 r  zv_wdata[15]_i_339/O
                         net (fo=1, unplaced)         0.000    25.230    zv_wdata[15]_i_339_n_0
                         CARRY4 (Prop_carry4_S[1]_CO[3])
                                                      0.533    25.763 r  zv_wdata_reg[15]_i_289/CO[3]
                         net (fo=1, unplaced)         0.000    25.763    zv_wdata_reg[15]_i_289_n_0
                         CARRY4 (Prop_carry4_CI_O[3])
                                                      0.331    26.094 r  zv_wdata_reg[15]_i_213/O[3]
                         net (fo=1, unplaced)         0.448    26.542    c4_rq5_return0[24]
                         LUT6 (Prop_lut6_I5_O)        0.307    26.849 r  zv_wdata[15]_i_329/O
                         net (fo=1, unplaced)         0.000    26.849    zv_wdata[15]_i_329_n_0
                         CARRY4 (Prop_carry4_S[0]_CO[3])
                                                      0.513    27.362 r  zv_wdata_reg[15]_i_267/CO[3]
                         net (fo=1, unplaced)         0.000    27.362    zv_wdata_reg[15]_i_267_n_0
                         CARRY4 (Prop_carry4_CI_CO[3])
                                                      0.117    27.479 r  zv_wdata_reg[15]_i_266/CO[3]
                         net (fo=1, unplaced)         0.000    27.479    zv_wdata_reg[15]_i_266_n_0
                         CARRY4 (Prop_carry4_CI_CO[3])
                                                      0.117    27.596 r  zv_wdata_reg[15]_i_195/CO[3]
                         net (fo=1, unplaced)         0.000    27.596    zv_wdata_reg[15]_i_195_n_0
                         CARRY4 (Prop_carry4_CI_CO[3])
                                                      0.117    27.713 r  zv_wdata_reg[15]_i_194/CO[3]
                         net (fo=1, unplaced)         0.000    27.713    zv_wdata_reg[15]_i_194_n_0
                         CARRY4 (Prop_carry4_CI_CO[3])
                                                      0.117    27.830 r  zv_wdata_reg[15]_i_142/CO[3]
                         net (fo=1, unplaced)         0.000    27.830    zv_wdata_reg[15]_i_142_n_0
                         CARRY4 (Prop_carry4_CI_CO[3])
                                                      0.117    27.947 r  zv_wdata_reg[15]_i_141/CO[3]
                         net (fo=1, unplaced)         0.000    27.947    zv_wdata_reg[15]_i_141_n_0
                         CARRY4 (Prop_carry4_CI_CO[3])
                                                      0.117    28.064 r  zv_wdata_reg[15]_i_77/CO[3]
                         net (fo=1, unplaced)         0.000    28.064    zv_wdata_reg[15]_i_77_n_0
                         CARRY4 (Prop_carry4_CI_CO[3])
                                                      0.117    28.181 r  zv_wdata_reg[15]_i_76/CO[3]
                         net (fo=1, unplaced)         0.000    28.181    zv_wdata_reg[15]_i_76_n_0
                         CARRY4 (Prop_carry4_CI_CO[3])
                                                      0.117    28.298 r  zv_wdata_reg[15]_i_49/CO[3]
                         net (fo=1, unplaced)         0.000    28.298    zv_wdata_reg[15]_i_49_n_0
                         CARRY4 (Prop_carry4_CI_O[3])
                                                      0.331    28.629 r  zv_wdata_reg[15]_i_48/O[3]
                         net (fo=4, unplaced)         0.445    29.074    zv_wdata_reg[15]_i_48_n_4
                         LUT2 (Prop_lut2_I0_O)        0.332    29.406 r  zv_wdata[15]_i_20/O
                         net (fo=1, unplaced)         0.000    29.406    zv_wdata[15]_i_20_n_0
                         CARRY4 (Prop_carry4_DI[3]_CO[3])
                                                      0.429    29.835 r  zv_wdata_reg[15]_i_6/CO[3]
                         net (fo=16, unplaced)        0.802    30.637    zv_wdata_reg[15]_i_6_n_0
                         LUT3 (Prop_lut3_I1_O)        0.116    30.753 r  zv_wdata[15]_i_2/O
                         net (fo=1, unplaced)         0.000    30.753    zv_wdata[15]_i_2_n_0
                         FDRE                                         r  zv_wdata_reg[15]/D
  -------------------------------------------------------------------    -------------------

                         (clock clk rise edge)       10.000    10.000 r  <hidden>
                                                      0.000    10.000 r  clk
                         net (fo=43049, unset)        0.924    10.924    clk
                         FDRE                                         r  zv_wdata_reg[15]/C
                         clock pessimism              0.000    10.924    <hidden>
                         clock uncertainty           -0.035    10.889    <hidden>
                         FDRE (Setup_fdre_C_D)        0.044    10.933    zv_wdata_reg[15]
  -------------------------------------------------------------------
                         required time                         10.933    <hidden>
                         arrival time                         -30.753    <hidden>
  -------------------------------------------------------------------
                         slack                                -19.820    <hidden>

Slack (VIOLATED) :        -19.820ns  (required time - arrival time)
  Source:                 dj_reg[4]/C
                            (rising edge-triggered cell FDCE clocked by clk  {rise@0.000ns fall@5.000ns period=10.000ns})
  Destination:            zv_wdata_reg[1]/D
                            (rising edge-triggered cell FDRE clocked by clk  {rise@0.000ns fall@5.000ns period=10.000ns})
  Path Group:             clk
  Path Type:              Setup (Max at Slow Process Corner)
  Requirement:            10.000ns  (clk rise@10.000ns - clk rise@0.000ns)
  Data Path Delay:        29.780ns  (logic 21.873ns (73.448%)  route 7.907ns (26.552%))
  Logic Levels:           49  (CARRY4=35 DSP48E1=4 LUT1=1 LUT2=2 LUT3=2 LUT4=3 LUT6=2)
  Clock Path Skew:        -0.049ns (DCD - SCD + CPR)
    Destination Clock Delay (DCD):    0.924ns = ( 10.924 - 10.000 ) 
    Source Clock Delay      (SCD):    0.973ns
    Clock Pessimism Removal (CPR):    0.000ns
  Clock Uncertainty:      0.035ns  ((TSJ^2 + TIJ^2)^1/2 + DJ) / 2 + PE
    Total System Jitter     (TSJ):    0.071ns
    Total Input Jitter      (TIJ):    0.000ns
    Discrete Jitter          (DJ):    0.000ns
    Phase Error              (PE):    0.000ns

    Location             Delay type                Incr(ns)  Path(ns)    Netlist Resource(s)
  -------------------------------------------------------------------    -------------------
                         (clock clk rise edge)        0.000     0.000 r  <hidden>
                                                      0.000     0.000 r  clk
                         net (fo=43049, unset)        0.973     0.973    clk
                         FDCE                                         r  dj_reg[4]/C
  -------------------------------------------------------------------    -------------------
                         FDCE (Prop_fdce_C_Q)         0.478     1.451 r  dj_reg[4]/Q
                         net (fo=73, unplaced)        1.057     2.508    dj_reg_n_0_[4]
                         LUT6 (Prop_lut6_I0_O)        0.295     2.803 r  val0_i_3/O
                         net (fo=12, unplaced)        0.803     3.606    val0_i_3_n_0
                         DSP48E1 (Prop_dsp48e1_B[17]_P[1])
                                                      3.656     7.262 r  val0/P[1]
                         net (fo=1, unplaced)         0.803     8.065    val0_n_104
                         LUT2 (Prop_lut2_I1_O)        0.124     8.189 r  c4_rq5_return1__3_i_19/O
                         net (fo=1, unplaced)         0.000     8.189    c4_rq5_return1__3_i_19_n_0
                         CARRY4 (Prop_carry4_S[1]_CO[3])
                                                      0.533     8.722 r  c4_rq5_return1__3_i_4/CO[3]
                         net (fo=1, unplaced)         0.000     8.722    c4_rq5_return1__3_i_4_n_0
                         CARRY4 (Prop_carry4_CI_CO[3])
                                                      0.117     8.839 r  c4_rq5_return1__3_i_3/CO[3]
                         net (fo=1, unplaced)         0.000     8.839    c4_rq5_return1__3_i_3_n_0
                         CARRY4 (Prop_carry4_CI_CO[3])
                                                      0.117     8.956 r  c4_rq5_return1__3_i_2/CO[3]
                         net (fo=1, unplaced)         0.000     8.956    c4_rq5_return1__3_i_2_n_0
                         CARRY4 (Prop_carry4_CI_CO[3])
                                                      0.117     9.073 r  c4_rq5_return1__3_i_1/CO[3]
                         net (fo=1, unplaced)         0.000     9.073    c4_rq5_return1__3_i_1_n_0
                         CARRY4 (Prop_carry4_CI_CO[3])
                                                      0.117     9.190 r  c4_rq5_return1__0_i_5/CO[3]
                         net (fo=1, unplaced)         0.000     9.190    c4_rq5_return1__0_i_5_n_0
                         CARRY4 (Prop_carry4_CI_CO[3])
                                                      0.117     9.307 r  c4_rq5_return1__0_i_4/CO[3]
                         net (fo=1, unplaced)         0.000     9.307    c4_rq5_return1__0_i_4_n_0
                         CARRY4 (Prop_carry4_CI_CO[3])
                                                      0.117     9.424 r  c4_rq5_return1__0_i_3/CO[3]
                         net (fo=1, unplaced)         0.000     9.424    c4_rq5_return1__0_i_3_n_0
                         CARRY4 (Prop_carry4_CI_CO[3])
                                                      0.117     9.541 r  c4_rq5_return1__0_i_2/CO[3]
                         net (fo=1, unplaced)         0.000     9.541    c4_rq5_return1__0_i_2_n_0
                         CARRY4 (Prop_carry4_CI_O[1])
                                                      0.337     9.878 r  c4_rq5_return1__0_i_1/O[1]
                         net (fo=2, unplaced)         0.803    10.681    c4_rq5_return1__0_i_1_n_6
                         DSP48E1 (Prop_dsp48e1_A[16]_PCOUT[47])
                                                      4.215    14.896 r  c4_rq5_return1__0/PCOUT[47]
                         net (fo=1, unplaced)         0.000    14.896    c4_rq5_return1__0_n_106
                         DSP48E1 (Prop_dsp48e1_PCIN[47]_PCOUT[47])
                                                      1.713    16.609 r  c4_rq5_return1__1/PCOUT[47]
                         net (fo=1, unplaced)         0.000    16.609    c4_rq5_return1__1_n_106
                         DSP48E1 (Prop_dsp48e1_PCIN[47]_P[2])
                                                      1.518    18.127 r  c4_rq5_return1__2/P[2]
                         net (fo=2, unplaced)         0.803    18.929    c4_rq5_return1__2_n_103
                         LUT3 (Prop_lut3_I1_O)        0.124    19.053 r  zv_wdata[15]_i_238/O
                         net (fo=2, unplaced)         0.460    19.513    zv_wdata[15]_i_238_n_0
                         LUT4 (Prop_lut4_I3_O)        0.124    19.637 r  zv_wdata[15]_i_242/O
                         net (fo=1, unplaced)         0.000    19.637    zv_wdata[15]_i_242_n_0
                         CARRY4 (Prop_carry4_S[1]_CO[3])
                                                      0.533    20.170 r  zv_wdata_reg[15]_i_173/CO[3]
                         net (fo=1, unplaced)         0.000    20.170    zv_wdata_reg[15]_i_173_n_0
                         CARRY4 (Prop_carry4_CI_CO[3])
                                                      0.117    20.287 r  zv_wdata_reg[15]_i_114/CO[3]
                         net (fo=1, unplaced)         0.000    20.287    zv_wdata_reg[15]_i_114_n_0
                         CARRY4 (Prop_carry4_CI_O[2])
                                                      0.256    20.543 r  zv_wdata_reg[15]_i_62/O[2]
                         net (fo=128, unplaced)       0.558    21.101    c4_rq5_return1__6[63]
                         LUT4 (Prop_lut4_I2_O)        0.293    21.394 r  zv_wdata[3]_i_166/O
                         net (fo=1, unplaced)         0.000    21.394    zv_wdata[3]_i_166_n_0
                         CARRY4 (Prop_carry4_DI[0]_CO[3])
                                                      0.576    21.970 r  zv_wdata_reg[3]_i_135/CO[3]
                         net (fo=1, unplaced)         0.000    21.970    zv_wdata_reg[3]_i_135_n_0
                         CARRY4 (Prop_carry4_CI_CO[3])
                                                      0.117    22.087 r  zv_wdata_reg[3]_i_95/CO[3]
                         net (fo=1, unplaced)         0.000    22.087    zv_wdata_reg[3]_i_95_n_0
                         CARRY4 (Prop_carry4_CI_CO[3])
                                                      0.117    22.204 r  zv_wdata_reg[3]_i_56/CO[3]
                         net (fo=1, unplaced)         0.000    22.204    zv_wdata_reg[3]_i_56_n_0
                         CARRY4 (Prop_carry4_CI_CO[3])
                                                      0.117    22.321 r  zv_wdata_reg[3]_i_33/CO[3]
                         net (fo=1, unplaced)         0.000    22.321    zv_wdata_reg[3]_i_33_n_0
                         CARRY4 (Prop_carry4_CI_CO[2])
                                                      0.252    22.573 r  zv_wdata_reg[3]_i_18/CO[2]
                         net (fo=2, unplaced)         0.463    23.036    zv_wdata_reg[3]_i_18_n_1
                         LUT4 (Prop_lut4_I3_O)        0.310    23.346 r  zv_wdata[3]_i_22/O
                         net (fo=1, unplaced)         0.000    23.346    zv_wdata[3]_i_22_n_0
                         CARRY4 (Prop_carry4_S[0]_CO[3])
                                                      0.513    23.859 r  zv_wdata_reg[3]_i_12/CO[3]
                         net (fo=1, unplaced)         0.000    23.859    zv_wdata_reg[3]_i_12_n_0
                         CARRY4 (Prop_carry4_CI_CO[3])
                                                      0.117    23.976 r  zv_wdata_reg[7]_i_13/CO[3]
                         net (fo=1, unplaced)         0.000    23.976    zv_wdata_reg[7]_i_13_n_0
                         CARRY4 (Prop_carry4_CI_CO[3])
                                                      0.117    24.093 r  zv_wdata_reg[11]_i_13/CO[3]
                         net (fo=1, unplaced)         0.000    24.093    zv_wdata_reg[11]_i_13_n_0
                         CARRY4 (Prop_carry4_CI_CO[3])
                                                      0.117    24.210 r  zv_wdata_reg[15]_i_63/CO[3]
                         net (fo=1, unplaced)         0.000    24.210    zv_wdata_reg[15]_i_63_n_0
                         CARRY4 (Prop_carry4_CI_O[2])
                                                      0.256    24.466 f  zv_wdata_reg[15]_i_184/O[2]
                         net (fo=2, unplaced)         0.463    24.929    zv_wdata_reg[15]_i_184_n_5
                         LUT1 (Prop_lut1_I0_O)        0.301    25.230 r  zv_wdata[15]_i_339/O
                         net (fo=1, unplaced)         0.000    25.230    zv_wdata[15]_i_339_n_0
                         CARRY4 (Prop_carry4_S[1]_CO[3])
                                                      0.533    25.763 r  zv_wdata_reg[15]_i_289/CO[3]
                         net (fo=1, unplaced)         0.000    25.763    zv_wdata_reg[15]_i_289_n_0
                         CARRY4 (Prop_carry4_CI_O[3])
                                                      0.331    26.094 r  zv_wdata_reg[15]_i_213/O[3]
                         net (fo=1, unplaced)         0.448    26.542    c4_rq5_return0[24]
                         LUT6 (Prop_lut6_I5_O)        0.307    26.849 r  zv_wdata[15]_i_329/O
                         net (fo=1, unplaced)         0.000    26.849    zv_wdata[15]_i_329_n_0
                         CARRY4 (Prop_carry4_S[0]_CO[3])
                                                      0.513    27.362 r  zv_wdata_reg[15]_i_267/CO[3]
                         net (fo=1, unplaced)         0.000    27.362    zv_wdata_reg[15]_i_267_n_0
                         CARRY4 (Prop_carry4_CI_CO[3])
                                                      0.117    27.479 r  zv_wdata_reg[15]_i_266/CO[3]
                         net (fo=1, unplaced)         0.000    27.479    zv_wdata_reg[15]_i_266_n_0
                         CARRY4 (Prop_carry4_CI_CO[3])
                                                      0.117    27.596 r  zv_wdata_reg[15]_i_195/CO[3]
                         net (fo=1, unplaced)         0.000    27.596    zv_wdata_reg[15]_i_195_n_0
                         CARRY4 (Prop_carry4_CI_CO[3])
                                                      0.117    27.713 r  zv_wdata_reg[15]_i_194/CO[3]
                         net (fo=1, unplaced)         0.000    27.713    zv_wdata_reg[15]_i_194_n_0
                         CARRY4 (Prop_carry4_CI_CO[3])
                                                      0.117    27.830 r  zv_wdata_reg[15]_i_142/CO[3]
                         net (fo=1, unplaced)         0.000    27.830    zv_wdata_reg[15]_i_142_n_0
                         CARRY4 (Prop_carry4_CI_CO[3])
                                                      0.117    27.947 r  zv_wdata_reg[15]_i_141/CO[3]
                         net (fo=1, unplaced)         0.000    27.947    zv_wdata_reg[15]_i_141_n_0
                         CARRY4 (Prop_carry4_CI_CO[3])
                                                      0.117    28.064 r  zv_wdata_reg[15]_i_77/CO[3]
                         net (fo=1, unplaced)         0.000    28.064    zv_wdata_reg[15]_i_77_n_0
                         CARRY4 (Prop_carry4_CI_CO[3])
                                                      0.117    28.181 r  zv_wdata_reg[15]_i_76/CO[3]
                         net (fo=1, unplaced)         0.000    28.181    zv_wdata_reg[15]_i_76_n_0
                         CARRY4 (Prop_carry4_CI_CO[3])
                                                      0.117    28.298 r  zv_wdata_reg[15]_i_49/CO[3]
                         net (fo=1, unplaced)         0.000    28.298    zv_wdata_reg[15]_i_49_n_0
                         CARRY4 (Prop_carry4_CI_O[3])
                                                      0.331    28.629 r  zv_wdata_reg[15]_i_48/O[3]
                         net (fo=4, unplaced)         0.445    29.074    zv_wdata_reg[15]_i_48_n_4
                         LUT2 (Prop_lut2_I0_O)        0.332    29.406 r  zv_wdata[15]_i_20/O
                         net (fo=1, unplaced)         0.000    29.406    zv_wdata[15]_i_20_n_0
                         CARRY4 (Prop_carry4_DI[3]_CO[3])
                                                      0.429    29.835 f  zv_wdata_reg[15]_i_6/CO[3]
                         net (fo=16, unplaced)        0.802    30.637    zv_wdata_reg[15]_i_6_n_0
                         LUT3 (Prop_lut3_I2_O)        0.116    30.753 r  zv_wdata[1]_i_1/O
                         net (fo=1, unplaced)         0.000    30.753    zv_wdata[1]_i_1_n_0
                         FDRE                                         r  zv_wdata_reg[1]/D
  -------------------------------------------------------------------    -------------------

                         (clock clk rise edge)       10.000    10.000 r  <hidden>
                                                      0.000    10.000 r  clk
                         net (fo=43049, unset)        0.924    10.924    clk
                         FDRE                                         r  zv_wdata_reg[1]/C
                         clock pessimism              0.000    10.924    <hidden>
                         clock uncertainty           -0.035    10.889    <hidden>
                         FDRE (Setup_fdre_C_D)        0.044    10.933    zv_wdata_reg[1]
  -------------------------------------------------------------------
                         required time                         10.933    <hidden>
                         arrival time                         -30.753    <hidden>
  -------------------------------------------------------------------
                         slack                                -19.820    <hidden>

Slack (VIOLATED) :        -19.820ns  (required time - arrival time)
  Source:                 dj_reg[4]/C
                            (rising edge-triggered cell FDCE clocked by clk  {rise@0.000ns fall@5.000ns period=10.000ns})
  Destination:            zv_wdata_reg[3]/D
                            (rising edge-triggered cell FDRE clocked by clk  {rise@0.000ns fall@5.000ns period=10.000ns})
  Path Group:             clk
  Path Type:              Setup (Max at Slow Process Corner)
  Requirement:            10.000ns  (clk rise@10.000ns - clk rise@0.000ns)
  Data Path Delay:        29.780ns  (logic 21.873ns (73.448%)  route 7.907ns (26.552%))
  Logic Levels:           49  (CARRY4=35 DSP48E1=4 LUT1=1 LUT2=2 LUT3=2 LUT4=3 LUT6=2)
  Clock Path Skew:        -0.049ns (DCD - SCD + CPR)
    Destination Clock Delay (DCD):    0.924ns = ( 10.924 - 10.000 ) 
    Source Clock Delay      (SCD):    0.973ns
    Clock Pessimism Removal (CPR):    0.000ns
  Clock Uncertainty:      0.035ns  ((TSJ^2 + TIJ^2)^1/2 + DJ) / 2 + PE
    Total System Jitter     (TSJ):    0.071ns
    Total Input Jitter      (TIJ):    0.000ns
    Discrete Jitter          (DJ):    0.000ns
    Phase Error              (PE):    0.000ns

    Location             Delay type                Incr(ns)  Path(ns)    Netlist Resource(s)
  -------------------------------------------------------------------    -------------------
                         (clock clk rise edge)        0.000     0.000 r  <hidden>
                                                      0.000     0.000 r  clk
                         net (fo=43049, unset)        0.973     0.973    clk
                         FDCE                                         r  dj_reg[4]/C
  -------------------------------------------------------------------    -------------------
                         FDCE (Prop_fdce_C_Q)         0.478     1.451 r  dj_reg[4]/Q
                         net (fo=73, unplaced)        1.057     2.508    dj_reg_n_0_[4]
                         LUT6 (Prop_lut6_I0_O)        0.295     2.803 r  val0_i_3/O
                         net (fo=12, unplaced)        0.803     3.606    val0_i_3_n_0
                         DSP48E1 (Prop_dsp48e1_B[17]_P[1])
                                                      3.656     7.262 r  val0/P[1]
                         net (fo=1, unplaced)         0.803     8.065    val0_n_104
                         LUT2 (Prop_lut2_I1_O)        0.124     8.189 r  c4_rq5_return1__3_i_19/O
                         net (fo=1, unplaced)         0.000     8.189    c4_rq5_return1__3_i_19_n_0
                         CARRY4 (Prop_carry4_S[1]_CO[3])
                                                      0.533     8.722 r  c4_rq5_return1__3_i_4/CO[3]
                         net (fo=1, unplaced)         0.000     8.722    c4_rq5_return1__3_i_4_n_0
                         CARRY4 (Prop_carry4_CI_CO[3])
                                                      0.117     8.839 r  c4_rq5_return1__3_i_3/CO[3]
                         net (fo=1, unplaced)         0.000     8.839    c4_rq5_return1__3_i_3_n_0
                         CARRY4 (Prop_carry4_CI_CO[3])
                                                      0.117     8.956 r  c4_rq5_return1__3_i_2/CO[3]
                         net (fo=1, unplaced)         0.000     8.956    c4_rq5_return1__3_i_2_n_0
                         CARRY4 (Prop_carry4_CI_CO[3])
                                                      0.117     9.073 r  c4_rq5_return1__3_i_1/CO[3]
                         net (fo=1, unplaced)         0.000     9.073    c4_rq5_return1__3_i_1_n_0
                         CARRY4 (Prop_carry4_CI_CO[3])
                                                      0.117     9.190 r  c4_rq5_return1__0_i_5/CO[3]
                         net (fo=1, unplaced)         0.000     9.190    c4_rq5_return1__0_i_5_n_0
                         CARRY4 (Prop_carry4_CI_CO[3])
                                                      0.117     9.307 r  c4_rq5_return1__0_i_4/CO[3]
                         net (fo=1, unplaced)         0.000     9.307    c4_rq5_return1__0_i_4_n_0
                         CARRY4 (Prop_carry4_CI_CO[3])
                                                      0.117     9.424 r  c4_rq5_return1__0_i_3/CO[3]
                         net (fo=1, unplaced)         0.000     9.424    c4_rq5_return1__0_i_3_n_0
                         CARRY4 (Prop_carry4_CI_CO[3])
                                                      0.117     9.541 r  c4_rq5_return1__0_i_2/CO[3]
                         net (fo=1, unplaced)         0.000     9.541    c4_rq5_return1__0_i_2_n_0
                         CARRY4 (Prop_carry4_CI_O[1])
                                                      0.337     9.878 r  c4_rq5_return1__0_i_1/O[1]
                         net (fo=2, unplaced)         0.803    10.681    c4_rq5_return1__0_i_1_n_6
                         DSP48E1 (Prop_dsp48e1_A[16]_PCOUT[47])
                                                      4.215    14.896 r  c4_rq5_return1__0/PCOUT[47]
                         net (fo=1, unplaced)         0.000    14.896    c4_rq5_return1__0_n_106
                         DSP48E1 (Prop_dsp48e1_PCIN[47]_PCOUT[47])
                                                      1.713    16.609 r  c4_rq5_return1__1/PCOUT[47]
                         net (fo=1, unplaced)         0.000    16.609    c4_rq5_return1__1_n_106
                         DSP48E1 (Prop_dsp48e1_PCIN[47]_P[2])
                                                      1.518    18.127 r  c4_rq5_return1__2/P[2]
                         net (fo=2, unplaced)         0.803    18.929    c4_rq5_return1__2_n_103
                         LUT3 (Prop_lut3_I1_O)        0.124    19.053 r  zv_wdata[15]_i_238/O
                         net (fo=2, unplaced)         0.460    19.513    zv_wdata[15]_i_238_n_0
                         LUT4 (Prop_lut4_I3_O)        0.124    19.637 r  zv_wdata[15]_i_242/O
                         net (fo=1, unplaced)         0.000    19.637    zv_wdata[15]_i_242_n_0
                         CARRY4 (Prop_carry4_S[1]_CO[3])
                                                      0.533    20.170 r  zv_wdata_reg[15]_i_173/CO[3]
                         net (fo=1, unplaced)         0.000    20.170    zv_wdata_reg[15]_i_173_n_0
                         CARRY4 (Prop_carry4_CI_CO[3])
                                                      0.117    20.287 r  zv_wdata_reg[15]_i_114/CO[3]
                         net (fo=1, unplaced)         0.000    20.287    zv_wdata_reg[15]_i_114_n_0
                         CARRY4 (Prop_carry4_CI_O[2])
                                                      0.256    20.543 r  zv_wdata_reg[15]_i_62/O[2]
                         net (fo=128, unplaced)       0.558    21.101    c4_rq5_return1__6[63]
                         LUT4 (Prop_lut4_I2_O)        0.293    21.394 r  zv_wdata[3]_i_166/O
                         net (fo=1, unplaced)         0.000    21.394    zv_wdata[3]_i_166_n_0
                         CARRY4 (Prop_carry4_DI[0]_CO[3])
                                                      0.576    21.970 r  zv_wdata_reg[3]_i_135/CO[3]
                         net (fo=1, unplaced)         0.000    21.970    zv_wdata_reg[3]_i_135_n_0
                         CARRY4 (Prop_carry4_CI_CO[3])
                                                      0.117    22.087 r  zv_wdata_reg[3]_i_95/CO[3]
                         net (fo=1, unplaced)         0.000    22.087    zv_wdata_reg[3]_i_95_n_0
                         CARRY4 (Prop_carry4_CI_CO[3])
                                                      0.117    22.204 r  zv_wdata_reg[3]_i_56/CO[3]
                         net (fo=1, unplaced)         0.000    22.204    zv_wdata_reg[3]_i_56_n_0
                         CARRY4 (Prop_carry4_CI_CO[3])
                                                      0.117    22.321 r  zv_wdata_reg[3]_i_33/CO[3]
                         net (fo=1, unplaced)         0.000    22.321    zv_wdata_reg[3]_i_33_n_0
                         CARRY4 (Prop_carry4_CI_CO[2])
                                                      0.252    22.573 r  zv_wdata_reg[3]_i_18/CO[2]
                         net (fo=2, unplaced)         0.463    23.036    zv_wdata_reg[3]_i_18_n_1
                         LUT4 (Prop_lut4_I3_O)        0.310    23.346 r  zv_wdata[3]_i_22/O
                         net (fo=1, unplaced)         0.000    23.346    zv_wdata[3]_i_22_n_0
                         CARRY4 (Prop_carry4_S[0]_CO[3])
                                                      0.513    23.859 r  zv_wdata_reg[3]_i_12/CO[3]
                         net (fo=1, unplaced)         0.000    23.859    zv_wdata_reg[3]_i_12_n_0
                         CARRY4 (Prop_carry4_CI_CO[3])
                                                      0.117    23.976 r  zv_wdata_reg[7]_i_13/CO[3]
                         net (fo=1, unplaced)         0.000    23.976    zv_wdata_reg[7]_i_13_n_0
                         CARRY4 (Prop_carry4_CI_CO[3])
                                                      0.117    24.093 r  zv_wdata_reg[11]_i_13/CO[3]
                         net (fo=1, unplaced)         0.000    24.093    zv_wdata_reg[11]_i_13_n_0
                         CARRY4 (Prop_carry4_CI_CO[3])
                                                      0.117    24.210 r  zv_wdata_reg[15]_i_63/CO[3]
                         net (fo=1, unplaced)         0.000    24.210    zv_wdata_reg[15]_i_63_n_0
                         CARRY4 (Prop_carry4_CI_O[2])
                                                      0.256    24.466 f  zv_wdata_reg[15]_i_184/O[2]
                         net (fo=2, unplaced)         0.463    24.929    zv_wdata_reg[15]_i_184_n_5
                         LUT1 (Prop_lut1_I0_O)        0.301    25.230 r  zv_wdata[15]_i_339/O
                         net (fo=1, unplaced)         0.000    25.230    zv_wdata[15]_i_339_n_0
                         CARRY4 (Prop_carry4_S[1]_CO[3])
                                                      0.533    25.763 r  zv_wdata_reg[15]_i_289/CO[3]
                         net (fo=1, unplaced)         0.000    25.763    zv_wdata_reg[15]_i_289_n_0
                         CARRY4 (Prop_carry4_CI_O[3])
                                                      0.331    26.094 r  zv_wdata_reg[15]_i_213/O[3]
                         net (fo=1, unplaced)         0.448    26.542    c4_rq5_return0[24]
                         LUT6 (Prop_lut6_I5_O)        0.307    26.849 r  zv_wdata[15]_i_329/O
                         net (fo=1, unplaced)         0.000    26.849    zv_wdata[15]_i_329_n_0
                         CARRY4 (Prop_carry4_S[0]_CO[3])
                                                      0.513    27.362 r  zv_wdata_reg[15]_i_267/CO[3]
                         net (fo=1, unplaced)         0.000    27.362    zv_wdata_reg[15]_i_267_n_0
                         CARRY4 (Prop_carry4_CI_CO[3])
                                                      0.117    27.479 r  zv_wdata_reg[15]_i_266/CO[3]
                         net (fo=1, unplaced)         0.000    27.479    zv_wdata_reg[15]_i_266_n_0
                         CARRY4 (Prop_carry4_CI_CO[3])
                                                      0.117    27.596 r  zv_wdata_reg[15]_i_195/CO[3]
                         net (fo=1, unplaced)         0.000    27.596    zv_wdata_reg[15]_i_195_n_0
                         CARRY4 (Prop_carry4_CI_CO[3])
                                                      0.117    27.713 r  zv_wdata_reg[15]_i_194/CO[3]
                         net (fo=1, unplaced)         0.000    27.713    zv_wdata_reg[15]_i_194_n_0
                         CARRY4 (Prop_carry4_CI_CO[3])
                                                      0.117    27.830 r  zv_wdata_reg[15]_i_142/CO[3]
                         net (fo=1, unplaced)         0.000    27.830    zv_wdata_reg[15]_i_142_n_0
                         CARRY4 (Prop_carry4_CI_CO[3])
                                                      0.117    27.947 r  zv_wdata_reg[15]_i_141/CO[3]
                         net (fo=1, unplaced)         0.000    27.947    zv_wdata_reg[15]_i_141_n_0
                         CARRY4 (Prop_carry4_CI_CO[3])
                                                      0.117    28.064 r  zv_wdata_reg[15]_i_77/CO[3]
                         net (fo=1, unplaced)         0.000    28.064    zv_wdata_reg[15]_i_77_n_0
                         CARRY4 (Prop_carry4_CI_CO[3])
                                                      0.117    28.181 r  zv_wdata_reg[15]_i_76/CO[3]
                         net (fo=1, unplaced)         0.000    28.181    zv_wdata_reg[15]_i_76_n_0
                         CARRY4 (Prop_carry4_CI_CO[3])
                                                      0.117    28.298 r  zv_wdata_reg[15]_i_49/CO[3]
                         net (fo=1, unplaced)         0.000    28.298    zv_wdata_reg[15]_i_49_n_0
                         CARRY4 (Prop_carry4_CI_O[3])
                                                      0.331    28.629 r  zv_wdata_reg[15]_i_48/O[3]
                         net (fo=4, unplaced)         0.445    29.074    zv_wdata_reg[15]_i_48_n_4
                         LUT2 (Prop_lut2_I0_O)        0.332    29.406 r  zv_wdata[15]_i_20/O
                         net (fo=1, unplaced)         0.000    29.406    zv_wdata[15]_i_20_n_0
                         CARRY4 (Prop_carry4_DI[3]_CO[3])
                                                      0.429    29.835 f  zv_wdata_reg[15]_i_6/CO[3]
                         net (fo=16, unplaced)        0.802    30.637    zv_wdata_reg[15]_i_6_n_0
                         LUT3 (Prop_lut3_I2_O)        0.116    30.753 r  zv_wdata[3]_i_1/O
                         net (fo=1, unplaced)         0.000    30.753    zv_wdata[3]_i_1_n_0
                         FDRE                                         r  zv_wdata_reg[3]/D
  -------------------------------------------------------------------    -------------------

                         (clock clk rise edge)       10.000    10.000 r  <hidden>
                                                      0.000    10.000 r  clk
                         net (fo=43049, unset)        0.924    10.924    clk
                         FDRE                                         r  zv_wdata_reg[3]/C
                         clock pessimism              0.000    10.924    <hidden>
                         clock uncertainty           -0.035    10.889    <hidden>
                         FDRE (Setup_fdre_C_D)        0.044    10.933    zv_wdata_reg[3]
  -------------------------------------------------------------------
                         required time                         10.933    <hidden>
                         arrival time                         -30.753    <hidden>
  -------------------------------------------------------------------
                         slack                                -19.820    <hidden>

Slack (VIOLATED) :        -19.820ns  (required time - arrival time)
  Source:                 dj_reg[4]/C
                            (rising edge-triggered cell FDCE clocked by clk  {rise@0.000ns fall@5.000ns period=10.000ns})
  Destination:            zv_wdata_reg[5]/D
                            (rising edge-triggered cell FDRE clocked by clk  {rise@0.000ns fall@5.000ns period=10.000ns})
  Path Group:             clk
  Path Type:              Setup (Max at Slow Process Corner)
  Requirement:            10.000ns  (clk rise@10.000ns - clk rise@0.000ns)
  Data Path Delay:        29.780ns  (logic 21.873ns (73.448%)  route 7.907ns (26.552%))
  Logic Levels:           49  (CARRY4=35 DSP48E1=4 LUT1=1 LUT2=2 LUT3=2 LUT4=3 LUT6=2)
  Clock Path Skew:        -0.049ns (DCD - SCD + CPR)
    Destination Clock Delay (DCD):    0.924ns = ( 10.924 - 10.000 ) 
    Source Clock Delay      (SCD):    0.973ns
    Clock Pessimism Removal (CPR):    0.000ns
  Clock Uncertainty:      0.035ns  ((TSJ^2 + TIJ^2)^1/2 + DJ) / 2 + PE
    Total System Jitter     (TSJ):    0.071ns
    Total Input Jitter      (TIJ):    0.000ns
    Discrete Jitter          (DJ):    0.000ns
    Phase Error              (PE):    0.000ns

    Location             Delay type                Incr(ns)  Path(ns)    Netlist Resource(s)
  -------------------------------------------------------------------    -------------------
                         (clock clk rise edge)        0.000     0.000 r  <hidden>
                                                      0.000     0.000 r  clk
                         net (fo=43049, unset)        0.973     0.973    clk
                         FDCE                                         r  dj_reg[4]/C
  -------------------------------------------------------------------    -------------------
                         FDCE (Prop_fdce_C_Q)         0.478     1.451 r  dj_reg[4]/Q
                         net (fo=73, unplaced)        1.057     2.508    dj_reg_n_0_[4]
                         LUT6 (Prop_lut6_I0_O)        0.295     2.803 r  val0_i_3/O
                         net (fo=12, unplaced)        0.803     3.606    val0_i_3_n_0
                         DSP48E1 (Prop_dsp48e1_B[17]_P[1])
                                                      3.656     7.262 r  val0/P[1]
                         net (fo=1, unplaced)         0.803     8.065    val0_n_104
                         LUT2 (Prop_lut2_I1_O)        0.124     8.189 r  c4_rq5_return1__3_i_19/O
                         net (fo=1, unplaced)         0.000     8.189    c4_rq5_return1__3_i_19_n_0
                         CARRY4 (Prop_carry4_S[1]_CO[3])
                                                      0.533     8.722 r  c4_rq5_return1__3_i_4/CO[3]
                         net (fo=1, unplaced)         0.000     8.722    c4_rq5_return1__3_i_4_n_0
                         CARRY4 (Prop_carry4_CI_CO[3])
                                                      0.117     8.839 r  c4_rq5_return1__3_i_3/CO[3]
                         net (fo=1, unplaced)         0.000     8.839    c4_rq5_return1__3_i_3_n_0
                         CARRY4 (Prop_carry4_CI_CO[3])
                                                      0.117     8.956 r  c4_rq5_return1__3_i_2/CO[3]
                         net (fo=1, unplaced)         0.000     8.956    c4_rq5_return1__3_i_2_n_0
                         CARRY4 (Prop_carry4_CI_CO[3])
                                                      0.117     9.073 r  c4_rq5_return1__3_i_1/CO[3]
                         net (fo=1, unplaced)         0.000     9.073    c4_rq5_return1__3_i_1_n_0
                         CARRY4 (Prop_carry4_CI_CO[3])
                                                      0.117     9.190 r  c4_rq5_return1__0_i_5/CO[3]
                         net (fo=1, unplaced)         0.000     9.190    c4_rq5_return1__0_i_5_n_0
                         CARRY4 (Prop_carry4_CI_CO[3])
                                                      0.117     9.307 r  c4_rq5_return1__0_i_4/CO[3]
                         net (fo=1, unplaced)         0.000     9.307    c4_rq5_return1__0_i_4_n_0
                         CARRY4 (Prop_carry4_CI_CO[3])
                                                      0.117     9.424 r  c4_rq5_return1__0_i_3/CO[3]
                         net (fo=1, unplaced)         0.000     9.424    c4_rq5_return1__0_i_3_n_0
                         CARRY4 (Prop_carry4_CI_CO[3])
                                                      0.117     9.541 r  c4_rq5_return1__0_i_2/CO[3]
                         net (fo=1, unplaced)         0.000     9.541    c4_rq5_return1__0_i_2_n_0
                         CARRY4 (Prop_carry4_CI_O[1])
                                                      0.337     9.878 r  c4_rq5_return1__0_i_1/O[1]
                         net (fo=2, unplaced)         0.803    10.681    c4_rq5_return1__0_i_1_n_6
                         DSP48E1 (Prop_dsp48e1_A[16]_PCOUT[47])
                                                      4.215    14.896 r  c4_rq5_return1__0/PCOUT[47]
                         net (fo=1, unplaced)         0.000    14.896    c4_rq5_return1__0_n_106
                         DSP48E1 (Prop_dsp48e1_PCIN[47]_PCOUT[47])
                                                      1.713    16.609 r  c4_rq5_return1__1/PCOUT[47]
                         net (fo=1, unplaced)         0.000    16.609    c4_rq5_return1__1_n_106
                         DSP48E1 (Prop_dsp48e1_PCIN[47]_P[2])
                                                      1.518    18.127 r  c4_rq5_return1__2/P[2]
                         net (fo=2, unplaced)         0.803    18.929    c4_rq5_return1__2_n_103
                         LUT3 (Prop_lut3_I1_O)        0.124    19.053 r  zv_wdata[15]_i_238/O
                         net (fo=2, unplaced)         0.460    19.513    zv_wdata[15]_i_238_n_0
                         LUT4 (Prop_lut4_I3_O)        0.124    19.637 r  zv_wdata[15]_i_242/O
                         net (fo=1, unplaced)         0.000    19.637    zv_wdata[15]_i_242_n_0
                         CARRY4 (Prop_carry4_S[1]_CO[3])
                                                      0.533    20.170 r  zv_wdata_reg[15]_i_173/CO[3]
                         net (fo=1, unplaced)         0.000    20.170    zv_wdata_reg[15]_i_173_n_0
                         CARRY4 (Prop_carry4_CI_CO[3])
                                                      0.117    20.287 r  zv_wdata_reg[15]_i_114/CO[3]
                         net (fo=1, unplaced)         0.000    20.287    zv_wdata_reg[15]_i_114_n_0
                         CARRY4 (Prop_carry4_CI_O[2])
                                                      0.256    20.543 r  zv_wdata_reg[15]_i_62/O[2]
                         net (fo=128, unplaced)       0.558    21.101    c4_rq5_return1__6[63]
                         LUT4 (Prop_lut4_I2_O)        0.293    21.394 r  zv_wdata[3]_i_166/O
                         net (fo=1, unplaced)         0.000    21.394    zv_wdata[3]_i_166_n_0
                         CARRY4 (Prop_carry4_DI[0]_CO[3])
                                                      0.576    21.970 r  zv_wdata_reg[3]_i_135/CO[3]
                         net (fo=1, unplaced)         0.000    21.970    zv_wdata_reg[3]_i_135_n_0
                         CARRY4 (Prop_carry4_CI_CO[3])
                                                      0.117    22.087 r  zv_wdata_reg[3]_i_95/CO[3]
                         net (fo=1, unplaced)         0.000    22.087    zv_wdata_reg[3]_i_95_n_0
                         CARRY4 (Prop_carry4_CI_CO[3])
                                                      0.117    22.204 r  zv_wdata_reg[3]_i_56/CO[3]
                         net (fo=1, unplaced)         0.000    22.204    zv_wdata_reg[3]_i_56_n_0
                         CARRY4 (Prop_carry4_CI_CO[3])
                                                      0.117    22.321 r  zv_wdata_reg[3]_i_33/CO[3]
                         net (fo=1, unplaced)         0.000    22.321    zv_wdata_reg[3]_i_33_n_0
                         CARRY4 (Prop_carry4_CI_CO[2])
                                                      0.252    22.573 r  zv_wdata_reg[3]_i_18/CO[2]
                         net (fo=2, unplaced)         0.463    23.036    zv_wdata_reg[3]_i_18_n_1
                         LUT4 (Prop_lut4_I3_O)        0.310    23.346 r  zv_wdata[3]_i_22/O
                         net (fo=1, unplaced)         0.000    23.346    zv_wdata[3]_i_22_n_0
                         CARRY4 (Prop_carry4_S[0]_CO[3])
                                                      0.513    23.859 r  zv_wdata_reg[3]_i_12/CO[3]
                         net (fo=1, unplaced)         0.000    23.859    zv_wdata_reg[3]_i_12_n_0
                         CARRY4 (Prop_carry4_CI_CO[3])
                                                      0.117    23.976 r  zv_wdata_reg[7]_i_13/CO[3]
                         net (fo=1, unplaced)         0.000    23.976    zv_wdata_reg[7]_i_13_n_0
                         CARRY4 (Prop_carry4_CI_CO[3])
                                                      0.117    24.093 r  zv_wdata_reg[11]_i_13/CO[3]
                         net (fo=1, unplaced)         0.000    24.093    zv_wdata_reg[11]_i_13_n_0
                         CARRY4 (Prop_carry4_CI_CO[3])
                                                      0.117    24.210 r  zv_wdata_reg[15]_i_63/CO[3]
                         net (fo=1, unplaced)         0.000    24.210    zv_wdata_reg[15]_i_63_n_0
                         CARRY4 (Prop_carry4_CI_O[2])
                                                      0.256    24.466 f  zv_wdata_reg[15]_i_184/O[2]
                         net (fo=2, unplaced)         0.463    24.929    zv_wdata_reg[15]_i_184_n_5
                         LUT1 (Prop_lut1_I0_O)        0.301    25.230 r  zv_wdata[15]_i_339/O
                         net (fo=1, unplaced)         0.000    25.230    zv_wdata[15]_i_339_n_0
                         CARRY4 (Prop_carry4_S[1]_CO[3])
                                                      0.533    25.763 r  zv_wdata_reg[15]_i_289/CO[3]
                         net (fo=1, unplaced)         0.000    25.763    zv_wdata_reg[15]_i_289_n_0
                         CARRY4 (Prop_carry4_CI_O[3])
                                                      0.331    26.094 r  zv_wdata_reg[15]_i_213/O[3]
                         net (fo=1, unplaced)         0.448    26.542    c4_rq5_return0[24]
                         LUT6 (Prop_lut6_I5_O)        0.307    26.849 r  zv_wdata[15]_i_329/O
                         net (fo=1, unplaced)         0.000    26.849    zv_wdata[15]_i_329_n_0
                         CARRY4 (Prop_carry4_S[0]_CO[3])
                                                      0.513    27.362 r  zv_wdata_reg[15]_i_267/CO[3]
                         net (fo=1, unplaced)         0.000    27.362    zv_wdata_reg[15]_i_267_n_0
                         CARRY4 (Prop_carry4_CI_CO[3])
                                                      0.117    27.479 r  zv_wdata_reg[15]_i_266/CO[3]
                         net (fo=1, unplaced)         0.000    27.479    zv_wdata_reg[15]_i_266_n_0
                         CARRY4 (Prop_carry4_CI_CO[3])
                                                      0.117    27.596 r  zv_wdata_reg[15]_i_195/CO[3]
                         net (fo=1, unplaced)         0.000    27.596    zv_wdata_reg[15]_i_195_n_0
                         CARRY4 (Prop_carry4_CI_CO[3])
                                                      0.117    27.713 r  zv_wdata_reg[15]_i_194/CO[3]
                         net (fo=1, unplaced)         0.000    27.713    zv_wdata_reg[15]_i_194_n_0
                         CARRY4 (Prop_carry4_CI_CO[3])
                                                      0.117    27.830 r  zv_wdata_reg[15]_i_142/CO[3]
                         net (fo=1, unplaced)         0.000    27.830    zv_wdata_reg[15]_i_142_n_0
                         CARRY4 (Prop_carry4_CI_CO[3])
                                                      0.117    27.947 r  zv_wdata_reg[15]_i_141/CO[3]
                         net (fo=1, unplaced)         0.000    27.947    zv_wdata_reg[15]_i_141_n_0
                         CARRY4 (Prop_carry4_CI_CO[3])
                                                      0.117    28.064 r  zv_wdata_reg[15]_i_77/CO[3]
                         net (fo=1, unplaced)         0.000    28.064    zv_wdata_reg[15]_i_77_n_0
                         CARRY4 (Prop_carry4_CI_CO[3])
                                                      0.117    28.181 r  zv_wdata_reg[15]_i_76/CO[3]
                         net (fo=1, unplaced)         0.000    28.181    zv_wdata_reg[15]_i_76_n_0
                         CARRY4 (Prop_carry4_CI_CO[3])
                                                      0.117    28.298 r  zv_wdata_reg[15]_i_49/CO[3]
                         net (fo=1, unplaced)         0.000    28.298    zv_wdata_reg[15]_i_49_n_0
                         CARRY4 (Prop_carry4_CI_O[3])
                                                      0.331    28.629 r  zv_wdata_reg[15]_i_48/O[3]
                         net (fo=4, unplaced)         0.445    29.074    zv_wdata_reg[15]_i_48_n_4
                         LUT2 (Prop_lut2_I0_O)        0.332    29.406 r  zv_wdata[15]_i_20/O
                         net (fo=1, unplaced)         0.000    29.406    zv_wdata[15]_i_20_n_0
                         CARRY4 (Prop_carry4_DI[3]_CO[3])
                                                      0.429    29.835 f  zv_wdata_reg[15]_i_6/CO[3]
                         net (fo=16, unplaced)        0.802    30.637    zv_wdata_reg[15]_i_6_n_0
                         LUT3 (Prop_lut3_I2_O)        0.116    30.753 r  zv_wdata[5]_i_1/O
                         net (fo=1, unplaced)         0.000    30.753    zv_wdata[5]_i_1_n_0
                         FDRE                                         r  zv_wdata_reg[5]/D
  -------------------------------------------------------------------    -------------------

                         (clock clk rise edge)       10.000    10.000 r  <hidden>
                                                      0.000    10.000 r  clk
                         net (fo=43049, unset)        0.924    10.924    clk
                         FDRE                                         r  zv_wdata_reg[5]/C
                         clock pessimism              0.000    10.924    <hidden>
                         clock uncertainty           -0.035    10.889    <hidden>
                         FDRE (Setup_fdre_C_D)        0.044    10.933    zv_wdata_reg[5]
  -------------------------------------------------------------------
                         required time                         10.933    <hidden>
                         arrival time                         -30.753    <hidden>
  -------------------------------------------------------------------
                         slack                                -19.820    <hidden>

Slack (VIOLATED) :        -19.820ns  (required time - arrival time)
  Source:                 dj_reg[4]/C
                            (rising edge-triggered cell FDCE clocked by clk  {rise@0.000ns fall@5.000ns period=10.000ns})
  Destination:            zv_wdata_reg[7]/D
                            (rising edge-triggered cell FDRE clocked by clk  {rise@0.000ns fall@5.000ns period=10.000ns})
  Path Group:             clk
  Path Type:              Setup (Max at Slow Process Corner)
  Requirement:            10.000ns  (clk rise@10.000ns - clk rise@0.000ns)
  Data Path Delay:        29.780ns  (logic 21.873ns (73.448%)  route 7.907ns (26.552%))
  Logic Levels:           49  (CARRY4=35 DSP48E1=4 LUT1=1 LUT2=2 LUT3=2 LUT4=3 LUT6=2)
  Clock Path Skew:        -0.049ns (DCD - SCD + CPR)
    Destination Clock Delay (DCD):    0.924ns = ( 10.924 - 10.000 ) 
    Source Clock Delay      (SCD):    0.973ns
    Clock Pessimism Removal (CPR):    0.000ns
  Clock Uncertainty:      0.035ns  ((TSJ^2 + TIJ^2)^1/2 + DJ) / 2 + PE
    Total System Jitter     (TSJ):    0.071ns
    Total Input Jitter      (TIJ):    0.000ns
    Discrete Jitter          (DJ):    0.000ns
    Phase Error              (PE):    0.000ns

    Location             Delay type                Incr(ns)  Path(ns)    Netlist Resource(s)
  -------------------------------------------------------------------    -------------------
                         (clock clk rise edge)        0.000     0.000 r  <hidden>
                                                      0.000     0.000 r  clk
                         net (fo=43049, unset)        0.973     0.973    clk
                         FDCE                                         r  dj_reg[4]/C
  -------------------------------------------------------------------    -------------------
                         FDCE (Prop_fdce_C_Q)         0.478     1.451 r  dj_reg[4]/Q
                         net (fo=73, unplaced)        1.057     2.508    dj_reg_n_0_[4]
                         LUT6 (Prop_lut6_I0_O)        0.295     2.803 r  val0_i_3/O
                         net (fo=12, unplaced)        0.803     3.606    val0_i_3_n_0
                         DSP48E1 (Prop_dsp48e1_B[17]_P[1])
                                                      3.656     7.262 r  val0/P[1]
                         net (fo=1, unplaced)         0.803     8.065    val0_n_104
                         LUT2 (Prop_lut2_I1_O)        0.124     8.189 r  c4_rq5_return1__3_i_19/O
                         net (fo=1, unplaced)         0.000     8.189    c4_rq5_return1__3_i_19_n_0
                         CARRY4 (Prop_carry4_S[1]_CO[3])
                                                      0.533     8.722 r  c4_rq5_return1__3_i_4/CO[3]
                         net (fo=1, unplaced)         0.000     8.722    c4_rq5_return1__3_i_4_n_0
                         CARRY4 (Prop_carry4_CI_CO[3])
                                                      0.117     8.839 r  c4_rq5_return1__3_i_3/CO[3]
                         net (fo=1, unplaced)         0.000     8.839    c4_rq5_return1__3_i_3_n_0
                         CARRY4 (Prop_carry4_CI_CO[3])
                                                      0.117     8.956 r  c4_rq5_return1__3_i_2/CO[3]
                         net (fo=1, unplaced)         0.000     8.956    c4_rq5_return1__3_i_2_n_0
                         CARRY4 (Prop_carry4_CI_CO[3])
                                                      0.117     9.073 r  c4_rq5_return1__3_i_1/CO[3]
                         net (fo=1, unplaced)         0.000     9.073    c4_rq5_return1__3_i_1_n_0
                         CARRY4 (Prop_carry4_CI_CO[3])
                                                      0.117     9.190 r  c4_rq5_return1__0_i_5/CO[3]
                         net (fo=1, unplaced)         0.000     9.190    c4_rq5_return1__0_i_5_n_0
                         CARRY4 (Prop_carry4_CI_CO[3])
                                                      0.117     9.307 r  c4_rq5_return1__0_i_4/CO[3]
                         net (fo=1, unplaced)         0.000     9.307    c4_rq5_return1__0_i_4_n_0
                         CARRY4 (Prop_carry4_CI_CO[3])
                                                      0.117     9.424 r  c4_rq5_return1__0_i_3/CO[3]
                         net (fo=1, unplaced)         0.000     9.424    c4_rq5_return1__0_i_3_n_0
                         CARRY4 (Prop_carry4_CI_CO[3])
                                                      0.117     9.541 r  c4_rq5_return1__0_i_2/CO[3]
                         net (fo=1, unplaced)         0.000     9.541    c4_rq5_return1__0_i_2_n_0
                         CARRY4 (Prop_carry4_CI_O[1])
                                                      0.337     9.878 r  c4_rq5_return1__0_i_1/O[1]
                         net (fo=2, unplaced)         0.803    10.681    c4_rq5_return1__0_i_1_n_6
                         DSP48E1 (Prop_dsp48e1_A[16]_PCOUT[47])
                                                      4.215    14.896 r  c4_rq5_return1__0/PCOUT[47]
                         net (fo=1, unplaced)         0.000    14.896    c4_rq5_return1__0_n_106
                         DSP48E1 (Prop_dsp48e1_PCIN[47]_PCOUT[47])
                                                      1.713    16.609 r  c4_rq5_return1__1/PCOUT[47]
                         net (fo=1, unplaced)         0.000    16.609    c4_rq5_return1__1_n_106
                         DSP48E1 (Prop_dsp48e1_PCIN[47]_P[2])
                                                      1.518    18.127 r  c4_rq5_return1__2/P[2]
                         net (fo=2, unplaced)         0.803    18.929    c4_rq5_return1__2_n_103
                         LUT3 (Prop_lut3_I1_O)        0.124    19.053 r  zv_wdata[15]_i_238/O
                         net (fo=2, unplaced)         0.460    19.513    zv_wdata[15]_i_238_n_0
                         LUT4 (Prop_lut4_I3_O)        0.124    19.637 r  zv_wdata[15]_i_242/O
                         net (fo=1, unplaced)         0.000    19.637    zv_wdata[15]_i_242_n_0
                         CARRY4 (Prop_carry4_S[1]_CO[3])
                                                      0.533    20.170 r  zv_wdata_reg[15]_i_173/CO[3]
                         net (fo=1, unplaced)         0.000    20.170    zv_wdata_reg[15]_i_173_n_0
                         CARRY4 (Prop_carry4_CI_CO[3])
                                                      0.117    20.287 r  zv_wdata_reg[15]_i_114/CO[3]
                         net (fo=1, unplaced)         0.000    20.287    zv_wdata_reg[15]_i_114_n_0
                         CARRY4 (Prop_carry4_CI_O[2])
                                                      0.256    20.543 r  zv_wdata_reg[15]_i_62/O[2]
                         net (fo=128, unplaced)       0.558    21.101    c4_rq5_return1__6[63]
                         LUT4 (Prop_lut4_I2_O)        0.293    21.394 r  zv_wdata[3]_i_166/O
                         net (fo=1, unplaced)         0.000    21.394    zv_wdata[3]_i_166_n_0
                         CARRY4 (Prop_carry4_DI[0]_CO[3])
                                                      0.576    21.970 r  zv_wdata_reg[3]_i_135/CO[3]
                         net (fo=1, unplaced)         0.000    21.970    zv_wdata_reg[3]_i_135_n_0
                         CARRY4 (Prop_carry4_CI_CO[3])
                                                      0.117    22.087 r  zv_wdata_reg[3]_i_95/CO[3]
                         net (fo=1, unplaced)         0.000    22.087    zv_wdata_reg[3]_i_95_n_0
                         CARRY4 (Prop_carry4_CI_CO[3])
                                                      0.117    22.204 r  zv_wdata_reg[3]_i_56/CO[3]
                         net (fo=1, unplaced)         0.000    22.204    zv_wdata_reg[3]_i_56_n_0
                         CARRY4 (Prop_carry4_CI_CO[3])
                                                      0.117    22.321 r  zv_wdata_reg[3]_i_33/CO[3]
                         net (fo=1, unplaced)         0.000    22.321    zv_wdata_reg[3]_i_33_n_0
                         CARRY4 (Prop_carry4_CI_CO[2])
                                                      0.252    22.573 r  zv_wdata_reg[3]_i_18/CO[2]
                         net (fo=2, unplaced)         0.463    23.036    zv_wdata_reg[3]_i_18_n_1
                         LUT4 (Prop_lut4_I3_O)        0.310    23.346 r  zv_wdata[3]_i_22/O
                         net (fo=1, unplaced)         0.000    23.346    zv_wdata[3]_i_22_n_0
                         CARRY4 (Prop_carry4_S[0]_CO[3])
                                                      0.513    23.859 r  zv_wdata_reg[3]_i_12/CO[3]
                         net (fo=1, unplaced)         0.000    23.859    zv_wdata_reg[3]_i_12_n_0
                         CARRY4 (Prop_carry4_CI_CO[3])
                                                      0.117    23.976 r  zv_wdata_reg[7]_i_13/CO[3]
                         net (fo=1, unplaced)         0.000    23.976    zv_wdata_reg[7]_i_13_n_0
                         CARRY4 (Prop_carry4_CI_CO[3])
                                                      0.117    24.093 r  zv_wdata_reg[11]_i_13/CO[3]
                         net (fo=1, unplaced)         0.000    24.093    zv_wdata_reg[11]_i_13_n_0
                         CARRY4 (Prop_carry4_CI_CO[3])
                                                      0.117    24.210 r  zv_wdata_reg[15]_i_63/CO[3]
                         net (fo=1, unplaced)         0.000    24.210    zv_wdata_reg[15]_i_63_n_0
                         CARRY4 (Prop_carry4_CI_O[2])
                                                      0.256    24.466 f  zv_wdata_reg[15]_i_184/O[2]
                         net (fo=2, unplaced)         0.463    24.929    zv_wdata_reg[15]_i_184_n_5
                         LUT1 (Prop_lut1_I0_O)        0.301    25.230 r  zv_wdata[15]_i_339/O
                         net (fo=1, unplaced)         0.000    25.230    zv_wdata[15]_i_339_n_0
                         CARRY4 (Prop_carry4_S[1]_CO[3])
                                                      0.533    25.763 r  zv_wdata_reg[15]_i_289/CO[3]
                         net (fo=1, unplaced)         0.000    25.763    zv_wdata_reg[15]_i_289_n_0
                         CARRY4 (Prop_carry4_CI_O[3])
                                                      0.331    26.094 r  zv_wdata_reg[15]_i_213/O[3]
                         net (fo=1, unplaced)         0.448    26.542    c4_rq5_return0[24]
                         LUT6 (Prop_lut6_I5_O)        0.307    26.849 r  zv_wdata[15]_i_329/O
                         net (fo=1, unplaced)         0.000    26.849    zv_wdata[15]_i_329_n_0
                         CARRY4 (Prop_carry4_S[0]_CO[3])
                                                      0.513    27.362 r  zv_wdata_reg[15]_i_267/CO[3]
                         net (fo=1, unplaced)         0.000    27.362    zv_wdata_reg[15]_i_267_n_0
                         CARRY4 (Prop_carry4_CI_CO[3])
                                                      0.117    27.479 r  zv_wdata_reg[15]_i_266/CO[3]
                         net (fo=1, unplaced)         0.000    27.479    zv_wdata_reg[15]_i_266_n_0
                         CARRY4 (Prop_carry4_CI_CO[3])
                                                      0.117    27.596 r  zv_wdata_reg[15]_i_195/CO[3]
                         net (fo=1, unplaced)         0.000    27.596    zv_wdata_reg[15]_i_195_n_0
                         CARRY4 (Prop_carry4_CI_CO[3])
                                                      0.117    27.713 r  zv_wdata_reg[15]_i_194/CO[3]
                         net (fo=1, unplaced)         0.000    27.713    zv_wdata_reg[15]_i_194_n_0
                         CARRY4 (Prop_carry4_CI_CO[3])
                                                      0.117    27.830 r  zv_wdata_reg[15]_i_142/CO[3]
                         net (fo=1, unplaced)         0.000    27.830    zv_wdata_reg[15]_i_142_n_0
                         CARRY4 (Prop_carry4_CI_CO[3])
                                                      0.117    27.947 r  zv_wdata_reg[15]_i_141/CO[3]
                         net (fo=1, unplaced)         0.000    27.947    zv_wdata_reg[15]_i_141_n_0
                         CARRY4 (Prop_carry4_CI_CO[3])
                                                      0.117    28.064 r  zv_wdata_reg[15]_i_77/CO[3]
                         net (fo=1, unplaced)         0.000    28.064    zv_wdata_reg[15]_i_77_n_0
                         CARRY4 (Prop_carry4_CI_CO[3])
                                                      0.117    28.181 r  zv_wdata_reg[15]_i_76/CO[3]
                         net (fo=1, unplaced)         0.000    28.181    zv_wdata_reg[15]_i_76_n_0
                         CARRY4 (Prop_carry4_CI_CO[3])
                                                      0.117    28.298 r  zv_wdata_reg[15]_i_49/CO[3]
                         net (fo=1, unplaced)         0.000    28.298    zv_wdata_reg[15]_i_49_n_0
                         CARRY4 (Prop_carry4_CI_O[3])
                                                      0.331    28.629 r  zv_wdata_reg[15]_i_48/O[3]
                         net (fo=4, unplaced)         0.445    29.074    zv_wdata_reg[15]_i_48_n_4
                         LUT2 (Prop_lut2_I0_O)        0.332    29.406 r  zv_wdata[15]_i_20/O
                         net (fo=1, unplaced)         0.000    29.406    zv_wdata[15]_i_20_n_0
                         CARRY4 (Prop_carry4_DI[3]_CO[3])
                                                      0.429    29.835 f  zv_wdata_reg[15]_i_6/CO[3]
                         net (fo=16, unplaced)        0.802    30.637    zv_wdata_reg[15]_i_6_n_0
                         LUT3 (Prop_lut3_I2_O)        0.116    30.753 r  zv_wdata[7]_i_1/O
                         net (fo=1, unplaced)         0.000    30.753    zv_wdata[7]_i_1_n_0
                         FDRE                                         r  zv_wdata_reg[7]/D
  -------------------------------------------------------------------    -------------------

                         (clock clk rise edge)       10.000    10.000 r  <hidden>
                                                      0.000    10.000 r  clk
                         net (fo=43049, unset)        0.924    10.924    clk
                         FDRE                                         r  zv_wdata_reg[7]/C
                         clock pessimism              0.000    10.924    <hidden>
                         clock uncertainty           -0.035    10.889    <hidden>
                         FDRE (Setup_fdre_C_D)        0.044    10.933    zv_wdata_reg[7]
  -------------------------------------------------------------------
                         required time                         10.933    <hidden>
                         arrival time                         -30.753    <hidden>
  -------------------------------------------------------------------
                         slack                                -19.820    <hidden>

Slack (VIOLATED) :        -19.820ns  (required time - arrival time)
  Source:                 dj_reg[4]/C
                            (rising edge-triggered cell FDCE clocked by clk  {rise@0.000ns fall@5.000ns period=10.000ns})
  Destination:            zv_wdata_reg[9]/D
                            (rising edge-triggered cell FDRE clocked by clk  {rise@0.000ns fall@5.000ns period=10.000ns})
  Path Group:             clk
  Path Type:              Setup (Max at Slow Process Corner)
  Requirement:            10.000ns  (clk rise@10.000ns - clk rise@0.000ns)
  Data Path Delay:        29.780ns  (logic 21.873ns (73.448%)  route 7.907ns (26.552%))
  Logic Levels:           49  (CARRY4=35 DSP48E1=4 LUT1=1 LUT2=2 LUT3=2 LUT4=3 LUT6=2)
  Clock Path Skew:        -0.049ns (DCD - SCD + CPR)
    Destination Clock Delay (DCD):    0.924ns = ( 10.924 - 10.000 ) 
    Source Clock Delay      (SCD):    0.973ns
    Clock Pessimism Removal (CPR):    0.000ns
  Clock Uncertainty:      0.035ns  ((TSJ^2 + TIJ^2)^1/2 + DJ) / 2 + PE
    Total System Jitter     (TSJ):    0.071ns
    Total Input Jitter      (TIJ):    0.000ns
    Discrete Jitter          (DJ):    0.000ns
    Phase Error              (PE):    0.000ns

    Location             Delay type                Incr(ns)  Path(ns)    Netlist Resource(s)
  -------------------------------------------------------------------    -------------------
                         (clock clk rise edge)        0.000     0.000 r  <hidden>
                                                      0.000     0.000 r  clk
                         net (fo=43049, unset)        0.973     0.973    clk
                         FDCE                                         r  dj_reg[4]/C
  -------------------------------------------------------------------    -------------------
                         FDCE (Prop_fdce_C_Q)         0.478     1.451 r  dj_reg[4]/Q
                         net (fo=73, unplaced)        1.057     2.508    dj_reg_n_0_[4]
                         LUT6 (Prop_lut6_I0_O)        0.295     2.803 r  val0_i_3/O
                         net (fo=12, unplaced)        0.803     3.606    val0_i_3_n_0
                         DSP48E1 (Prop_dsp48e1_B[17]_P[1])
                                                      3.656     7.262 r  val0/P[1]
                         net (fo=1, unplaced)         0.803     8.065    val0_n_104
                         LUT2 (Prop_lut2_I1_O)        0.124     8.189 r  c4_rq5_return1__3_i_19/O
                         net (fo=1, unplaced)         0.000     8.189    c4_rq5_return1__3_i_19_n_0
                         CARRY4 (Prop_carry4_S[1]_CO[3])
                                                      0.533     8.722 r  c4_rq5_return1__3_i_4/CO[3]
                         net (fo=1, unplaced)         0.000     8.722    c4_rq5_return1__3_i_4_n_0
                         CARRY4 (Prop_carry4_CI_CO[3])
                                                      0.117     8.839 r  c4_rq5_return1__3_i_3/CO[3]
                         net (fo=1, unplaced)         0.000     8.839    c4_rq5_return1__3_i_3_n_0
                         CARRY4 (Prop_carry4_CI_CO[3])
                                                      0.117     8.956 r  c4_rq5_return1__3_i_2/CO[3]
                         net (fo=1, unplaced)         0.000     8.956    c4_rq5_return1__3_i_2_n_0
                         CARRY4 (Prop_carry4_CI_CO[3])
                                                      0.117     9.073 r  c4_rq5_return1__3_i_1/CO[3]
                         net (fo=1, unplaced)         0.000     9.073    c4_rq5_return1__3_i_1_n_0
                         CARRY4 (Prop_carry4_CI_CO[3])
                                                      0.117     9.190 r  c4_rq5_return1__0_i_5/CO[3]
                         net (fo=1, unplaced)         0.000     9.190    c4_rq5_return1__0_i_5_n_0
                         CARRY4 (Prop_carry4_CI_CO[3])
                                                      0.117     9.307 r  c4_rq5_return1__0_i_4/CO[3]
                         net (fo=1, unplaced)         0.000     9.307    c4_rq5_return1__0_i_4_n_0
                         CARRY4 (Prop_carry4_CI_CO[3])
                                                      0.117     9.424 r  c4_rq5_return1__0_i_3/CO[3]
                         net (fo=1, unplaced)         0.000     9.424    c4_rq5_return1__0_i_3_n_0
                         CARRY4 (Prop_carry4_CI_CO[3])
                                                      0.117     9.541 r  c4_rq5_return1__0_i_2/CO[3]
                         net (fo=1, unplaced)         0.000     9.541    c4_rq5_return1__0_i_2_n_0
                         CARRY4 (Prop_carry4_CI_O[1])
                                                      0.337     9.878 r  c4_rq5_return1__0_i_1/O[1]
                         net (fo=2, unplaced)         0.803    10.681    c4_rq5_return1__0_i_1_n_6
                         DSP48E1 (Prop_dsp48e1_A[16]_PCOUT[47])
                                                      4.215    14.896 r  c4_rq5_return1__0/PCOUT[47]
                         net (fo=1, unplaced)         0.000    14.896    c4_rq5_return1__0_n_106
                         DSP48E1 (Prop_dsp48e1_PCIN[47]_PCOUT[47])
                                                      1.713    16.609 r  c4_rq5_return1__1/PCOUT[47]
                         net (fo=1, unplaced)         0.000    16.609    c4_rq5_return1__1_n_106
                         DSP48E1 (Prop_dsp48e1_PCIN[47]_P[2])
                                                      1.518    18.127 r  c4_rq5_return1__2/P[2]
                         net (fo=2, unplaced)         0.803    18.929    c4_rq5_return1__2_n_103
                         LUT3 (Prop_lut3_I1_O)        0.124    19.053 r  zv_wdata[15]_i_238/O
                         net (fo=2, unplaced)         0.460    19.513    zv_wdata[15]_i_238_n_0
                         LUT4 (Prop_lut4_I3_O)        0.124    19.637 r  zv_wdata[15]_i_242/O
                         net (fo=1, unplaced)         0.000    19.637    zv_wdata[15]_i_242_n_0
                         CARRY4 (Prop_carry4_S[1]_CO[3])
                                                      0.533    20.170 r  zv_wdata_reg[15]_i_173/CO[3]
                         net (fo=1, unplaced)         0.000    20.170    zv_wdata_reg[15]_i_173_n_0
                         CARRY4 (Prop_carry4_CI_CO[3])
                                                      0.117    20.287 r  zv_wdata_reg[15]_i_114/CO[3]
                         net (fo=1, unplaced)         0.000    20.287    zv_wdata_reg[15]_i_114_n_0
                         CARRY4 (Prop_carry4_CI_O[2])
                                                      0.256    20.543 r  zv_wdata_reg[15]_i_62/O[2]
                         net (fo=128, unplaced)       0.558    21.101    c4_rq5_return1__6[63]
                         LUT4 (Prop_lut4_I2_O)        0.293    21.394 r  zv_wdata[3]_i_166/O
                         net (fo=1, unplaced)         0.000    21.394    zv_wdata[3]_i_166_n_0
                         CARRY4 (Prop_carry4_DI[0]_CO[3])
                                                      0.576    21.970 r  zv_wdata_reg[3]_i_135/CO[3]
                         net (fo=1, unplaced)         0.000    21.970    zv_wdata_reg[3]_i_135_n_0
                         CARRY4 (Prop_carry4_CI_CO[3])
                                                      0.117    22.087 r  zv_wdata_reg[3]_i_95/CO[3]
                         net (fo=1, unplaced)         0.000    22.087    zv_wdata_reg[3]_i_95_n_0
                         CARRY4 (Prop_carry4_CI_CO[3])
                                                      0.117    22.204 r  zv_wdata_reg[3]_i_56/CO[3]
                         net (fo=1, unplaced)         0.000    22.204    zv_wdata_reg[3]_i_56_n_0
                         CARRY4 (Prop_carry4_CI_CO[3])
                                                      0.117    22.321 r  zv_wdata_reg[3]_i_33/CO[3]
                         net (fo=1, unplaced)         0.000    22.321    zv_wdata_reg[3]_i_33_n_0
                         CARRY4 (Prop_carry4_CI_CO[2])
                                                      0.252    22.573 r  zv_wdata_reg[3]_i_18/CO[2]
                         net (fo=2, unplaced)         0.463    23.036    zv_wdata_reg[3]_i_18_n_1
                         LUT4 (Prop_lut4_I3_O)        0.310    23.346 r  zv_wdata[3]_i_22/O
                         net (fo=1, unplaced)         0.000    23.346    zv_wdata[3]_i_22_n_0
                         CARRY4 (Prop_carry4_S[0]_CO[3])
                                                      0.513    23.859 r  zv_wdata_reg[3]_i_12/CO[3]
                         net (fo=1, unplaced)         0.000    23.859    zv_wdata_reg[3]_i_12_n_0
                         CARRY4 (Prop_carry4_CI_CO[3])
                                                      0.117    23.976 r  zv_wdata_reg[7]_i_13/CO[3]
                         net (fo=1, unplaced)         0.000    23.976    zv_wdata_reg[7]_i_13_n_0
                         CARRY4 (Prop_carry4_CI_CO[3])
                                                      0.117    24.093 r  zv_wdata_reg[11]_i_13/CO[3]
                         net (fo=1, unplaced)         0.000    24.093    zv_wdata_reg[11]_i_13_n_0
                         CARRY4 (Prop_carry4_CI_CO[3])
                                                      0.117    24.210 r  zv_wdata_reg[15]_i_63/CO[3]
                         net (fo=1, unplaced)         0.000    24.210    zv_wdata_reg[15]_i_63_n_0
                         CARRY4 (Prop_carry4_CI_O[2])
                                                      0.256    24.466 f  zv_wdata_reg[15]_i_184/O[2]
                         net (fo=2, unplaced)         0.463    24.929    zv_wdata_reg[15]_i_184_n_5
                         LUT1 (Prop_lut1_I0_O)        0.301    25.230 r  zv_wdata[15]_i_339/O
                         net (fo=1, unplaced)         0.000    25.230    zv_wdata[15]_i_339_n_0
                         CARRY4 (Prop_carry4_S[1]_CO[3])
                                                      0.533    25.763 r  zv_wdata_reg[15]_i_289/CO[3]
                         net (fo=1, unplaced)         0.000    25.763    zv_wdata_reg[15]_i_289_n_0
                         CARRY4 (Prop_carry4_CI_O[3])
                                                      0.331    26.094 r  zv_wdata_reg[15]_i_213/O[3]
                         net (fo=1, unplaced)         0.448    26.542    c4_rq5_return0[24]
                         LUT6 (Prop_lut6_I5_O)        0.307    26.849 r  zv_wdata[15]_i_329/O
                         net (fo=1, unplaced)         0.000    26.849    zv_wdata[15]_i_329_n_0
                         CARRY4 (Prop_carry4_S[0]_CO[3])
                                                      0.513    27.362 r  zv_wdata_reg[15]_i_267/CO[3]
                         net (fo=1, unplaced)         0.000    27.362    zv_wdata_reg[15]_i_267_n_0
                         CARRY4 (Prop_carry4_CI_CO[3])
                                                      0.117    27.479 r  zv_wdata_reg[15]_i_266/CO[3]
                         net (fo=1, unplaced)         0.000    27.479    zv_wdata_reg[15]_i_266_n_0
                         CARRY4 (Prop_carry4_CI_CO[3])
                                                      0.117    27.596 r  zv_wdata_reg[15]_i_195/CO[3]
                         net (fo=1, unplaced)         0.000    27.596    zv_wdata_reg[15]_i_195_n_0
                         CARRY4 (Prop_carry4_CI_CO[3])
                                                      0.117    27.713 r  zv_wdata_reg[15]_i_194/CO[3]
                         net (fo=1, unplaced)         0.000    27.713    zv_wdata_reg[15]_i_194_n_0
                         CARRY4 (Prop_carry4_CI_CO[3])
                                                      0.117    27.830 r  zv_wdata_reg[15]_i_142/CO[3]
                         net (fo=1, unplaced)         0.000    27.830    zv_wdata_reg[15]_i_142_n_0
                         CARRY4 (Prop_carry4_CI_CO[3])
                                                      0.117    27.947 r  zv_wdata_reg[15]_i_141/CO[3]
                         net (fo=1, unplaced)         0.000    27.947    zv_wdata_reg[15]_i_141_n_0
                         CARRY4 (Prop_carry4_CI_CO[3])
                                                      0.117    28.064 r  zv_wdata_reg[15]_i_77/CO[3]
                         net (fo=1, unplaced)         0.000    28.064    zv_wdata_reg[15]_i_77_n_0
                         CARRY4 (Prop_carry4_CI_CO[3])
                                                      0.117    28.181 r  zv_wdata_reg[15]_i_76/CO[3]
                         net (fo=1, unplaced)         0.000    28.181    zv_wdata_reg[15]_i_76_n_0
                         CARRY4 (Prop_carry4_CI_CO[3])
                                                      0.117    28.298 r  zv_wdata_reg[15]_i_49/CO[3]
                         net (fo=1, unplaced)         0.000    28.298    zv_wdata_reg[15]_i_49_n_0
                         CARRY4 (Prop_carry4_CI_O[3])
                                                      0.331    28.629 r  zv_wdata_reg[15]_i_48/O[3]
                         net (fo=4, unplaced)         0.445    29.074    zv_wdata_reg[15]_i_48_n_4
                         LUT2 (Prop_lut2_I0_O)        0.332    29.406 r  zv_wdata[15]_i_20/O
                         net (fo=1, unplaced)         0.000    29.406    zv_wdata[15]_i_20_n_0
                         CARRY4 (Prop_carry4_DI[3]_CO[3])
                                                      0.429    29.835 f  zv_wdata_reg[15]_i_6/CO[3]
                         net (fo=16, unplaced)        0.802    30.637    zv_wdata_reg[15]_i_6_n_0
                         LUT3 (Prop_lut3_I2_O)        0.116    30.753 r  zv_wdata[9]_i_1/O
                         net (fo=1, unplaced)         0.000    30.753    zv_wdata[9]_i_1_n_0
                         FDRE                                         r  zv_wdata_reg[9]/D
  -------------------------------------------------------------------    -------------------

                         (clock clk rise edge)       10.000    10.000 r  <hidden>
                                                      0.000    10.000 r  clk
                         net (fo=43049, unset)        0.924    10.924    clk
                         FDRE                                         r  zv_wdata_reg[9]/C
                         clock pessimism              0.000    10.924    <hidden>
                         clock uncertainty           -0.035    10.889    <hidden>
                         FDRE (Setup_fdre_C_D)        0.044    10.933    zv_wdata_reg[9]
  -------------------------------------------------------------------
                         required time                         10.933    <hidden>
                         arrival time                         -30.753    <hidden>
  -------------------------------------------------------------------
                         slack                                -19.820    <hidden>

Slack (VIOLATED) :        -17.556ns  (required time - arrival time)
  Source:                 kv_reg[23][31][15]/C
                            (rising edge-triggered cell FDRE clocked by clk  {rise@0.000ns fall@5.000ns period=10.000ns})
  Destination:            dots_reg[0][27]/D
                            (rising edge-triggered cell FDRE clocked by clk  {rise@0.000ns fall@5.000ns period=10.000ns})
  Path Group:             clk
  Path Type:              Setup (Max at Slow Process Corner)
  Requirement:            10.000ns  (clk rise@10.000ns - clk rise@0.000ns)
  Data Path Delay:        27.516ns  (logic 20.218ns (73.476%)  route 7.298ns (26.524%))
  Logic Levels:           39  (CARRY4=25 DSP48E1=4 LUT1=1 LUT2=1 LUT3=2 LUT4=3 LUT5=1 LUT6=1 MUXF7=1)
  Clock Path Skew:        -0.049ns (DCD - SCD + CPR)
    Destination Clock Delay (DCD):    0.924ns = ( 10.924 - 10.000 ) 
    Source Clock Delay      (SCD):    0.973ns
    Clock Pessimism Removal (CPR):    0.000ns
  Clock Uncertainty:      0.035ns  ((TSJ^2 + TIJ^2)^1/2 + DJ) / 2 + PE
    Total System Jitter     (TSJ):    0.071ns
    Total Input Jitter      (TIJ):    0.000ns
    Discrete Jitter          (DJ):    0.000ns
    Phase Error              (PE):    0.000ns

    Location             Delay type                Incr(ns)  Path(ns)    Netlist Resource(s)
  -------------------------------------------------------------------    -------------------
                         (clock clk rise edge)        0.000     0.000 r  <hidden>
                                                      0.000     0.000 r  clk
                         net (fo=43049, unset)        0.973     0.973    clk
                         FDRE                                         r  kv_reg[23][31][15]/C
  -------------------------------------------------------------------    -------------------
                         FDRE (Prop_fdre_C_Q)         0.478     1.451 r  kv_reg[23][31][15]/Q
                         net (fo=1, unplaced)         0.965     2.416    kv_reg_n_0_[23][31][15]
                         LUT6 (Prop_lut6_I0_O)        0.295     2.711 r  p_0_out_i_66/O
                         net (fo=1, unplaced)         0.000     2.711    p_0_out_i_66_n_0
                         MUXF7 (Prop_muxf7_I1_O)      0.247     2.958 r  p_0_out_i_17/O
                         net (fo=1, unplaced)         0.735     3.693    p_0_out_i_17_n_0
                         LUT5 (Prop_lut5_I0_O)        0.298     3.991 r  p_0_out_i_1/O
                         net (fo=16, unplaced)        0.803     4.794    kv[15]
                         DSP48E1 (Prop_dsp48e1_A[29]_P[1])
                                                      3.841     8.635 r  p_0_out/P[1]
                         net (fo=1, unplaced)         0.803     9.438    p_0_out_n_104
                         LUT2 (Prop_lut2_I1_O)        0.124     9.562 r  p_1_out__3_i_19/O
                         net (fo=1, unplaced)         0.000     9.562    p_1_out__3_i_19_n_0
                         CARRY4 (Prop_carry4_S[1]_CO[3])
                                                      0.533    10.095 r  p_1_out__3_i_4/CO[3]
                         net (fo=1, unplaced)         0.000    10.095    p_1_out__3_i_4_n_0
                         CARRY4 (Prop_carry4_CI_CO[3])
                                                      0.117    10.212 r  p_1_out__3_i_3/CO[3]
                         net (fo=1, unplaced)         0.000    10.212    p_1_out__3_i_3_n_0
                         CARRY4 (Prop_carry4_CI_CO[3])
                                                      0.117    10.329 r  p_1_out__3_i_2/CO[3]
                         net (fo=1, unplaced)         0.000    10.329    p_1_out__3_i_2_n_0
                         CARRY4 (Prop_carry4_CI_CO[3])
                                                      0.117    10.446 r  p_1_out__3_i_1/CO[3]
                         net (fo=1, unplaced)         0.000    10.446    p_1_out__3_i_1_n_0
                         CARRY4 (Prop_carry4_CI_CO[3])
                                                      0.117    10.563 r  p_1_out__0_i_5/CO[3]
                         net (fo=1, unplaced)         0.000    10.563    p_1_out__0_i_5_n_0
                         CARRY4 (Prop_carry4_CI_CO[3])
                                                      0.117    10.680 r  p_1_out__0_i_4/CO[3]
                         net (fo=1, unplaced)         0.000    10.680    p_1_out__0_i_4_n_0
                         CARRY4 (Prop_carry4_CI_CO[3])
                                                      0.117    10.797 r  p_1_out__0_i_3/CO[3]
                         net (fo=1, unplaced)         0.000    10.797    p_1_out__0_i_3_n_0
                         CARRY4 (Prop_carry4_CI_CO[3])
                                                      0.117    10.914 r  p_1_out__0_i_2/CO[3]
                         net (fo=1, unplaced)         0.000    10.914    p_1_out__0_i_2_n_0
                         CARRY4 (Prop_carry4_CI_O[1])
                                                      0.337    11.251 r  p_1_out__0_i_1/O[1]
                         net (fo=2, unplaced)         0.803    12.054    p_1_out__0_i_1_n_6
                         DSP48E1 (Prop_dsp48e1_A[16]_PCOUT[47])
                                                      4.215    16.269 r  p_1_out__0/PCOUT[47]
                         net (fo=1, unplaced)         0.000    16.269    p_1_out__0_n_106
                         DSP48E1 (Prop_dsp48e1_PCIN[47]_PCOUT[47])
                                                      1.713    17.982 r  p_1_out__1/PCOUT[47]
                         net (fo=1, unplaced)         0.000    17.982    p_1_out__1_n_106
                         DSP48E1 (Prop_dsp48e1_PCIN[47]_P[1])
                                                      1.518    19.500 r  p_1_out__2/P[1]
                         net (fo=3, unplaced)         0.803    20.302    p_1_out__2_n_104
                         LUT3 (Prop_lut3_I1_O)        0.149    20.451 r  dots[0][31]_i_27/O
                         net (fo=2, unplaced)         0.459    20.910    dots[0][31]_i_27_n_0
                         LUT4 (Prop_lut4_I3_O)        0.355    21.265 r  dots[0][31]_i_31/O
                         net (fo=1, unplaced)         0.000    21.265    dots[0][31]_i_31_n_0
                         CARRY4 (Prop_carry4_S[0]_CO[3])
                                                      0.513    21.778 r  dots_reg[0][31]_i_15/CO[3]
                         net (fo=1, unplaced)         0.000    21.778    dots_reg[0][31]_i_15_n_0
                         CARRY4 (Prop_carry4_CI_CO[3])
                                                      0.117    21.895 r  dots_reg[0][31]_i_6/CO[3]
                         net (fo=1, unplaced)         0.000    21.895    dots_reg[0][31]_i_6_n_0
                         CARRY4 (Prop_carry4_CI_O[2])
                                                      0.256    22.151 r  dots_reg[0][31]_i_4/O[2]
                         net (fo=93, unplaced)        0.550    22.701    p_0_in
                         LUT4 (Prop_lut4_I2_O)        0.293    22.994 r  dots[0][0]_i_79/O
                         net (fo=1, unplaced)         0.000    22.994    dots[0][0]_i_79_n_0
                         CARRY4 (Prop_carry4_DI[0]_CO[3])
                                                      0.576    23.570 r  dots_reg[0][0]_i_57/CO[3]
                         net (fo=1, unplaced)         0.000    23.570    dots_reg[0][0]_i_57_n_0
                         CARRY4 (Prop_carry4_CI_CO[3])
                                                      0.117    23.687 r  dots_reg[0][0]_i_35/CO[3]
                         net (fo=1, unplaced)         0.000    23.687    dots_reg[0][0]_i_35_n_0
                         CARRY4 (Prop_carry4_CI_CO[3])
                                                      0.117    23.804 r  dots_reg[0][0]_i_15/CO[3]
                         net (fo=1, unplaced)         0.000    23.804    dots_reg[0][0]_i_15_n_0
                         CARRY4 (Prop_carry4_CI_CO[3])
                                                      0.117    23.921 r  dots_reg[0][0]_i_7/CO[3]
                         net (fo=1, unplaced)         0.000    23.921    dots_reg[0][0]_i_7_n_0
                         CARRY4 (Prop_carry4_CI_CO[2])
                                                      0.252    24.173 r  dots_reg[0][0]_i_2/CO[2]
                         net (fo=2, unplaced)         0.463    24.636    dots_reg[0][0]_i_2_n_1
                         LUT4 (Prop_lut4_I3_O)        0.310    24.946 r  dots[0][0]_i_6/O
                         net (fo=1, unplaced)         0.000    24.946    dots[0][0]_i_6_n_0
                         CARRY4 (Prop_carry4_S[0]_CO[3])
                                                      0.513    25.459 r  dots_reg[0][0]_i_1/CO[3]
                         net (fo=1, unplaced)         0.000    25.459    dots_reg[0][0]_i_1_n_0
                         CARRY4 (Prop_carry4_CI_CO[3])
                                                      0.117    25.576 r  dots_reg[0][7]_i_2/CO[3]
                         net (fo=1, unplaced)         0.000    25.576    dots_reg[0][7]_i_2_n_0
                         CARRY4 (Prop_carry4_CI_CO[3])
                                                      0.117    25.693 r  dots_reg[0][11]_i_2/CO[3]
                         net (fo=1, unplaced)         0.000    25.693    dots_reg[0][11]_i_2_n_0
                         CARRY4 (Prop_carry4_CI_CO[3])
                                                      0.117    25.810 r  dots_reg[0][15]_i_2/CO[3]
                         net (fo=1, unplaced)         0.000    25.810    dots_reg[0][15]_i_2_n_0
                         CARRY4 (Prop_carry4_CI_CO[3])
                                                      0.117    25.927 r  dots_reg[0][19]_i_2/CO[3]
                         net (fo=1, unplaced)         0.000    25.927    dots_reg[0][19]_i_2_n_0
                         CARRY4 (Prop_carry4_CI_O[2])
                                                      0.256    26.183 f  dots_reg[0][23]_i_2/O[2]
                         net (fo=2, unplaced)         0.463    26.646    p_2_out[22]
                         LUT1 (Prop_lut1_I0_O)        0.301    26.947 r  dots[0][24]_i_5/O
                         net (fo=1, unplaced)         0.000    26.947    dots[0][24]_i_5_n_0
                         CARRY4 (Prop_carry4_S[1]_CO[3])
                                                      0.533    27.480 r  dots_reg[0][24]_i_2/CO[3]
                         net (fo=1, unplaced)         0.000    27.480    dots_reg[0][24]_i_2_n_0
                         CARRY4 (Prop_carry4_CI_O[2])
                                                      0.256    27.736 r  dots_reg[0][31]_i_5/O[2]
                         net (fo=1, unplaced)         0.452    28.188    dots_reg[0][31]_i_5_n_5
                         LUT3 (Prop_lut3_I0_O)        0.301    28.489 r  dots[0][27]_i_1/O
                         net (fo=24, unplaced)        0.000    28.489    c4_rq1_return[27]
                         FDRE                                         r  dots_reg[0][27]/D
  -------------------------------------------------------------------    -------------------

                         (clock clk rise edge)       10.000    10.000 r  <hidden>
                                                      0.000    10.000 r  clk
                         net (fo=43049, unset)        0.924    10.924    clk
                         FDRE                                         r  dots_reg[0][27]/C
                         clock pessimism              0.000    10.924    <hidden>
                         clock uncertainty           -0.035    10.889    <hidden>
                         FDRE (Setup_fdre_C_D)        0.044    10.933    dots_reg[0][27]
  -------------------------------------------------------------------
                         required time                         10.933    <hidden>
                         arrival time                         -28.489    <hidden>
  -------------------------------------------------------------------
                         slack                                -17.556    <hidden>

Slack (VIOLATED) :        -17.556ns  (required time - arrival time)
  Source:                 kv_reg[23][31][15]/C
                            (rising edge-triggered cell FDRE clocked by clk  {rise@0.000ns fall@5.000ns period=10.000ns})
  Destination:            dots_reg[10][27]/D
                            (rising edge-triggered cell FDRE clocked by clk  {rise@0.000ns fall@5.000ns period=10.000ns})
  Path Group:             clk
  Path Type:              Setup (Max at Slow Process Corner)
  Requirement:            10.000ns  (clk rise@10.000ns - clk rise@0.000ns)
  Data Path Delay:        27.516ns  (logic 20.218ns (73.476%)  route 7.298ns (26.524%))
  Logic Levels:           39  (CARRY4=25 DSP48E1=4 LUT1=1 LUT2=1 LUT3=2 LUT4=3 LUT5=1 LUT6=1 MUXF7=1)
  Clock Path Skew:        -0.049ns (DCD - SCD + CPR)
    Destination Clock Delay (DCD):    0.924ns = ( 10.924 - 10.000 ) 
    Source Clock Delay      (SCD):    0.973ns
    Clock Pessimism Removal (CPR):    0.000ns
  Clock Uncertainty:      0.035ns  ((TSJ^2 + TIJ^2)^1/2 + DJ) / 2 + PE
    Total System Jitter     (TSJ):    0.071ns
    Total Input Jitter      (TIJ):    0.000ns
    Discrete Jitter          (DJ):    0.000ns
    Phase Error              (PE):    0.000ns

    Location             Delay type                Incr(ns)  Path(ns)    Netlist Resource(s)
  -------------------------------------------------------------------    -------------------
                         (clock clk rise edge)        0.000     0.000 r  <hidden>
                                                      0.000     0.000 r  clk
                         net (fo=43049, unset)        0.973     0.973    clk
                         FDRE                                         r  kv_reg[23][31][15]/C
  -------------------------------------------------------------------    -------------------
                         FDRE (Prop_fdre_C_Q)         0.478     1.451 r  kv_reg[23][31][15]/Q
                         net (fo=1, unplaced)         0.965     2.416    kv_reg_n_0_[23][31][15]
                         LUT6 (Prop_lut6_I0_O)        0.295     2.711 r  p_0_out_i_66/O
                         net (fo=1, unplaced)         0.000     2.711    p_0_out_i_66_n_0
                         MUXF7 (Prop_muxf7_I1_O)      0.247     2.958 r  p_0_out_i_17/O
                         net (fo=1, unplaced)         0.735     3.693    p_0_out_i_17_n_0
                         LUT5 (Prop_lut5_I0_O)        0.298     3.991 r  p_0_out_i_1/O
                         net (fo=16, unplaced)        0.803     4.794    kv[15]
                         DSP48E1 (Prop_dsp48e1_A[29]_P[1])
                                                      3.841     8.635 r  p_0_out/P[1]
                         net (fo=1, unplaced)         0.803     9.438    p_0_out_n_104
                         LUT2 (Prop_lut2_I1_O)        0.124     9.562 r  p_1_out__3_i_19/O
                         net (fo=1, unplaced)         0.000     9.562    p_1_out__3_i_19_n_0
                         CARRY4 (Prop_carry4_S[1]_CO[3])
                                                      0.533    10.095 r  p_1_out__3_i_4/CO[3]
                         net (fo=1, unplaced)         0.000    10.095    p_1_out__3_i_4_n_0
                         CARRY4 (Prop_carry4_CI_CO[3])
                                                      0.117    10.212 r  p_1_out__3_i_3/CO[3]
                         net (fo=1, unplaced)         0.000    10.212    p_1_out__3_i_3_n_0
                         CARRY4 (Prop_carry4_CI_CO[3])
                                                      0.117    10.329 r  p_1_out__3_i_2/CO[3]
                         net (fo=1, unplaced)         0.000    10.329    p_1_out__3_i_2_n_0
                         CARRY4 (Prop_carry4_CI_CO[3])
                                                      0.117    10.446 r  p_1_out__3_i_1/CO[3]
                         net (fo=1, unplaced)         0.000    10.446    p_1_out__3_i_1_n_0
                         CARRY4 (Prop_carry4_CI_CO[3])
                                                      0.117    10.563 r  p_1_out__0_i_5/CO[3]
                         net (fo=1, unplaced)         0.000    10.563    p_1_out__0_i_5_n_0
                         CARRY4 (Prop_carry4_CI_CO[3])
                                                      0.117    10.680 r  p_1_out__0_i_4/CO[3]
                         net (fo=1, unplaced)         0.000    10.680    p_1_out__0_i_4_n_0
                         CARRY4 (Prop_carry4_CI_CO[3])
                                                      0.117    10.797 r  p_1_out__0_i_3/CO[3]
                         net (fo=1, unplaced)         0.000    10.797    p_1_out__0_i_3_n_0
                         CARRY4 (Prop_carry4_CI_CO[3])
                                                      0.117    10.914 r  p_1_out__0_i_2/CO[3]
                         net (fo=1, unplaced)         0.000    10.914    p_1_out__0_i_2_n_0
                         CARRY4 (Prop_carry4_CI_O[1])
                                                      0.337    11.251 r  p_1_out__0_i_1/O[1]
                         net (fo=2, unplaced)         0.803    12.054    p_1_out__0_i_1_n_6
                         DSP48E1 (Prop_dsp48e1_A[16]_PCOUT[47])
                                                      4.215    16.269 r  p_1_out__0/PCOUT[47]
                         net (fo=1, unplaced)         0.000    16.269    p_1_out__0_n_106
                         DSP48E1 (Prop_dsp48e1_PCIN[47]_PCOUT[47])
                                                      1.713    17.982 r  p_1_out__1/PCOUT[47]
                         net (fo=1, unplaced)         0.000    17.982    p_1_out__1_n_106
                         DSP48E1 (Prop_dsp48e1_PCIN[47]_P[1])
                                                      1.518    19.500 r  p_1_out__2/P[1]
                         net (fo=3, unplaced)         0.803    20.302    p_1_out__2_n_104
                         LUT3 (Prop_lut3_I1_O)        0.149    20.451 r  dots[0][31]_i_27/O
                         net (fo=2, unplaced)         0.459    20.910    dots[0][31]_i_27_n_0
                         LUT4 (Prop_lut4_I3_O)        0.355    21.265 r  dots[0][31]_i_31/O
                         net (fo=1, unplaced)         0.000    21.265    dots[0][31]_i_31_n_0
                         CARRY4 (Prop_carry4_S[0]_CO[3])
                                                      0.513    21.778 r  dots_reg[0][31]_i_15/CO[3]
                         net (fo=1, unplaced)         0.000    21.778    dots_reg[0][31]_i_15_n_0
                         CARRY4 (Prop_carry4_CI_CO[3])
                                                      0.117    21.895 r  dots_reg[0][31]_i_6/CO[3]
                         net (fo=1, unplaced)         0.000    21.895    dots_reg[0][31]_i_6_n_0
                         CARRY4 (Prop_carry4_CI_O[2])
                                                      0.256    22.151 r  dots_reg[0][31]_i_4/O[2]
                         net (fo=93, unplaced)        0.550    22.701    p_0_in
                         LUT4 (Prop_lut4_I2_O)        0.293    22.994 r  dots[0][0]_i_79/O
                         net (fo=1, unplaced)         0.000    22.994    dots[0][0]_i_79_n_0
                         CARRY4 (Prop_carry4_DI[0]_CO[3])
                                                      0.576    23.570 r  dots_reg[0][0]_i_57/CO[3]
                         net (fo=1, unplaced)         0.000    23.570    dots_reg[0][0]_i_57_n_0
                         CARRY4 (Prop_carry4_CI_CO[3])
                                                      0.117    23.687 r  dots_reg[0][0]_i_35/CO[3]
                         net (fo=1, unplaced)         0.000    23.687    dots_reg[0][0]_i_35_n_0
                         CARRY4 (Prop_carry4_CI_CO[3])
                                                      0.117    23.804 r  dots_reg[0][0]_i_15/CO[3]
                         net (fo=1, unplaced)         0.000    23.804    dots_reg[0][0]_i_15_n_0
                         CARRY4 (Prop_carry4_CI_CO[3])
                                                      0.117    23.921 r  dots_reg[0][0]_i_7/CO[3]
                         net (fo=1, unplaced)         0.000    23.921    dots_reg[0][0]_i_7_n_0
                         CARRY4 (Prop_carry4_CI_CO[2])
                                                      0.252    24.173 r  dots_reg[0][0]_i_2/CO[2]
                         net (fo=2, unplaced)         0.463    24.636    dots_reg[0][0]_i_2_n_1
                         LUT4 (Prop_lut4_I3_O)        0.310    24.946 r  dots[0][0]_i_6/O
                         net (fo=1, unplaced)         0.000    24.946    dots[0][0]_i_6_n_0
                         CARRY4 (Prop_carry4_S[0]_CO[3])
                                                      0.513    25.459 r  dots_reg[0][0]_i_1/CO[3]
                         net (fo=1, unplaced)         0.000    25.459    dots_reg[0][0]_i_1_n_0
                         CARRY4 (Prop_carry4_CI_CO[3])
                                                      0.117    25.576 r  dots_reg[0][7]_i_2/CO[3]
                         net (fo=1, unplaced)         0.000    25.576    dots_reg[0][7]_i_2_n_0
                         CARRY4 (Prop_carry4_CI_CO[3])
                                                      0.117    25.693 r  dots_reg[0][11]_i_2/CO[3]
                         net (fo=1, unplaced)         0.000    25.693    dots_reg[0][11]_i_2_n_0
                         CARRY4 (Prop_carry4_CI_CO[3])
                                                      0.117    25.810 r  dots_reg[0][15]_i_2/CO[3]
                         net (fo=1, unplaced)         0.000    25.810    dots_reg[0][15]_i_2_n_0
                         CARRY4 (Prop_carry4_CI_CO[3])
                                                      0.117    25.927 r  dots_reg[0][19]_i_2/CO[3]
                         net (fo=1, unplaced)         0.000    25.927    dots_reg[0][19]_i_2_n_0
                         CARRY4 (Prop_carry4_CI_O[2])
                                                      0.256    26.183 f  dots_reg[0][23]_i_2/O[2]
                         net (fo=2, unplaced)         0.463    26.646    p_2_out[22]
                         LUT1 (Prop_lut1_I0_O)        0.301    26.947 r  dots[0][24]_i_5/O
                         net (fo=1, unplaced)         0.000    26.947    dots[0][24]_i_5_n_0
                         CARRY4 (Prop_carry4_S[1]_CO[3])
                                                      0.533    27.480 r  dots_reg[0][24]_i_2/CO[3]
                         net (fo=1, unplaced)         0.000    27.480    dots_reg[0][24]_i_2_n_0
                         CARRY4 (Prop_carry4_CI_O[2])
                                                      0.256    27.736 r  dots_reg[0][31]_i_5/O[2]
                         net (fo=1, unplaced)         0.452    28.188    dots_reg[0][31]_i_5_n_5
                         LUT3 (Prop_lut3_I0_O)        0.301    28.489 r  dots[0][27]_i_1/O
                         net (fo=24, unplaced)        0.000    28.489    c4_rq1_return[27]
                         FDRE                                         r  dots_reg[10][27]/D
  -------------------------------------------------------------------    -------------------

                         (clock clk rise edge)       10.000    10.000 r  <hidden>
                                                      0.000    10.000 r  clk
                         net (fo=43049, unset)        0.924    10.924    clk
                         FDRE                                         r  dots_reg[10][27]/C
                         clock pessimism              0.000    10.924    <hidden>
                         clock uncertainty           -0.035    10.889    <hidden>
                         FDRE (Setup_fdre_C_D)        0.044    10.933    dots_reg[10][27]
  -------------------------------------------------------------------
                         required time                         10.933    <hidden>
                         arrival time                         -28.489    <hidden>
  -------------------------------------------------------------------
                         slack                                -17.556    <hidden>

Slack (VIOLATED) :        -17.556ns  (required time - arrival time)
  Source:                 kv_reg[23][31][15]/C
                            (rising edge-triggered cell FDRE clocked by clk  {rise@0.000ns fall@5.000ns period=10.000ns})
  Destination:            dots_reg[11][27]/D
                            (rising edge-triggered cell FDRE clocked by clk  {rise@0.000ns fall@5.000ns period=10.000ns})
  Path Group:             clk
  Path Type:              Setup (Max at Slow Process Corner)
  Requirement:            10.000ns  (clk rise@10.000ns - clk rise@0.000ns)
  Data Path Delay:        27.516ns  (logic 20.218ns (73.476%)  route 7.298ns (26.524%))
  Logic Levels:           39  (CARRY4=25 DSP48E1=4 LUT1=1 LUT2=1 LUT3=2 LUT4=3 LUT5=1 LUT6=1 MUXF7=1)
  Clock Path Skew:        -0.049ns (DCD - SCD + CPR)
    Destination Clock Delay (DCD):    0.924ns = ( 10.924 - 10.000 ) 
    Source Clock Delay      (SCD):    0.973ns
    Clock Pessimism Removal (CPR):    0.000ns
  Clock Uncertainty:      0.035ns  ((TSJ^2 + TIJ^2)^1/2 + DJ) / 2 + PE
    Total System Jitter     (TSJ):    0.071ns
    Total Input Jitter      (TIJ):    0.000ns
    Discrete Jitter          (DJ):    0.000ns
    Phase Error              (PE):    0.000ns

    Location             Delay type                Incr(ns)  Path(ns)    Netlist Resource(s)
  -------------------------------------------------------------------    -------------------
                         (clock clk rise edge)        0.000     0.000 r  <hidden>
                                                      0.000     0.000 r  clk
                         net (fo=43049, unset)        0.973     0.973    clk
                         FDRE                                         r  kv_reg[23][31][15]/C
  -------------------------------------------------------------------    -------------------
                         FDRE (Prop_fdre_C_Q)         0.478     1.451 r  kv_reg[23][31][15]/Q
                         net (fo=1, unplaced)         0.965     2.416    kv_reg_n_0_[23][31][15]
                         LUT6 (Prop_lut6_I0_O)        0.295     2.711 r  p_0_out_i_66/O
                         net (fo=1, unplaced)         0.000     2.711    p_0_out_i_66_n_0
                         MUXF7 (Prop_muxf7_I1_O)      0.247     2.958 r  p_0_out_i_17/O
                         net (fo=1, unplaced)         0.735     3.693    p_0_out_i_17_n_0
                         LUT5 (Prop_lut5_I0_O)        0.298     3.991 r  p_0_out_i_1/O
                         net (fo=16, unplaced)        0.803     4.794    kv[15]
                         DSP48E1 (Prop_dsp48e1_A[29]_P[1])
                                                      3.841     8.635 r  p_0_out/P[1]
                         net (fo=1, unplaced)         0.803     9.438    p_0_out_n_104
                         LUT2 (Prop_lut2_I1_O)        0.124     9.562 r  p_1_out__3_i_19/O
                         net (fo=1, unplaced)         0.000     9.562    p_1_out__3_i_19_n_0
                         CARRY4 (Prop_carry4_S[1]_CO[3])
                                                      0.533    10.095 r  p_1_out__3_i_4/CO[3]
                         net (fo=1, unplaced)         0.000    10.095    p_1_out__3_i_4_n_0
                         CARRY4 (Prop_carry4_CI_CO[3])
                                                      0.117    10.212 r  p_1_out__3_i_3/CO[3]
                         net (fo=1, unplaced)         0.000    10.212    p_1_out__3_i_3_n_0
                         CARRY4 (Prop_carry4_CI_CO[3])
                                                      0.117    10.329 r  p_1_out__3_i_2/CO[3]
                         net (fo=1, unplaced)         0.000    10.329    p_1_out__3_i_2_n_0
                         CARRY4 (Prop_carry4_CI_CO[3])
                                                      0.117    10.446 r  p_1_out__3_i_1/CO[3]
                         net (fo=1, unplaced)         0.000    10.446    p_1_out__3_i_1_n_0
                         CARRY4 (Prop_carry4_CI_CO[3])
                                                      0.117    10.563 r  p_1_out__0_i_5/CO[3]
                         net (fo=1, unplaced)         0.000    10.563    p_1_out__0_i_5_n_0
                         CARRY4 (Prop_carry4_CI_CO[3])
                                                      0.117    10.680 r  p_1_out__0_i_4/CO[3]
                         net (fo=1, unplaced)         0.000    10.680    p_1_out__0_i_4_n_0
                         CARRY4 (Prop_carry4_CI_CO[3])
                                                      0.117    10.797 r  p_1_out__0_i_3/CO[3]
                         net (fo=1, unplaced)         0.000    10.797    p_1_out__0_i_3_n_0
                         CARRY4 (Prop_carry4_CI_CO[3])
                                                      0.117    10.914 r  p_1_out__0_i_2/CO[3]
                         net (fo=1, unplaced)         0.000    10.914    p_1_out__0_i_2_n_0
                         CARRY4 (Prop_carry4_CI_O[1])
                                                      0.337    11.251 r  p_1_out__0_i_1/O[1]
                         net (fo=2, unplaced)         0.803    12.054    p_1_out__0_i_1_n_6
                         DSP48E1 (Prop_dsp48e1_A[16]_PCOUT[47])
                                                      4.215    16.269 r  p_1_out__0/PCOUT[47]
                         net (fo=1, unplaced)         0.000    16.269    p_1_out__0_n_106
                         DSP48E1 (Prop_dsp48e1_PCIN[47]_PCOUT[47])
                                                      1.713    17.982 r  p_1_out__1/PCOUT[47]
                         net (fo=1, unplaced)         0.000    17.982    p_1_out__1_n_106
                         DSP48E1 (Prop_dsp48e1_PCIN[47]_P[1])
                                                      1.518    19.500 r  p_1_out__2/P[1]
                         net (fo=3, unplaced)         0.803    20.302    p_1_out__2_n_104
                         LUT3 (Prop_lut3_I1_O)        0.149    20.451 r  dots[0][31]_i_27/O
                         net (fo=2, unplaced)         0.459    20.910    dots[0][31]_i_27_n_0
                         LUT4 (Prop_lut4_I3_O)        0.355    21.265 r  dots[0][31]_i_31/O
                         net (fo=1, unplaced)         0.000    21.265    dots[0][31]_i_31_n_0
                         CARRY4 (Prop_carry4_S[0]_CO[3])
                                                      0.513    21.778 r  dots_reg[0][31]_i_15/CO[3]
                         net (fo=1, unplaced)         0.000    21.778    dots_reg[0][31]_i_15_n_0
                         CARRY4 (Prop_carry4_CI_CO[3])
                                                      0.117    21.895 r  dots_reg[0][31]_i_6/CO[3]
                         net (fo=1, unplaced)         0.000    21.895    dots_reg[0][31]_i_6_n_0
                         CARRY4 (Prop_carry4_CI_O[2])
                                                      0.256    22.151 r  dots_reg[0][31]_i_4/O[2]
                         net (fo=93, unplaced)        0.550    22.701    p_0_in
                         LUT4 (Prop_lut4_I2_O)        0.293    22.994 r  dots[0][0]_i_79/O
                         net (fo=1, unplaced)         0.000    22.994    dots[0][0]_i_79_n_0
                         CARRY4 (Prop_carry4_DI[0]_CO[3])
                                                      0.576    23.570 r  dots_reg[0][0]_i_57/CO[3]
                         net (fo=1, unplaced)         0.000    23.570    dots_reg[0][0]_i_57_n_0
                         CARRY4 (Prop_carry4_CI_CO[3])
                                                      0.117    23.687 r  dots_reg[0][0]_i_35/CO[3]
                         net (fo=1, unplaced)         0.000    23.687    dots_reg[0][0]_i_35_n_0
                         CARRY4 (Prop_carry4_CI_CO[3])
                                                      0.117    23.804 r  dots_reg[0][0]_i_15/CO[3]
                         net (fo=1, unplaced)         0.000    23.804    dots_reg[0][0]_i_15_n_0
                         CARRY4 (Prop_carry4_CI_CO[3])
                                                      0.117    23.921 r  dots_reg[0][0]_i_7/CO[3]
                         net (fo=1, unplaced)         0.000    23.921    dots_reg[0][0]_i_7_n_0
                         CARRY4 (Prop_carry4_CI_CO[2])
                                                      0.252    24.173 r  dots_reg[0][0]_i_2/CO[2]
                         net (fo=2, unplaced)         0.463    24.636    dots_reg[0][0]_i_2_n_1
                         LUT4 (Prop_lut4_I3_O)        0.310    24.946 r  dots[0][0]_i_6/O
                         net (fo=1, unplaced)         0.000    24.946    dots[0][0]_i_6_n_0
                         CARRY4 (Prop_carry4_S[0]_CO[3])
                                                      0.513    25.459 r  dots_reg[0][0]_i_1/CO[3]
                         net (fo=1, unplaced)         0.000    25.459    dots_reg[0][0]_i_1_n_0
                         CARRY4 (Prop_carry4_CI_CO[3])
                                                      0.117    25.576 r  dots_reg[0][7]_i_2/CO[3]
                         net (fo=1, unplaced)         0.000    25.576    dots_reg[0][7]_i_2_n_0
                         CARRY4 (Prop_carry4_CI_CO[3])
                                                      0.117    25.693 r  dots_reg[0][11]_i_2/CO[3]
                         net (fo=1, unplaced)         0.000    25.693    dots_reg[0][11]_i_2_n_0
                         CARRY4 (Prop_carry4_CI_CO[3])
                                                      0.117    25.810 r  dots_reg[0][15]_i_2/CO[3]
                         net (fo=1, unplaced)         0.000    25.810    dots_reg[0][15]_i_2_n_0
                         CARRY4 (Prop_carry4_CI_CO[3])
                                                      0.117    25.927 r  dots_reg[0][19]_i_2/CO[3]
                         net (fo=1, unplaced)         0.000    25.927    dots_reg[0][19]_i_2_n_0
                         CARRY4 (Prop_carry4_CI_O[2])
                                                      0.256    26.183 f  dots_reg[0][23]_i_2/O[2]
                         net (fo=2, unplaced)         0.463    26.646    p_2_out[22]
                         LUT1 (Prop_lut1_I0_O)        0.301    26.947 r  dots[0][24]_i_5/O
                         net (fo=1, unplaced)         0.000    26.947    dots[0][24]_i_5_n_0
                         CARRY4 (Prop_carry4_S[1]_CO[3])
                                                      0.533    27.480 r  dots_reg[0][24]_i_2/CO[3]
                         net (fo=1, unplaced)         0.000    27.480    dots_reg[0][24]_i_2_n_0
                         CARRY4 (Prop_carry4_CI_O[2])
                                                      0.256    27.736 r  dots_reg[0][31]_i_5/O[2]
                         net (fo=1, unplaced)         0.452    28.188    dots_reg[0][31]_i_5_n_5
                         LUT3 (Prop_lut3_I0_O)        0.301    28.489 r  dots[0][27]_i_1/O
                         net (fo=24, unplaced)        0.000    28.489    c4_rq1_return[27]
                         FDRE                                         r  dots_reg[11][27]/D
  -------------------------------------------------------------------    -------------------

                         (clock clk rise edge)       10.000    10.000 r  <hidden>
                                                      0.000    10.000 r  clk
                         net (fo=43049, unset)        0.924    10.924    clk
                         FDRE                                         r  dots_reg[11][27]/C
                         clock pessimism              0.000    10.924    <hidden>
                         clock uncertainty           -0.035    10.889    <hidden>
                         FDRE (Setup_fdre_C_D)        0.044    10.933    dots_reg[11][27]
  -------------------------------------------------------------------
                         required time                         10.933    <hidden>
                         arrival time                         -28.489    <hidden>
  -------------------------------------------------------------------
                         slack                                -17.556    <hidden>

Slack (VIOLATED) :        -17.556ns  (required time - arrival time)
  Source:                 kv_reg[23][31][15]/C
                            (rising edge-triggered cell FDRE clocked by clk  {rise@0.000ns fall@5.000ns period=10.000ns})
  Destination:            dots_reg[12][27]/D
                            (rising edge-triggered cell FDRE clocked by clk  {rise@0.000ns fall@5.000ns period=10.000ns})
  Path Group:             clk
  Path Type:              Setup (Max at Slow Process Corner)
  Requirement:            10.000ns  (clk rise@10.000ns - clk rise@0.000ns)
  Data Path Delay:        27.516ns  (logic 20.218ns (73.476%)  route 7.298ns (26.524%))
  Logic Levels:           39  (CARRY4=25 DSP48E1=4 LUT1=1 LUT2=1 LUT3=2 LUT4=3 LUT5=1 LUT6=1 MUXF7=1)
  Clock Path Skew:        -0.049ns (DCD - SCD + CPR)
    Destination Clock Delay (DCD):    0.924ns = ( 10.924 - 10.000 ) 
    Source Clock Delay      (SCD):    0.973ns
    Clock Pessimism Removal (CPR):    0.000ns
  Clock Uncertainty:      0.035ns  ((TSJ^2 + TIJ^2)^1/2 + DJ) / 2 + PE
    Total System Jitter     (TSJ):    0.071ns
    Total Input Jitter      (TIJ):    0.000ns
    Discrete Jitter          (DJ):    0.000ns
    Phase Error              (PE):    0.000ns

    Location             Delay type                Incr(ns)  Path(ns)    Netlist Resource(s)
  -------------------------------------------------------------------    -------------------
                         (clock clk rise edge)        0.000     0.000 r  <hidden>
                                                      0.000     0.000 r  clk
                         net (fo=43049, unset)        0.973     0.973    clk
                         FDRE                                         r  kv_reg[23][31][15]/C
  -------------------------------------------------------------------    -------------------
                         FDRE (Prop_fdre_C_Q)         0.478     1.451 r  kv_reg[23][31][15]/Q
                         net (fo=1, unplaced)         0.965     2.416    kv_reg_n_0_[23][31][15]
                         LUT6 (Prop_lut6_I0_O)        0.295     2.711 r  p_0_out_i_66/O
                         net (fo=1, unplaced)         0.000     2.711    p_0_out_i_66_n_0
                         MUXF7 (Prop_muxf7_I1_O)      0.247     2.958 r  p_0_out_i_17/O
                         net (fo=1, unplaced)         0.735     3.693    p_0_out_i_17_n_0
                         LUT5 (Prop_lut5_I0_O)        0.298     3.991 r  p_0_out_i_1/O
                         net (fo=16, unplaced)        0.803     4.794    kv[15]
                         DSP48E1 (Prop_dsp48e1_A[29]_P[1])
                                                      3.841     8.635 r  p_0_out/P[1]
                         net (fo=1, unplaced)         0.803     9.438    p_0_out_n_104
                         LUT2 (Prop_lut2_I1_O)        0.124     9.562 r  p_1_out__3_i_19/O
                         net (fo=1, unplaced)         0.000     9.562    p_1_out__3_i_19_n_0
                         CARRY4 (Prop_carry4_S[1]_CO[3])
                                                      0.533    10.095 r  p_1_out__3_i_4/CO[3]
                         net (fo=1, unplaced)         0.000    10.095    p_1_out__3_i_4_n_0
                         CARRY4 (Prop_carry4_CI_CO[3])
                                                      0.117    10.212 r  p_1_out__3_i_3/CO[3]
                         net (fo=1, unplaced)         0.000    10.212    p_1_out__3_i_3_n_0
                         CARRY4 (Prop_carry4_CI_CO[3])
                                                      0.117    10.329 r  p_1_out__3_i_2/CO[3]
                         net (fo=1, unplaced)         0.000    10.329    p_1_out__3_i_2_n_0
                         CARRY4 (Prop_carry4_CI_CO[3])
                                                      0.117    10.446 r  p_1_out__3_i_1/CO[3]
                         net (fo=1, unplaced)         0.000    10.446    p_1_out__3_i_1_n_0
                         CARRY4 (Prop_carry4_CI_CO[3])
                                                      0.117    10.563 r  p_1_out__0_i_5/CO[3]
                         net (fo=1, unplaced)         0.000    10.563    p_1_out__0_i_5_n_0
                         CARRY4 (Prop_carry4_CI_CO[3])
                                                      0.117    10.680 r  p_1_out__0_i_4/CO[3]
                         net (fo=1, unplaced)         0.000    10.680    p_1_out__0_i_4_n_0
                         CARRY4 (Prop_carry4_CI_CO[3])
                                                      0.117    10.797 r  p_1_out__0_i_3/CO[3]
                         net (fo=1, unplaced)         0.000    10.797    p_1_out__0_i_3_n_0
                         CARRY4 (Prop_carry4_CI_CO[3])
                                                      0.117    10.914 r  p_1_out__0_i_2/CO[3]
                         net (fo=1, unplaced)         0.000    10.914    p_1_out__0_i_2_n_0
                         CARRY4 (Prop_carry4_CI_O[1])
                                                      0.337    11.251 r  p_1_out__0_i_1/O[1]
                         net (fo=2, unplaced)         0.803    12.054    p_1_out__0_i_1_n_6
                         DSP48E1 (Prop_dsp48e1_A[16]_PCOUT[47])
                                                      4.215    16.269 r  p_1_out__0/PCOUT[47]
                         net (fo=1, unplaced)         0.000    16.269    p_1_out__0_n_106
                         DSP48E1 (Prop_dsp48e1_PCIN[47]_PCOUT[47])
                                                      1.713    17.982 r  p_1_out__1/PCOUT[47]
                         net (fo=1, unplaced)         0.000    17.982    p_1_out__1_n_106
                         DSP48E1 (Prop_dsp48e1_PCIN[47]_P[1])
                                                      1.518    19.500 r  p_1_out__2/P[1]
                         net (fo=3, unplaced)         0.803    20.302    p_1_out__2_n_104
                         LUT3 (Prop_lut3_I1_O)        0.149    20.451 r  dots[0][31]_i_27/O
                         net (fo=2, unplaced)         0.459    20.910    dots[0][31]_i_27_n_0
                         LUT4 (Prop_lut4_I3_O)        0.355    21.265 r  dots[0][31]_i_31/O
                         net (fo=1, unplaced)         0.000    21.265    dots[0][31]_i_31_n_0
                         CARRY4 (Prop_carry4_S[0]_CO[3])
                                                      0.513    21.778 r  dots_reg[0][31]_i_15/CO[3]
                         net (fo=1, unplaced)         0.000    21.778    dots_reg[0][31]_i_15_n_0
                         CARRY4 (Prop_carry4_CI_CO[3])
                                                      0.117    21.895 r  dots_reg[0][31]_i_6/CO[3]
                         net (fo=1, unplaced)         0.000    21.895    dots_reg[0][31]_i_6_n_0
                         CARRY4 (Prop_carry4_CI_O[2])
                                                      0.256    22.151 r  dots_reg[0][31]_i_4/O[2]
                         net (fo=93, unplaced)        0.550    22.701    p_0_in
                         LUT4 (Prop_lut4_I2_O)        0.293    22.994 r  dots[0][0]_i_79/O
                         net (fo=1, unplaced)         0.000    22.994    dots[0][0]_i_79_n_0
                         CARRY4 (Prop_carry4_DI[0]_CO[3])
                                                      0.576    23.570 r  dots_reg[0][0]_i_57/CO[3]
                         net (fo=1, unplaced)         0.000    23.570    dots_reg[0][0]_i_57_n_0
                         CARRY4 (Prop_carry4_CI_CO[3])
                                                      0.117    23.687 r  dots_reg[0][0]_i_35/CO[3]
                         net (fo=1, unplaced)         0.000    23.687    dots_reg[0][0]_i_35_n_0
                         CARRY4 (Prop_carry4_CI_CO[3])
                                                      0.117    23.804 r  dots_reg[0][0]_i_15/CO[3]
                         net (fo=1, unplaced)         0.000    23.804    dots_reg[0][0]_i_15_n_0
                         CARRY4 (Prop_carry4_CI_CO[3])
                                                      0.117    23.921 r  dots_reg[0][0]_i_7/CO[3]
                         net (fo=1, unplaced)         0.000    23.921    dots_reg[0][0]_i_7_n_0
                         CARRY4 (Prop_carry4_CI_CO[2])
                                                      0.252    24.173 r  dots_reg[0][0]_i_2/CO[2]
                         net (fo=2, unplaced)         0.463    24.636    dots_reg[0][0]_i_2_n_1
                         LUT4 (Prop_lut4_I3_O)        0.310    24.946 r  dots[0][0]_i_6/O
                         net (fo=1, unplaced)         0.000    24.946    dots[0][0]_i_6_n_0
                         CARRY4 (Prop_carry4_S[0]_CO[3])
                                                      0.513    25.459 r  dots_reg[0][0]_i_1/CO[3]
                         net (fo=1, unplaced)         0.000    25.459    dots_reg[0][0]_i_1_n_0
                         CARRY4 (Prop_carry4_CI_CO[3])
                                                      0.117    25.576 r  dots_reg[0][7]_i_2/CO[3]
                         net (fo=1, unplaced)         0.000    25.576    dots_reg[0][7]_i_2_n_0
                         CARRY4 (Prop_carry4_CI_CO[3])
                                                      0.117    25.693 r  dots_reg[0][11]_i_2/CO[3]
                         net (fo=1, unplaced)         0.000    25.693    dots_reg[0][11]_i_2_n_0
                         CARRY4 (Prop_carry4_CI_CO[3])
                                                      0.117    25.810 r  dots_reg[0][15]_i_2/CO[3]
                         net (fo=1, unplaced)         0.000    25.810    dots_reg[0][15]_i_2_n_0
                         CARRY4 (Prop_carry4_CI_CO[3])
                                                      0.117    25.927 r  dots_reg[0][19]_i_2/CO[3]
                         net (fo=1, unplaced)         0.000    25.927    dots_reg[0][19]_i_2_n_0
                         CARRY4 (Prop_carry4_CI_O[2])
                                                      0.256    26.183 f  dots_reg[0][23]_i_2/O[2]
                         net (fo=2, unplaced)         0.463    26.646    p_2_out[22]
                         LUT1 (Prop_lut1_I0_O)        0.301    26.947 r  dots[0][24]_i_5/O
                         net (fo=1, unplaced)         0.000    26.947    dots[0][24]_i_5_n_0
                         CARRY4 (Prop_carry4_S[1]_CO[3])
                                                      0.533    27.480 r  dots_reg[0][24]_i_2/CO[3]
                         net (fo=1, unplaced)         0.000    27.480    dots_reg[0][24]_i_2_n_0
                         CARRY4 (Prop_carry4_CI_O[2])
                                                      0.256    27.736 r  dots_reg[0][31]_i_5/O[2]
                         net (fo=1, unplaced)         0.452    28.188    dots_reg[0][31]_i_5_n_5
                         LUT3 (Prop_lut3_I0_O)        0.301    28.489 r  dots[0][27]_i_1/O
                         net (fo=24, unplaced)        0.000    28.489    c4_rq1_return[27]
                         FDRE                                         r  dots_reg[12][27]/D
  -------------------------------------------------------------------    -------------------

                         (clock clk rise edge)       10.000    10.000 r  <hidden>
                                                      0.000    10.000 r  clk
                         net (fo=43049, unset)        0.924    10.924    clk
                         FDRE                                         r  dots_reg[12][27]/C
                         clock pessimism              0.000    10.924    <hidden>
                         clock uncertainty           -0.035    10.889    <hidden>
                         FDRE (Setup_fdre_C_D)        0.044    10.933    dots_reg[12][27]
  -------------------------------------------------------------------
                         required time                         10.933    <hidden>
                         arrival time                         -28.489    <hidden>
  -------------------------------------------------------------------
                         slack                                -17.556    <hidden>




