Copyright 1986-2022 Xilinx, Inc. All Rights Reserved. Copyright 2022-2026 Advanced Micro Devices, Inc. All Rights Reserved.
------------------------------------------------------------------------------------------------------------------------------------------------------------------------------------------------------------------------------------------
| Tool Version : Vivado v.2026.1 (win64) Build 6511674 Tue Jun 16 11:02:23 MDT 2026
| Date         : Fri Sep 11 03:56:18 2026
| Host         : laptop-Quan running 64-bit major release  (build 9200)
| Command      : report_timing -delay_type max -max_paths 20 -nworst 1 -sort_by slack -file D:/FPGA/FPGG_ART_Y_ASTRA_NATIVE_V1_RESEARCH/results/A7-NATIVE-GRAPH/ASTRA-FINAL-C4-C7-20260909/26_C4_D32_BITEXACT_PHYSICAL/timing_n20_e3x.rpt
| Design       : a7ng_astra_c4_lm06_d32_fr_v2
| Device       : 7a100t-csg324
| Speed File   : -1  PRODUCTION 1.23 2018-06-13
| Design State : Synthesized
------------------------------------------------------------------------------------------------------------------------------------------------------------------------------------------------------------------------------------------

Timing Report

Slack (VIOLATED) :        -1.532ns  (required time - arrival time)
  Source:                 kv_reg[23][30][15]/C
                            (rising edge-triggered cell FDRE clocked by clk  {rise@0.000ns fall@5.000ns period=10.000ns})
  Destination:            prod_r_reg[31]/D
                            (rising edge-triggered cell FDCE clocked by clk  {rise@0.000ns fall@5.000ns period=10.000ns})
  Path Group:             clk
  Path Type:              Setup (Max at Slow Process Corner)
  Requirement:            10.000ns  (clk rise@10.000ns - clk rise@0.000ns)
  Data Path Delay:        11.492ns  (logic 6.497ns (56.536%)  route 4.995ns (43.464%))
  Logic Levels:           10  (DSP48E1=1 LUT4=1 LUT5=2 LUT6=3 MUXF7=3)
  Clock Path Skew:        -0.049ns (DCD - SCD + CPR)
    Destination Clock Delay (DCD):    0.924ns = ( 10.924 - 10.000 ) 
    Source Clock Delay      (SCD):    0.973ns
    Clock Pessimism Removal (CPR):    0.000ns
  Clock Uncertainty:      0.035ns  ((TSJ^2 + TIJ^2)^1/2 + DJ) / 2 + PE
    Total System Jitter     (TSJ):    0.071ns
    Total Input Jitter      (TIJ):    0.000ns
    Discrete Jitter          (DJ):    0.000ns
    Phase Error              (PE):    0.000ns

    Location             Delay type                Incr(ns)  Path(ns)    Netlist Resource(s)
  -------------------------------------------------------------------    -------------------
                         (clock clk rise edge)        0.000     0.000 r  <hidden>
                                                      0.000     0.000 r  clk
                         net (fo=43502, unset)        0.973     0.973    clk
                         FDRE                                         r  kv_reg[23][30][15]/C
  -------------------------------------------------------------------    -------------------
                         FDRE (Prop_fdre_C_Q)         0.478     1.451 r  kv_reg[23][30][15]/Q
                         net (fo=1, unplaced)         0.965     2.416    kv_reg_n_0_[23][30][15]
                         LUT6 (Prop_lut6_I0_O)        0.295     2.711 r  prod_r0__3_i_4244/O
                         net (fo=1, unplaced)         0.000     2.711    prod_r0__3_i_4244_n_0
                         MUXF7 (Prop_muxf7_I1_O)      0.247     2.958 r  prod_r0__3_i_1842/O
                         net (fo=1, unplaced)         0.735     3.693    prod_r0__3_i_1842_n_0
                         LUT5 (Prop_lut5_I0_O)        0.298     3.991 r  prod_r0__3_i_608/O
                         net (fo=1, unplaced)         0.449     4.440    prod_r0__3_i_608_n_0
                         LUT5 (Prop_lut5_I4_O)        0.124     4.564 r  prod_r0__3_i_192/O
                         net (fo=1, unplaced)         0.000     4.564    prod_r0__3_i_192_n_0
                         MUXF7 (Prop_muxf7_I1_O)      0.247     4.811 r  prod_r0__3_i_53/O
                         net (fo=1, unplaced)         0.735     5.546    prod_r0__3_i_53_n_0
                         LUT6 (Prop_lut6_I0_O)        0.298     5.844 r  prod_r0__3_i_18/O
                         net (fo=1, unplaced)         0.000     5.844    prod_r0__3_i_18_n_0
                         MUXF7 (Prop_muxf7_I1_O)      0.247     6.091 r  prod_r0__3_i_1/O
                         net (fo=15, unplaced)        0.803     6.894    kv[15]
                         DSP48E1 (Prop_dsp48e1_A[29]_P[31])
                                                      4.015    10.909 r  prod_r0__3/P[31]
                         net (fo=1, unplaced)         0.803    11.712    prod_r0__3_n_74
                         LUT4 (Prop_lut4_I3_O)        0.124    11.836 r  prod_r[63]_i_3/O
                         net (fo=17, unplaced)        0.505    12.341    prod_r[63]_i_3_n_0
                         LUT6 (Prop_lut6_I2_O)        0.124    12.465 r  prod_r[31]_i_1/O
                         net (fo=1, unplaced)         0.000    12.465    p_1_in__0[31]
                         FDCE                                         r  prod_r_reg[31]/D
  -------------------------------------------------------------------    -------------------

                         (clock clk rise edge)       10.000    10.000 r  <hidden>
                                                      0.000    10.000 r  clk
                         net (fo=43502, unset)        0.924    10.924    clk
                         FDCE                                         r  prod_r_reg[31]/C
                         clock pessimism              0.000    10.924    <hidden>
                         clock uncertainty           -0.035    10.889    <hidden>
                         FDCE (Setup_fdce_C_D)        0.044    10.933    prod_r_reg[31]
  -------------------------------------------------------------------
                         required time                         10.933    <hidden>
                         arrival time                         -12.465    <hidden>
  -------------------------------------------------------------------
                         slack                                 -1.532    <hidden>

Slack (VIOLATED) :        -1.532ns  (required time - arrival time)
  Source:                 kv_reg[23][30][15]/C
                            (rising edge-triggered cell FDRE clocked by clk  {rise@0.000ns fall@5.000ns period=10.000ns})
  Destination:            prod_r_reg[32]/D
                            (rising edge-triggered cell FDCE clocked by clk  {rise@0.000ns fall@5.000ns period=10.000ns})
  Path Group:             clk
  Path Type:              Setup (Max at Slow Process Corner)
  Requirement:            10.000ns  (clk rise@10.000ns - clk rise@0.000ns)
  Data Path Delay:        11.492ns  (logic 6.497ns (56.536%)  route 4.995ns (43.464%))
  Logic Levels:           10  (DSP48E1=1 LUT4=1 LUT5=2 LUT6=3 MUXF7=3)
  Clock Path Skew:        -0.049ns (DCD - SCD + CPR)
    Destination Clock Delay (DCD):    0.924ns = ( 10.924 - 10.000 ) 
    Source Clock Delay      (SCD):    0.973ns
    Clock Pessimism Removal (CPR):    0.000ns
  Clock Uncertainty:      0.035ns  ((TSJ^2 + TIJ^2)^1/2 + DJ) / 2 + PE
    Total System Jitter     (TSJ):    0.071ns
    Total Input Jitter      (TIJ):    0.000ns
    Discrete Jitter          (DJ):    0.000ns
    Phase Error              (PE):    0.000ns

    Location             Delay type                Incr(ns)  Path(ns)    Netlist Resource(s)
  -------------------------------------------------------------------    -------------------
                         (clock clk rise edge)        0.000     0.000 r  <hidden>
                                                      0.000     0.000 r  clk
                         net (fo=43502, unset)        0.973     0.973    clk
                         FDRE                                         r  kv_reg[23][30][15]/C
  -------------------------------------------------------------------    -------------------
                         FDRE (Prop_fdre_C_Q)         0.478     1.451 r  kv_reg[23][30][15]/Q
                         net (fo=1, unplaced)         0.965     2.416    kv_reg_n_0_[23][30][15]
                         LUT6 (Prop_lut6_I0_O)        0.295     2.711 r  prod_r0__3_i_4244/O
                         net (fo=1, unplaced)         0.000     2.711    prod_r0__3_i_4244_n_0
                         MUXF7 (Prop_muxf7_I1_O)      0.247     2.958 r  prod_r0__3_i_1842/O
                         net (fo=1, unplaced)         0.735     3.693    prod_r0__3_i_1842_n_0
                         LUT5 (Prop_lut5_I0_O)        0.298     3.991 r  prod_r0__3_i_608/O
                         net (fo=1, unplaced)         0.449     4.440    prod_r0__3_i_608_n_0
                         LUT5 (Prop_lut5_I4_O)        0.124     4.564 r  prod_r0__3_i_192/O
                         net (fo=1, unplaced)         0.000     4.564    prod_r0__3_i_192_n_0
                         MUXF7 (Prop_muxf7_I1_O)      0.247     4.811 r  prod_r0__3_i_53/O
                         net (fo=1, unplaced)         0.735     5.546    prod_r0__3_i_53_n_0
                         LUT6 (Prop_lut6_I0_O)        0.298     5.844 r  prod_r0__3_i_18/O
                         net (fo=1, unplaced)         0.000     5.844    prod_r0__3_i_18_n_0
                         MUXF7 (Prop_muxf7_I1_O)      0.247     6.091 r  prod_r0__3_i_1/O
                         net (fo=15, unplaced)        0.803     6.894    kv[15]
                         DSP48E1 (Prop_dsp48e1_A[29]_P[31])
                                                      4.015    10.909 r  prod_r0__3/P[31]
                         net (fo=1, unplaced)         0.803    11.712    prod_r0__3_n_74
                         LUT4 (Prop_lut4_I3_O)        0.124    11.836 r  prod_r[63]_i_3/O
                         net (fo=17, unplaced)        0.505    12.341    prod_r[63]_i_3_n_0
                         LUT6 (Prop_lut6_I2_O)        0.124    12.465 r  prod_r[32]_i_1/O
                         net (fo=1, unplaced)         0.000    12.465    p_1_in__0[32]
                         FDCE                                         r  prod_r_reg[32]/D
  -------------------------------------------------------------------    -------------------

                         (clock clk rise edge)       10.000    10.000 r  <hidden>
                                                      0.000    10.000 r  clk
                         net (fo=43502, unset)        0.924    10.924    clk
                         FDCE                                         r  prod_r_reg[32]/C
                         clock pessimism              0.000    10.924    <hidden>
                         clock uncertainty           -0.035    10.889    <hidden>
                         FDCE (Setup_fdce_C_D)        0.044    10.933    prod_r_reg[32]
  -------------------------------------------------------------------
                         required time                         10.933    <hidden>
                         arrival time                         -12.465    <hidden>
  -------------------------------------------------------------------
                         slack                                 -1.532    <hidden>

Slack (VIOLATED) :        -1.532ns  (required time - arrival time)
  Source:                 kv_reg[23][30][15]/C
                            (rising edge-triggered cell FDRE clocked by clk  {rise@0.000ns fall@5.000ns period=10.000ns})
  Destination:            prod_r_reg[33]/D
                            (rising edge-triggered cell FDCE clocked by clk  {rise@0.000ns fall@5.000ns period=10.000ns})
  Path Group:             clk
  Path Type:              Setup (Max at Slow Process Corner)
  Requirement:            10.000ns  (clk rise@10.000ns - clk rise@0.000ns)
  Data Path Delay:        11.492ns  (logic 6.497ns (56.536%)  route 4.995ns (43.464%))
  Logic Levels:           10  (DSP48E1=1 LUT4=1 LUT5=2 LUT6=3 MUXF7=3)
  Clock Path Skew:        -0.049ns (DCD - SCD + CPR)
    Destination Clock Delay (DCD):    0.924ns = ( 10.924 - 10.000 ) 
    Source Clock Delay      (SCD):    0.973ns
    Clock Pessimism Removal (CPR):    0.000ns
  Clock Uncertainty:      0.035ns  ((TSJ^2 + TIJ^2)^1/2 + DJ) / 2 + PE
    Total System Jitter     (TSJ):    0.071ns
    Total Input Jitter      (TIJ):    0.000ns
    Discrete Jitter          (DJ):    0.000ns
    Phase Error              (PE):    0.000ns

    Location             Delay type                Incr(ns)  Path(ns)    Netlist Resource(s)
  -------------------------------------------------------------------    -------------------
                         (clock clk rise edge)        0.000     0.000 r  <hidden>
                                                      0.000     0.000 r  clk
                         net (fo=43502, unset)        0.973     0.973    clk
                         FDRE                                         r  kv_reg[23][30][15]/C
  -------------------------------------------------------------------    -------------------
                         FDRE (Prop_fdre_C_Q)         0.478     1.451 r  kv_reg[23][30][15]/Q
                         net (fo=1, unplaced)         0.965     2.416    kv_reg_n_0_[23][30][15]
                         LUT6 (Prop_lut6_I0_O)        0.295     2.711 r  prod_r0__3_i_4244/O
                         net (fo=1, unplaced)         0.000     2.711    prod_r0__3_i_4244_n_0
                         MUXF7 (Prop_muxf7_I1_O)      0.247     2.958 r  prod_r0__3_i_1842/O
                         net (fo=1, unplaced)         0.735     3.693    prod_r0__3_i_1842_n_0
                         LUT5 (Prop_lut5_I0_O)        0.298     3.991 r  prod_r0__3_i_608/O
                         net (fo=1, unplaced)         0.449     4.440    prod_r0__3_i_608_n_0
                         LUT5 (Prop_lut5_I4_O)        0.124     4.564 r  prod_r0__3_i_192/O
                         net (fo=1, unplaced)         0.000     4.564    prod_r0__3_i_192_n_0
                         MUXF7 (Prop_muxf7_I1_O)      0.247     4.811 r  prod_r0__3_i_53/O
                         net (fo=1, unplaced)         0.735     5.546    prod_r0__3_i_53_n_0
                         LUT6 (Prop_lut6_I0_O)        0.298     5.844 r  prod_r0__3_i_18/O
                         net (fo=1, unplaced)         0.000     5.844    prod_r0__3_i_18_n_0
                         MUXF7 (Prop_muxf7_I1_O)      0.247     6.091 r  prod_r0__3_i_1/O
                         net (fo=15, unplaced)        0.803     6.894    kv[15]
                         DSP48E1 (Prop_dsp48e1_A[29]_P[31])
                                                      4.015    10.909 r  prod_r0__3/P[31]
                         net (fo=1, unplaced)         0.803    11.712    prod_r0__3_n_74
                         LUT4 (Prop_lut4_I3_O)        0.124    11.836 r  prod_r[63]_i_3/O
                         net (fo=17, unplaced)        0.505    12.341    prod_r[63]_i_3_n_0
                         LUT6 (Prop_lut6_I2_O)        0.124    12.465 r  prod_r[33]_i_1/O
                         net (fo=1, unplaced)         0.000    12.465    p_1_in__0[33]
                         FDCE                                         r  prod_r_reg[33]/D
  -------------------------------------------------------------------    -------------------

                         (clock clk rise edge)       10.000    10.000 r  <hidden>
                                                      0.000    10.000 r  clk
                         net (fo=43502, unset)        0.924    10.924    clk
                         FDCE                                         r  prod_r_reg[33]/C
                         clock pessimism              0.000    10.924    <hidden>
                         clock uncertainty           -0.035    10.889    <hidden>
                         FDCE (Setup_fdce_C_D)        0.044    10.933    prod_r_reg[33]
  -------------------------------------------------------------------
                         required time                         10.933    <hidden>
                         arrival time                         -12.465    <hidden>
  -------------------------------------------------------------------
                         slack                                 -1.532    <hidden>

Slack (VIOLATED) :        -1.532ns  (required time - arrival time)
  Source:                 kv_reg[23][30][15]/C
                            (rising edge-triggered cell FDRE clocked by clk  {rise@0.000ns fall@5.000ns period=10.000ns})
  Destination:            prod_r_reg[34]/D
                            (rising edge-triggered cell FDCE clocked by clk  {rise@0.000ns fall@5.000ns period=10.000ns})
  Path Group:             clk
  Path Type:              Setup (Max at Slow Process Corner)
  Requirement:            10.000ns  (clk rise@10.000ns - clk rise@0.000ns)
  Data Path Delay:        11.492ns  (logic 6.497ns (56.536%)  route 4.995ns (43.464%))
  Logic Levels:           10  (DSP48E1=1 LUT4=1 LUT5=2 LUT6=3 MUXF7=3)
  Clock Path Skew:        -0.049ns (DCD - SCD + CPR)
    Destination Clock Delay (DCD):    0.924ns = ( 10.924 - 10.000 ) 
    Source Clock Delay      (SCD):    0.973ns
    Clock Pessimism Removal (CPR):    0.000ns
  Clock Uncertainty:      0.035ns  ((TSJ^2 + TIJ^2)^1/2 + DJ) / 2 + PE
    Total System Jitter     (TSJ):    0.071ns
    Total Input Jitter      (TIJ):    0.000ns
    Discrete Jitter          (DJ):    0.000ns
    Phase Error              (PE):    0.000ns

    Location             Delay type                Incr(ns)  Path(ns)    Netlist Resource(s)
  -------------------------------------------------------------------    -------------------
                         (clock clk rise edge)        0.000     0.000 r  <hidden>
                                                      0.000     0.000 r  clk
                         net (fo=43502, unset)        0.973     0.973    clk
                         FDRE                                         r  kv_reg[23][30][15]/C
  -------------------------------------------------------------------    -------------------
                         FDRE (Prop_fdre_C_Q)         0.478     1.451 r  kv_reg[23][30][15]/Q
                         net (fo=1, unplaced)         0.965     2.416    kv_reg_n_0_[23][30][15]
                         LUT6 (Prop_lut6_I0_O)        0.295     2.711 r  prod_r0__3_i_4244/O
                         net (fo=1, unplaced)         0.000     2.711    prod_r0__3_i_4244_n_0
                         MUXF7 (Prop_muxf7_I1_O)      0.247     2.958 r  prod_r0__3_i_1842/O
                         net (fo=1, unplaced)         0.735     3.693    prod_r0__3_i_1842_n_0
                         LUT5 (Prop_lut5_I0_O)        0.298     3.991 r  prod_r0__3_i_608/O
                         net (fo=1, unplaced)         0.449     4.440    prod_r0__3_i_608_n_0
                         LUT5 (Prop_lut5_I4_O)        0.124     4.564 r  prod_r0__3_i_192/O
                         net (fo=1, unplaced)         0.000     4.564    prod_r0__3_i_192_n_0
                         MUXF7 (Prop_muxf7_I1_O)      0.247     4.811 r  prod_r0__3_i_53/O
                         net (fo=1, unplaced)         0.735     5.546    prod_r0__3_i_53_n_0
                         LUT6 (Prop_lut6_I0_O)        0.298     5.844 r  prod_r0__3_i_18/O
                         net (fo=1, unplaced)         0.000     5.844    prod_r0__3_i_18_n_0
                         MUXF7 (Prop_muxf7_I1_O)      0.247     6.091 r  prod_r0__3_i_1/O
                         net (fo=15, unplaced)        0.803     6.894    kv[15]
                         DSP48E1 (Prop_dsp48e1_A[29]_P[31])
                                                      4.015    10.909 r  prod_r0__3/P[31]
                         net (fo=1, unplaced)         0.803    11.712    prod_r0__3_n_74
                         LUT4 (Prop_lut4_I3_O)        0.124    11.836 r  prod_r[63]_i_3/O
                         net (fo=17, unplaced)        0.505    12.341    prod_r[63]_i_3_n_0
                         LUT6 (Prop_lut6_I2_O)        0.124    12.465 r  prod_r[34]_i_1/O
                         net (fo=1, unplaced)         0.000    12.465    p_1_in__0[34]
                         FDCE                                         r  prod_r_reg[34]/D
  -------------------------------------------------------------------    -------------------

                         (clock clk rise edge)       10.000    10.000 r  <hidden>
                                                      0.000    10.000 r  clk
                         net (fo=43502, unset)        0.924    10.924    clk
                         FDCE                                         r  prod_r_reg[34]/C
                         clock pessimism              0.000    10.924    <hidden>
                         clock uncertainty           -0.035    10.889    <hidden>
                         FDCE (Setup_fdce_C_D)        0.044    10.933    prod_r_reg[34]
  -------------------------------------------------------------------
                         required time                         10.933    <hidden>
                         arrival time                         -12.465    <hidden>
  -------------------------------------------------------------------
                         slack                                 -1.532    <hidden>

Slack (VIOLATED) :        -1.532ns  (required time - arrival time)
  Source:                 kv_reg[23][30][15]/C
                            (rising edge-triggered cell FDRE clocked by clk  {rise@0.000ns fall@5.000ns period=10.000ns})
  Destination:            prod_r_reg[35]/D
                            (rising edge-triggered cell FDCE clocked by clk  {rise@0.000ns fall@5.000ns period=10.000ns})
  Path Group:             clk
  Path Type:              Setup (Max at Slow Process Corner)
  Requirement:            10.000ns  (clk rise@10.000ns - clk rise@0.000ns)
  Data Path Delay:        11.492ns  (logic 6.497ns (56.536%)  route 4.995ns (43.464%))
  Logic Levels:           10  (DSP48E1=1 LUT4=1 LUT5=2 LUT6=3 MUXF7=3)
  Clock Path Skew:        -0.049ns (DCD - SCD + CPR)
    Destination Clock Delay (DCD):    0.924ns = ( 10.924 - 10.000 ) 
    Source Clock Delay      (SCD):    0.973ns
    Clock Pessimism Removal (CPR):    0.000ns
  Clock Uncertainty:      0.035ns  ((TSJ^2 + TIJ^2)^1/2 + DJ) / 2 + PE
    Total System Jitter     (TSJ):    0.071ns
    Total Input Jitter      (TIJ):    0.000ns
    Discrete Jitter          (DJ):    0.000ns
    Phase Error              (PE):    0.000ns

    Location             Delay type                Incr(ns)  Path(ns)    Netlist Resource(s)
  -------------------------------------------------------------------    -------------------
                         (clock clk rise edge)        0.000     0.000 r  <hidden>
                                                      0.000     0.000 r  clk
                         net (fo=43502, unset)        0.973     0.973    clk
                         FDRE                                         r  kv_reg[23][30][15]/C
  -------------------------------------------------------------------    -------------------
                         FDRE (Prop_fdre_C_Q)         0.478     1.451 r  kv_reg[23][30][15]/Q
                         net (fo=1, unplaced)         0.965     2.416    kv_reg_n_0_[23][30][15]
                         LUT6 (Prop_lut6_I0_O)        0.295     2.711 r  prod_r0__3_i_4244/O
                         net (fo=1, unplaced)         0.000     2.711    prod_r0__3_i_4244_n_0
                         MUXF7 (Prop_muxf7_I1_O)      0.247     2.958 r  prod_r0__3_i_1842/O
                         net (fo=1, unplaced)         0.735     3.693    prod_r0__3_i_1842_n_0
                         LUT5 (Prop_lut5_I0_O)        0.298     3.991 r  prod_r0__3_i_608/O
                         net (fo=1, unplaced)         0.449     4.440    prod_r0__3_i_608_n_0
                         LUT5 (Prop_lut5_I4_O)        0.124     4.564 r  prod_r0__3_i_192/O
                         net (fo=1, unplaced)         0.000     4.564    prod_r0__3_i_192_n_0
                         MUXF7 (Prop_muxf7_I1_O)      0.247     4.811 r  prod_r0__3_i_53/O
                         net (fo=1, unplaced)         0.735     5.546    prod_r0__3_i_53_n_0
                         LUT6 (Prop_lut6_I0_O)        0.298     5.844 r  prod_r0__3_i_18/O
                         net (fo=1, unplaced)         0.000     5.844    prod_r0__3_i_18_n_0
                         MUXF7 (Prop_muxf7_I1_O)      0.247     6.091 r  prod_r0__3_i_1/O
                         net (fo=15, unplaced)        0.803     6.894    kv[15]
                         DSP48E1 (Prop_dsp48e1_A[29]_P[31])
                                                      4.015    10.909 r  prod_r0__3/P[31]
                         net (fo=1, unplaced)         0.803    11.712    prod_r0__3_n_74
                         LUT4 (Prop_lut4_I3_O)        0.124    11.836 r  prod_r[63]_i_3/O
                         net (fo=17, unplaced)        0.505    12.341    prod_r[63]_i_3_n_0
                         LUT6 (Prop_lut6_I2_O)        0.124    12.465 r  prod_r[35]_i_1/O
                         net (fo=1, unplaced)         0.000    12.465    p_1_in__0[35]
                         FDCE                                         r  prod_r_reg[35]/D
  -------------------------------------------------------------------    -------------------

                         (clock clk rise edge)       10.000    10.000 r  <hidden>
                                                      0.000    10.000 r  clk
                         net (fo=43502, unset)        0.924    10.924    clk
                         FDCE                                         r  prod_r_reg[35]/C
                         clock pessimism              0.000    10.924    <hidden>
                         clock uncertainty           -0.035    10.889    <hidden>
                         FDCE (Setup_fdce_C_D)        0.044    10.933    prod_r_reg[35]
  -------------------------------------------------------------------
                         required time                         10.933    <hidden>
                         arrival time                         -12.465    <hidden>
  -------------------------------------------------------------------
                         slack                                 -1.532    <hidden>

Slack (VIOLATED) :        -1.532ns  (required time - arrival time)
  Source:                 kv_reg[23][30][15]/C
                            (rising edge-triggered cell FDRE clocked by clk  {rise@0.000ns fall@5.000ns period=10.000ns})
  Destination:            prod_r_reg[36]/D
                            (rising edge-triggered cell FDCE clocked by clk  {rise@0.000ns fall@5.000ns period=10.000ns})
  Path Group:             clk
  Path Type:              Setup (Max at Slow Process Corner)
  Requirement:            10.000ns  (clk rise@10.000ns - clk rise@0.000ns)
  Data Path Delay:        11.492ns  (logic 6.497ns (56.536%)  route 4.995ns (43.464%))
  Logic Levels:           10  (DSP48E1=1 LUT4=1 LUT5=2 LUT6=3 MUXF7=3)
  Clock Path Skew:        -0.049ns (DCD - SCD + CPR)
    Destination Clock Delay (DCD):    0.924ns = ( 10.924 - 10.000 ) 
    Source Clock Delay      (SCD):    0.973ns
    Clock Pessimism Removal (CPR):    0.000ns
  Clock Uncertainty:      0.035ns  ((TSJ^2 + TIJ^2)^1/2 + DJ) / 2 + PE
    Total System Jitter     (TSJ):    0.071ns
    Total Input Jitter      (TIJ):    0.000ns
    Discrete Jitter          (DJ):    0.000ns
    Phase Error              (PE):    0.000ns

    Location             Delay type                Incr(ns)  Path(ns)    Netlist Resource(s)
  -------------------------------------------------------------------    -------------------
                         (clock clk rise edge)        0.000     0.000 r  <hidden>
                                                      0.000     0.000 r  clk
                         net (fo=43502, unset)        0.973     0.973    clk
                         FDRE                                         r  kv_reg[23][30][15]/C
  -------------------------------------------------------------------    -------------------
                         FDRE (Prop_fdre_C_Q)         0.478     1.451 r  kv_reg[23][30][15]/Q
                         net (fo=1, unplaced)         0.965     2.416    kv_reg_n_0_[23][30][15]
                         LUT6 (Prop_lut6_I0_O)        0.295     2.711 r  prod_r0__3_i_4244/O
                         net (fo=1, unplaced)         0.000     2.711    prod_r0__3_i_4244_n_0
                         MUXF7 (Prop_muxf7_I1_O)      0.247     2.958 r  prod_r0__3_i_1842/O
                         net (fo=1, unplaced)         0.735     3.693    prod_r0__3_i_1842_n_0
                         LUT5 (Prop_lut5_I0_O)        0.298     3.991 r  prod_r0__3_i_608/O
                         net (fo=1, unplaced)         0.449     4.440    prod_r0__3_i_608_n_0
                         LUT5 (Prop_lut5_I4_O)        0.124     4.564 r  prod_r0__3_i_192/O
                         net (fo=1, unplaced)         0.000     4.564    prod_r0__3_i_192_n_0
                         MUXF7 (Prop_muxf7_I1_O)      0.247     4.811 r  prod_r0__3_i_53/O
                         net (fo=1, unplaced)         0.735     5.546    prod_r0__3_i_53_n_0
                         LUT6 (Prop_lut6_I0_O)        0.298     5.844 r  prod_r0__3_i_18/O
                         net (fo=1, unplaced)         0.000     5.844    prod_r0__3_i_18_n_0
                         MUXF7 (Prop_muxf7_I1_O)      0.247     6.091 r  prod_r0__3_i_1/O
                         net (fo=15, unplaced)        0.803     6.894    kv[15]
                         DSP48E1 (Prop_dsp48e1_A[29]_P[31])
                                                      4.015    10.909 r  prod_r0__3/P[31]
                         net (fo=1, unplaced)         0.803    11.712    prod_r0__3_n_74
                         LUT4 (Prop_lut4_I3_O)        0.124    11.836 r  prod_r[63]_i_3/O
                         net (fo=17, unplaced)        0.505    12.341    prod_r[63]_i_3_n_0
                         LUT6 (Prop_lut6_I2_O)        0.124    12.465 r  prod_r[36]_i_1/O
                         net (fo=1, unplaced)         0.000    12.465    p_1_in__0[36]
                         FDCE                                         r  prod_r_reg[36]/D
  -------------------------------------------------------------------    -------------------

                         (clock clk rise edge)       10.000    10.000 r  <hidden>
                                                      0.000    10.000 r  clk
                         net (fo=43502, unset)        0.924    10.924    clk
                         FDCE                                         r  prod_r_reg[36]/C
                         clock pessimism              0.000    10.924    <hidden>
                         clock uncertainty           -0.035    10.889    <hidden>
                         FDCE (Setup_fdce_C_D)        0.044    10.933    prod_r_reg[36]
  -------------------------------------------------------------------
                         required time                         10.933    <hidden>
                         arrival time                         -12.465    <hidden>
  -------------------------------------------------------------------
                         slack                                 -1.532    <hidden>

Slack (VIOLATED) :        -1.532ns  (required time - arrival time)
  Source:                 kv_reg[23][30][15]/C
                            (rising edge-triggered cell FDRE clocked by clk  {rise@0.000ns fall@5.000ns period=10.000ns})
  Destination:            prod_r_reg[37]/D
                            (rising edge-triggered cell FDCE clocked by clk  {rise@0.000ns fall@5.000ns period=10.000ns})
  Path Group:             clk
  Path Type:              Setup (Max at Slow Process Corner)
  Requirement:            10.000ns  (clk rise@10.000ns - clk rise@0.000ns)
  Data Path Delay:        11.492ns  (logic 6.497ns (56.536%)  route 4.995ns (43.464%))
  Logic Levels:           10  (DSP48E1=1 LUT4=1 LUT5=2 LUT6=3 MUXF7=3)
  Clock Path Skew:        -0.049ns (DCD - SCD + CPR)
    Destination Clock Delay (DCD):    0.924ns = ( 10.924 - 10.000 ) 
    Source Clock Delay      (SCD):    0.973ns
    Clock Pessimism Removal (CPR):    0.000ns
  Clock Uncertainty:      0.035ns  ((TSJ^2 + TIJ^2)^1/2 + DJ) / 2 + PE
    Total System Jitter     (TSJ):    0.071ns
    Total Input Jitter      (TIJ):    0.000ns
    Discrete Jitter          (DJ):    0.000ns
    Phase Error              (PE):    0.000ns

    Location             Delay type                Incr(ns)  Path(ns)    Netlist Resource(s)
  -------------------------------------------------------------------    -------------------
                         (clock clk rise edge)        0.000     0.000 r  <hidden>
                                                      0.000     0.000 r  clk
                         net (fo=43502, unset)        0.973     0.973    clk
                         FDRE                                         r  kv_reg[23][30][15]/C
  -------------------------------------------------------------------    -------------------
                         FDRE (Prop_fdre_C_Q)         0.478     1.451 r  kv_reg[23][30][15]/Q
                         net (fo=1, unplaced)         0.965     2.416    kv_reg_n_0_[23][30][15]
                         LUT6 (Prop_lut6_I0_O)        0.295     2.711 r  prod_r0__3_i_4244/O
                         net (fo=1, unplaced)         0.000     2.711    prod_r0__3_i_4244_n_0
                         MUXF7 (Prop_muxf7_I1_O)      0.247     2.958 r  prod_r0__3_i_1842/O
                         net (fo=1, unplaced)         0.735     3.693    prod_r0__3_i_1842_n_0
                         LUT5 (Prop_lut5_I0_O)        0.298     3.991 r  prod_r0__3_i_608/O
                         net (fo=1, unplaced)         0.449     4.440    prod_r0__3_i_608_n_0
                         LUT5 (Prop_lut5_I4_O)        0.124     4.564 r  prod_r0__3_i_192/O
                         net (fo=1, unplaced)         0.000     4.564    prod_r0__3_i_192_n_0
                         MUXF7 (Prop_muxf7_I1_O)      0.247     4.811 r  prod_r0__3_i_53/O
                         net (fo=1, unplaced)         0.735     5.546    prod_r0__3_i_53_n_0
                         LUT6 (Prop_lut6_I0_O)        0.298     5.844 r  prod_r0__3_i_18/O
                         net (fo=1, unplaced)         0.000     5.844    prod_r0__3_i_18_n_0
                         MUXF7 (Prop_muxf7_I1_O)      0.247     6.091 r  prod_r0__3_i_1/O
                         net (fo=15, unplaced)        0.803     6.894    kv[15]
                         DSP48E1 (Prop_dsp48e1_A[29]_P[31])
                                                      4.015    10.909 r  prod_r0__3/P[31]
                         net (fo=1, unplaced)         0.803    11.712    prod_r0__3_n_74
                         LUT4 (Prop_lut4_I3_O)        0.124    11.836 r  prod_r[63]_i_3/O
                         net (fo=17, unplaced)        0.505    12.341    prod_r[63]_i_3_n_0
                         LUT6 (Prop_lut6_I2_O)        0.124    12.465 r  prod_r[37]_i_1/O
                         net (fo=1, unplaced)         0.000    12.465    p_1_in__0[37]
                         FDCE                                         r  prod_r_reg[37]/D
  -------------------------------------------------------------------    -------------------

                         (clock clk rise edge)       10.000    10.000 r  <hidden>
                                                      0.000    10.000 r  clk
                         net (fo=43502, unset)        0.924    10.924    clk
                         FDCE                                         r  prod_r_reg[37]/C
                         clock pessimism              0.000    10.924    <hidden>
                         clock uncertainty           -0.035    10.889    <hidden>
                         FDCE (Setup_fdce_C_D)        0.044    10.933    prod_r_reg[37]
  -------------------------------------------------------------------
                         required time                         10.933    <hidden>
                         arrival time                         -12.465    <hidden>
  -------------------------------------------------------------------
                         slack                                 -1.532    <hidden>

Slack (VIOLATED) :        -1.532ns  (required time - arrival time)
  Source:                 kv_reg[23][30][15]/C
                            (rising edge-triggered cell FDRE clocked by clk  {rise@0.000ns fall@5.000ns period=10.000ns})
  Destination:            prod_r_reg[38]/D
                            (rising edge-triggered cell FDCE clocked by clk  {rise@0.000ns fall@5.000ns period=10.000ns})
  Path Group:             clk
  Path Type:              Setup (Max at Slow Process Corner)
  Requirement:            10.000ns  (clk rise@10.000ns - clk rise@0.000ns)
  Data Path Delay:        11.492ns  (logic 6.497ns (56.536%)  route 4.995ns (43.464%))
  Logic Levels:           10  (DSP48E1=1 LUT4=1 LUT5=2 LUT6=3 MUXF7=3)
  Clock Path Skew:        -0.049ns (DCD - SCD + CPR)
    Destination Clock Delay (DCD):    0.924ns = ( 10.924 - 10.000 ) 
    Source Clock Delay      (SCD):    0.973ns
    Clock Pessimism Removal (CPR):    0.000ns
  Clock Uncertainty:      0.035ns  ((TSJ^2 + TIJ^2)^1/2 + DJ) / 2 + PE
    Total System Jitter     (TSJ):    0.071ns
    Total Input Jitter      (TIJ):    0.000ns
    Discrete Jitter          (DJ):    0.000ns
    Phase Error              (PE):    0.000ns

    Location             Delay type                Incr(ns)  Path(ns)    Netlist Resource(s)
  -------------------------------------------------------------------    -------------------
                         (clock clk rise edge)        0.000     0.000 r  <hidden>
                                                      0.000     0.000 r  clk
                         net (fo=43502, unset)        0.973     0.973    clk
                         FDRE                                         r  kv_reg[23][30][15]/C
  -------------------------------------------------------------------    -------------------
                         FDRE (Prop_fdre_C_Q)         0.478     1.451 r  kv_reg[23][30][15]/Q
                         net (fo=1, unplaced)         0.965     2.416    kv_reg_n_0_[23][30][15]
                         LUT6 (Prop_lut6_I0_O)        0.295     2.711 r  prod_r0__3_i_4244/O
                         net (fo=1, unplaced)         0.000     2.711    prod_r0__3_i_4244_n_0
                         MUXF7 (Prop_muxf7_I1_O)      0.247     2.958 r  prod_r0__3_i_1842/O
                         net (fo=1, unplaced)         0.735     3.693    prod_r0__3_i_1842_n_0
                         LUT5 (Prop_lut5_I0_O)        0.298     3.991 r  prod_r0__3_i_608/O
                         net (fo=1, unplaced)         0.449     4.440    prod_r0__3_i_608_n_0
                         LUT5 (Prop_lut5_I4_O)        0.124     4.564 r  prod_r0__3_i_192/O
                         net (fo=1, unplaced)         0.000     4.564    prod_r0__3_i_192_n_0
                         MUXF7 (Prop_muxf7_I1_O)      0.247     4.811 r  prod_r0__3_i_53/O
                         net (fo=1, unplaced)         0.735     5.546    prod_r0__3_i_53_n_0
                         LUT6 (Prop_lut6_I0_O)        0.298     5.844 r  prod_r0__3_i_18/O
                         net (fo=1, unplaced)         0.000     5.844    prod_r0__3_i_18_n_0
                         MUXF7 (Prop_muxf7_I1_O)      0.247     6.091 r  prod_r0__3_i_1/O
                         net (fo=15, unplaced)        0.803     6.894    kv[15]
                         DSP48E1 (Prop_dsp48e1_A[29]_P[31])
                                                      4.015    10.909 r  prod_r0__3/P[31]
                         net (fo=1, unplaced)         0.803    11.712    prod_r0__3_n_74
                         LUT4 (Prop_lut4_I3_O)        0.124    11.836 r  prod_r[63]_i_3/O
                         net (fo=17, unplaced)        0.505    12.341    prod_r[63]_i_3_n_0
                         LUT6 (Prop_lut6_I2_O)        0.124    12.465 r  prod_r[38]_i_1/O
                         net (fo=1, unplaced)         0.000    12.465    p_1_in__0[38]
                         FDCE                                         r  prod_r_reg[38]/D
  -------------------------------------------------------------------    -------------------

                         (clock clk rise edge)       10.000    10.000 r  <hidden>
                                                      0.000    10.000 r  clk
                         net (fo=43502, unset)        0.924    10.924    clk
                         FDCE                                         r  prod_r_reg[38]/C
                         clock pessimism              0.000    10.924    <hidden>
                         clock uncertainty           -0.035    10.889    <hidden>
                         FDCE (Setup_fdce_C_D)        0.044    10.933    prod_r_reg[38]
  -------------------------------------------------------------------
                         required time                         10.933    <hidden>
                         arrival time                         -12.465    <hidden>
  -------------------------------------------------------------------
                         slack                                 -1.532    <hidden>

Slack (VIOLATED) :        -1.532ns  (required time - arrival time)
  Source:                 kv_reg[23][30][15]/C
                            (rising edge-triggered cell FDRE clocked by clk  {rise@0.000ns fall@5.000ns period=10.000ns})
  Destination:            prod_r_reg[39]/D
                            (rising edge-triggered cell FDCE clocked by clk  {rise@0.000ns fall@5.000ns period=10.000ns})
  Path Group:             clk
  Path Type:              Setup (Max at Slow Process Corner)
  Requirement:            10.000ns  (clk rise@10.000ns - clk rise@0.000ns)
  Data Path Delay:        11.492ns  (logic 6.497ns (56.536%)  route 4.995ns (43.464%))
  Logic Levels:           10  (DSP48E1=1 LUT4=1 LUT5=2 LUT6=3 MUXF7=3)
  Clock Path Skew:        -0.049ns (DCD - SCD + CPR)
    Destination Clock Delay (DCD):    0.924ns = ( 10.924 - 10.000 ) 
    Source Clock Delay      (SCD):    0.973ns
    Clock Pessimism Removal (CPR):    0.000ns
  Clock Uncertainty:      0.035ns  ((TSJ^2 + TIJ^2)^1/2 + DJ) / 2 + PE
    Total System Jitter     (TSJ):    0.071ns
    Total Input Jitter      (TIJ):    0.000ns
    Discrete Jitter          (DJ):    0.000ns
    Phase Error              (PE):    0.000ns

    Location             Delay type                Incr(ns)  Path(ns)    Netlist Resource(s)
  -------------------------------------------------------------------    -------------------
                         (clock clk rise edge)        0.000     0.000 r  <hidden>
                                                      0.000     0.000 r  clk
                         net (fo=43502, unset)        0.973     0.973    clk
                         FDRE                                         r  kv_reg[23][30][15]/C
  -------------------------------------------------------------------    -------------------
                         FDRE (Prop_fdre_C_Q)         0.478     1.451 r  kv_reg[23][30][15]/Q
                         net (fo=1, unplaced)         0.965     2.416    kv_reg_n_0_[23][30][15]
                         LUT6 (Prop_lut6_I0_O)        0.295     2.711 r  prod_r0__3_i_4244/O
                         net (fo=1, unplaced)         0.000     2.711    prod_r0__3_i_4244_n_0
                         MUXF7 (Prop_muxf7_I1_O)      0.247     2.958 r  prod_r0__3_i_1842/O
                         net (fo=1, unplaced)         0.735     3.693    prod_r0__3_i_1842_n_0
                         LUT5 (Prop_lut5_I0_O)        0.298     3.991 r  prod_r0__3_i_608/O
                         net (fo=1, unplaced)         0.449     4.440    prod_r0__3_i_608_n_0
                         LUT5 (Prop_lut5_I4_O)        0.124     4.564 r  prod_r0__3_i_192/O
                         net (fo=1, unplaced)         0.000     4.564    prod_r0__3_i_192_n_0
                         MUXF7 (Prop_muxf7_I1_O)      0.247     4.811 r  prod_r0__3_i_53/O
                         net (fo=1, unplaced)         0.735     5.546    prod_r0__3_i_53_n_0
                         LUT6 (Prop_lut6_I0_O)        0.298     5.844 r  prod_r0__3_i_18/O
                         net (fo=1, unplaced)         0.000     5.844    prod_r0__3_i_18_n_0
                         MUXF7 (Prop_muxf7_I1_O)      0.247     6.091 r  prod_r0__3_i_1/O
                         net (fo=15, unplaced)        0.803     6.894    kv[15]
                         DSP48E1 (Prop_dsp48e1_A[29]_P[31])
                                                      4.015    10.909 r  prod_r0__3/P[31]
                         net (fo=1, unplaced)         0.803    11.712    prod_r0__3_n_74
                         LUT4 (Prop_lut4_I3_O)        0.124    11.836 r  prod_r[63]_i_3/O
                         net (fo=17, unplaced)        0.505    12.341    prod_r[63]_i_3_n_0
                         LUT6 (Prop_lut6_I2_O)        0.124    12.465 r  prod_r[39]_i_1/O
                         net (fo=1, unplaced)         0.000    12.465    p_1_in__0[39]
                         FDCE                                         r  prod_r_reg[39]/D
  -------------------------------------------------------------------    -------------------

                         (clock clk rise edge)       10.000    10.000 r  <hidden>
                                                      0.000    10.000 r  clk
                         net (fo=43502, unset)        0.924    10.924    clk
                         FDCE                                         r  prod_r_reg[39]/C
                         clock pessimism              0.000    10.924    <hidden>
                         clock uncertainty           -0.035    10.889    <hidden>
                         FDCE (Setup_fdce_C_D)        0.044    10.933    prod_r_reg[39]
  -------------------------------------------------------------------
                         required time                         10.933    <hidden>
                         arrival time                         -12.465    <hidden>
  -------------------------------------------------------------------
                         slack                                 -1.532    <hidden>

Slack (VIOLATED) :        -1.532ns  (required time - arrival time)
  Source:                 kv_reg[23][30][15]/C
                            (rising edge-triggered cell FDRE clocked by clk  {rise@0.000ns fall@5.000ns period=10.000ns})
  Destination:            prod_r_reg[40]/D
                            (rising edge-triggered cell FDCE clocked by clk  {rise@0.000ns fall@5.000ns period=10.000ns})
  Path Group:             clk
  Path Type:              Setup (Max at Slow Process Corner)
  Requirement:            10.000ns  (clk rise@10.000ns - clk rise@0.000ns)
  Data Path Delay:        11.492ns  (logic 6.497ns (56.536%)  route 4.995ns (43.464%))
  Logic Levels:           10  (DSP48E1=1 LUT4=1 LUT5=2 LUT6=3 MUXF7=3)
  Clock Path Skew:        -0.049ns (DCD - SCD + CPR)
    Destination Clock Delay (DCD):    0.924ns = ( 10.924 - 10.000 ) 
    Source Clock Delay      (SCD):    0.973ns
    Clock Pessimism Removal (CPR):    0.000ns
  Clock Uncertainty:      0.035ns  ((TSJ^2 + TIJ^2)^1/2 + DJ) / 2 + PE
    Total System Jitter     (TSJ):    0.071ns
    Total Input Jitter      (TIJ):    0.000ns
    Discrete Jitter          (DJ):    0.000ns
    Phase Error              (PE):    0.000ns

    Location             Delay type                Incr(ns)  Path(ns)    Netlist Resource(s)
  -------------------------------------------------------------------    -------------------
                         (clock clk rise edge)        0.000     0.000 r  <hidden>
                                                      0.000     0.000 r  clk
                         net (fo=43502, unset)        0.973     0.973    clk
                         FDRE                                         r  kv_reg[23][30][15]/C
  -------------------------------------------------------------------    -------------------
                         FDRE (Prop_fdre_C_Q)         0.478     1.451 r  kv_reg[23][30][15]/Q
                         net (fo=1, unplaced)         0.965     2.416    kv_reg_n_0_[23][30][15]
                         LUT6 (Prop_lut6_I0_O)        0.295     2.711 r  prod_r0__3_i_4244/O
                         net (fo=1, unplaced)         0.000     2.711    prod_r0__3_i_4244_n_0
                         MUXF7 (Prop_muxf7_I1_O)      0.247     2.958 r  prod_r0__3_i_1842/O
                         net (fo=1, unplaced)         0.735     3.693    prod_r0__3_i_1842_n_0
                         LUT5 (Prop_lut5_I0_O)        0.298     3.991 r  prod_r0__3_i_608/O
                         net (fo=1, unplaced)         0.449     4.440    prod_r0__3_i_608_n_0
                         LUT5 (Prop_lut5_I4_O)        0.124     4.564 r  prod_r0__3_i_192/O
                         net (fo=1, unplaced)         0.000     4.564    prod_r0__3_i_192_n_0
                         MUXF7 (Prop_muxf7_I1_O)      0.247     4.811 r  prod_r0__3_i_53/O
                         net (fo=1, unplaced)         0.735     5.546    prod_r0__3_i_53_n_0
                         LUT6 (Prop_lut6_I0_O)        0.298     5.844 r  prod_r0__3_i_18/O
                         net (fo=1, unplaced)         0.000     5.844    prod_r0__3_i_18_n_0
                         MUXF7 (Prop_muxf7_I1_O)      0.247     6.091 r  prod_r0__3_i_1/O
                         net (fo=15, unplaced)        0.803     6.894    kv[15]
                         DSP48E1 (Prop_dsp48e1_A[29]_P[31])
                                                      4.015    10.909 r  prod_r0__3/P[31]
                         net (fo=1, unplaced)         0.803    11.712    prod_r0__3_n_74
                         LUT4 (Prop_lut4_I3_O)        0.124    11.836 r  prod_r[63]_i_3/O
                         net (fo=17, unplaced)        0.505    12.341    prod_r[63]_i_3_n_0
                         LUT6 (Prop_lut6_I2_O)        0.124    12.465 r  prod_r[40]_i_1/O
                         net (fo=1, unplaced)         0.000    12.465    p_1_in__0[40]
                         FDCE                                         r  prod_r_reg[40]/D
  -------------------------------------------------------------------    -------------------

                         (clock clk rise edge)       10.000    10.000 r  <hidden>
                                                      0.000    10.000 r  clk
                         net (fo=43502, unset)        0.924    10.924    clk
                         FDCE                                         r  prod_r_reg[40]/C
                         clock pessimism              0.000    10.924    <hidden>
                         clock uncertainty           -0.035    10.889    <hidden>
                         FDCE (Setup_fdce_C_D)        0.044    10.933    prod_r_reg[40]
  -------------------------------------------------------------------
                         required time                         10.933    <hidden>
                         arrival time                         -12.465    <hidden>
  -------------------------------------------------------------------
                         slack                                 -1.532    <hidden>

Slack (VIOLATED) :        -1.532ns  (required time - arrival time)
  Source:                 kv_reg[23][30][15]/C
                            (rising edge-triggered cell FDRE clocked by clk  {rise@0.000ns fall@5.000ns period=10.000ns})
  Destination:            prod_r_reg[41]/D
                            (rising edge-triggered cell FDCE clocked by clk  {rise@0.000ns fall@5.000ns period=10.000ns})
  Path Group:             clk
  Path Type:              Setup (Max at Slow Process Corner)
  Requirement:            10.000ns  (clk rise@10.000ns - clk rise@0.000ns)
  Data Path Delay:        11.492ns  (logic 6.497ns (56.536%)  route 4.995ns (43.464%))
  Logic Levels:           10  (DSP48E1=1 LUT4=1 LUT5=2 LUT6=3 MUXF7=3)
  Clock Path Skew:        -0.049ns (DCD - SCD + CPR)
    Destination Clock Delay (DCD):    0.924ns = ( 10.924 - 10.000 ) 
    Source Clock Delay      (SCD):    0.973ns
    Clock Pessimism Removal (CPR):    0.000ns
  Clock Uncertainty:      0.035ns  ((TSJ^2 + TIJ^2)^1/2 + DJ) / 2 + PE
    Total System Jitter     (TSJ):    0.071ns
    Total Input Jitter      (TIJ):    0.000ns
    Discrete Jitter          (DJ):    0.000ns
    Phase Error              (PE):    0.000ns

    Location             Delay type                Incr(ns)  Path(ns)    Netlist Resource(s)
  -------------------------------------------------------------------    -------------------
                         (clock clk rise edge)        0.000     0.000 r  <hidden>
                                                      0.000     0.000 r  clk
                         net (fo=43502, unset)        0.973     0.973    clk
                         FDRE                                         r  kv_reg[23][30][15]/C
  -------------------------------------------------------------------    -------------------
                         FDRE (Prop_fdre_C_Q)         0.478     1.451 r  kv_reg[23][30][15]/Q
                         net (fo=1, unplaced)         0.965     2.416    kv_reg_n_0_[23][30][15]
                         LUT6 (Prop_lut6_I0_O)        0.295     2.711 r  prod_r0__3_i_4244/O
                         net (fo=1, unplaced)         0.000     2.711    prod_r0__3_i_4244_n_0
                         MUXF7 (Prop_muxf7_I1_O)      0.247     2.958 r  prod_r0__3_i_1842/O
                         net (fo=1, unplaced)         0.735     3.693    prod_r0__3_i_1842_n_0
                         LUT5 (Prop_lut5_I0_O)        0.298     3.991 r  prod_r0__3_i_608/O
                         net (fo=1, unplaced)         0.449     4.440    prod_r0__3_i_608_n_0
                         LUT5 (Prop_lut5_I4_O)        0.124     4.564 r  prod_r0__3_i_192/O
                         net (fo=1, unplaced)         0.000     4.564    prod_r0__3_i_192_n_0
                         MUXF7 (Prop_muxf7_I1_O)      0.247     4.811 r  prod_r0__3_i_53/O
                         net (fo=1, unplaced)         0.735     5.546    prod_r0__3_i_53_n_0
                         LUT6 (Prop_lut6_I0_O)        0.298     5.844 r  prod_r0__3_i_18/O
                         net (fo=1, unplaced)         0.000     5.844    prod_r0__3_i_18_n_0
                         MUXF7 (Prop_muxf7_I1_O)      0.247     6.091 r  prod_r0__3_i_1/O
                         net (fo=15, unplaced)        0.803     6.894    kv[15]
                         DSP48E1 (Prop_dsp48e1_A[29]_P[31])
                                                      4.015    10.909 r  prod_r0__3/P[31]
                         net (fo=1, unplaced)         0.803    11.712    prod_r0__3_n_74
                         LUT4 (Prop_lut4_I3_O)        0.124    11.836 r  prod_r[63]_i_3/O
                         net (fo=17, unplaced)        0.505    12.341    prod_r[63]_i_3_n_0
                         LUT6 (Prop_lut6_I2_O)        0.124    12.465 r  prod_r[41]_i_1/O
                         net (fo=1, unplaced)         0.000    12.465    p_1_in__0[41]
                         FDCE                                         r  prod_r_reg[41]/D
  -------------------------------------------------------------------    -------------------

                         (clock clk rise edge)       10.000    10.000 r  <hidden>
                                                      0.000    10.000 r  clk
                         net (fo=43502, unset)        0.924    10.924    clk
                         FDCE                                         r  prod_r_reg[41]/C
                         clock pessimism              0.000    10.924    <hidden>
                         clock uncertainty           -0.035    10.889    <hidden>
                         FDCE (Setup_fdce_C_D)        0.044    10.933    prod_r_reg[41]
  -------------------------------------------------------------------
                         required time                         10.933    <hidden>
                         arrival time                         -12.465    <hidden>
  -------------------------------------------------------------------
                         slack                                 -1.532    <hidden>

Slack (VIOLATED) :        -1.532ns  (required time - arrival time)
  Source:                 kv_reg[23][30][15]/C
                            (rising edge-triggered cell FDRE clocked by clk  {rise@0.000ns fall@5.000ns period=10.000ns})
  Destination:            prod_r_reg[42]/D
                            (rising edge-triggered cell FDCE clocked by clk  {rise@0.000ns fall@5.000ns period=10.000ns})
  Path Group:             clk
  Path Type:              Setup (Max at Slow Process Corner)
  Requirement:            10.000ns  (clk rise@10.000ns - clk rise@0.000ns)
  Data Path Delay:        11.492ns  (logic 6.497ns (56.536%)  route 4.995ns (43.464%))
  Logic Levels:           10  (DSP48E1=1 LUT4=1 LUT5=2 LUT6=3 MUXF7=3)
  Clock Path Skew:        -0.049ns (DCD - SCD + CPR)
    Destination Clock Delay (DCD):    0.924ns = ( 10.924 - 10.000 ) 
    Source Clock Delay      (SCD):    0.973ns
    Clock Pessimism Removal (CPR):    0.000ns
  Clock Uncertainty:      0.035ns  ((TSJ^2 + TIJ^2)^1/2 + DJ) / 2 + PE
    Total System Jitter     (TSJ):    0.071ns
    Total Input Jitter      (TIJ):    0.000ns
    Discrete Jitter          (DJ):    0.000ns
    Phase Error              (PE):    0.000ns

    Location             Delay type                Incr(ns)  Path(ns)    Netlist Resource(s)
  -------------------------------------------------------------------    -------------------
                         (clock clk rise edge)        0.000     0.000 r  <hidden>
                                                      0.000     0.000 r  clk
                         net (fo=43502, unset)        0.973     0.973    clk
                         FDRE                                         r  kv_reg[23][30][15]/C
  -------------------------------------------------------------------    -------------------
                         FDRE (Prop_fdre_C_Q)         0.478     1.451 r  kv_reg[23][30][15]/Q
                         net (fo=1, unplaced)         0.965     2.416    kv_reg_n_0_[23][30][15]
                         LUT6 (Prop_lut6_I0_O)        0.295     2.711 r  prod_r0__3_i_4244/O
                         net (fo=1, unplaced)         0.000     2.711    prod_r0__3_i_4244_n_0
                         MUXF7 (Prop_muxf7_I1_O)      0.247     2.958 r  prod_r0__3_i_1842/O
                         net (fo=1, unplaced)         0.735     3.693    prod_r0__3_i_1842_n_0
                         LUT5 (Prop_lut5_I0_O)        0.298     3.991 r  prod_r0__3_i_608/O
                         net (fo=1, unplaced)         0.449     4.440    prod_r0__3_i_608_n_0
                         LUT5 (Prop_lut5_I4_O)        0.124     4.564 r  prod_r0__3_i_192/O
                         net (fo=1, unplaced)         0.000     4.564    prod_r0__3_i_192_n_0
                         MUXF7 (Prop_muxf7_I1_O)      0.247     4.811 r  prod_r0__3_i_53/O
                         net (fo=1, unplaced)         0.735     5.546    prod_r0__3_i_53_n_0
                         LUT6 (Prop_lut6_I0_O)        0.298     5.844 r  prod_r0__3_i_18/O
                         net (fo=1, unplaced)         0.000     5.844    prod_r0__3_i_18_n_0
                         MUXF7 (Prop_muxf7_I1_O)      0.247     6.091 r  prod_r0__3_i_1/O
                         net (fo=15, unplaced)        0.803     6.894    kv[15]
                         DSP48E1 (Prop_dsp48e1_A[29]_P[31])
                                                      4.015    10.909 r  prod_r0__3/P[31]
                         net (fo=1, unplaced)         0.803    11.712    prod_r0__3_n_74
                         LUT4 (Prop_lut4_I3_O)        0.124    11.836 r  prod_r[63]_i_3/O
                         net (fo=17, unplaced)        0.505    12.341    prod_r[63]_i_3_n_0
                         LUT6 (Prop_lut6_I2_O)        0.124    12.465 r  prod_r[42]_i_1/O
                         net (fo=1, unplaced)         0.000    12.465    p_1_in__0[42]
                         FDCE                                         r  prod_r_reg[42]/D
  -------------------------------------------------------------------    -------------------

                         (clock clk rise edge)       10.000    10.000 r  <hidden>
                                                      0.000    10.000 r  clk
                         net (fo=43502, unset)        0.924    10.924    clk
                         FDCE                                         r  prod_r_reg[42]/C
                         clock pessimism              0.000    10.924    <hidden>
                         clock uncertainty           -0.035    10.889    <hidden>
                         FDCE (Setup_fdce_C_D)        0.044    10.933    prod_r_reg[42]
  -------------------------------------------------------------------
                         required time                         10.933    <hidden>
                         arrival time                         -12.465    <hidden>
  -------------------------------------------------------------------
                         slack                                 -1.532    <hidden>

Slack (VIOLATED) :        -1.532ns  (required time - arrival time)
  Source:                 kv_reg[23][30][15]/C
                            (rising edge-triggered cell FDRE clocked by clk  {rise@0.000ns fall@5.000ns period=10.000ns})
  Destination:            prod_r_reg[43]/D
                            (rising edge-triggered cell FDCE clocked by clk  {rise@0.000ns fall@5.000ns period=10.000ns})
  Path Group:             clk
  Path Type:              Setup (Max at Slow Process Corner)
  Requirement:            10.000ns  (clk rise@10.000ns - clk rise@0.000ns)
  Data Path Delay:        11.492ns  (logic 6.497ns (56.536%)  route 4.995ns (43.464%))
  Logic Levels:           10  (DSP48E1=1 LUT4=1 LUT5=2 LUT6=3 MUXF7=3)
  Clock Path Skew:        -0.049ns (DCD - SCD + CPR)
    Destination Clock Delay (DCD):    0.924ns = ( 10.924 - 10.000 ) 
    Source Clock Delay      (SCD):    0.973ns
    Clock Pessimism Removal (CPR):    0.000ns
  Clock Uncertainty:      0.035ns  ((TSJ^2 + TIJ^2)^1/2 + DJ) / 2 + PE
    Total System Jitter     (TSJ):    0.071ns
    Total Input Jitter      (TIJ):    0.000ns
    Discrete Jitter          (DJ):    0.000ns
    Phase Error              (PE):    0.000ns

    Location             Delay type                Incr(ns)  Path(ns)    Netlist Resource(s)
  -------------------------------------------------------------------    -------------------
                         (clock clk rise edge)        0.000     0.000 r  <hidden>
                                                      0.000     0.000 r  clk
                         net (fo=43502, unset)        0.973     0.973    clk
                         FDRE                                         r  kv_reg[23][30][15]/C
  -------------------------------------------------------------------    -------------------
                         FDRE (Prop_fdre_C_Q)         0.478     1.451 r  kv_reg[23][30][15]/Q
                         net (fo=1, unplaced)         0.965     2.416    kv_reg_n_0_[23][30][15]
                         LUT6 (Prop_lut6_I0_O)        0.295     2.711 r  prod_r0__3_i_4244/O
                         net (fo=1, unplaced)         0.000     2.711    prod_r0__3_i_4244_n_0
                         MUXF7 (Prop_muxf7_I1_O)      0.247     2.958 r  prod_r0__3_i_1842/O
                         net (fo=1, unplaced)         0.735     3.693    prod_r0__3_i_1842_n_0
                         LUT5 (Prop_lut5_I0_O)        0.298     3.991 r  prod_r0__3_i_608/O
                         net (fo=1, unplaced)         0.449     4.440    prod_r0__3_i_608_n_0
                         LUT5 (Prop_lut5_I4_O)        0.124     4.564 r  prod_r0__3_i_192/O
                         net (fo=1, unplaced)         0.000     4.564    prod_r0__3_i_192_n_0
                         MUXF7 (Prop_muxf7_I1_O)      0.247     4.811 r  prod_r0__3_i_53/O
                         net (fo=1, unplaced)         0.735     5.546    prod_r0__3_i_53_n_0
                         LUT6 (Prop_lut6_I0_O)        0.298     5.844 r  prod_r0__3_i_18/O
                         net (fo=1, unplaced)         0.000     5.844    prod_r0__3_i_18_n_0
                         MUXF7 (Prop_muxf7_I1_O)      0.247     6.091 r  prod_r0__3_i_1/O
                         net (fo=15, unplaced)        0.803     6.894    kv[15]
                         DSP48E1 (Prop_dsp48e1_A[29]_P[31])
                                                      4.015    10.909 r  prod_r0__3/P[31]
                         net (fo=1, unplaced)         0.803    11.712    prod_r0__3_n_74
                         LUT4 (Prop_lut4_I3_O)        0.124    11.836 r  prod_r[63]_i_3/O
                         net (fo=17, unplaced)        0.505    12.341    prod_r[63]_i_3_n_0
                         LUT6 (Prop_lut6_I2_O)        0.124    12.465 r  prod_r[43]_i_1/O
                         net (fo=1, unplaced)         0.000    12.465    p_1_in__0[43]
                         FDCE                                         r  prod_r_reg[43]/D
  -------------------------------------------------------------------    -------------------

                         (clock clk rise edge)       10.000    10.000 r  <hidden>
                                                      0.000    10.000 r  clk
                         net (fo=43502, unset)        0.924    10.924    clk
                         FDCE                                         r  prod_r_reg[43]/C
                         clock pessimism              0.000    10.924    <hidden>
                         clock uncertainty           -0.035    10.889    <hidden>
                         FDCE (Setup_fdce_C_D)        0.044    10.933    prod_r_reg[43]
  -------------------------------------------------------------------
                         required time                         10.933    <hidden>
                         arrival time                         -12.465    <hidden>
  -------------------------------------------------------------------
                         slack                                 -1.532    <hidden>

Slack (VIOLATED) :        -1.532ns  (required time - arrival time)
  Source:                 kv_reg[23][30][15]/C
                            (rising edge-triggered cell FDRE clocked by clk  {rise@0.000ns fall@5.000ns period=10.000ns})
  Destination:            prod_r_reg[44]/D
                            (rising edge-triggered cell FDCE clocked by clk  {rise@0.000ns fall@5.000ns period=10.000ns})
  Path Group:             clk
  Path Type:              Setup (Max at Slow Process Corner)
  Requirement:            10.000ns  (clk rise@10.000ns - clk rise@0.000ns)
  Data Path Delay:        11.492ns  (logic 6.497ns (56.536%)  route 4.995ns (43.464%))
  Logic Levels:           10  (DSP48E1=1 LUT4=1 LUT5=2 LUT6=3 MUXF7=3)
  Clock Path Skew:        -0.049ns (DCD - SCD + CPR)
    Destination Clock Delay (DCD):    0.924ns = ( 10.924 - 10.000 ) 
    Source Clock Delay      (SCD):    0.973ns
    Clock Pessimism Removal (CPR):    0.000ns
  Clock Uncertainty:      0.035ns  ((TSJ^2 + TIJ^2)^1/2 + DJ) / 2 + PE
    Total System Jitter     (TSJ):    0.071ns
    Total Input Jitter      (TIJ):    0.000ns
    Discrete Jitter          (DJ):    0.000ns
    Phase Error              (PE):    0.000ns

    Location             Delay type                Incr(ns)  Path(ns)    Netlist Resource(s)
  -------------------------------------------------------------------    -------------------
                         (clock clk rise edge)        0.000     0.000 r  <hidden>
                                                      0.000     0.000 r  clk
                         net (fo=43502, unset)        0.973     0.973    clk
                         FDRE                                         r  kv_reg[23][30][15]/C
  -------------------------------------------------------------------    -------------------
                         FDRE (Prop_fdre_C_Q)         0.478     1.451 r  kv_reg[23][30][15]/Q
                         net (fo=1, unplaced)         0.965     2.416    kv_reg_n_0_[23][30][15]
                         LUT6 (Prop_lut6_I0_O)        0.295     2.711 r  prod_r0__3_i_4244/O
                         net (fo=1, unplaced)         0.000     2.711    prod_r0__3_i_4244_n_0
                         MUXF7 (Prop_muxf7_I1_O)      0.247     2.958 r  prod_r0__3_i_1842/O
                         net (fo=1, unplaced)         0.735     3.693    prod_r0__3_i_1842_n_0
                         LUT5 (Prop_lut5_I0_O)        0.298     3.991 r  prod_r0__3_i_608/O
                         net (fo=1, unplaced)         0.449     4.440    prod_r0__3_i_608_n_0
                         LUT5 (Prop_lut5_I4_O)        0.124     4.564 r  prod_r0__3_i_192/O
                         net (fo=1, unplaced)         0.000     4.564    prod_r0__3_i_192_n_0
                         MUXF7 (Prop_muxf7_I1_O)      0.247     4.811 r  prod_r0__3_i_53/O
                         net (fo=1, unplaced)         0.735     5.546    prod_r0__3_i_53_n_0
                         LUT6 (Prop_lut6_I0_O)        0.298     5.844 r  prod_r0__3_i_18/O
                         net (fo=1, unplaced)         0.000     5.844    prod_r0__3_i_18_n_0
                         MUXF7 (Prop_muxf7_I1_O)      0.247     6.091 r  prod_r0__3_i_1/O
                         net (fo=15, unplaced)        0.803     6.894    kv[15]
                         DSP48E1 (Prop_dsp48e1_A[29]_P[31])
                                                      4.015    10.909 r  prod_r0__3/P[31]
                         net (fo=1, unplaced)         0.803    11.712    prod_r0__3_n_74
                         LUT4 (Prop_lut4_I3_O)        0.124    11.836 r  prod_r[63]_i_3/O
                         net (fo=17, unplaced)        0.505    12.341    prod_r[63]_i_3_n_0
                         LUT6 (Prop_lut6_I2_O)        0.124    12.465 r  prod_r[44]_i_1/O
                         net (fo=1, unplaced)         0.000    12.465    p_1_in__0[44]
                         FDCE                                         r  prod_r_reg[44]/D
  -------------------------------------------------------------------    -------------------

                         (clock clk rise edge)       10.000    10.000 r  <hidden>
                                                      0.000    10.000 r  clk
                         net (fo=43502, unset)        0.924    10.924    clk
                         FDCE                                         r  prod_r_reg[44]/C
                         clock pessimism              0.000    10.924    <hidden>
                         clock uncertainty           -0.035    10.889    <hidden>
                         FDCE (Setup_fdce_C_D)        0.044    10.933    prod_r_reg[44]
  -------------------------------------------------------------------
                         required time                         10.933    <hidden>
                         arrival time                         -12.465    <hidden>
  -------------------------------------------------------------------
                         slack                                 -1.532    <hidden>

Slack (VIOLATED) :        -1.532ns  (required time - arrival time)
  Source:                 kv_reg[23][30][15]/C
                            (rising edge-triggered cell FDRE clocked by clk  {rise@0.000ns fall@5.000ns period=10.000ns})
  Destination:            prod_r_reg[45]/D
                            (rising edge-triggered cell FDCE clocked by clk  {rise@0.000ns fall@5.000ns period=10.000ns})
  Path Group:             clk
  Path Type:              Setup (Max at Slow Process Corner)
  Requirement:            10.000ns  (clk rise@10.000ns - clk rise@0.000ns)
  Data Path Delay:        11.492ns  (logic 6.497ns (56.536%)  route 4.995ns (43.464%))
  Logic Levels:           10  (DSP48E1=1 LUT4=1 LUT5=2 LUT6=3 MUXF7=3)
  Clock Path Skew:        -0.049ns (DCD - SCD + CPR)
    Destination Clock Delay (DCD):    0.924ns = ( 10.924 - 10.000 ) 
    Source Clock Delay      (SCD):    0.973ns
    Clock Pessimism Removal (CPR):    0.000ns
  Clock Uncertainty:      0.035ns  ((TSJ^2 + TIJ^2)^1/2 + DJ) / 2 + PE
    Total System Jitter     (TSJ):    0.071ns
    Total Input Jitter      (TIJ):    0.000ns
    Discrete Jitter          (DJ):    0.000ns
    Phase Error              (PE):    0.000ns

    Location             Delay type                Incr(ns)  Path(ns)    Netlist Resource(s)
  -------------------------------------------------------------------    -------------------
                         (clock clk rise edge)        0.000     0.000 r  <hidden>
                                                      0.000     0.000 r  clk
                         net (fo=43502, unset)        0.973     0.973    clk
                         FDRE                                         r  kv_reg[23][30][15]/C
  -------------------------------------------------------------------    -------------------
                         FDRE (Prop_fdre_C_Q)         0.478     1.451 r  kv_reg[23][30][15]/Q
                         net (fo=1, unplaced)         0.965     2.416    kv_reg_n_0_[23][30][15]
                         LUT6 (Prop_lut6_I0_O)        0.295     2.711 r  prod_r0__3_i_4244/O
                         net (fo=1, unplaced)         0.000     2.711    prod_r0__3_i_4244_n_0
                         MUXF7 (Prop_muxf7_I1_O)      0.247     2.958 r  prod_r0__3_i_1842/O
                         net (fo=1, unplaced)         0.735     3.693    prod_r0__3_i_1842_n_0
                         LUT5 (Prop_lut5_I0_O)        0.298     3.991 r  prod_r0__3_i_608/O
                         net (fo=1, unplaced)         0.449     4.440    prod_r0__3_i_608_n_0
                         LUT5 (Prop_lut5_I4_O)        0.124     4.564 r  prod_r0__3_i_192/O
                         net (fo=1, unplaced)         0.000     4.564    prod_r0__3_i_192_n_0
                         MUXF7 (Prop_muxf7_I1_O)      0.247     4.811 r  prod_r0__3_i_53/O
                         net (fo=1, unplaced)         0.735     5.546    prod_r0__3_i_53_n_0
                         LUT6 (Prop_lut6_I0_O)        0.298     5.844 r  prod_r0__3_i_18/O
                         net (fo=1, unplaced)         0.000     5.844    prod_r0__3_i_18_n_0
                         MUXF7 (Prop_muxf7_I1_O)      0.247     6.091 r  prod_r0__3_i_1/O
                         net (fo=15, unplaced)        0.803     6.894    kv[15]
                         DSP48E1 (Prop_dsp48e1_A[29]_P[31])
                                                      4.015    10.909 r  prod_r0__3/P[31]
                         net (fo=1, unplaced)         0.803    11.712    prod_r0__3_n_74
                         LUT4 (Prop_lut4_I3_O)        0.124    11.836 r  prod_r[63]_i_3/O
                         net (fo=17, unplaced)        0.505    12.341    prod_r[63]_i_3_n_0
                         LUT6 (Prop_lut6_I2_O)        0.124    12.465 r  prod_r[45]_i_1/O
                         net (fo=1, unplaced)         0.000    12.465    p_1_in__0[45]
                         FDCE                                         r  prod_r_reg[45]/D
  -------------------------------------------------------------------    -------------------

                         (clock clk rise edge)       10.000    10.000 r  <hidden>
                                                      0.000    10.000 r  clk
                         net (fo=43502, unset)        0.924    10.924    clk
                         FDCE                                         r  prod_r_reg[45]/C
                         clock pessimism              0.000    10.924    <hidden>
                         clock uncertainty           -0.035    10.889    <hidden>
                         FDCE (Setup_fdce_C_D)        0.044    10.933    prod_r_reg[45]
  -------------------------------------------------------------------
                         required time                         10.933    <hidden>
                         arrival time                         -12.465    <hidden>
  -------------------------------------------------------------------
                         slack                                 -1.532    <hidden>

Slack (VIOLATED) :        -1.532ns  (required time - arrival time)
  Source:                 kv_reg[23][30][15]/C
                            (rising edge-triggered cell FDRE clocked by clk  {rise@0.000ns fall@5.000ns period=10.000ns})
  Destination:            prod_r_reg[46]/D
                            (rising edge-triggered cell FDCE clocked by clk  {rise@0.000ns fall@5.000ns period=10.000ns})
  Path Group:             clk
  Path Type:              Setup (Max at Slow Process Corner)
  Requirement:            10.000ns  (clk rise@10.000ns - clk rise@0.000ns)
  Data Path Delay:        11.492ns  (logic 6.497ns (56.536%)  route 4.995ns (43.464%))
  Logic Levels:           10  (DSP48E1=1 LUT4=1 LUT5=2 LUT6=3 MUXF7=3)
  Clock Path Skew:        -0.049ns (DCD - SCD + CPR)
    Destination Clock Delay (DCD):    0.924ns = ( 10.924 - 10.000 ) 
    Source Clock Delay      (SCD):    0.973ns
    Clock Pessimism Removal (CPR):    0.000ns
  Clock Uncertainty:      0.035ns  ((TSJ^2 + TIJ^2)^1/2 + DJ) / 2 + PE
    Total System Jitter     (TSJ):    0.071ns
    Total Input Jitter      (TIJ):    0.000ns
    Discrete Jitter          (DJ):    0.000ns
    Phase Error              (PE):    0.000ns

    Location             Delay type                Incr(ns)  Path(ns)    Netlist Resource(s)
  -------------------------------------------------------------------    -------------------
                         (clock clk rise edge)        0.000     0.000 r  <hidden>
                                                      0.000     0.000 r  clk
                         net (fo=43502, unset)        0.973     0.973    clk
                         FDRE                                         r  kv_reg[23][30][15]/C
  -------------------------------------------------------------------    -------------------
                         FDRE (Prop_fdre_C_Q)         0.478     1.451 r  kv_reg[23][30][15]/Q
                         net (fo=1, unplaced)         0.965     2.416    kv_reg_n_0_[23][30][15]
                         LUT6 (Prop_lut6_I0_O)        0.295     2.711 r  prod_r0__3_i_4244/O
                         net (fo=1, unplaced)         0.000     2.711    prod_r0__3_i_4244_n_0
                         MUXF7 (Prop_muxf7_I1_O)      0.247     2.958 r  prod_r0__3_i_1842/O
                         net (fo=1, unplaced)         0.735     3.693    prod_r0__3_i_1842_n_0
                         LUT5 (Prop_lut5_I0_O)        0.298     3.991 r  prod_r0__3_i_608/O
                         net (fo=1, unplaced)         0.449     4.440    prod_r0__3_i_608_n_0
                         LUT5 (Prop_lut5_I4_O)        0.124     4.564 r  prod_r0__3_i_192/O
                         net (fo=1, unplaced)         0.000     4.564    prod_r0__3_i_192_n_0
                         MUXF7 (Prop_muxf7_I1_O)      0.247     4.811 r  prod_r0__3_i_53/O
                         net (fo=1, unplaced)         0.735     5.546    prod_r0__3_i_53_n_0
                         LUT6 (Prop_lut6_I0_O)        0.298     5.844 r  prod_r0__3_i_18/O
                         net (fo=1, unplaced)         0.000     5.844    prod_r0__3_i_18_n_0
                         MUXF7 (Prop_muxf7_I1_O)      0.247     6.091 r  prod_r0__3_i_1/O
                         net (fo=15, unplaced)        0.803     6.894    kv[15]
                         DSP48E1 (Prop_dsp48e1_A[29]_P[31])
                                                      4.015    10.909 r  prod_r0__3/P[31]
                         net (fo=1, unplaced)         0.803    11.712    prod_r0__3_n_74
                         LUT4 (Prop_lut4_I3_O)        0.124    11.836 r  prod_r[63]_i_3/O
                         net (fo=17, unplaced)        0.505    12.341    prod_r[63]_i_3_n_0
                         LUT6 (Prop_lut6_I2_O)        0.124    12.465 r  prod_r[46]_i_1/O
                         net (fo=1, unplaced)         0.000    12.465    p_1_in__0[46]
                         FDCE                                         r  prod_r_reg[46]/D
  -------------------------------------------------------------------    -------------------

                         (clock clk rise edge)       10.000    10.000 r  <hidden>
                                                      0.000    10.000 r  clk
                         net (fo=43502, unset)        0.924    10.924    clk
                         FDCE                                         r  prod_r_reg[46]/C
                         clock pessimism              0.000    10.924    <hidden>
                         clock uncertainty           -0.035    10.889    <hidden>
                         FDCE (Setup_fdce_C_D)        0.044    10.933    prod_r_reg[46]
  -------------------------------------------------------------------
                         required time                         10.933    <hidden>
                         arrival time                         -12.465    <hidden>
  -------------------------------------------------------------------
                         slack                                 -1.532    <hidden>

Slack (VIOLATED) :        -1.532ns  (required time - arrival time)
  Source:                 kv_reg[23][30][15]/C
                            (rising edge-triggered cell FDRE clocked by clk  {rise@0.000ns fall@5.000ns period=10.000ns})
  Destination:            prod_r_reg[47]/D
                            (rising edge-triggered cell FDCE clocked by clk  {rise@0.000ns fall@5.000ns period=10.000ns})
  Path Group:             clk
  Path Type:              Setup (Max at Slow Process Corner)
  Requirement:            10.000ns  (clk rise@10.000ns - clk rise@0.000ns)
  Data Path Delay:        11.492ns  (logic 6.497ns (56.536%)  route 4.995ns (43.464%))
  Logic Levels:           10  (DSP48E1=1 LUT4=1 LUT5=2 LUT6=3 MUXF7=3)
  Clock Path Skew:        -0.049ns (DCD - SCD + CPR)
    Destination Clock Delay (DCD):    0.924ns = ( 10.924 - 10.000 ) 
    Source Clock Delay      (SCD):    0.973ns
    Clock Pessimism Removal (CPR):    0.000ns
  Clock Uncertainty:      0.035ns  ((TSJ^2 + TIJ^2)^1/2 + DJ) / 2 + PE
    Total System Jitter     (TSJ):    0.071ns
    Total Input Jitter      (TIJ):    0.000ns
    Discrete Jitter          (DJ):    0.000ns
    Phase Error              (PE):    0.000ns

    Location             Delay type                Incr(ns)  Path(ns)    Netlist Resource(s)
  -------------------------------------------------------------------    -------------------
                         (clock clk rise edge)        0.000     0.000 r  <hidden>
                                                      0.000     0.000 r  clk
                         net (fo=43502, unset)        0.973     0.973    clk
                         FDRE                                         r  kv_reg[23][30][15]/C
  -------------------------------------------------------------------    -------------------
                         FDRE (Prop_fdre_C_Q)         0.478     1.451 r  kv_reg[23][30][15]/Q
                         net (fo=1, unplaced)         0.965     2.416    kv_reg_n_0_[23][30][15]
                         LUT6 (Prop_lut6_I0_O)        0.295     2.711 r  prod_r0__3_i_4244/O
                         net (fo=1, unplaced)         0.000     2.711    prod_r0__3_i_4244_n_0
                         MUXF7 (Prop_muxf7_I1_O)      0.247     2.958 r  prod_r0__3_i_1842/O
                         net (fo=1, unplaced)         0.735     3.693    prod_r0__3_i_1842_n_0
                         LUT5 (Prop_lut5_I0_O)        0.298     3.991 r  prod_r0__3_i_608/O
                         net (fo=1, unplaced)         0.449     4.440    prod_r0__3_i_608_n_0
                         LUT5 (Prop_lut5_I4_O)        0.124     4.564 r  prod_r0__3_i_192/O
                         net (fo=1, unplaced)         0.000     4.564    prod_r0__3_i_192_n_0
                         MUXF7 (Prop_muxf7_I1_O)      0.247     4.811 r  prod_r0__3_i_53/O
                         net (fo=1, unplaced)         0.735     5.546    prod_r0__3_i_53_n_0
                         LUT6 (Prop_lut6_I0_O)        0.298     5.844 r  prod_r0__3_i_18/O
                         net (fo=1, unplaced)         0.000     5.844    prod_r0__3_i_18_n_0
                         MUXF7 (Prop_muxf7_I1_O)      0.247     6.091 r  prod_r0__3_i_1/O
                         net (fo=15, unplaced)        0.803     6.894    kv[15]
                         DSP48E1 (Prop_dsp48e1_A[29]_P[31])
                                                      4.015    10.909 r  prod_r0__3/P[31]
                         net (fo=1, unplaced)         0.803    11.712    prod_r0__3_n_74
                         LUT4 (Prop_lut4_I3_O)        0.124    11.836 r  prod_r[63]_i_3/O
                         net (fo=17, unplaced)        0.505    12.341    prod_r[63]_i_3_n_0
                         LUT6 (Prop_lut6_I5_O)        0.124    12.465 r  prod_r[63]_i_2/O
                         net (fo=17, unplaced)        0.000    12.465    p_1_in__0[63]
                         FDCE                                         r  prod_r_reg[47]/D
  -------------------------------------------------------------------    -------------------

                         (clock clk rise edge)       10.000    10.000 r  <hidden>
                                                      0.000    10.000 r  clk
                         net (fo=43502, unset)        0.924    10.924    clk
                         FDCE                                         r  prod_r_reg[47]/C
                         clock pessimism              0.000    10.924    <hidden>
                         clock uncertainty           -0.035    10.889    <hidden>
                         FDCE (Setup_fdce_C_D)        0.044    10.933    prod_r_reg[47]
  -------------------------------------------------------------------
                         required time                         10.933    <hidden>
                         arrival time                         -12.465    <hidden>
  -------------------------------------------------------------------
                         slack                                 -1.532    <hidden>

Slack (VIOLATED) :        -1.532ns  (required time - arrival time)
  Source:                 kv_reg[23][30][15]/C
                            (rising edge-triggered cell FDRE clocked by clk  {rise@0.000ns fall@5.000ns period=10.000ns})
  Destination:            prod_r_reg[48]/D
                            (rising edge-triggered cell FDCE clocked by clk  {rise@0.000ns fall@5.000ns period=10.000ns})
  Path Group:             clk
  Path Type:              Setup (Max at Slow Process Corner)
  Requirement:            10.000ns  (clk rise@10.000ns - clk rise@0.000ns)
  Data Path Delay:        11.492ns  (logic 6.497ns (56.536%)  route 4.995ns (43.464%))
  Logic Levels:           10  (DSP48E1=1 LUT4=1 LUT5=2 LUT6=3 MUXF7=3)
  Clock Path Skew:        -0.049ns (DCD - SCD + CPR)
    Destination Clock Delay (DCD):    0.924ns = ( 10.924 - 10.000 ) 
    Source Clock Delay      (SCD):    0.973ns
    Clock Pessimism Removal (CPR):    0.000ns
  Clock Uncertainty:      0.035ns  ((TSJ^2 + TIJ^2)^1/2 + DJ) / 2 + PE
    Total System Jitter     (TSJ):    0.071ns
    Total Input Jitter      (TIJ):    0.000ns
    Discrete Jitter          (DJ):    0.000ns
    Phase Error              (PE):    0.000ns

    Location             Delay type                Incr(ns)  Path(ns)    Netlist Resource(s)
  -------------------------------------------------------------------    -------------------
                         (clock clk rise edge)        0.000     0.000 r  <hidden>
                                                      0.000     0.000 r  clk
                         net (fo=43502, unset)        0.973     0.973    clk
                         FDRE                                         r  kv_reg[23][30][15]/C
  -------------------------------------------------------------------    -------------------
                         FDRE (Prop_fdre_C_Q)         0.478     1.451 r  kv_reg[23][30][15]/Q
                         net (fo=1, unplaced)         0.965     2.416    kv_reg_n_0_[23][30][15]
                         LUT6 (Prop_lut6_I0_O)        0.295     2.711 r  prod_r0__3_i_4244/O
                         net (fo=1, unplaced)         0.000     2.711    prod_r0__3_i_4244_n_0
                         MUXF7 (Prop_muxf7_I1_O)      0.247     2.958 r  prod_r0__3_i_1842/O
                         net (fo=1, unplaced)         0.735     3.693    prod_r0__3_i_1842_n_0
                         LUT5 (Prop_lut5_I0_O)        0.298     3.991 r  prod_r0__3_i_608/O
                         net (fo=1, unplaced)         0.449     4.440    prod_r0__3_i_608_n_0
                         LUT5 (Prop_lut5_I4_O)        0.124     4.564 r  prod_r0__3_i_192/O
                         net (fo=1, unplaced)         0.000     4.564    prod_r0__3_i_192_n_0
                         MUXF7 (Prop_muxf7_I1_O)      0.247     4.811 r  prod_r0__3_i_53/O
                         net (fo=1, unplaced)         0.735     5.546    prod_r0__3_i_53_n_0
                         LUT6 (Prop_lut6_I0_O)        0.298     5.844 r  prod_r0__3_i_18/O
                         net (fo=1, unplaced)         0.000     5.844    prod_r0__3_i_18_n_0
                         MUXF7 (Prop_muxf7_I1_O)      0.247     6.091 r  prod_r0__3_i_1/O
                         net (fo=15, unplaced)        0.803     6.894    kv[15]
                         DSP48E1 (Prop_dsp48e1_A[29]_P[31])
                                                      4.015    10.909 r  prod_r0__3/P[31]
                         net (fo=1, unplaced)         0.803    11.712    prod_r0__3_n_74
                         LUT4 (Prop_lut4_I3_O)        0.124    11.836 r  prod_r[63]_i_3/O
                         net (fo=17, unplaced)        0.505    12.341    prod_r[63]_i_3_n_0
                         LUT6 (Prop_lut6_I5_O)        0.124    12.465 r  prod_r[63]_i_2/O
                         net (fo=17, unplaced)        0.000    12.465    p_1_in__0[63]
                         FDCE                                         r  prod_r_reg[48]/D
  -------------------------------------------------------------------    -------------------

                         (clock clk rise edge)       10.000    10.000 r  <hidden>
                                                      0.000    10.000 r  clk
                         net (fo=43502, unset)        0.924    10.924    clk
                         FDCE                                         r  prod_r_reg[48]/C
                         clock pessimism              0.000    10.924    <hidden>
                         clock uncertainty           -0.035    10.889    <hidden>
                         FDCE (Setup_fdce_C_D)        0.044    10.933    prod_r_reg[48]
  -------------------------------------------------------------------
                         required time                         10.933    <hidden>
                         arrival time                         -12.465    <hidden>
  -------------------------------------------------------------------
                         slack                                 -1.532    <hidden>

Slack (VIOLATED) :        -1.532ns  (required time - arrival time)
  Source:                 kv_reg[23][30][15]/C
                            (rising edge-triggered cell FDRE clocked by clk  {rise@0.000ns fall@5.000ns period=10.000ns})
  Destination:            prod_r_reg[49]/D
                            (rising edge-triggered cell FDCE clocked by clk  {rise@0.000ns fall@5.000ns period=10.000ns})
  Path Group:             clk
  Path Type:              Setup (Max at Slow Process Corner)
  Requirement:            10.000ns  (clk rise@10.000ns - clk rise@0.000ns)
  Data Path Delay:        11.492ns  (logic 6.497ns (56.536%)  route 4.995ns (43.464%))
  Logic Levels:           10  (DSP48E1=1 LUT4=1 LUT5=2 LUT6=3 MUXF7=3)
  Clock Path Skew:        -0.049ns (DCD - SCD + CPR)
    Destination Clock Delay (DCD):    0.924ns = ( 10.924 - 10.000 ) 
    Source Clock Delay      (SCD):    0.973ns
    Clock Pessimism Removal (CPR):    0.000ns
  Clock Uncertainty:      0.035ns  ((TSJ^2 + TIJ^2)^1/2 + DJ) / 2 + PE
    Total System Jitter     (TSJ):    0.071ns
    Total Input Jitter      (TIJ):    0.000ns
    Discrete Jitter          (DJ):    0.000ns
    Phase Error              (PE):    0.000ns

    Location             Delay type                Incr(ns)  Path(ns)    Netlist Resource(s)
  -------------------------------------------------------------------    -------------------
                         (clock clk rise edge)        0.000     0.000 r  <hidden>
                                                      0.000     0.000 r  clk
                         net (fo=43502, unset)        0.973     0.973    clk
                         FDRE                                         r  kv_reg[23][30][15]/C
  -------------------------------------------------------------------    -------------------
                         FDRE (Prop_fdre_C_Q)         0.478     1.451 r  kv_reg[23][30][15]/Q
                         net (fo=1, unplaced)         0.965     2.416    kv_reg_n_0_[23][30][15]
                         LUT6 (Prop_lut6_I0_O)        0.295     2.711 r  prod_r0__3_i_4244/O
                         net (fo=1, unplaced)         0.000     2.711    prod_r0__3_i_4244_n_0
                         MUXF7 (Prop_muxf7_I1_O)      0.247     2.958 r  prod_r0__3_i_1842/O
                         net (fo=1, unplaced)         0.735     3.693    prod_r0__3_i_1842_n_0
                         LUT5 (Prop_lut5_I0_O)        0.298     3.991 r  prod_r0__3_i_608/O
                         net (fo=1, unplaced)         0.449     4.440    prod_r0__3_i_608_n_0
                         LUT5 (Prop_lut5_I4_O)        0.124     4.564 r  prod_r0__3_i_192/O
                         net (fo=1, unplaced)         0.000     4.564    prod_r0__3_i_192_n_0
                         MUXF7 (Prop_muxf7_I1_O)      0.247     4.811 r  prod_r0__3_i_53/O
                         net (fo=1, unplaced)         0.735     5.546    prod_r0__3_i_53_n_0
                         LUT6 (Prop_lut6_I0_O)        0.298     5.844 r  prod_r0__3_i_18/O
                         net (fo=1, unplaced)         0.000     5.844    prod_r0__3_i_18_n_0
                         MUXF7 (Prop_muxf7_I1_O)      0.247     6.091 r  prod_r0__3_i_1/O
                         net (fo=15, unplaced)        0.803     6.894    kv[15]
                         DSP48E1 (Prop_dsp48e1_A[29]_P[31])
                                                      4.015    10.909 r  prod_r0__3/P[31]
                         net (fo=1, unplaced)         0.803    11.712    prod_r0__3_n_74
                         LUT4 (Prop_lut4_I3_O)        0.124    11.836 r  prod_r[63]_i_3/O
                         net (fo=17, unplaced)        0.505    12.341    prod_r[63]_i_3_n_0
                         LUT6 (Prop_lut6_I5_O)        0.124    12.465 r  prod_r[63]_i_2/O
                         net (fo=17, unplaced)        0.000    12.465    p_1_in__0[63]
                         FDCE                                         r  prod_r_reg[49]/D
  -------------------------------------------------------------------    -------------------

                         (clock clk rise edge)       10.000    10.000 r  <hidden>
                                                      0.000    10.000 r  clk
                         net (fo=43502, unset)        0.924    10.924    clk
                         FDCE                                         r  prod_r_reg[49]/C
                         clock pessimism              0.000    10.924    <hidden>
                         clock uncertainty           -0.035    10.889    <hidden>
                         FDCE (Setup_fdce_C_D)        0.044    10.933    prod_r_reg[49]
  -------------------------------------------------------------------
                         required time                         10.933    <hidden>
                         arrival time                         -12.465    <hidden>
  -------------------------------------------------------------------
                         slack                                 -1.532    <hidden>

Slack (VIOLATED) :        -1.532ns  (required time - arrival time)
  Source:                 kv_reg[23][30][15]/C
                            (rising edge-triggered cell FDRE clocked by clk  {rise@0.000ns fall@5.000ns period=10.000ns})
  Destination:            prod_r_reg[50]/D
                            (rising edge-triggered cell FDCE clocked by clk  {rise@0.000ns fall@5.000ns period=10.000ns})
  Path Group:             clk
  Path Type:              Setup (Max at Slow Process Corner)
  Requirement:            10.000ns  (clk rise@10.000ns - clk rise@0.000ns)
  Data Path Delay:        11.492ns  (logic 6.497ns (56.536%)  route 4.995ns (43.464%))
  Logic Levels:           10  (DSP48E1=1 LUT4=1 LUT5=2 LUT6=3 MUXF7=3)
  Clock Path Skew:        -0.049ns (DCD - SCD + CPR)
    Destination Clock Delay (DCD):    0.924ns = ( 10.924 - 10.000 ) 
    Source Clock Delay      (SCD):    0.973ns
    Clock Pessimism Removal (CPR):    0.000ns
  Clock Uncertainty:      0.035ns  ((TSJ^2 + TIJ^2)^1/2 + DJ) / 2 + PE
    Total System Jitter     (TSJ):    0.071ns
    Total Input Jitter      (TIJ):    0.000ns
    Discrete Jitter          (DJ):    0.000ns
    Phase Error              (PE):    0.000ns

    Location             Delay type                Incr(ns)  Path(ns)    Netlist Resource(s)
  -------------------------------------------------------------------    -------------------
                         (clock clk rise edge)        0.000     0.000 r  <hidden>
                                                      0.000     0.000 r  clk
                         net (fo=43502, unset)        0.973     0.973    clk
                         FDRE                                         r  kv_reg[23][30][15]/C
  -------------------------------------------------------------------    -------------------
                         FDRE (Prop_fdre_C_Q)         0.478     1.451 r  kv_reg[23][30][15]/Q
                         net (fo=1, unplaced)         0.965     2.416    kv_reg_n_0_[23][30][15]
                         LUT6 (Prop_lut6_I0_O)        0.295     2.711 r  prod_r0__3_i_4244/O
                         net (fo=1, unplaced)         0.000     2.711    prod_r0__3_i_4244_n_0
                         MUXF7 (Prop_muxf7_I1_O)      0.247     2.958 r  prod_r0__3_i_1842/O
                         net (fo=1, unplaced)         0.735     3.693    prod_r0__3_i_1842_n_0
                         LUT5 (Prop_lut5_I0_O)        0.298     3.991 r  prod_r0__3_i_608/O
                         net (fo=1, unplaced)         0.449     4.440    prod_r0__3_i_608_n_0
                         LUT5 (Prop_lut5_I4_O)        0.124     4.564 r  prod_r0__3_i_192/O
                         net (fo=1, unplaced)         0.000     4.564    prod_r0__3_i_192_n_0
                         MUXF7 (Prop_muxf7_I1_O)      0.247     4.811 r  prod_r0__3_i_53/O
                         net (fo=1, unplaced)         0.735     5.546    prod_r0__3_i_53_n_0
                         LUT6 (Prop_lut6_I0_O)        0.298     5.844 r  prod_r0__3_i_18/O
                         net (fo=1, unplaced)         0.000     5.844    prod_r0__3_i_18_n_0
                         MUXF7 (Prop_muxf7_I1_O)      0.247     6.091 r  prod_r0__3_i_1/O
                         net (fo=15, unplaced)        0.803     6.894    kv[15]
                         DSP48E1 (Prop_dsp48e1_A[29]_P[31])
                                                      4.015    10.909 r  prod_r0__3/P[31]
                         net (fo=1, unplaced)         0.803    11.712    prod_r0__3_n_74
                         LUT4 (Prop_lut4_I3_O)        0.124    11.836 r  prod_r[63]_i_3/O
                         net (fo=17, unplaced)        0.505    12.341    prod_r[63]_i_3_n_0
                         LUT6 (Prop_lut6_I5_O)        0.124    12.465 r  prod_r[63]_i_2/O
                         net (fo=17, unplaced)        0.000    12.465    p_1_in__0[63]
                         FDCE                                         r  prod_r_reg[50]/D
  -------------------------------------------------------------------    -------------------

                         (clock clk rise edge)       10.000    10.000 r  <hidden>
                                                      0.000    10.000 r  clk
                         net (fo=43502, unset)        0.924    10.924    clk
                         FDCE                                         r  prod_r_reg[50]/C
                         clock pessimism              0.000    10.924    <hidden>
                         clock uncertainty           -0.035    10.889    <hidden>
                         FDCE (Setup_fdce_C_D)        0.044    10.933    prod_r_reg[50]
  -------------------------------------------------------------------
                         required time                         10.933    <hidden>
                         arrival time                         -12.465    <hidden>
  -------------------------------------------------------------------
                         slack                                 -1.532    <hidden>




