Copyright 1986-2022 Xilinx, Inc. All Rights Reserved. Copyright 2022-2026 Advanced Micro Devices, Inc. All Rights Reserved.
------------------------------------------------------------------------------------------------------------------------------------------------------------------------------------------------------------------------------------------
| Tool Version : Vivado v.2026.1 (win64) Build 6511674 Tue Jun 16 11:02:23 MDT 2026
| Date         : Thu Sep 10 14:14:25 2026
| Host         : laptop-Quan running 64-bit major release  (build 9200)
| Command      : report_timing -delay_type max -max_paths 20 -nworst 1 -sort_by slack -file D:/FPGA/FPGG_ART_Y_ASTRA_NATIVE_V1_RESEARCH/results/A7-NATIVE-GRAPH/ASTRA-FINAL-C4-C7-20260909/26_C4_D32_BITEXACT_PHYSICAL/timing_n20_e3o.rpt
| Design       : a7ng_astra_c4_lm06_d32_fr_v2
| Device       : 7a100t-csg324
| Speed File   : -1  PRODUCTION 1.23 2018-06-13
| Design State : Synthesized
------------------------------------------------------------------------------------------------------------------------------------------------------------------------------------------------------------------------------------------

Timing Report

Slack (VIOLATED) :        -5.957ns  (required time - arrival time)
  Source:                 di_reg[4]_rep/C
                            (rising edge-triggered cell FDCE clocked by clk  {rise@0.000ns fall@5.000ns period=10.000ns})
  Destination:            acc_reg[63]/D
                            (rising edge-triggered cell FDCE clocked by clk  {rise@0.000ns fall@5.000ns period=10.000ns})
  Path Group:             clk
  Path Type:              Setup (Max at Slow Process Corner)
  Requirement:            10.000ns  (clk rise@10.000ns - clk rise@0.000ns)
  Data Path Delay:        15.917ns  (logic 8.951ns (56.236%)  route 6.966ns (43.764%))
  Logic Levels:           27  (CARRY4=17 DSP48E1=1 LUT2=1 LUT3=1 LUT4=1 LUT5=3 LUT6=3)
  Clock Path Skew:        -0.049ns (DCD - SCD + CPR)
    Destination Clock Delay (DCD):    0.924ns = ( 10.924 - 10.000 ) 
    Source Clock Delay      (SCD):    0.973ns
    Clock Pessimism Removal (CPR):    0.000ns
  Clock Uncertainty:      0.035ns  ((TSJ^2 + TIJ^2)^1/2 + DJ) / 2 + PE
    Total System Jitter     (TSJ):    0.071ns
    Total Input Jitter      (TIJ):    0.000ns
    Discrete Jitter          (DJ):    0.000ns
    Phase Error              (PE):    0.000ns

    Location             Delay type                Incr(ns)  Path(ns)    Netlist Resource(s)
  -------------------------------------------------------------------    -------------------
                         (clock clk rise edge)        0.000     0.000 r  <hidden>
                                                      0.000     0.000 r  clk
                         net (fo=43169, unset)        0.973     0.973    clk
                         FDCE                                         r  di_reg[4]_rep/C
  -------------------------------------------------------------------    -------------------
                         FDCE (Prop_fdce_C_Q)         0.478     1.451 r  di_reg[4]_rep/Q
                         net (fo=123, unplaced)       0.771     2.222    di_reg[4]_rep_n_0
                         CARRY4 (Prop_carry4_S[0]_O[2])
                                                      0.839     3.061 r  g0_b0__0__0_i_1/O[2]
                         net (fo=402, unplaced)       0.870     3.931    a05_out[6]
                         LUT6 (Prop_lut6_I0_O)        0.301     4.232 r  acc1__3_i_299/O
                         net (fo=1, unplaced)         0.449     4.681    acc1__3_i_299_n_0
                         LUT3 (Prop_lut3_I2_O)        0.124     4.805 r  acc1__3_i_94/O
                         net (fo=2, unplaced)         0.460     5.265    acc1__3_i_94_n_0
                         LUT5 (Prop_lut5_I4_O)        0.124     5.389 r  acc1__3_i_83/O
                         net (fo=1, unplaced)         0.732     6.121    acc1__3_i_83_n_0
                         LUT6 (Prop_lut6_I0_O)        0.124     6.245 r  acc1__3_i_27/O
                         net (fo=1, unplaced)         0.449     6.694    acc1__3_i_27_n_0
                         LUT4 (Prop_lut4_I0_O)        0.124     6.818 r  acc1__3_i_2/O
                         net (fo=1, unplaced)         0.803     7.621    acc1__3_i_2_n_0
                         DSP48E1 (Prop_dsp48e1_B[6]_P[1])
                                                      3.656    11.277 r  acc1__3/P[1]
                         net (fo=2, unplaced)         0.803    12.080    acc1__3_n_104
                         LUT2 (Prop_lut2_I1_O)        0.124    12.204 r  acc[3]_i_37/O
                         net (fo=1, unplaced)         0.000    12.204    acc[3]_i_37_n_0
                         CARRY4 (Prop_carry4_S[1]_CO[3])
                                                      0.533    12.737 r  acc_reg[3]_i_29/CO[3]
                         net (fo=1, unplaced)         0.000    12.737    acc_reg[3]_i_29_n_0
                         CARRY4 (Prop_carry4_CI_CO[3])
                                                      0.117    12.854 r  acc_reg[7]_i_29/CO[3]
                         net (fo=1, unplaced)         0.000    12.854    acc_reg[7]_i_29_n_0
                         CARRY4 (Prop_carry4_CI_CO[3])
                                                      0.117    12.971 r  acc_reg[11]_i_29/CO[3]
                         net (fo=1, unplaced)         0.000    12.971    acc_reg[11]_i_29_n_0
                         CARRY4 (Prop_carry4_CI_CO[3])
                                                      0.117    13.088 r  acc_reg[15]_i_30/CO[3]
                         net (fo=1, unplaced)         0.000    13.088    acc_reg[15]_i_30_n_0
                         CARRY4 (Prop_carry4_CI_CO[3])
                                                      0.117    13.205 r  acc_reg[19]_i_28/CO[3]
                         net (fo=1, unplaced)         0.000    13.205    acc_reg[19]_i_28_n_0
                         CARRY4 (Prop_carry4_CI_CO[3])
                                                      0.117    13.322 r  acc_reg[23]_i_28/CO[3]
                         net (fo=1, unplaced)         0.000    13.322    acc_reg[23]_i_28_n_0
                         CARRY4 (Prop_carry4_CI_CO[3])
                                                      0.117    13.439 r  acc_reg[27]_i_31/CO[3]
                         net (fo=1, unplaced)         0.000    13.439    acc_reg[27]_i_31_n_0
                         CARRY4 (Prop_carry4_CI_CO[3])
                                                      0.117    13.556 r  acc_reg[31]_i_28/CO[3]
                         net (fo=1, unplaced)         0.000    13.556    acc_reg[31]_i_28_n_0
                         CARRY4 (Prop_carry4_CI_CO[3])
                                                      0.117    13.673 r  acc_reg[35]_i_29/CO[3]
                         net (fo=1, unplaced)         0.000    13.673    acc_reg[35]_i_29_n_0
                         CARRY4 (Prop_carry4_CI_CO[3])
                                                      0.117    13.790 r  acc_reg[39]_i_28/CO[3]
                         net (fo=1, unplaced)         0.000    13.790    acc_reg[39]_i_28_n_0
                         CARRY4 (Prop_carry4_CI_CO[3])
                                                      0.117    13.907 r  acc_reg[43]_i_28/CO[3]
                         net (fo=1, unplaced)         0.000    13.907    acc_reg[43]_i_28_n_0
                         CARRY4 (Prop_carry4_CI_CO[3])
                                                      0.117    14.024 r  acc_reg[47]_i_28/CO[3]
                         net (fo=1, unplaced)         0.000    14.024    acc_reg[47]_i_28_n_0
                         CARRY4 (Prop_carry4_CI_CO[3])
                                                      0.117    14.141 r  acc_reg[51]_i_28/CO[3]
                         net (fo=1, unplaced)         0.000    14.141    acc_reg[51]_i_28_n_0
                         CARRY4 (Prop_carry4_CI_CO[3])
                                                      0.117    14.258 r  acc_reg[55]_i_28/CO[3]
                         net (fo=1, unplaced)         0.000    14.258    acc_reg[55]_i_28_n_0
                         CARRY4 (Prop_carry4_CI_CO[3])
                                                      0.117    14.375 r  acc_reg[59]_i_28/CO[3]
                         net (fo=1, unplaced)         0.000    14.375    acc_reg[59]_i_28_n_0
                         CARRY4 (Prop_carry4_CI_O[3])
                                                      0.331    14.706 r  acc_reg[63]_i_32/O[3]
                         net (fo=1, unplaced)         0.448    15.154    acc_reg[63]_i_32_n_4
                         LUT5 (Prop_lut5_I0_O)        0.307    15.461 r  acc[63]_i_14/O
                         net (fo=1, unplaced)         0.732    16.193    acc[63]_i_14_n_0
                         LUT5 (Prop_lut5_I1_O)        0.124    16.317 r  acc[63]_i_5/O
                         net (fo=1, unplaced)         0.449    16.766    acc[63]_i_5_n_0
                         LUT6 (Prop_lut6_I4_O)        0.124    16.890 r  acc[63]_i_1/O
                         net (fo=1, unplaced)         0.000    16.890    acc7_out[63]
                         FDCE                                         r  acc_reg[63]/D
  -------------------------------------------------------------------    -------------------

                         (clock clk rise edge)       10.000    10.000 r  <hidden>
                                                      0.000    10.000 r  clk
                         net (fo=43169, unset)        0.924    10.924    clk
                         FDCE                                         r  acc_reg[63]/C
                         clock pessimism              0.000    10.924    <hidden>
                         clock uncertainty           -0.035    10.889    <hidden>
                         FDCE (Setup_fdce_C_D)        0.044    10.933    acc_reg[63]
  -------------------------------------------------------------------
                         required time                         10.933    <hidden>
                         arrival time                         -16.890    <hidden>
  -------------------------------------------------------------------
                         slack                                 -5.957    <hidden>

Slack (VIOLATED) :        -5.880ns  (required time - arrival time)
  Source:                 di_reg[4]_rep/C
                            (rising edge-triggered cell FDCE clocked by clk  {rise@0.000ns fall@5.000ns period=10.000ns})
  Destination:            acc_reg[62]/D
                            (rising edge-triggered cell FDCE clocked by clk  {rise@0.000ns fall@5.000ns period=10.000ns})
  Path Group:             clk
  Path Type:              Setup (Max at Slow Process Corner)
  Requirement:            10.000ns  (clk rise@10.000ns - clk rise@0.000ns)
  Data Path Delay:        15.840ns  (logic 8.870ns (55.998%)  route 6.970ns (44.002%))
  Logic Levels:           27  (CARRY4=17 DSP48E1=1 LUT2=1 LUT3=1 LUT4=1 LUT5=3 LUT6=3)
  Clock Path Skew:        -0.049ns (DCD - SCD + CPR)
    Destination Clock Delay (DCD):    0.924ns = ( 10.924 - 10.000 ) 
    Source Clock Delay      (SCD):    0.973ns
    Clock Pessimism Removal (CPR):    0.000ns
  Clock Uncertainty:      0.035ns  ((TSJ^2 + TIJ^2)^1/2 + DJ) / 2 + PE
    Total System Jitter     (TSJ):    0.071ns
    Total Input Jitter      (TIJ):    0.000ns
    Discrete Jitter          (DJ):    0.000ns
    Phase Error              (PE):    0.000ns

    Location             Delay type                Incr(ns)  Path(ns)    Netlist Resource(s)
  -------------------------------------------------------------------    -------------------
                         (clock clk rise edge)        0.000     0.000 r  <hidden>
                                                      0.000     0.000 r  clk
                         net (fo=43169, unset)        0.973     0.973    clk
                         FDCE                                         r  di_reg[4]_rep/C
  -------------------------------------------------------------------    -------------------
                         FDCE (Prop_fdce_C_Q)         0.478     1.451 r  di_reg[4]_rep/Q
                         net (fo=123, unplaced)       0.771     2.222    di_reg[4]_rep_n_0
                         CARRY4 (Prop_carry4_S[0]_O[2])
                                                      0.839     3.061 r  g0_b0__0__0_i_1/O[2]
                         net (fo=402, unplaced)       0.870     3.931    a05_out[6]
                         LUT6 (Prop_lut6_I0_O)        0.301     4.232 r  acc1__3_i_299/O
                         net (fo=1, unplaced)         0.449     4.681    acc1__3_i_299_n_0
                         LUT3 (Prop_lut3_I2_O)        0.124     4.805 r  acc1__3_i_94/O
                         net (fo=2, unplaced)         0.460     5.265    acc1__3_i_94_n_0
                         LUT5 (Prop_lut5_I4_O)        0.124     5.389 r  acc1__3_i_83/O
                         net (fo=1, unplaced)         0.732     6.121    acc1__3_i_83_n_0
                         LUT6 (Prop_lut6_I0_O)        0.124     6.245 r  acc1__3_i_27/O
                         net (fo=1, unplaced)         0.449     6.694    acc1__3_i_27_n_0
                         LUT4 (Prop_lut4_I0_O)        0.124     6.818 r  acc1__3_i_2/O
                         net (fo=1, unplaced)         0.803     7.621    acc1__3_i_2_n_0
                         DSP48E1 (Prop_dsp48e1_B[6]_P[1])
                                                      3.656    11.277 r  acc1__3/P[1]
                         net (fo=2, unplaced)         0.803    12.080    acc1__3_n_104
                         LUT2 (Prop_lut2_I1_O)        0.124    12.204 r  acc[3]_i_37/O
                         net (fo=1, unplaced)         0.000    12.204    acc[3]_i_37_n_0
                         CARRY4 (Prop_carry4_S[1]_CO[3])
                                                      0.533    12.737 r  acc_reg[3]_i_29/CO[3]
                         net (fo=1, unplaced)         0.000    12.737    acc_reg[3]_i_29_n_0
                         CARRY4 (Prop_carry4_CI_CO[3])
                                                      0.117    12.854 r  acc_reg[7]_i_29/CO[3]
                         net (fo=1, unplaced)         0.000    12.854    acc_reg[7]_i_29_n_0
                         CARRY4 (Prop_carry4_CI_CO[3])
                                                      0.117    12.971 r  acc_reg[11]_i_29/CO[3]
                         net (fo=1, unplaced)         0.000    12.971    acc_reg[11]_i_29_n_0
                         CARRY4 (Prop_carry4_CI_CO[3])
                                                      0.117    13.088 r  acc_reg[15]_i_30/CO[3]
                         net (fo=1, unplaced)         0.000    13.088    acc_reg[15]_i_30_n_0
                         CARRY4 (Prop_carry4_CI_CO[3])
                                                      0.117    13.205 r  acc_reg[19]_i_28/CO[3]
                         net (fo=1, unplaced)         0.000    13.205    acc_reg[19]_i_28_n_0
                         CARRY4 (Prop_carry4_CI_CO[3])
                                                      0.117    13.322 r  acc_reg[23]_i_28/CO[3]
                         net (fo=1, unplaced)         0.000    13.322    acc_reg[23]_i_28_n_0
                         CARRY4 (Prop_carry4_CI_CO[3])
                                                      0.117    13.439 r  acc_reg[27]_i_31/CO[3]
                         net (fo=1, unplaced)         0.000    13.439    acc_reg[27]_i_31_n_0
                         CARRY4 (Prop_carry4_CI_CO[3])
                                                      0.117    13.556 r  acc_reg[31]_i_28/CO[3]
                         net (fo=1, unplaced)         0.000    13.556    acc_reg[31]_i_28_n_0
                         CARRY4 (Prop_carry4_CI_CO[3])
                                                      0.117    13.673 r  acc_reg[35]_i_29/CO[3]
                         net (fo=1, unplaced)         0.000    13.673    acc_reg[35]_i_29_n_0
                         CARRY4 (Prop_carry4_CI_CO[3])
                                                      0.117    13.790 r  acc_reg[39]_i_28/CO[3]
                         net (fo=1, unplaced)         0.000    13.790    acc_reg[39]_i_28_n_0
                         CARRY4 (Prop_carry4_CI_CO[3])
                                                      0.117    13.907 r  acc_reg[43]_i_28/CO[3]
                         net (fo=1, unplaced)         0.000    13.907    acc_reg[43]_i_28_n_0
                         CARRY4 (Prop_carry4_CI_CO[3])
                                                      0.117    14.024 r  acc_reg[47]_i_28/CO[3]
                         net (fo=1, unplaced)         0.000    14.024    acc_reg[47]_i_28_n_0
                         CARRY4 (Prop_carry4_CI_CO[3])
                                                      0.117    14.141 r  acc_reg[51]_i_28/CO[3]
                         net (fo=1, unplaced)         0.000    14.141    acc_reg[51]_i_28_n_0
                         CARRY4 (Prop_carry4_CI_CO[3])
                                                      0.117    14.258 r  acc_reg[55]_i_28/CO[3]
                         net (fo=1, unplaced)         0.000    14.258    acc_reg[55]_i_28_n_0
                         CARRY4 (Prop_carry4_CI_CO[3])
                                                      0.117    14.375 r  acc_reg[59]_i_28/CO[3]
                         net (fo=1, unplaced)         0.000    14.375    acc_reg[59]_i_28_n_0
                         CARRY4 (Prop_carry4_CI_O[2])
                                                      0.256    14.631 r  acc_reg[63]_i_32/O[2]
                         net (fo=1, unplaced)         0.452    15.083    acc_reg[63]_i_32_n_5
                         LUT5 (Prop_lut5_I0_O)        0.301    15.384 r  acc[62]_i_9/O
                         net (fo=1, unplaced)         0.732    16.116    acc[62]_i_9_n_0
                         LUT5 (Prop_lut5_I1_O)        0.124    16.240 r  acc[62]_i_5/O
                         net (fo=1, unplaced)         0.449    16.689    acc[62]_i_5_n_0
                         LUT6 (Prop_lut6_I4_O)        0.124    16.813 r  acc[62]_i_1/O
                         net (fo=1, unplaced)         0.000    16.813    acc7_out[62]
                         FDCE                                         r  acc_reg[62]/D
  -------------------------------------------------------------------    -------------------

                         (clock clk rise edge)       10.000    10.000 r  <hidden>
                                                      0.000    10.000 r  clk
                         net (fo=43169, unset)        0.924    10.924    clk
                         FDCE                                         r  acc_reg[62]/C
                         clock pessimism              0.000    10.924    <hidden>
                         clock uncertainty           -0.035    10.889    <hidden>
                         FDCE (Setup_fdce_C_D)        0.044    10.933    acc_reg[62]
  -------------------------------------------------------------------
                         required time                         10.933    <hidden>
                         arrival time                         -16.813    <hidden>
  -------------------------------------------------------------------
                         slack                                 -5.880    <hidden>

Slack (VIOLATED) :        -5.840ns  (required time - arrival time)
  Source:                 di_reg[4]_rep/C
                            (rising edge-triggered cell FDCE clocked by clk  {rise@0.000ns fall@5.000ns period=10.000ns})
  Destination:            acc_reg[59]/D
                            (rising edge-triggered cell FDCE clocked by clk  {rise@0.000ns fall@5.000ns period=10.000ns})
  Path Group:             clk
  Path Type:              Setup (Max at Slow Process Corner)
  Requirement:            10.000ns  (clk rise@10.000ns - clk rise@0.000ns)
  Data Path Delay:        15.800ns  (logic 8.834ns (55.912%)  route 6.966ns (44.088%))
  Logic Levels:           26  (CARRY4=16 DSP48E1=1 LUT2=1 LUT3=1 LUT4=1 LUT5=3 LUT6=3)
  Clock Path Skew:        -0.049ns (DCD - SCD + CPR)
    Destination Clock Delay (DCD):    0.924ns = ( 10.924 - 10.000 ) 
    Source Clock Delay      (SCD):    0.973ns
    Clock Pessimism Removal (CPR):    0.000ns
  Clock Uncertainty:      0.035ns  ((TSJ^2 + TIJ^2)^1/2 + DJ) / 2 + PE
    Total System Jitter     (TSJ):    0.071ns
    Total Input Jitter      (TIJ):    0.000ns
    Discrete Jitter          (DJ):    0.000ns
    Phase Error              (PE):    0.000ns

    Location             Delay type                Incr(ns)  Path(ns)    Netlist Resource(s)
  -------------------------------------------------------------------    -------------------
                         (clock clk rise edge)        0.000     0.000 r  <hidden>
                                                      0.000     0.000 r  clk
                         net (fo=43169, unset)        0.973     0.973    clk
                         FDCE                                         r  di_reg[4]_rep/C
  -------------------------------------------------------------------    -------------------
                         FDCE (Prop_fdce_C_Q)         0.478     1.451 r  di_reg[4]_rep/Q
                         net (fo=123, unplaced)       0.771     2.222    di_reg[4]_rep_n_0
                         CARRY4 (Prop_carry4_S[0]_O[2])
                                                      0.839     3.061 r  g0_b0__0__0_i_1/O[2]
                         net (fo=402, unplaced)       0.870     3.931    a05_out[6]
                         LUT6 (Prop_lut6_I0_O)        0.301     4.232 r  acc1__3_i_299/O
                         net (fo=1, unplaced)         0.449     4.681    acc1__3_i_299_n_0
                         LUT3 (Prop_lut3_I2_O)        0.124     4.805 r  acc1__3_i_94/O
                         net (fo=2, unplaced)         0.460     5.265    acc1__3_i_94_n_0
                         LUT5 (Prop_lut5_I4_O)        0.124     5.389 r  acc1__3_i_83/O
                         net (fo=1, unplaced)         0.732     6.121    acc1__3_i_83_n_0
                         LUT6 (Prop_lut6_I0_O)        0.124     6.245 r  acc1__3_i_27/O
                         net (fo=1, unplaced)         0.449     6.694    acc1__3_i_27_n_0
                         LUT4 (Prop_lut4_I0_O)        0.124     6.818 r  acc1__3_i_2/O
                         net (fo=1, unplaced)         0.803     7.621    acc1__3_i_2_n_0
                         DSP48E1 (Prop_dsp48e1_B[6]_P[1])
                                                      3.656    11.277 r  acc1__3/P[1]
                         net (fo=2, unplaced)         0.803    12.080    acc1__3_n_104
                         LUT2 (Prop_lut2_I1_O)        0.124    12.204 r  acc[3]_i_37/O
                         net (fo=1, unplaced)         0.000    12.204    acc[3]_i_37_n_0
                         CARRY4 (Prop_carry4_S[1]_CO[3])
                                                      0.533    12.737 r  acc_reg[3]_i_29/CO[3]
                         net (fo=1, unplaced)         0.000    12.737    acc_reg[3]_i_29_n_0
                         CARRY4 (Prop_carry4_CI_CO[3])
                                                      0.117    12.854 r  acc_reg[7]_i_29/CO[3]
                         net (fo=1, unplaced)         0.000    12.854    acc_reg[7]_i_29_n_0
                         CARRY4 (Prop_carry4_CI_CO[3])
                                                      0.117    12.971 r  acc_reg[11]_i_29/CO[3]
                         net (fo=1, unplaced)         0.000    12.971    acc_reg[11]_i_29_n_0
                         CARRY4 (Prop_carry4_CI_CO[3])
                                                      0.117    13.088 r  acc_reg[15]_i_30/CO[3]
                         net (fo=1, unplaced)         0.000    13.088    acc_reg[15]_i_30_n_0
                         CARRY4 (Prop_carry4_CI_CO[3])
                                                      0.117    13.205 r  acc_reg[19]_i_28/CO[3]
                         net (fo=1, unplaced)         0.000    13.205    acc_reg[19]_i_28_n_0
                         CARRY4 (Prop_carry4_CI_CO[3])
                                                      0.117    13.322 r  acc_reg[23]_i_28/CO[3]
                         net (fo=1, unplaced)         0.000    13.322    acc_reg[23]_i_28_n_0
                         CARRY4 (Prop_carry4_CI_CO[3])
                                                      0.117    13.439 r  acc_reg[27]_i_31/CO[3]
                         net (fo=1, unplaced)         0.000    13.439    acc_reg[27]_i_31_n_0
                         CARRY4 (Prop_carry4_CI_CO[3])
                                                      0.117    13.556 r  acc_reg[31]_i_28/CO[3]
                         net (fo=1, unplaced)         0.000    13.556    acc_reg[31]_i_28_n_0
                         CARRY4 (Prop_carry4_CI_CO[3])
                                                      0.117    13.673 r  acc_reg[35]_i_29/CO[3]
                         net (fo=1, unplaced)         0.000    13.673    acc_reg[35]_i_29_n_0
                         CARRY4 (Prop_carry4_CI_CO[3])
                                                      0.117    13.790 r  acc_reg[39]_i_28/CO[3]
                         net (fo=1, unplaced)         0.000    13.790    acc_reg[39]_i_28_n_0
                         CARRY4 (Prop_carry4_CI_CO[3])
                                                      0.117    13.907 r  acc_reg[43]_i_28/CO[3]
                         net (fo=1, unplaced)         0.000    13.907    acc_reg[43]_i_28_n_0
                         CARRY4 (Prop_carry4_CI_CO[3])
                                                      0.117    14.024 r  acc_reg[47]_i_28/CO[3]
                         net (fo=1, unplaced)         0.000    14.024    acc_reg[47]_i_28_n_0
                         CARRY4 (Prop_carry4_CI_CO[3])
                                                      0.117    14.141 r  acc_reg[51]_i_28/CO[3]
                         net (fo=1, unplaced)         0.000    14.141    acc_reg[51]_i_28_n_0
                         CARRY4 (Prop_carry4_CI_CO[3])
                                                      0.117    14.258 r  acc_reg[55]_i_28/CO[3]
                         net (fo=1, unplaced)         0.000    14.258    acc_reg[55]_i_28_n_0
                         CARRY4 (Prop_carry4_CI_O[3])
                                                      0.331    14.589 r  acc_reg[59]_i_28/O[3]
                         net (fo=1, unplaced)         0.448    15.037    acc_reg[59]_i_28_n_4
                         LUT5 (Prop_lut5_I0_O)        0.307    15.344 r  acc[59]_i_12/O
                         net (fo=1, unplaced)         0.732    16.076    acc[59]_i_12_n_0
                         LUT5 (Prop_lut5_I1_O)        0.124    16.200 r  acc[59]_i_6/O
                         net (fo=1, unplaced)         0.449    16.649    acc[59]_i_6_n_0
                         LUT6 (Prop_lut6_I5_O)        0.124    16.773 r  acc[59]_i_1/O
                         net (fo=1, unplaced)         0.000    16.773    acc7_out[59]
                         FDCE                                         r  acc_reg[59]/D
  -------------------------------------------------------------------    -------------------

                         (clock clk rise edge)       10.000    10.000 r  <hidden>
                                                      0.000    10.000 r  clk
                         net (fo=43169, unset)        0.924    10.924    clk
                         FDCE                                         r  acc_reg[59]/C
                         clock pessimism              0.000    10.924    <hidden>
                         clock uncertainty           -0.035    10.889    <hidden>
                         FDCE (Setup_fdce_C_D)        0.044    10.933    acc_reg[59]
  -------------------------------------------------------------------
                         required time                         10.933    <hidden>
                         arrival time                         -16.773    <hidden>
  -------------------------------------------------------------------
                         slack                                 -5.840    <hidden>

Slack (VIOLATED) :        -5.826ns  (required time - arrival time)
  Source:                 di_reg[4]_rep/C
                            (rising edge-triggered cell FDCE clocked by clk  {rise@0.000ns fall@5.000ns period=10.000ns})
  Destination:            acc_reg[61]/D
                            (rising edge-triggered cell FDCE clocked by clk  {rise@0.000ns fall@5.000ns period=10.000ns})
  Path Group:             clk
  Path Type:              Setup (Max at Slow Process Corner)
  Requirement:            10.000ns  (clk rise@10.000ns - clk rise@0.000ns)
  Data Path Delay:        15.786ns  (logic 8.956ns (56.735%)  route 6.830ns (43.265%))
  Logic Levels:           27  (CARRY4=17 DSP48E1=1 LUT2=1 LUT3=1 LUT4=1 LUT5=3 LUT6=3)
  Clock Path Skew:        -0.049ns (DCD - SCD + CPR)
    Destination Clock Delay (DCD):    0.924ns = ( 10.924 - 10.000 ) 
    Source Clock Delay      (SCD):    0.973ns
    Clock Pessimism Removal (CPR):    0.000ns
  Clock Uncertainty:      0.035ns  ((TSJ^2 + TIJ^2)^1/2 + DJ) / 2 + PE
    Total System Jitter     (TSJ):    0.071ns
    Total Input Jitter      (TIJ):    0.000ns
    Discrete Jitter          (DJ):    0.000ns
    Phase Error              (PE):    0.000ns

    Location             Delay type                Incr(ns)  Path(ns)    Netlist Resource(s)
  -------------------------------------------------------------------    -------------------
                         (clock clk rise edge)        0.000     0.000 r  <hidden>
                                                      0.000     0.000 r  clk
                         net (fo=43169, unset)        0.973     0.973    clk
                         FDCE                                         r  di_reg[4]_rep/C
  -------------------------------------------------------------------    -------------------
                         FDCE (Prop_fdce_C_Q)         0.478     1.451 r  di_reg[4]_rep/Q
                         net (fo=123, unplaced)       0.771     2.222    di_reg[4]_rep_n_0
                         CARRY4 (Prop_carry4_S[0]_O[2])
                                                      0.839     3.061 r  g0_b0__0__0_i_1/O[2]
                         net (fo=402, unplaced)       0.870     3.931    a05_out[6]
                         LUT6 (Prop_lut6_I0_O)        0.301     4.232 r  acc1__3_i_299/O
                         net (fo=1, unplaced)         0.449     4.681    acc1__3_i_299_n_0
                         LUT3 (Prop_lut3_I2_O)        0.124     4.805 r  acc1__3_i_94/O
                         net (fo=2, unplaced)         0.460     5.265    acc1__3_i_94_n_0
                         LUT5 (Prop_lut5_I4_O)        0.124     5.389 r  acc1__3_i_83/O
                         net (fo=1, unplaced)         0.732     6.121    acc1__3_i_83_n_0
                         LUT6 (Prop_lut6_I0_O)        0.124     6.245 r  acc1__3_i_27/O
                         net (fo=1, unplaced)         0.449     6.694    acc1__3_i_27_n_0
                         LUT4 (Prop_lut4_I0_O)        0.124     6.818 r  acc1__3_i_2/O
                         net (fo=1, unplaced)         0.803     7.621    acc1__3_i_2_n_0
                         DSP48E1 (Prop_dsp48e1_B[6]_P[1])
                                                      3.656    11.277 r  acc1__3/P[1]
                         net (fo=2, unplaced)         0.803    12.080    acc1__3_n_104
                         LUT2 (Prop_lut2_I1_O)        0.124    12.204 r  acc[3]_i_37/O
                         net (fo=1, unplaced)         0.000    12.204    acc[3]_i_37_n_0
                         CARRY4 (Prop_carry4_S[1]_CO[3])
                                                      0.533    12.737 r  acc_reg[3]_i_29/CO[3]
                         net (fo=1, unplaced)         0.000    12.737    acc_reg[3]_i_29_n_0
                         CARRY4 (Prop_carry4_CI_CO[3])
                                                      0.117    12.854 r  acc_reg[7]_i_29/CO[3]
                         net (fo=1, unplaced)         0.000    12.854    acc_reg[7]_i_29_n_0
                         CARRY4 (Prop_carry4_CI_CO[3])
                                                      0.117    12.971 r  acc_reg[11]_i_29/CO[3]
                         net (fo=1, unplaced)         0.000    12.971    acc_reg[11]_i_29_n_0
                         CARRY4 (Prop_carry4_CI_CO[3])
                                                      0.117    13.088 r  acc_reg[15]_i_30/CO[3]
                         net (fo=1, unplaced)         0.000    13.088    acc_reg[15]_i_30_n_0
                         CARRY4 (Prop_carry4_CI_CO[3])
                                                      0.117    13.205 r  acc_reg[19]_i_28/CO[3]
                         net (fo=1, unplaced)         0.000    13.205    acc_reg[19]_i_28_n_0
                         CARRY4 (Prop_carry4_CI_CO[3])
                                                      0.117    13.322 r  acc_reg[23]_i_28/CO[3]
                         net (fo=1, unplaced)         0.000    13.322    acc_reg[23]_i_28_n_0
                         CARRY4 (Prop_carry4_CI_CO[3])
                                                      0.117    13.439 r  acc_reg[27]_i_31/CO[3]
                         net (fo=1, unplaced)         0.000    13.439    acc_reg[27]_i_31_n_0
                         CARRY4 (Prop_carry4_CI_CO[3])
                                                      0.117    13.556 r  acc_reg[31]_i_28/CO[3]
                         net (fo=1, unplaced)         0.000    13.556    acc_reg[31]_i_28_n_0
                         CARRY4 (Prop_carry4_CI_CO[3])
                                                      0.117    13.673 r  acc_reg[35]_i_29/CO[3]
                         net (fo=1, unplaced)         0.000    13.673    acc_reg[35]_i_29_n_0
                         CARRY4 (Prop_carry4_CI_CO[3])
                                                      0.117    13.790 r  acc_reg[39]_i_28/CO[3]
                         net (fo=1, unplaced)         0.000    13.790    acc_reg[39]_i_28_n_0
                         CARRY4 (Prop_carry4_CI_CO[3])
                                                      0.117    13.907 r  acc_reg[43]_i_28/CO[3]
                         net (fo=1, unplaced)         0.000    13.907    acc_reg[43]_i_28_n_0
                         CARRY4 (Prop_carry4_CI_CO[3])
                                                      0.117    14.024 r  acc_reg[47]_i_28/CO[3]
                         net (fo=1, unplaced)         0.000    14.024    acc_reg[47]_i_28_n_0
                         CARRY4 (Prop_carry4_CI_CO[3])
                                                      0.117    14.141 r  acc_reg[51]_i_28/CO[3]
                         net (fo=1, unplaced)         0.000    14.141    acc_reg[51]_i_28_n_0
                         CARRY4 (Prop_carry4_CI_CO[3])
                                                      0.117    14.258 r  acc_reg[55]_i_28/CO[3]
                         net (fo=1, unplaced)         0.000    14.258    acc_reg[55]_i_28_n_0
                         CARRY4 (Prop_carry4_CI_CO[3])
                                                      0.117    14.375 r  acc_reg[59]_i_28/CO[3]
                         net (fo=1, unplaced)         0.000    14.375    acc_reg[59]_i_28_n_0
                         CARRY4 (Prop_carry4_CI_O[1])
                                                      0.337    14.712 r  acc_reg[63]_i_32/O[1]
                         net (fo=1, unplaced)         0.312    15.024    acc_reg[63]_i_32_n_6
                         LUT5 (Prop_lut5_I0_O)        0.306    15.330 r  acc[61]_i_10/O
                         net (fo=1, unplaced)         0.732    16.062    acc[61]_i_10_n_0
                         LUT5 (Prop_lut5_I1_O)        0.124    16.186 r  acc[61]_i_5/O
                         net (fo=1, unplaced)         0.449    16.635    acc[61]_i_5_n_0
                         LUT6 (Prop_lut6_I4_O)        0.124    16.759 r  acc[61]_i_1/O
                         net (fo=1, unplaced)         0.000    16.759    acc7_out[61]
                         FDCE                                         r  acc_reg[61]/D
  -------------------------------------------------------------------    -------------------

                         (clock clk rise edge)       10.000    10.000 r  <hidden>
                                                      0.000    10.000 r  clk
                         net (fo=43169, unset)        0.924    10.924    clk
                         FDCE                                         r  acc_reg[61]/C
                         clock pessimism              0.000    10.924    <hidden>
                         clock uncertainty           -0.035    10.889    <hidden>
                         FDCE (Setup_fdce_C_D)        0.044    10.933    acc_reg[61]
  -------------------------------------------------------------------
                         required time                         10.933    <hidden>
                         arrival time                         -16.759    <hidden>
  -------------------------------------------------------------------
                         slack                                 -5.826    <hidden>

Slack (VIOLATED) :        -5.763ns  (required time - arrival time)
  Source:                 di_reg[4]_rep/C
                            (rising edge-triggered cell FDCE clocked by clk  {rise@0.000ns fall@5.000ns period=10.000ns})
  Destination:            acc_reg[58]/D
                            (rising edge-triggered cell FDCE clocked by clk  {rise@0.000ns fall@5.000ns period=10.000ns})
  Path Group:             clk
  Path Type:              Setup (Max at Slow Process Corner)
  Requirement:            10.000ns  (clk rise@10.000ns - clk rise@0.000ns)
  Data Path Delay:        15.723ns  (logic 8.753ns (55.671%)  route 6.970ns (44.329%))
  Logic Levels:           26  (CARRY4=16 DSP48E1=1 LUT2=1 LUT3=1 LUT4=1 LUT5=3 LUT6=3)
  Clock Path Skew:        -0.049ns (DCD - SCD + CPR)
    Destination Clock Delay (DCD):    0.924ns = ( 10.924 - 10.000 ) 
    Source Clock Delay      (SCD):    0.973ns
    Clock Pessimism Removal (CPR):    0.000ns
  Clock Uncertainty:      0.035ns  ((TSJ^2 + TIJ^2)^1/2 + DJ) / 2 + PE
    Total System Jitter     (TSJ):    0.071ns
    Total Input Jitter      (TIJ):    0.000ns
    Discrete Jitter          (DJ):    0.000ns
    Phase Error              (PE):    0.000ns

    Location             Delay type                Incr(ns)  Path(ns)    Netlist Resource(s)
  -------------------------------------------------------------------    -------------------
                         (clock clk rise edge)        0.000     0.000 r  <hidden>
                                                      0.000     0.000 r  clk
                         net (fo=43169, unset)        0.973     0.973    clk
                         FDCE                                         r  di_reg[4]_rep/C
  -------------------------------------------------------------------    -------------------
                         FDCE (Prop_fdce_C_Q)         0.478     1.451 r  di_reg[4]_rep/Q
                         net (fo=123, unplaced)       0.771     2.222    di_reg[4]_rep_n_0
                         CARRY4 (Prop_carry4_S[0]_O[2])
                                                      0.839     3.061 r  g0_b0__0__0_i_1/O[2]
                         net (fo=402, unplaced)       0.870     3.931    a05_out[6]
                         LUT6 (Prop_lut6_I0_O)        0.301     4.232 r  acc1__3_i_299/O
                         net (fo=1, unplaced)         0.449     4.681    acc1__3_i_299_n_0
                         LUT3 (Prop_lut3_I2_O)        0.124     4.805 r  acc1__3_i_94/O
                         net (fo=2, unplaced)         0.460     5.265    acc1__3_i_94_n_0
                         LUT5 (Prop_lut5_I4_O)        0.124     5.389 r  acc1__3_i_83/O
                         net (fo=1, unplaced)         0.732     6.121    acc1__3_i_83_n_0
                         LUT6 (Prop_lut6_I0_O)        0.124     6.245 r  acc1__3_i_27/O
                         net (fo=1, unplaced)         0.449     6.694    acc1__3_i_27_n_0
                         LUT4 (Prop_lut4_I0_O)        0.124     6.818 r  acc1__3_i_2/O
                         net (fo=1, unplaced)         0.803     7.621    acc1__3_i_2_n_0
                         DSP48E1 (Prop_dsp48e1_B[6]_P[1])
                                                      3.656    11.277 r  acc1__3/P[1]
                         net (fo=2, unplaced)         0.803    12.080    acc1__3_n_104
                         LUT2 (Prop_lut2_I1_O)        0.124    12.204 r  acc[3]_i_37/O
                         net (fo=1, unplaced)         0.000    12.204    acc[3]_i_37_n_0
                         CARRY4 (Prop_carry4_S[1]_CO[3])
                                                      0.533    12.737 r  acc_reg[3]_i_29/CO[3]
                         net (fo=1, unplaced)         0.000    12.737    acc_reg[3]_i_29_n_0
                         CARRY4 (Prop_carry4_CI_CO[3])
                                                      0.117    12.854 r  acc_reg[7]_i_29/CO[3]
                         net (fo=1, unplaced)         0.000    12.854    acc_reg[7]_i_29_n_0
                         CARRY4 (Prop_carry4_CI_CO[3])
                                                      0.117    12.971 r  acc_reg[11]_i_29/CO[3]
                         net (fo=1, unplaced)         0.000    12.971    acc_reg[11]_i_29_n_0
                         CARRY4 (Prop_carry4_CI_CO[3])
                                                      0.117    13.088 r  acc_reg[15]_i_30/CO[3]
                         net (fo=1, unplaced)         0.000    13.088    acc_reg[15]_i_30_n_0
                         CARRY4 (Prop_carry4_CI_CO[3])
                                                      0.117    13.205 r  acc_reg[19]_i_28/CO[3]
                         net (fo=1, unplaced)         0.000    13.205    acc_reg[19]_i_28_n_0
                         CARRY4 (Prop_carry4_CI_CO[3])
                                                      0.117    13.322 r  acc_reg[23]_i_28/CO[3]
                         net (fo=1, unplaced)         0.000    13.322    acc_reg[23]_i_28_n_0
                         CARRY4 (Prop_carry4_CI_CO[3])
                                                      0.117    13.439 r  acc_reg[27]_i_31/CO[3]
                         net (fo=1, unplaced)         0.000    13.439    acc_reg[27]_i_31_n_0
                         CARRY4 (Prop_carry4_CI_CO[3])
                                                      0.117    13.556 r  acc_reg[31]_i_28/CO[3]
                         net (fo=1, unplaced)         0.000    13.556    acc_reg[31]_i_28_n_0
                         CARRY4 (Prop_carry4_CI_CO[3])
                                                      0.117    13.673 r  acc_reg[35]_i_29/CO[3]
                         net (fo=1, unplaced)         0.000    13.673    acc_reg[35]_i_29_n_0
                         CARRY4 (Prop_carry4_CI_CO[3])
                                                      0.117    13.790 r  acc_reg[39]_i_28/CO[3]
                         net (fo=1, unplaced)         0.000    13.790    acc_reg[39]_i_28_n_0
                         CARRY4 (Prop_carry4_CI_CO[3])
                                                      0.117    13.907 r  acc_reg[43]_i_28/CO[3]
                         net (fo=1, unplaced)         0.000    13.907    acc_reg[43]_i_28_n_0
                         CARRY4 (Prop_carry4_CI_CO[3])
                                                      0.117    14.024 r  acc_reg[47]_i_28/CO[3]
                         net (fo=1, unplaced)         0.000    14.024    acc_reg[47]_i_28_n_0
                         CARRY4 (Prop_carry4_CI_CO[3])
                                                      0.117    14.141 r  acc_reg[51]_i_28/CO[3]
                         net (fo=1, unplaced)         0.000    14.141    acc_reg[51]_i_28_n_0
                         CARRY4 (Prop_carry4_CI_CO[3])
                                                      0.117    14.258 r  acc_reg[55]_i_28/CO[3]
                         net (fo=1, unplaced)         0.000    14.258    acc_reg[55]_i_28_n_0
                         CARRY4 (Prop_carry4_CI_O[2])
                                                      0.256    14.514 r  acc_reg[59]_i_28/O[2]
                         net (fo=1, unplaced)         0.452    14.966    acc_reg[59]_i_28_n_5
                         LUT5 (Prop_lut5_I0_O)        0.301    15.267 r  acc[58]_i_10/O
                         net (fo=1, unplaced)         0.732    15.999    acc[58]_i_10_n_0
                         LUT5 (Prop_lut5_I1_O)        0.124    16.123 r  acc[58]_i_5/O
                         net (fo=1, unplaced)         0.449    16.572    acc[58]_i_5_n_0
                         LUT6 (Prop_lut6_I4_O)        0.124    16.696 r  acc[58]_i_1/O
                         net (fo=1, unplaced)         0.000    16.696    acc7_out[58]
                         FDCE                                         r  acc_reg[58]/D
  -------------------------------------------------------------------    -------------------

                         (clock clk rise edge)       10.000    10.000 r  <hidden>
                                                      0.000    10.000 r  clk
                         net (fo=43169, unset)        0.924    10.924    clk
                         FDCE                                         r  acc_reg[58]/C
                         clock pessimism              0.000    10.924    <hidden>
                         clock uncertainty           -0.035    10.889    <hidden>
                         FDCE (Setup_fdce_C_D)        0.044    10.933    acc_reg[58]
  -------------------------------------------------------------------
                         required time                         10.933    <hidden>
                         arrival time                         -16.696    <hidden>
  -------------------------------------------------------------------
                         slack                                 -5.763    <hidden>

Slack (VIOLATED) :        -5.723ns  (required time - arrival time)
  Source:                 di_reg[4]_rep/C
                            (rising edge-triggered cell FDCE clocked by clk  {rise@0.000ns fall@5.000ns period=10.000ns})
  Destination:            acc_reg[55]/D
                            (rising edge-triggered cell FDCE clocked by clk  {rise@0.000ns fall@5.000ns period=10.000ns})
  Path Group:             clk
  Path Type:              Setup (Max at Slow Process Corner)
  Requirement:            10.000ns  (clk rise@10.000ns - clk rise@0.000ns)
  Data Path Delay:        15.683ns  (logic 8.717ns (55.583%)  route 6.966ns (44.417%))
  Logic Levels:           25  (CARRY4=15 DSP48E1=1 LUT2=1 LUT3=1 LUT4=1 LUT5=3 LUT6=3)
  Clock Path Skew:        -0.049ns (DCD - SCD + CPR)
    Destination Clock Delay (DCD):    0.924ns = ( 10.924 - 10.000 ) 
    Source Clock Delay      (SCD):    0.973ns
    Clock Pessimism Removal (CPR):    0.000ns
  Clock Uncertainty:      0.035ns  ((TSJ^2 + TIJ^2)^1/2 + DJ) / 2 + PE
    Total System Jitter     (TSJ):    0.071ns
    Total Input Jitter      (TIJ):    0.000ns
    Discrete Jitter          (DJ):    0.000ns
    Phase Error              (PE):    0.000ns

    Location             Delay type                Incr(ns)  Path(ns)    Netlist Resource(s)
  -------------------------------------------------------------------    -------------------
                         (clock clk rise edge)        0.000     0.000 r  <hidden>
                                                      0.000     0.000 r  clk
                         net (fo=43169, unset)        0.973     0.973    clk
                         FDCE                                         r  di_reg[4]_rep/C
  -------------------------------------------------------------------    -------------------
                         FDCE (Prop_fdce_C_Q)         0.478     1.451 r  di_reg[4]_rep/Q
                         net (fo=123, unplaced)       0.771     2.222    di_reg[4]_rep_n_0
                         CARRY4 (Prop_carry4_S[0]_O[2])
                                                      0.839     3.061 r  g0_b0__0__0_i_1/O[2]
                         net (fo=402, unplaced)       0.870     3.931    a05_out[6]
                         LUT6 (Prop_lut6_I0_O)        0.301     4.232 r  acc1__3_i_299/O
                         net (fo=1, unplaced)         0.449     4.681    acc1__3_i_299_n_0
                         LUT3 (Prop_lut3_I2_O)        0.124     4.805 r  acc1__3_i_94/O
                         net (fo=2, unplaced)         0.460     5.265    acc1__3_i_94_n_0
                         LUT5 (Prop_lut5_I4_O)        0.124     5.389 r  acc1__3_i_83/O
                         net (fo=1, unplaced)         0.732     6.121    acc1__3_i_83_n_0
                         LUT6 (Prop_lut6_I0_O)        0.124     6.245 r  acc1__3_i_27/O
                         net (fo=1, unplaced)         0.449     6.694    acc1__3_i_27_n_0
                         LUT4 (Prop_lut4_I0_O)        0.124     6.818 r  acc1__3_i_2/O
                         net (fo=1, unplaced)         0.803     7.621    acc1__3_i_2_n_0
                         DSP48E1 (Prop_dsp48e1_B[6]_P[1])
                                                      3.656    11.277 r  acc1__3/P[1]
                         net (fo=2, unplaced)         0.803    12.080    acc1__3_n_104
                         LUT2 (Prop_lut2_I1_O)        0.124    12.204 r  acc[3]_i_37/O
                         net (fo=1, unplaced)         0.000    12.204    acc[3]_i_37_n_0
                         CARRY4 (Prop_carry4_S[1]_CO[3])
                                                      0.533    12.737 r  acc_reg[3]_i_29/CO[3]
                         net (fo=1, unplaced)         0.000    12.737    acc_reg[3]_i_29_n_0
                         CARRY4 (Prop_carry4_CI_CO[3])
                                                      0.117    12.854 r  acc_reg[7]_i_29/CO[3]
                         net (fo=1, unplaced)         0.000    12.854    acc_reg[7]_i_29_n_0
                         CARRY4 (Prop_carry4_CI_CO[3])
                                                      0.117    12.971 r  acc_reg[11]_i_29/CO[3]
                         net (fo=1, unplaced)         0.000    12.971    acc_reg[11]_i_29_n_0
                         CARRY4 (Prop_carry4_CI_CO[3])
                                                      0.117    13.088 r  acc_reg[15]_i_30/CO[3]
                         net (fo=1, unplaced)         0.000    13.088    acc_reg[15]_i_30_n_0
                         CARRY4 (Prop_carry4_CI_CO[3])
                                                      0.117    13.205 r  acc_reg[19]_i_28/CO[3]
                         net (fo=1, unplaced)         0.000    13.205    acc_reg[19]_i_28_n_0
                         CARRY4 (Prop_carry4_CI_CO[3])
                                                      0.117    13.322 r  acc_reg[23]_i_28/CO[3]
                         net (fo=1, unplaced)         0.000    13.322    acc_reg[23]_i_28_n_0
                         CARRY4 (Prop_carry4_CI_CO[3])
                                                      0.117    13.439 r  acc_reg[27]_i_31/CO[3]
                         net (fo=1, unplaced)         0.000    13.439    acc_reg[27]_i_31_n_0
                         CARRY4 (Prop_carry4_CI_CO[3])
                                                      0.117    13.556 r  acc_reg[31]_i_28/CO[3]
                         net (fo=1, unplaced)         0.000    13.556    acc_reg[31]_i_28_n_0
                         CARRY4 (Prop_carry4_CI_CO[3])
                                                      0.117    13.673 r  acc_reg[35]_i_29/CO[3]
                         net (fo=1, unplaced)         0.000    13.673    acc_reg[35]_i_29_n_0
                         CARRY4 (Prop_carry4_CI_CO[3])
                                                      0.117    13.790 r  acc_reg[39]_i_28/CO[3]
                         net (fo=1, unplaced)         0.000    13.790    acc_reg[39]_i_28_n_0
                         CARRY4 (Prop_carry4_CI_CO[3])
                                                      0.117    13.907 r  acc_reg[43]_i_28/CO[3]
                         net (fo=1, unplaced)         0.000    13.907    acc_reg[43]_i_28_n_0
                         CARRY4 (Prop_carry4_CI_CO[3])
                                                      0.117    14.024 r  acc_reg[47]_i_28/CO[3]
                         net (fo=1, unplaced)         0.000    14.024    acc_reg[47]_i_28_n_0
                         CARRY4 (Prop_carry4_CI_CO[3])
                                                      0.117    14.141 r  acc_reg[51]_i_28/CO[3]
                         net (fo=1, unplaced)         0.000    14.141    acc_reg[51]_i_28_n_0
                         CARRY4 (Prop_carry4_CI_O[3])
                                                      0.331    14.472 r  acc_reg[55]_i_28/O[3]
                         net (fo=1, unplaced)         0.448    14.920    acc_reg[55]_i_28_n_4
                         LUT5 (Prop_lut5_I0_O)        0.307    15.227 r  acc[55]_i_12/O
                         net (fo=1, unplaced)         0.732    15.959    acc[55]_i_12_n_0
                         LUT5 (Prop_lut5_I1_O)        0.124    16.083 r  acc[55]_i_5/O
                         net (fo=1, unplaced)         0.449    16.532    acc[55]_i_5_n_0
                         LUT6 (Prop_lut6_I4_O)        0.124    16.656 r  acc[55]_i_1/O
                         net (fo=1, unplaced)         0.000    16.656    acc7_out[55]
                         FDCE                                         r  acc_reg[55]/D
  -------------------------------------------------------------------    -------------------

                         (clock clk rise edge)       10.000    10.000 r  <hidden>
                                                      0.000    10.000 r  clk
                         net (fo=43169, unset)        0.924    10.924    clk
                         FDCE                                         r  acc_reg[55]/C
                         clock pessimism              0.000    10.924    <hidden>
                         clock uncertainty           -0.035    10.889    <hidden>
                         FDCE (Setup_fdce_C_D)        0.044    10.933    acc_reg[55]
  -------------------------------------------------------------------
                         required time                         10.933    <hidden>
                         arrival time                         -16.656    <hidden>
  -------------------------------------------------------------------
                         slack                                 -5.723    <hidden>

Slack (VIOLATED) :        -5.709ns  (required time - arrival time)
  Source:                 di_reg[4]_rep/C
                            (rising edge-triggered cell FDCE clocked by clk  {rise@0.000ns fall@5.000ns period=10.000ns})
  Destination:            acc_reg[57]/D
                            (rising edge-triggered cell FDCE clocked by clk  {rise@0.000ns fall@5.000ns period=10.000ns})
  Path Group:             clk
  Path Type:              Setup (Max at Slow Process Corner)
  Requirement:            10.000ns  (clk rise@10.000ns - clk rise@0.000ns)
  Data Path Delay:        15.669ns  (logic 8.839ns (56.412%)  route 6.830ns (43.588%))
  Logic Levels:           26  (CARRY4=16 DSP48E1=1 LUT2=1 LUT3=1 LUT4=1 LUT5=3 LUT6=3)
  Clock Path Skew:        -0.049ns (DCD - SCD + CPR)
    Destination Clock Delay (DCD):    0.924ns = ( 10.924 - 10.000 ) 
    Source Clock Delay      (SCD):    0.973ns
    Clock Pessimism Removal (CPR):    0.000ns
  Clock Uncertainty:      0.035ns  ((TSJ^2 + TIJ^2)^1/2 + DJ) / 2 + PE
    Total System Jitter     (TSJ):    0.071ns
    Total Input Jitter      (TIJ):    0.000ns
    Discrete Jitter          (DJ):    0.000ns
    Phase Error              (PE):    0.000ns

    Location             Delay type                Incr(ns)  Path(ns)    Netlist Resource(s)
  -------------------------------------------------------------------    -------------------
                         (clock clk rise edge)        0.000     0.000 r  <hidden>
                                                      0.000     0.000 r  clk
                         net (fo=43169, unset)        0.973     0.973    clk
                         FDCE                                         r  di_reg[4]_rep/C
  -------------------------------------------------------------------    -------------------
                         FDCE (Prop_fdce_C_Q)         0.478     1.451 r  di_reg[4]_rep/Q
                         net (fo=123, unplaced)       0.771     2.222    di_reg[4]_rep_n_0
                         CARRY4 (Prop_carry4_S[0]_O[2])
                                                      0.839     3.061 r  g0_b0__0__0_i_1/O[2]
                         net (fo=402, unplaced)       0.870     3.931    a05_out[6]
                         LUT6 (Prop_lut6_I0_O)        0.301     4.232 r  acc1__3_i_299/O
                         net (fo=1, unplaced)         0.449     4.681    acc1__3_i_299_n_0
                         LUT3 (Prop_lut3_I2_O)        0.124     4.805 r  acc1__3_i_94/O
                         net (fo=2, unplaced)         0.460     5.265    acc1__3_i_94_n_0
                         LUT5 (Prop_lut5_I4_O)        0.124     5.389 r  acc1__3_i_83/O
                         net (fo=1, unplaced)         0.732     6.121    acc1__3_i_83_n_0
                         LUT6 (Prop_lut6_I0_O)        0.124     6.245 r  acc1__3_i_27/O
                         net (fo=1, unplaced)         0.449     6.694    acc1__3_i_27_n_0
                         LUT4 (Prop_lut4_I0_O)        0.124     6.818 r  acc1__3_i_2/O
                         net (fo=1, unplaced)         0.803     7.621    acc1__3_i_2_n_0
                         DSP48E1 (Prop_dsp48e1_B[6]_P[1])
                                                      3.656    11.277 r  acc1__3/P[1]
                         net (fo=2, unplaced)         0.803    12.080    acc1__3_n_104
                         LUT2 (Prop_lut2_I1_O)        0.124    12.204 r  acc[3]_i_37/O
                         net (fo=1, unplaced)         0.000    12.204    acc[3]_i_37_n_0
                         CARRY4 (Prop_carry4_S[1]_CO[3])
                                                      0.533    12.737 r  acc_reg[3]_i_29/CO[3]
                         net (fo=1, unplaced)         0.000    12.737    acc_reg[3]_i_29_n_0
                         CARRY4 (Prop_carry4_CI_CO[3])
                                                      0.117    12.854 r  acc_reg[7]_i_29/CO[3]
                         net (fo=1, unplaced)         0.000    12.854    acc_reg[7]_i_29_n_0
                         CARRY4 (Prop_carry4_CI_CO[3])
                                                      0.117    12.971 r  acc_reg[11]_i_29/CO[3]
                         net (fo=1, unplaced)         0.000    12.971    acc_reg[11]_i_29_n_0
                         CARRY4 (Prop_carry4_CI_CO[3])
                                                      0.117    13.088 r  acc_reg[15]_i_30/CO[3]
                         net (fo=1, unplaced)         0.000    13.088    acc_reg[15]_i_30_n_0
                         CARRY4 (Prop_carry4_CI_CO[3])
                                                      0.117    13.205 r  acc_reg[19]_i_28/CO[3]
                         net (fo=1, unplaced)         0.000    13.205    acc_reg[19]_i_28_n_0
                         CARRY4 (Prop_carry4_CI_CO[3])
                                                      0.117    13.322 r  acc_reg[23]_i_28/CO[3]
                         net (fo=1, unplaced)         0.000    13.322    acc_reg[23]_i_28_n_0
                         CARRY4 (Prop_carry4_CI_CO[3])
                                                      0.117    13.439 r  acc_reg[27]_i_31/CO[3]
                         net (fo=1, unplaced)         0.000    13.439    acc_reg[27]_i_31_n_0
                         CARRY4 (Prop_carry4_CI_CO[3])
                                                      0.117    13.556 r  acc_reg[31]_i_28/CO[3]
                         net (fo=1, unplaced)         0.000    13.556    acc_reg[31]_i_28_n_0
                         CARRY4 (Prop_carry4_CI_CO[3])
                                                      0.117    13.673 r  acc_reg[35]_i_29/CO[3]
                         net (fo=1, unplaced)         0.000    13.673    acc_reg[35]_i_29_n_0
                         CARRY4 (Prop_carry4_CI_CO[3])
                                                      0.117    13.790 r  acc_reg[39]_i_28/CO[3]
                         net (fo=1, unplaced)         0.000    13.790    acc_reg[39]_i_28_n_0
                         CARRY4 (Prop_carry4_CI_CO[3])
                                                      0.117    13.907 r  acc_reg[43]_i_28/CO[3]
                         net (fo=1, unplaced)         0.000    13.907    acc_reg[43]_i_28_n_0
                         CARRY4 (Prop_carry4_CI_CO[3])
                                                      0.117    14.024 r  acc_reg[47]_i_28/CO[3]
                         net (fo=1, unplaced)         0.000    14.024    acc_reg[47]_i_28_n_0
                         CARRY4 (Prop_carry4_CI_CO[3])
                                                      0.117    14.141 r  acc_reg[51]_i_28/CO[3]
                         net (fo=1, unplaced)         0.000    14.141    acc_reg[51]_i_28_n_0
                         CARRY4 (Prop_carry4_CI_CO[3])
                                                      0.117    14.258 r  acc_reg[55]_i_28/CO[3]
                         net (fo=1, unplaced)         0.000    14.258    acc_reg[55]_i_28_n_0
                         CARRY4 (Prop_carry4_CI_O[1])
                                                      0.337    14.595 r  acc_reg[59]_i_28/O[1]
                         net (fo=1, unplaced)         0.312    14.907    acc_reg[59]_i_28_n_6
                         LUT5 (Prop_lut5_I0_O)        0.306    15.213 r  acc[57]_i_9/O
                         net (fo=1, unplaced)         0.732    15.945    acc[57]_i_9_n_0
                         LUT5 (Prop_lut5_I1_O)        0.124    16.069 r  acc[57]_i_5/O
                         net (fo=1, unplaced)         0.449    16.518    acc[57]_i_5_n_0
                         LUT6 (Prop_lut6_I4_O)        0.124    16.642 r  acc[57]_i_1/O
                         net (fo=1, unplaced)         0.000    16.642    acc7_out[57]
                         FDCE                                         r  acc_reg[57]/D
  -------------------------------------------------------------------    -------------------

                         (clock clk rise edge)       10.000    10.000 r  <hidden>
                                                      0.000    10.000 r  clk
                         net (fo=43169, unset)        0.924    10.924    clk
                         FDCE                                         r  acc_reg[57]/C
                         clock pessimism              0.000    10.924    <hidden>
                         clock uncertainty           -0.035    10.889    <hidden>
                         FDCE (Setup_fdce_C_D)        0.044    10.933    acc_reg[57]
  -------------------------------------------------------------------
                         required time                         10.933    <hidden>
                         arrival time                         -16.642    <hidden>
  -------------------------------------------------------------------
                         slack                                 -5.709    <hidden>

Slack (VIOLATED) :        -5.709ns  (required time - arrival time)
  Source:                 di_reg[4]_rep/C
                            (rising edge-triggered cell FDCE clocked by clk  {rise@0.000ns fall@5.000ns period=10.000ns})
  Destination:            acc_reg[60]/D
                            (rising edge-triggered cell FDCE clocked by clk  {rise@0.000ns fall@5.000ns period=10.000ns})
  Path Group:             clk
  Path Type:              Setup (Max at Slow Process Corner)
  Requirement:            10.000ns  (clk rise@10.000ns - clk rise@0.000ns)
  Data Path Delay:        15.669ns  (logic 8.840ns (56.418%)  route 6.829ns (43.582%))
  Logic Levels:           27  (CARRY4=17 DSP48E1=1 LUT2=1 LUT3=1 LUT4=1 LUT5=3 LUT6=3)
  Clock Path Skew:        -0.049ns (DCD - SCD + CPR)
    Destination Clock Delay (DCD):    0.924ns = ( 10.924 - 10.000 ) 
    Source Clock Delay      (SCD):    0.973ns
    Clock Pessimism Removal (CPR):    0.000ns
  Clock Uncertainty:      0.035ns  ((TSJ^2 + TIJ^2)^1/2 + DJ) / 2 + PE
    Total System Jitter     (TSJ):    0.071ns
    Total Input Jitter      (TIJ):    0.000ns
    Discrete Jitter          (DJ):    0.000ns
    Phase Error              (PE):    0.000ns

    Location             Delay type                Incr(ns)  Path(ns)    Netlist Resource(s)
  -------------------------------------------------------------------    -------------------
                         (clock clk rise edge)        0.000     0.000 r  <hidden>
                                                      0.000     0.000 r  clk
                         net (fo=43169, unset)        0.973     0.973    clk
                         FDCE                                         r  di_reg[4]_rep/C
  -------------------------------------------------------------------    -------------------
                         FDCE (Prop_fdce_C_Q)         0.478     1.451 r  di_reg[4]_rep/Q
                         net (fo=123, unplaced)       0.771     2.222    di_reg[4]_rep_n_0
                         CARRY4 (Prop_carry4_S[0]_O[2])
                                                      0.839     3.061 r  g0_b0__0__0_i_1/O[2]
                         net (fo=402, unplaced)       0.870     3.931    a05_out[6]
                         LUT6 (Prop_lut6_I0_O)        0.301     4.232 r  acc1__3_i_299/O
                         net (fo=1, unplaced)         0.449     4.681    acc1__3_i_299_n_0
                         LUT3 (Prop_lut3_I2_O)        0.124     4.805 r  acc1__3_i_94/O
                         net (fo=2, unplaced)         0.460     5.265    acc1__3_i_94_n_0
                         LUT5 (Prop_lut5_I4_O)        0.124     5.389 r  acc1__3_i_83/O
                         net (fo=1, unplaced)         0.732     6.121    acc1__3_i_83_n_0
                         LUT6 (Prop_lut6_I0_O)        0.124     6.245 r  acc1__3_i_27/O
                         net (fo=1, unplaced)         0.449     6.694    acc1__3_i_27_n_0
                         LUT4 (Prop_lut4_I0_O)        0.124     6.818 r  acc1__3_i_2/O
                         net (fo=1, unplaced)         0.803     7.621    acc1__3_i_2_n_0
                         DSP48E1 (Prop_dsp48e1_B[6]_P[1])
                                                      3.656    11.277 r  acc1__3/P[1]
                         net (fo=2, unplaced)         0.803    12.080    acc1__3_n_104
                         LUT2 (Prop_lut2_I1_O)        0.124    12.204 r  acc[3]_i_37/O
                         net (fo=1, unplaced)         0.000    12.204    acc[3]_i_37_n_0
                         CARRY4 (Prop_carry4_S[1]_CO[3])
                                                      0.533    12.737 r  acc_reg[3]_i_29/CO[3]
                         net (fo=1, unplaced)         0.000    12.737    acc_reg[3]_i_29_n_0
                         CARRY4 (Prop_carry4_CI_CO[3])
                                                      0.117    12.854 r  acc_reg[7]_i_29/CO[3]
                         net (fo=1, unplaced)         0.000    12.854    acc_reg[7]_i_29_n_0
                         CARRY4 (Prop_carry4_CI_CO[3])
                                                      0.117    12.971 r  acc_reg[11]_i_29/CO[3]
                         net (fo=1, unplaced)         0.000    12.971    acc_reg[11]_i_29_n_0
                         CARRY4 (Prop_carry4_CI_CO[3])
                                                      0.117    13.088 r  acc_reg[15]_i_30/CO[3]
                         net (fo=1, unplaced)         0.000    13.088    acc_reg[15]_i_30_n_0
                         CARRY4 (Prop_carry4_CI_CO[3])
                                                      0.117    13.205 r  acc_reg[19]_i_28/CO[3]
                         net (fo=1, unplaced)         0.000    13.205    acc_reg[19]_i_28_n_0
                         CARRY4 (Prop_carry4_CI_CO[3])
                                                      0.117    13.322 r  acc_reg[23]_i_28/CO[3]
                         net (fo=1, unplaced)         0.000    13.322    acc_reg[23]_i_28_n_0
                         CARRY4 (Prop_carry4_CI_CO[3])
                                                      0.117    13.439 r  acc_reg[27]_i_31/CO[3]
                         net (fo=1, unplaced)         0.000    13.439    acc_reg[27]_i_31_n_0
                         CARRY4 (Prop_carry4_CI_CO[3])
                                                      0.117    13.556 r  acc_reg[31]_i_28/CO[3]
                         net (fo=1, unplaced)         0.000    13.556    acc_reg[31]_i_28_n_0
                         CARRY4 (Prop_carry4_CI_CO[3])
                                                      0.117    13.673 r  acc_reg[35]_i_29/CO[3]
                         net (fo=1, unplaced)         0.000    13.673    acc_reg[35]_i_29_n_0
                         CARRY4 (Prop_carry4_CI_CO[3])
                                                      0.117    13.790 r  acc_reg[39]_i_28/CO[3]
                         net (fo=1, unplaced)         0.000    13.790    acc_reg[39]_i_28_n_0
                         CARRY4 (Prop_carry4_CI_CO[3])
                                                      0.117    13.907 r  acc_reg[43]_i_28/CO[3]
                         net (fo=1, unplaced)         0.000    13.907    acc_reg[43]_i_28_n_0
                         CARRY4 (Prop_carry4_CI_CO[3])
                                                      0.117    14.024 r  acc_reg[47]_i_28/CO[3]
                         net (fo=1, unplaced)         0.000    14.024    acc_reg[47]_i_28_n_0
                         CARRY4 (Prop_carry4_CI_CO[3])
                                                      0.117    14.141 r  acc_reg[51]_i_28/CO[3]
                         net (fo=1, unplaced)         0.000    14.141    acc_reg[51]_i_28_n_0
                         CARRY4 (Prop_carry4_CI_CO[3])
                                                      0.117    14.258 r  acc_reg[55]_i_28/CO[3]
                         net (fo=1, unplaced)         0.000    14.258    acc_reg[55]_i_28_n_0
                         CARRY4 (Prop_carry4_CI_CO[3])
                                                      0.117    14.375 r  acc_reg[59]_i_28/CO[3]
                         net (fo=1, unplaced)         0.000    14.375    acc_reg[59]_i_28_n_0
                         CARRY4 (Prop_carry4_CI_O[0])
                                                      0.232    14.607 r  acc_reg[63]_i_32/O[0]
                         net (fo=1, unplaced)         0.311    14.918    acc_reg[63]_i_32_n_7
                         LUT5 (Prop_lut5_I0_O)        0.295    15.213 r  acc[60]_i_9/O
                         net (fo=1, unplaced)         0.732    15.945    acc[60]_i_9_n_0
                         LUT5 (Prop_lut5_I1_O)        0.124    16.069 r  acc[60]_i_5/O
                         net (fo=1, unplaced)         0.449    16.518    acc[60]_i_5_n_0
                         LUT6 (Prop_lut6_I4_O)        0.124    16.642 r  acc[60]_i_1/O
                         net (fo=1, unplaced)         0.000    16.642    acc7_out[60]
                         FDCE                                         r  acc_reg[60]/D
  -------------------------------------------------------------------    -------------------

                         (clock clk rise edge)       10.000    10.000 r  <hidden>
                                                      0.000    10.000 r  clk
                         net (fo=43169, unset)        0.924    10.924    clk
                         FDCE                                         r  acc_reg[60]/C
                         clock pessimism              0.000    10.924    <hidden>
                         clock uncertainty           -0.035    10.889    <hidden>
                         FDCE (Setup_fdce_C_D)        0.044    10.933    acc_reg[60]
  -------------------------------------------------------------------
                         required time                         10.933    <hidden>
                         arrival time                         -16.642    <hidden>
  -------------------------------------------------------------------
                         slack                                 -5.709    <hidden>

Slack (VIOLATED) :        -5.646ns  (required time - arrival time)
  Source:                 di_reg[4]_rep/C
                            (rising edge-triggered cell FDCE clocked by clk  {rise@0.000ns fall@5.000ns period=10.000ns})
  Destination:            acc_reg[54]/D
                            (rising edge-triggered cell FDCE clocked by clk  {rise@0.000ns fall@5.000ns period=10.000ns})
  Path Group:             clk
  Path Type:              Setup (Max at Slow Process Corner)
  Requirement:            10.000ns  (clk rise@10.000ns - clk rise@0.000ns)
  Data Path Delay:        15.606ns  (logic 8.636ns (55.339%)  route 6.970ns (44.661%))
  Logic Levels:           25  (CARRY4=15 DSP48E1=1 LUT2=1 LUT3=1 LUT4=1 LUT5=3 LUT6=3)
  Clock Path Skew:        -0.049ns (DCD - SCD + CPR)
    Destination Clock Delay (DCD):    0.924ns = ( 10.924 - 10.000 ) 
    Source Clock Delay      (SCD):    0.973ns
    Clock Pessimism Removal (CPR):    0.000ns
  Clock Uncertainty:      0.035ns  ((TSJ^2 + TIJ^2)^1/2 + DJ) / 2 + PE
    Total System Jitter     (TSJ):    0.071ns
    Total Input Jitter      (TIJ):    0.000ns
    Discrete Jitter          (DJ):    0.000ns
    Phase Error              (PE):    0.000ns

    Location             Delay type                Incr(ns)  Path(ns)    Netlist Resource(s)
  -------------------------------------------------------------------    -------------------
                         (clock clk rise edge)        0.000     0.000 r  <hidden>
                                                      0.000     0.000 r  clk
                         net (fo=43169, unset)        0.973     0.973    clk
                         FDCE                                         r  di_reg[4]_rep/C
  -------------------------------------------------------------------    -------------------
                         FDCE (Prop_fdce_C_Q)         0.478     1.451 r  di_reg[4]_rep/Q
                         net (fo=123, unplaced)       0.771     2.222    di_reg[4]_rep_n_0
                         CARRY4 (Prop_carry4_S[0]_O[2])
                                                      0.839     3.061 r  g0_b0__0__0_i_1/O[2]
                         net (fo=402, unplaced)       0.870     3.931    a05_out[6]
                         LUT6 (Prop_lut6_I0_O)        0.301     4.232 r  acc1__3_i_299/O
                         net (fo=1, unplaced)         0.449     4.681    acc1__3_i_299_n_0
                         LUT3 (Prop_lut3_I2_O)        0.124     4.805 r  acc1__3_i_94/O
                         net (fo=2, unplaced)         0.460     5.265    acc1__3_i_94_n_0
                         LUT5 (Prop_lut5_I4_O)        0.124     5.389 r  acc1__3_i_83/O
                         net (fo=1, unplaced)         0.732     6.121    acc1__3_i_83_n_0
                         LUT6 (Prop_lut6_I0_O)        0.124     6.245 r  acc1__3_i_27/O
                         net (fo=1, unplaced)         0.449     6.694    acc1__3_i_27_n_0
                         LUT4 (Prop_lut4_I0_O)        0.124     6.818 r  acc1__3_i_2/O
                         net (fo=1, unplaced)         0.803     7.621    acc1__3_i_2_n_0
                         DSP48E1 (Prop_dsp48e1_B[6]_P[1])
                                                      3.656    11.277 r  acc1__3/P[1]
                         net (fo=2, unplaced)         0.803    12.080    acc1__3_n_104
                         LUT2 (Prop_lut2_I1_O)        0.124    12.204 r  acc[3]_i_37/O
                         net (fo=1, unplaced)         0.000    12.204    acc[3]_i_37_n_0
                         CARRY4 (Prop_carry4_S[1]_CO[3])
                                                      0.533    12.737 r  acc_reg[3]_i_29/CO[3]
                         net (fo=1, unplaced)         0.000    12.737    acc_reg[3]_i_29_n_0
                         CARRY4 (Prop_carry4_CI_CO[3])
                                                      0.117    12.854 r  acc_reg[7]_i_29/CO[3]
                         net (fo=1, unplaced)         0.000    12.854    acc_reg[7]_i_29_n_0
                         CARRY4 (Prop_carry4_CI_CO[3])
                                                      0.117    12.971 r  acc_reg[11]_i_29/CO[3]
                         net (fo=1, unplaced)         0.000    12.971    acc_reg[11]_i_29_n_0
                         CARRY4 (Prop_carry4_CI_CO[3])
                                                      0.117    13.088 r  acc_reg[15]_i_30/CO[3]
                         net (fo=1, unplaced)         0.000    13.088    acc_reg[15]_i_30_n_0
                         CARRY4 (Prop_carry4_CI_CO[3])
                                                      0.117    13.205 r  acc_reg[19]_i_28/CO[3]
                         net (fo=1, unplaced)         0.000    13.205    acc_reg[19]_i_28_n_0
                         CARRY4 (Prop_carry4_CI_CO[3])
                                                      0.117    13.322 r  acc_reg[23]_i_28/CO[3]
                         net (fo=1, unplaced)         0.000    13.322    acc_reg[23]_i_28_n_0
                         CARRY4 (Prop_carry4_CI_CO[3])
                                                      0.117    13.439 r  acc_reg[27]_i_31/CO[3]
                         net (fo=1, unplaced)         0.000    13.439    acc_reg[27]_i_31_n_0
                         CARRY4 (Prop_carry4_CI_CO[3])
                                                      0.117    13.556 r  acc_reg[31]_i_28/CO[3]
                         net (fo=1, unplaced)         0.000    13.556    acc_reg[31]_i_28_n_0
                         CARRY4 (Prop_carry4_CI_CO[3])
                                                      0.117    13.673 r  acc_reg[35]_i_29/CO[3]
                         net (fo=1, unplaced)         0.000    13.673    acc_reg[35]_i_29_n_0
                         CARRY4 (Prop_carry4_CI_CO[3])
                                                      0.117    13.790 r  acc_reg[39]_i_28/CO[3]
                         net (fo=1, unplaced)         0.000    13.790    acc_reg[39]_i_28_n_0
                         CARRY4 (Prop_carry4_CI_CO[3])
                                                      0.117    13.907 r  acc_reg[43]_i_28/CO[3]
                         net (fo=1, unplaced)         0.000    13.907    acc_reg[43]_i_28_n_0
                         CARRY4 (Prop_carry4_CI_CO[3])
                                                      0.117    14.024 r  acc_reg[47]_i_28/CO[3]
                         net (fo=1, unplaced)         0.000    14.024    acc_reg[47]_i_28_n_0
                         CARRY4 (Prop_carry4_CI_CO[3])
                                                      0.117    14.141 r  acc_reg[51]_i_28/CO[3]
                         net (fo=1, unplaced)         0.000    14.141    acc_reg[51]_i_28_n_0
                         CARRY4 (Prop_carry4_CI_O[2])
                                                      0.256    14.397 r  acc_reg[55]_i_28/O[2]
                         net (fo=1, unplaced)         0.452    14.849    acc_reg[55]_i_28_n_5
                         LUT5 (Prop_lut5_I0_O)        0.301    15.150 r  acc[54]_i_10/O
                         net (fo=1, unplaced)         0.732    15.882    acc[54]_i_10_n_0
                         LUT5 (Prop_lut5_I1_O)        0.124    16.006 r  acc[54]_i_5/O
                         net (fo=1, unplaced)         0.449    16.455    acc[54]_i_5_n_0
                         LUT6 (Prop_lut6_I4_O)        0.124    16.579 r  acc[54]_i_1/O
                         net (fo=1, unplaced)         0.000    16.579    acc7_out[54]
                         FDCE                                         r  acc_reg[54]/D
  -------------------------------------------------------------------    -------------------

                         (clock clk rise edge)       10.000    10.000 r  <hidden>
                                                      0.000    10.000 r  clk
                         net (fo=43169, unset)        0.924    10.924    clk
                         FDCE                                         r  acc_reg[54]/C
                         clock pessimism              0.000    10.924    <hidden>
                         clock uncertainty           -0.035    10.889    <hidden>
                         FDCE (Setup_fdce_C_D)        0.044    10.933    acc_reg[54]
  -------------------------------------------------------------------
                         required time                         10.933    <hidden>
                         arrival time                         -16.579    <hidden>
  -------------------------------------------------------------------
                         slack                                 -5.646    <hidden>

Slack (VIOLATED) :        -5.606ns  (required time - arrival time)
  Source:                 di_reg[4]_rep/C
                            (rising edge-triggered cell FDCE clocked by clk  {rise@0.000ns fall@5.000ns period=10.000ns})
  Destination:            acc_reg[51]/D
                            (rising edge-triggered cell FDCE clocked by clk  {rise@0.000ns fall@5.000ns period=10.000ns})
  Path Group:             clk
  Path Type:              Setup (Max at Slow Process Corner)
  Requirement:            10.000ns  (clk rise@10.000ns - clk rise@0.000ns)
  Data Path Delay:        15.566ns  (logic 8.600ns (55.250%)  route 6.966ns (44.750%))
  Logic Levels:           24  (CARRY4=14 DSP48E1=1 LUT2=1 LUT3=1 LUT4=1 LUT5=3 LUT6=3)
  Clock Path Skew:        -0.049ns (DCD - SCD + CPR)
    Destination Clock Delay (DCD):    0.924ns = ( 10.924 - 10.000 ) 
    Source Clock Delay      (SCD):    0.973ns
    Clock Pessimism Removal (CPR):    0.000ns
  Clock Uncertainty:      0.035ns  ((TSJ^2 + TIJ^2)^1/2 + DJ) / 2 + PE
    Total System Jitter     (TSJ):    0.071ns
    Total Input Jitter      (TIJ):    0.000ns
    Discrete Jitter          (DJ):    0.000ns
    Phase Error              (PE):    0.000ns

    Location             Delay type                Incr(ns)  Path(ns)    Netlist Resource(s)
  -------------------------------------------------------------------    -------------------
                         (clock clk rise edge)        0.000     0.000 r  <hidden>
                                                      0.000     0.000 r  clk
                         net (fo=43169, unset)        0.973     0.973    clk
                         FDCE                                         r  di_reg[4]_rep/C
  -------------------------------------------------------------------    -------------------
                         FDCE (Prop_fdce_C_Q)         0.478     1.451 r  di_reg[4]_rep/Q
                         net (fo=123, unplaced)       0.771     2.222    di_reg[4]_rep_n_0
                         CARRY4 (Prop_carry4_S[0]_O[2])
                                                      0.839     3.061 r  g0_b0__0__0_i_1/O[2]
                         net (fo=402, unplaced)       0.870     3.931    a05_out[6]
                         LUT6 (Prop_lut6_I0_O)        0.301     4.232 r  acc1__3_i_299/O
                         net (fo=1, unplaced)         0.449     4.681    acc1__3_i_299_n_0
                         LUT3 (Prop_lut3_I2_O)        0.124     4.805 r  acc1__3_i_94/O
                         net (fo=2, unplaced)         0.460     5.265    acc1__3_i_94_n_0
                         LUT5 (Prop_lut5_I4_O)        0.124     5.389 r  acc1__3_i_83/O
                         net (fo=1, unplaced)         0.732     6.121    acc1__3_i_83_n_0
                         LUT6 (Prop_lut6_I0_O)        0.124     6.245 r  acc1__3_i_27/O
                         net (fo=1, unplaced)         0.449     6.694    acc1__3_i_27_n_0
                         LUT4 (Prop_lut4_I0_O)        0.124     6.818 r  acc1__3_i_2/O
                         net (fo=1, unplaced)         0.803     7.621    acc1__3_i_2_n_0
                         DSP48E1 (Prop_dsp48e1_B[6]_P[1])
                                                      3.656    11.277 r  acc1__3/P[1]
                         net (fo=2, unplaced)         0.803    12.080    acc1__3_n_104
                         LUT2 (Prop_lut2_I1_O)        0.124    12.204 r  acc[3]_i_37/O
                         net (fo=1, unplaced)         0.000    12.204    acc[3]_i_37_n_0
                         CARRY4 (Prop_carry4_S[1]_CO[3])
                                                      0.533    12.737 r  acc_reg[3]_i_29/CO[3]
                         net (fo=1, unplaced)         0.000    12.737    acc_reg[3]_i_29_n_0
                         CARRY4 (Prop_carry4_CI_CO[3])
                                                      0.117    12.854 r  acc_reg[7]_i_29/CO[3]
                         net (fo=1, unplaced)         0.000    12.854    acc_reg[7]_i_29_n_0
                         CARRY4 (Prop_carry4_CI_CO[3])
                                                      0.117    12.971 r  acc_reg[11]_i_29/CO[3]
                         net (fo=1, unplaced)         0.000    12.971    acc_reg[11]_i_29_n_0
                         CARRY4 (Prop_carry4_CI_CO[3])
                                                      0.117    13.088 r  acc_reg[15]_i_30/CO[3]
                         net (fo=1, unplaced)         0.000    13.088    acc_reg[15]_i_30_n_0
                         CARRY4 (Prop_carry4_CI_CO[3])
                                                      0.117    13.205 r  acc_reg[19]_i_28/CO[3]
                         net (fo=1, unplaced)         0.000    13.205    acc_reg[19]_i_28_n_0
                         CARRY4 (Prop_carry4_CI_CO[3])
                                                      0.117    13.322 r  acc_reg[23]_i_28/CO[3]
                         net (fo=1, unplaced)         0.000    13.322    acc_reg[23]_i_28_n_0
                         CARRY4 (Prop_carry4_CI_CO[3])
                                                      0.117    13.439 r  acc_reg[27]_i_31/CO[3]
                         net (fo=1, unplaced)         0.000    13.439    acc_reg[27]_i_31_n_0
                         CARRY4 (Prop_carry4_CI_CO[3])
                                                      0.117    13.556 r  acc_reg[31]_i_28/CO[3]
                         net (fo=1, unplaced)         0.000    13.556    acc_reg[31]_i_28_n_0
                         CARRY4 (Prop_carry4_CI_CO[3])
                                                      0.117    13.673 r  acc_reg[35]_i_29/CO[3]
                         net (fo=1, unplaced)         0.000    13.673    acc_reg[35]_i_29_n_0
                         CARRY4 (Prop_carry4_CI_CO[3])
                                                      0.117    13.790 r  acc_reg[39]_i_28/CO[3]
                         net (fo=1, unplaced)         0.000    13.790    acc_reg[39]_i_28_n_0
                         CARRY4 (Prop_carry4_CI_CO[3])
                                                      0.117    13.907 r  acc_reg[43]_i_28/CO[3]
                         net (fo=1, unplaced)         0.000    13.907    acc_reg[43]_i_28_n_0
                         CARRY4 (Prop_carry4_CI_CO[3])
                                                      0.117    14.024 r  acc_reg[47]_i_28/CO[3]
                         net (fo=1, unplaced)         0.000    14.024    acc_reg[47]_i_28_n_0
                         CARRY4 (Prop_carry4_CI_O[3])
                                                      0.331    14.355 r  acc_reg[51]_i_28/O[3]
                         net (fo=1, unplaced)         0.448    14.803    acc_reg[51]_i_28_n_4
                         LUT5 (Prop_lut5_I0_O)        0.307    15.110 r  acc[51]_i_12/O
                         net (fo=1, unplaced)         0.732    15.842    acc[51]_i_12_n_0
                         LUT5 (Prop_lut5_I1_O)        0.124    15.966 r  acc[51]_i_5/O
                         net (fo=1, unplaced)         0.449    16.415    acc[51]_i_5_n_0
                         LUT6 (Prop_lut6_I4_O)        0.124    16.539 r  acc[51]_i_1/O
                         net (fo=1, unplaced)         0.000    16.539    acc7_out[51]
                         FDCE                                         r  acc_reg[51]/D
  -------------------------------------------------------------------    -------------------

                         (clock clk rise edge)       10.000    10.000 r  <hidden>
                                                      0.000    10.000 r  clk
                         net (fo=43169, unset)        0.924    10.924    clk
                         FDCE                                         r  acc_reg[51]/C
                         clock pessimism              0.000    10.924    <hidden>
                         clock uncertainty           -0.035    10.889    <hidden>
                         FDCE (Setup_fdce_C_D)        0.044    10.933    acc_reg[51]
  -------------------------------------------------------------------
                         required time                         10.933    <hidden>
                         arrival time                         -16.539    <hidden>
  -------------------------------------------------------------------
                         slack                                 -5.606    <hidden>

Slack (VIOLATED) :        -5.592ns  (required time - arrival time)
  Source:                 di_reg[4]_rep/C
                            (rising edge-triggered cell FDCE clocked by clk  {rise@0.000ns fall@5.000ns period=10.000ns})
  Destination:            acc_reg[53]/D
                            (rising edge-triggered cell FDCE clocked by clk  {rise@0.000ns fall@5.000ns period=10.000ns})
  Path Group:             clk
  Path Type:              Setup (Max at Slow Process Corner)
  Requirement:            10.000ns  (clk rise@10.000ns - clk rise@0.000ns)
  Data Path Delay:        15.552ns  (logic 8.722ns (56.084%)  route 6.830ns (43.916%))
  Logic Levels:           25  (CARRY4=15 DSP48E1=1 LUT2=1 LUT3=1 LUT4=1 LUT5=3 LUT6=3)
  Clock Path Skew:        -0.049ns (DCD - SCD + CPR)
    Destination Clock Delay (DCD):    0.924ns = ( 10.924 - 10.000 ) 
    Source Clock Delay      (SCD):    0.973ns
    Clock Pessimism Removal (CPR):    0.000ns
  Clock Uncertainty:      0.035ns  ((TSJ^2 + TIJ^2)^1/2 + DJ) / 2 + PE
    Total System Jitter     (TSJ):    0.071ns
    Total Input Jitter      (TIJ):    0.000ns
    Discrete Jitter          (DJ):    0.000ns
    Phase Error              (PE):    0.000ns

    Location             Delay type                Incr(ns)  Path(ns)    Netlist Resource(s)
  -------------------------------------------------------------------    -------------------
                         (clock clk rise edge)        0.000     0.000 r  <hidden>
                                                      0.000     0.000 r  clk
                         net (fo=43169, unset)        0.973     0.973    clk
                         FDCE                                         r  di_reg[4]_rep/C
  -------------------------------------------------------------------    -------------------
                         FDCE (Prop_fdce_C_Q)         0.478     1.451 r  di_reg[4]_rep/Q
                         net (fo=123, unplaced)       0.771     2.222    di_reg[4]_rep_n_0
                         CARRY4 (Prop_carry4_S[0]_O[2])
                                                      0.839     3.061 r  g0_b0__0__0_i_1/O[2]
                         net (fo=402, unplaced)       0.870     3.931    a05_out[6]
                         LUT6 (Prop_lut6_I0_O)        0.301     4.232 r  acc1__3_i_299/O
                         net (fo=1, unplaced)         0.449     4.681    acc1__3_i_299_n_0
                         LUT3 (Prop_lut3_I2_O)        0.124     4.805 r  acc1__3_i_94/O
                         net (fo=2, unplaced)         0.460     5.265    acc1__3_i_94_n_0
                         LUT5 (Prop_lut5_I4_O)        0.124     5.389 r  acc1__3_i_83/O
                         net (fo=1, unplaced)         0.732     6.121    acc1__3_i_83_n_0
                         LUT6 (Prop_lut6_I0_O)        0.124     6.245 r  acc1__3_i_27/O
                         net (fo=1, unplaced)         0.449     6.694    acc1__3_i_27_n_0
                         LUT4 (Prop_lut4_I0_O)        0.124     6.818 r  acc1__3_i_2/O
                         net (fo=1, unplaced)         0.803     7.621    acc1__3_i_2_n_0
                         DSP48E1 (Prop_dsp48e1_B[6]_P[1])
                                                      3.656    11.277 r  acc1__3/P[1]
                         net (fo=2, unplaced)         0.803    12.080    acc1__3_n_104
                         LUT2 (Prop_lut2_I1_O)        0.124    12.204 r  acc[3]_i_37/O
                         net (fo=1, unplaced)         0.000    12.204    acc[3]_i_37_n_0
                         CARRY4 (Prop_carry4_S[1]_CO[3])
                                                      0.533    12.737 r  acc_reg[3]_i_29/CO[3]
                         net (fo=1, unplaced)         0.000    12.737    acc_reg[3]_i_29_n_0
                         CARRY4 (Prop_carry4_CI_CO[3])
                                                      0.117    12.854 r  acc_reg[7]_i_29/CO[3]
                         net (fo=1, unplaced)         0.000    12.854    acc_reg[7]_i_29_n_0
                         CARRY4 (Prop_carry4_CI_CO[3])
                                                      0.117    12.971 r  acc_reg[11]_i_29/CO[3]
                         net (fo=1, unplaced)         0.000    12.971    acc_reg[11]_i_29_n_0
                         CARRY4 (Prop_carry4_CI_CO[3])
                                                      0.117    13.088 r  acc_reg[15]_i_30/CO[3]
                         net (fo=1, unplaced)         0.000    13.088    acc_reg[15]_i_30_n_0
                         CARRY4 (Prop_carry4_CI_CO[3])
                                                      0.117    13.205 r  acc_reg[19]_i_28/CO[3]
                         net (fo=1, unplaced)         0.000    13.205    acc_reg[19]_i_28_n_0
                         CARRY4 (Prop_carry4_CI_CO[3])
                                                      0.117    13.322 r  acc_reg[23]_i_28/CO[3]
                         net (fo=1, unplaced)         0.000    13.322    acc_reg[23]_i_28_n_0
                         CARRY4 (Prop_carry4_CI_CO[3])
                                                      0.117    13.439 r  acc_reg[27]_i_31/CO[3]
                         net (fo=1, unplaced)         0.000    13.439    acc_reg[27]_i_31_n_0
                         CARRY4 (Prop_carry4_CI_CO[3])
                                                      0.117    13.556 r  acc_reg[31]_i_28/CO[3]
                         net (fo=1, unplaced)         0.000    13.556    acc_reg[31]_i_28_n_0
                         CARRY4 (Prop_carry4_CI_CO[3])
                                                      0.117    13.673 r  acc_reg[35]_i_29/CO[3]
                         net (fo=1, unplaced)         0.000    13.673    acc_reg[35]_i_29_n_0
                         CARRY4 (Prop_carry4_CI_CO[3])
                                                      0.117    13.790 r  acc_reg[39]_i_28/CO[3]
                         net (fo=1, unplaced)         0.000    13.790    acc_reg[39]_i_28_n_0
                         CARRY4 (Prop_carry4_CI_CO[3])
                                                      0.117    13.907 r  acc_reg[43]_i_28/CO[3]
                         net (fo=1, unplaced)         0.000    13.907    acc_reg[43]_i_28_n_0
                         CARRY4 (Prop_carry4_CI_CO[3])
                                                      0.117    14.024 r  acc_reg[47]_i_28/CO[3]
                         net (fo=1, unplaced)         0.000    14.024    acc_reg[47]_i_28_n_0
                         CARRY4 (Prop_carry4_CI_CO[3])
                                                      0.117    14.141 r  acc_reg[51]_i_28/CO[3]
                         net (fo=1, unplaced)         0.000    14.141    acc_reg[51]_i_28_n_0
                         CARRY4 (Prop_carry4_CI_O[1])
                                                      0.337    14.478 r  acc_reg[55]_i_28/O[1]
                         net (fo=1, unplaced)         0.312    14.790    acc_reg[55]_i_28_n_6
                         LUT5 (Prop_lut5_I0_O)        0.306    15.096 r  acc[53]_i_9/O
                         net (fo=1, unplaced)         0.732    15.828    acc[53]_i_9_n_0
                         LUT5 (Prop_lut5_I1_O)        0.124    15.952 r  acc[53]_i_5/O
                         net (fo=1, unplaced)         0.449    16.401    acc[53]_i_5_n_0
                         LUT6 (Prop_lut6_I4_O)        0.124    16.525 r  acc[53]_i_1/O
                         net (fo=1, unplaced)         0.000    16.525    acc7_out[53]
                         FDCE                                         r  acc_reg[53]/D
  -------------------------------------------------------------------    -------------------

                         (clock clk rise edge)       10.000    10.000 r  <hidden>
                                                      0.000    10.000 r  clk
                         net (fo=43169, unset)        0.924    10.924    clk
                         FDCE                                         r  acc_reg[53]/C
                         clock pessimism              0.000    10.924    <hidden>
                         clock uncertainty           -0.035    10.889    <hidden>
                         FDCE (Setup_fdce_C_D)        0.044    10.933    acc_reg[53]
  -------------------------------------------------------------------
                         required time                         10.933    <hidden>
                         arrival time                         -16.525    <hidden>
  -------------------------------------------------------------------
                         slack                                 -5.592    <hidden>

Slack (VIOLATED) :        -5.592ns  (required time - arrival time)
  Source:                 di_reg[4]_rep/C
                            (rising edge-triggered cell FDCE clocked by clk  {rise@0.000ns fall@5.000ns period=10.000ns})
  Destination:            acc_reg[56]/D
                            (rising edge-triggered cell FDCE clocked by clk  {rise@0.000ns fall@5.000ns period=10.000ns})
  Path Group:             clk
  Path Type:              Setup (Max at Slow Process Corner)
  Requirement:            10.000ns  (clk rise@10.000ns - clk rise@0.000ns)
  Data Path Delay:        15.552ns  (logic 8.723ns (56.090%)  route 6.829ns (43.910%))
  Logic Levels:           26  (CARRY4=16 DSP48E1=1 LUT2=1 LUT3=1 LUT4=1 LUT5=3 LUT6=3)
  Clock Path Skew:        -0.049ns (DCD - SCD + CPR)
    Destination Clock Delay (DCD):    0.924ns = ( 10.924 - 10.000 ) 
    Source Clock Delay      (SCD):    0.973ns
    Clock Pessimism Removal (CPR):    0.000ns
  Clock Uncertainty:      0.035ns  ((TSJ^2 + TIJ^2)^1/2 + DJ) / 2 + PE
    Total System Jitter     (TSJ):    0.071ns
    Total Input Jitter      (TIJ):    0.000ns
    Discrete Jitter          (DJ):    0.000ns
    Phase Error              (PE):    0.000ns

    Location             Delay type                Incr(ns)  Path(ns)    Netlist Resource(s)
  -------------------------------------------------------------------    -------------------
                         (clock clk rise edge)        0.000     0.000 r  <hidden>
                                                      0.000     0.000 r  clk
                         net (fo=43169, unset)        0.973     0.973    clk
                         FDCE                                         r  di_reg[4]_rep/C
  -------------------------------------------------------------------    -------------------
                         FDCE (Prop_fdce_C_Q)         0.478     1.451 r  di_reg[4]_rep/Q
                         net (fo=123, unplaced)       0.771     2.222    di_reg[4]_rep_n_0
                         CARRY4 (Prop_carry4_S[0]_O[2])
                                                      0.839     3.061 r  g0_b0__0__0_i_1/O[2]
                         net (fo=402, unplaced)       0.870     3.931    a05_out[6]
                         LUT6 (Prop_lut6_I0_O)        0.301     4.232 r  acc1__3_i_299/O
                         net (fo=1, unplaced)         0.449     4.681    acc1__3_i_299_n_0
                         LUT3 (Prop_lut3_I2_O)        0.124     4.805 r  acc1__3_i_94/O
                         net (fo=2, unplaced)         0.460     5.265    acc1__3_i_94_n_0
                         LUT5 (Prop_lut5_I4_O)        0.124     5.389 r  acc1__3_i_83/O
                         net (fo=1, unplaced)         0.732     6.121    acc1__3_i_83_n_0
                         LUT6 (Prop_lut6_I0_O)        0.124     6.245 r  acc1__3_i_27/O
                         net (fo=1, unplaced)         0.449     6.694    acc1__3_i_27_n_0
                         LUT4 (Prop_lut4_I0_O)        0.124     6.818 r  acc1__3_i_2/O
                         net (fo=1, unplaced)         0.803     7.621    acc1__3_i_2_n_0
                         DSP48E1 (Prop_dsp48e1_B[6]_P[1])
                                                      3.656    11.277 r  acc1__3/P[1]
                         net (fo=2, unplaced)         0.803    12.080    acc1__3_n_104
                         LUT2 (Prop_lut2_I1_O)        0.124    12.204 r  acc[3]_i_37/O
                         net (fo=1, unplaced)         0.000    12.204    acc[3]_i_37_n_0
                         CARRY4 (Prop_carry4_S[1]_CO[3])
                                                      0.533    12.737 r  acc_reg[3]_i_29/CO[3]
                         net (fo=1, unplaced)         0.000    12.737    acc_reg[3]_i_29_n_0
                         CARRY4 (Prop_carry4_CI_CO[3])
                                                      0.117    12.854 r  acc_reg[7]_i_29/CO[3]
                         net (fo=1, unplaced)         0.000    12.854    acc_reg[7]_i_29_n_0
                         CARRY4 (Prop_carry4_CI_CO[3])
                                                      0.117    12.971 r  acc_reg[11]_i_29/CO[3]
                         net (fo=1, unplaced)         0.000    12.971    acc_reg[11]_i_29_n_0
                         CARRY4 (Prop_carry4_CI_CO[3])
                                                      0.117    13.088 r  acc_reg[15]_i_30/CO[3]
                         net (fo=1, unplaced)         0.000    13.088    acc_reg[15]_i_30_n_0
                         CARRY4 (Prop_carry4_CI_CO[3])
                                                      0.117    13.205 r  acc_reg[19]_i_28/CO[3]
                         net (fo=1, unplaced)         0.000    13.205    acc_reg[19]_i_28_n_0
                         CARRY4 (Prop_carry4_CI_CO[3])
                                                      0.117    13.322 r  acc_reg[23]_i_28/CO[3]
                         net (fo=1, unplaced)         0.000    13.322    acc_reg[23]_i_28_n_0
                         CARRY4 (Prop_carry4_CI_CO[3])
                                                      0.117    13.439 r  acc_reg[27]_i_31/CO[3]
                         net (fo=1, unplaced)         0.000    13.439    acc_reg[27]_i_31_n_0
                         CARRY4 (Prop_carry4_CI_CO[3])
                                                      0.117    13.556 r  acc_reg[31]_i_28/CO[3]
                         net (fo=1, unplaced)         0.000    13.556    acc_reg[31]_i_28_n_0
                         CARRY4 (Prop_carry4_CI_CO[3])
                                                      0.117    13.673 r  acc_reg[35]_i_29/CO[3]
                         net (fo=1, unplaced)         0.000    13.673    acc_reg[35]_i_29_n_0
                         CARRY4 (Prop_carry4_CI_CO[3])
                                                      0.117    13.790 r  acc_reg[39]_i_28/CO[3]
                         net (fo=1, unplaced)         0.000    13.790    acc_reg[39]_i_28_n_0
                         CARRY4 (Prop_carry4_CI_CO[3])
                                                      0.117    13.907 r  acc_reg[43]_i_28/CO[3]
                         net (fo=1, unplaced)         0.000    13.907    acc_reg[43]_i_28_n_0
                         CARRY4 (Prop_carry4_CI_CO[3])
                                                      0.117    14.024 r  acc_reg[47]_i_28/CO[3]
                         net (fo=1, unplaced)         0.000    14.024    acc_reg[47]_i_28_n_0
                         CARRY4 (Prop_carry4_CI_CO[3])
                                                      0.117    14.141 r  acc_reg[51]_i_28/CO[3]
                         net (fo=1, unplaced)         0.000    14.141    acc_reg[51]_i_28_n_0
                         CARRY4 (Prop_carry4_CI_CO[3])
                                                      0.117    14.258 r  acc_reg[55]_i_28/CO[3]
                         net (fo=1, unplaced)         0.000    14.258    acc_reg[55]_i_28_n_0
                         CARRY4 (Prop_carry4_CI_O[0])
                                                      0.232    14.490 r  acc_reg[59]_i_28/O[0]
                         net (fo=1, unplaced)         0.311    14.801    acc_reg[59]_i_28_n_7
                         LUT5 (Prop_lut5_I0_O)        0.295    15.096 r  acc[56]_i_9/O
                         net (fo=1, unplaced)         0.732    15.828    acc[56]_i_9_n_0
                         LUT5 (Prop_lut5_I1_O)        0.124    15.952 r  acc[56]_i_6/O
                         net (fo=1, unplaced)         0.449    16.401    acc[56]_i_6_n_0
                         LUT6 (Prop_lut6_I5_O)        0.124    16.525 r  acc[56]_i_1/O
                         net (fo=1, unplaced)         0.000    16.525    acc7_out[56]
                         FDCE                                         r  acc_reg[56]/D
  -------------------------------------------------------------------    -------------------

                         (clock clk rise edge)       10.000    10.000 r  <hidden>
                                                      0.000    10.000 r  clk
                         net (fo=43169, unset)        0.924    10.924    clk
                         FDCE                                         r  acc_reg[56]/C
                         clock pessimism              0.000    10.924    <hidden>
                         clock uncertainty           -0.035    10.889    <hidden>
                         FDCE (Setup_fdce_C_D)        0.044    10.933    acc_reg[56]
  -------------------------------------------------------------------
                         required time                         10.933    <hidden>
                         arrival time                         -16.525    <hidden>
  -------------------------------------------------------------------
                         slack                                 -5.592    <hidden>

Slack (VIOLATED) :        -5.529ns  (required time - arrival time)
  Source:                 di_reg[4]_rep/C
                            (rising edge-triggered cell FDCE clocked by clk  {rise@0.000ns fall@5.000ns period=10.000ns})
  Destination:            acc_reg[50]/D
                            (rising edge-triggered cell FDCE clocked by clk  {rise@0.000ns fall@5.000ns period=10.000ns})
  Path Group:             clk
  Path Type:              Setup (Max at Slow Process Corner)
  Requirement:            10.000ns  (clk rise@10.000ns - clk rise@0.000ns)
  Data Path Delay:        15.489ns  (logic 8.519ns (55.001%)  route 6.970ns (44.999%))
  Logic Levels:           24  (CARRY4=14 DSP48E1=1 LUT2=1 LUT3=1 LUT4=1 LUT5=3 LUT6=3)
  Clock Path Skew:        -0.049ns (DCD - SCD + CPR)
    Destination Clock Delay (DCD):    0.924ns = ( 10.924 - 10.000 ) 
    Source Clock Delay      (SCD):    0.973ns
    Clock Pessimism Removal (CPR):    0.000ns
  Clock Uncertainty:      0.035ns  ((TSJ^2 + TIJ^2)^1/2 + DJ) / 2 + PE
    Total System Jitter     (TSJ):    0.071ns
    Total Input Jitter      (TIJ):    0.000ns
    Discrete Jitter          (DJ):    0.000ns
    Phase Error              (PE):    0.000ns

    Location             Delay type                Incr(ns)  Path(ns)    Netlist Resource(s)
  -------------------------------------------------------------------    -------------------
                         (clock clk rise edge)        0.000     0.000 r  <hidden>
                                                      0.000     0.000 r  clk
                         net (fo=43169, unset)        0.973     0.973    clk
                         FDCE                                         r  di_reg[4]_rep/C
  -------------------------------------------------------------------    -------------------
                         FDCE (Prop_fdce_C_Q)         0.478     1.451 r  di_reg[4]_rep/Q
                         net (fo=123, unplaced)       0.771     2.222    di_reg[4]_rep_n_0
                         CARRY4 (Prop_carry4_S[0]_O[2])
                                                      0.839     3.061 r  g0_b0__0__0_i_1/O[2]
                         net (fo=402, unplaced)       0.870     3.931    a05_out[6]
                         LUT6 (Prop_lut6_I0_O)        0.301     4.232 r  acc1__3_i_299/O
                         net (fo=1, unplaced)         0.449     4.681    acc1__3_i_299_n_0
                         LUT3 (Prop_lut3_I2_O)        0.124     4.805 r  acc1__3_i_94/O
                         net (fo=2, unplaced)         0.460     5.265    acc1__3_i_94_n_0
                         LUT5 (Prop_lut5_I4_O)        0.124     5.389 r  acc1__3_i_83/O
                         net (fo=1, unplaced)         0.732     6.121    acc1__3_i_83_n_0
                         LUT6 (Prop_lut6_I0_O)        0.124     6.245 r  acc1__3_i_27/O
                         net (fo=1, unplaced)         0.449     6.694    acc1__3_i_27_n_0
                         LUT4 (Prop_lut4_I0_O)        0.124     6.818 r  acc1__3_i_2/O
                         net (fo=1, unplaced)         0.803     7.621    acc1__3_i_2_n_0
                         DSP48E1 (Prop_dsp48e1_B[6]_P[1])
                                                      3.656    11.277 r  acc1__3/P[1]
                         net (fo=2, unplaced)         0.803    12.080    acc1__3_n_104
                         LUT2 (Prop_lut2_I1_O)        0.124    12.204 r  acc[3]_i_37/O
                         net (fo=1, unplaced)         0.000    12.204    acc[3]_i_37_n_0
                         CARRY4 (Prop_carry4_S[1]_CO[3])
                                                      0.533    12.737 r  acc_reg[3]_i_29/CO[3]
                         net (fo=1, unplaced)         0.000    12.737    acc_reg[3]_i_29_n_0
                         CARRY4 (Prop_carry4_CI_CO[3])
                                                      0.117    12.854 r  acc_reg[7]_i_29/CO[3]
                         net (fo=1, unplaced)         0.000    12.854    acc_reg[7]_i_29_n_0
                         CARRY4 (Prop_carry4_CI_CO[3])
                                                      0.117    12.971 r  acc_reg[11]_i_29/CO[3]
                         net (fo=1, unplaced)         0.000    12.971    acc_reg[11]_i_29_n_0
                         CARRY4 (Prop_carry4_CI_CO[3])
                                                      0.117    13.088 r  acc_reg[15]_i_30/CO[3]
                         net (fo=1, unplaced)         0.000    13.088    acc_reg[15]_i_30_n_0
                         CARRY4 (Prop_carry4_CI_CO[3])
                                                      0.117    13.205 r  acc_reg[19]_i_28/CO[3]
                         net (fo=1, unplaced)         0.000    13.205    acc_reg[19]_i_28_n_0
                         CARRY4 (Prop_carry4_CI_CO[3])
                                                      0.117    13.322 r  acc_reg[23]_i_28/CO[3]
                         net (fo=1, unplaced)         0.000    13.322    acc_reg[23]_i_28_n_0
                         CARRY4 (Prop_carry4_CI_CO[3])
                                                      0.117    13.439 r  acc_reg[27]_i_31/CO[3]
                         net (fo=1, unplaced)         0.000    13.439    acc_reg[27]_i_31_n_0
                         CARRY4 (Prop_carry4_CI_CO[3])
                                                      0.117    13.556 r  acc_reg[31]_i_28/CO[3]
                         net (fo=1, unplaced)         0.000    13.556    acc_reg[31]_i_28_n_0
                         CARRY4 (Prop_carry4_CI_CO[3])
                                                      0.117    13.673 r  acc_reg[35]_i_29/CO[3]
                         net (fo=1, unplaced)         0.000    13.673    acc_reg[35]_i_29_n_0
                         CARRY4 (Prop_carry4_CI_CO[3])
                                                      0.117    13.790 r  acc_reg[39]_i_28/CO[3]
                         net (fo=1, unplaced)         0.000    13.790    acc_reg[39]_i_28_n_0
                         CARRY4 (Prop_carry4_CI_CO[3])
                                                      0.117    13.907 r  acc_reg[43]_i_28/CO[3]
                         net (fo=1, unplaced)         0.000    13.907    acc_reg[43]_i_28_n_0
                         CARRY4 (Prop_carry4_CI_CO[3])
                                                      0.117    14.024 r  acc_reg[47]_i_28/CO[3]
                         net (fo=1, unplaced)         0.000    14.024    acc_reg[47]_i_28_n_0
                         CARRY4 (Prop_carry4_CI_O[2])
                                                      0.256    14.280 r  acc_reg[51]_i_28/O[2]
                         net (fo=1, unplaced)         0.452    14.732    acc_reg[51]_i_28_n_5
                         LUT5 (Prop_lut5_I0_O)        0.301    15.033 r  acc[50]_i_9/O
                         net (fo=1, unplaced)         0.732    15.765    acc[50]_i_9_n_0
                         LUT5 (Prop_lut5_I1_O)        0.124    15.889 r  acc[50]_i_5/O
                         net (fo=1, unplaced)         0.449    16.338    acc[50]_i_5_n_0
                         LUT6 (Prop_lut6_I4_O)        0.124    16.462 r  acc[50]_i_1/O
                         net (fo=1, unplaced)         0.000    16.462    acc7_out[50]
                         FDCE                                         r  acc_reg[50]/D
  -------------------------------------------------------------------    -------------------

                         (clock clk rise edge)       10.000    10.000 r  <hidden>
                                                      0.000    10.000 r  clk
                         net (fo=43169, unset)        0.924    10.924    clk
                         FDCE                                         r  acc_reg[50]/C
                         clock pessimism              0.000    10.924    <hidden>
                         clock uncertainty           -0.035    10.889    <hidden>
                         FDCE (Setup_fdce_C_D)        0.044    10.933    acc_reg[50]
  -------------------------------------------------------------------
                         required time                         10.933    <hidden>
                         arrival time                         -16.462    <hidden>
  -------------------------------------------------------------------
                         slack                                 -5.529    <hidden>

Slack (VIOLATED) :        -5.489ns  (required time - arrival time)
  Source:                 di_reg[4]_rep/C
                            (rising edge-triggered cell FDCE clocked by clk  {rise@0.000ns fall@5.000ns period=10.000ns})
  Destination:            acc_reg[47]/D
                            (rising edge-triggered cell FDCE clocked by clk  {rise@0.000ns fall@5.000ns period=10.000ns})
  Path Group:             clk
  Path Type:              Setup (Max at Slow Process Corner)
  Requirement:            10.000ns  (clk rise@10.000ns - clk rise@0.000ns)
  Data Path Delay:        15.449ns  (logic 8.483ns (54.911%)  route 6.966ns (45.089%))
  Logic Levels:           23  (CARRY4=13 DSP48E1=1 LUT2=1 LUT3=1 LUT4=1 LUT5=3 LUT6=3)
  Clock Path Skew:        -0.049ns (DCD - SCD + CPR)
    Destination Clock Delay (DCD):    0.924ns = ( 10.924 - 10.000 ) 
    Source Clock Delay      (SCD):    0.973ns
    Clock Pessimism Removal (CPR):    0.000ns
  Clock Uncertainty:      0.035ns  ((TSJ^2 + TIJ^2)^1/2 + DJ) / 2 + PE
    Total System Jitter     (TSJ):    0.071ns
    Total Input Jitter      (TIJ):    0.000ns
    Discrete Jitter          (DJ):    0.000ns
    Phase Error              (PE):    0.000ns

    Location             Delay type                Incr(ns)  Path(ns)    Netlist Resource(s)
  -------------------------------------------------------------------    -------------------
                         (clock clk rise edge)        0.000     0.000 r  <hidden>
                                                      0.000     0.000 r  clk
                         net (fo=43169, unset)        0.973     0.973    clk
                         FDCE                                         r  di_reg[4]_rep/C
  -------------------------------------------------------------------    -------------------
                         FDCE (Prop_fdce_C_Q)         0.478     1.451 r  di_reg[4]_rep/Q
                         net (fo=123, unplaced)       0.771     2.222    di_reg[4]_rep_n_0
                         CARRY4 (Prop_carry4_S[0]_O[2])
                                                      0.839     3.061 r  g0_b0__0__0_i_1/O[2]
                         net (fo=402, unplaced)       0.870     3.931    a05_out[6]
                         LUT6 (Prop_lut6_I0_O)        0.301     4.232 r  acc1__3_i_299/O
                         net (fo=1, unplaced)         0.449     4.681    acc1__3_i_299_n_0
                         LUT3 (Prop_lut3_I2_O)        0.124     4.805 r  acc1__3_i_94/O
                         net (fo=2, unplaced)         0.460     5.265    acc1__3_i_94_n_0
                         LUT5 (Prop_lut5_I4_O)        0.124     5.389 r  acc1__3_i_83/O
                         net (fo=1, unplaced)         0.732     6.121    acc1__3_i_83_n_0
                         LUT6 (Prop_lut6_I0_O)        0.124     6.245 r  acc1__3_i_27/O
                         net (fo=1, unplaced)         0.449     6.694    acc1__3_i_27_n_0
                         LUT4 (Prop_lut4_I0_O)        0.124     6.818 r  acc1__3_i_2/O
                         net (fo=1, unplaced)         0.803     7.621    acc1__3_i_2_n_0
                         DSP48E1 (Prop_dsp48e1_B[6]_P[1])
                                                      3.656    11.277 r  acc1__3/P[1]
                         net (fo=2, unplaced)         0.803    12.080    acc1__3_n_104
                         LUT2 (Prop_lut2_I1_O)        0.124    12.204 r  acc[3]_i_37/O
                         net (fo=1, unplaced)         0.000    12.204    acc[3]_i_37_n_0
                         CARRY4 (Prop_carry4_S[1]_CO[3])
                                                      0.533    12.737 r  acc_reg[3]_i_29/CO[3]
                         net (fo=1, unplaced)         0.000    12.737    acc_reg[3]_i_29_n_0
                         CARRY4 (Prop_carry4_CI_CO[3])
                                                      0.117    12.854 r  acc_reg[7]_i_29/CO[3]
                         net (fo=1, unplaced)         0.000    12.854    acc_reg[7]_i_29_n_0
                         CARRY4 (Prop_carry4_CI_CO[3])
                                                      0.117    12.971 r  acc_reg[11]_i_29/CO[3]
                         net (fo=1, unplaced)         0.000    12.971    acc_reg[11]_i_29_n_0
                         CARRY4 (Prop_carry4_CI_CO[3])
                                                      0.117    13.088 r  acc_reg[15]_i_30/CO[3]
                         net (fo=1, unplaced)         0.000    13.088    acc_reg[15]_i_30_n_0
                         CARRY4 (Prop_carry4_CI_CO[3])
                                                      0.117    13.205 r  acc_reg[19]_i_28/CO[3]
                         net (fo=1, unplaced)         0.000    13.205    acc_reg[19]_i_28_n_0
                         CARRY4 (Prop_carry4_CI_CO[3])
                                                      0.117    13.322 r  acc_reg[23]_i_28/CO[3]
                         net (fo=1, unplaced)         0.000    13.322    acc_reg[23]_i_28_n_0
                         CARRY4 (Prop_carry4_CI_CO[3])
                                                      0.117    13.439 r  acc_reg[27]_i_31/CO[3]
                         net (fo=1, unplaced)         0.000    13.439    acc_reg[27]_i_31_n_0
                         CARRY4 (Prop_carry4_CI_CO[3])
                                                      0.117    13.556 r  acc_reg[31]_i_28/CO[3]
                         net (fo=1, unplaced)         0.000    13.556    acc_reg[31]_i_28_n_0
                         CARRY4 (Prop_carry4_CI_CO[3])
                                                      0.117    13.673 r  acc_reg[35]_i_29/CO[3]
                         net (fo=1, unplaced)         0.000    13.673    acc_reg[35]_i_29_n_0
                         CARRY4 (Prop_carry4_CI_CO[3])
                                                      0.117    13.790 r  acc_reg[39]_i_28/CO[3]
                         net (fo=1, unplaced)         0.000    13.790    acc_reg[39]_i_28_n_0
                         CARRY4 (Prop_carry4_CI_CO[3])
                                                      0.117    13.907 r  acc_reg[43]_i_28/CO[3]
                         net (fo=1, unplaced)         0.000    13.907    acc_reg[43]_i_28_n_0
                         CARRY4 (Prop_carry4_CI_O[3])
                                                      0.331    14.238 r  acc_reg[47]_i_28/O[3]
                         net (fo=1, unplaced)         0.448    14.686    acc_reg[47]_i_28_n_4
                         LUT5 (Prop_lut5_I0_O)        0.307    14.993 r  acc[47]_i_12/O
                         net (fo=1, unplaced)         0.732    15.725    acc[47]_i_12_n_0
                         LUT5 (Prop_lut5_I1_O)        0.124    15.849 r  acc[47]_i_6/O
                         net (fo=1, unplaced)         0.449    16.298    acc[47]_i_6_n_0
                         LUT6 (Prop_lut6_I5_O)        0.124    16.422 r  acc[47]_i_1/O
                         net (fo=1, unplaced)         0.000    16.422    acc7_out[47]
                         FDCE                                         r  acc_reg[47]/D
  -------------------------------------------------------------------    -------------------

                         (clock clk rise edge)       10.000    10.000 r  <hidden>
                                                      0.000    10.000 r  clk
                         net (fo=43169, unset)        0.924    10.924    clk
                         FDCE                                         r  acc_reg[47]/C
                         clock pessimism              0.000    10.924    <hidden>
                         clock uncertainty           -0.035    10.889    <hidden>
                         FDCE (Setup_fdce_C_D)        0.044    10.933    acc_reg[47]
  -------------------------------------------------------------------
                         required time                         10.933    <hidden>
                         arrival time                         -16.422    <hidden>
  -------------------------------------------------------------------
                         slack                                 -5.489    <hidden>

Slack (VIOLATED) :        -5.475ns  (required time - arrival time)
  Source:                 di_reg[4]_rep/C
                            (rising edge-triggered cell FDCE clocked by clk  {rise@0.000ns fall@5.000ns period=10.000ns})
  Destination:            acc_reg[49]/D
                            (rising edge-triggered cell FDCE clocked by clk  {rise@0.000ns fall@5.000ns period=10.000ns})
  Path Group:             clk
  Path Type:              Setup (Max at Slow Process Corner)
  Requirement:            10.000ns  (clk rise@10.000ns - clk rise@0.000ns)
  Data Path Delay:        15.435ns  (logic 8.605ns (55.751%)  route 6.830ns (44.249%))
  Logic Levels:           24  (CARRY4=14 DSP48E1=1 LUT2=1 LUT3=1 LUT4=1 LUT5=3 LUT6=3)
  Clock Path Skew:        -0.049ns (DCD - SCD + CPR)
    Destination Clock Delay (DCD):    0.924ns = ( 10.924 - 10.000 ) 
    Source Clock Delay      (SCD):    0.973ns
    Clock Pessimism Removal (CPR):    0.000ns
  Clock Uncertainty:      0.035ns  ((TSJ^2 + TIJ^2)^1/2 + DJ) / 2 + PE
    Total System Jitter     (TSJ):    0.071ns
    Total Input Jitter      (TIJ):    0.000ns
    Discrete Jitter          (DJ):    0.000ns
    Phase Error              (PE):    0.000ns

    Location             Delay type                Incr(ns)  Path(ns)    Netlist Resource(s)
  -------------------------------------------------------------------    -------------------
                         (clock clk rise edge)        0.000     0.000 r  <hidden>
                                                      0.000     0.000 r  clk
                         net (fo=43169, unset)        0.973     0.973    clk
                         FDCE                                         r  di_reg[4]_rep/C
  -------------------------------------------------------------------    -------------------
                         FDCE (Prop_fdce_C_Q)         0.478     1.451 r  di_reg[4]_rep/Q
                         net (fo=123, unplaced)       0.771     2.222    di_reg[4]_rep_n_0
                         CARRY4 (Prop_carry4_S[0]_O[2])
                                                      0.839     3.061 r  g0_b0__0__0_i_1/O[2]
                         net (fo=402, unplaced)       0.870     3.931    a05_out[6]
                         LUT6 (Prop_lut6_I0_O)        0.301     4.232 r  acc1__3_i_299/O
                         net (fo=1, unplaced)         0.449     4.681    acc1__3_i_299_n_0
                         LUT3 (Prop_lut3_I2_O)        0.124     4.805 r  acc1__3_i_94/O
                         net (fo=2, unplaced)         0.460     5.265    acc1__3_i_94_n_0
                         LUT5 (Prop_lut5_I4_O)        0.124     5.389 r  acc1__3_i_83/O
                         net (fo=1, unplaced)         0.732     6.121    acc1__3_i_83_n_0
                         LUT6 (Prop_lut6_I0_O)        0.124     6.245 r  acc1__3_i_27/O
                         net (fo=1, unplaced)         0.449     6.694    acc1__3_i_27_n_0
                         LUT4 (Prop_lut4_I0_O)        0.124     6.818 r  acc1__3_i_2/O
                         net (fo=1, unplaced)         0.803     7.621    acc1__3_i_2_n_0
                         DSP48E1 (Prop_dsp48e1_B[6]_P[1])
                                                      3.656    11.277 r  acc1__3/P[1]
                         net (fo=2, unplaced)         0.803    12.080    acc1__3_n_104
                         LUT2 (Prop_lut2_I1_O)        0.124    12.204 r  acc[3]_i_37/O
                         net (fo=1, unplaced)         0.000    12.204    acc[3]_i_37_n_0
                         CARRY4 (Prop_carry4_S[1]_CO[3])
                                                      0.533    12.737 r  acc_reg[3]_i_29/CO[3]
                         net (fo=1, unplaced)         0.000    12.737    acc_reg[3]_i_29_n_0
                         CARRY4 (Prop_carry4_CI_CO[3])
                                                      0.117    12.854 r  acc_reg[7]_i_29/CO[3]
                         net (fo=1, unplaced)         0.000    12.854    acc_reg[7]_i_29_n_0
                         CARRY4 (Prop_carry4_CI_CO[3])
                                                      0.117    12.971 r  acc_reg[11]_i_29/CO[3]
                         net (fo=1, unplaced)         0.000    12.971    acc_reg[11]_i_29_n_0
                         CARRY4 (Prop_carry4_CI_CO[3])
                                                      0.117    13.088 r  acc_reg[15]_i_30/CO[3]
                         net (fo=1, unplaced)         0.000    13.088    acc_reg[15]_i_30_n_0
                         CARRY4 (Prop_carry4_CI_CO[3])
                                                      0.117    13.205 r  acc_reg[19]_i_28/CO[3]
                         net (fo=1, unplaced)         0.000    13.205    acc_reg[19]_i_28_n_0
                         CARRY4 (Prop_carry4_CI_CO[3])
                                                      0.117    13.322 r  acc_reg[23]_i_28/CO[3]
                         net (fo=1, unplaced)         0.000    13.322    acc_reg[23]_i_28_n_0
                         CARRY4 (Prop_carry4_CI_CO[3])
                                                      0.117    13.439 r  acc_reg[27]_i_31/CO[3]
                         net (fo=1, unplaced)         0.000    13.439    acc_reg[27]_i_31_n_0
                         CARRY4 (Prop_carry4_CI_CO[3])
                                                      0.117    13.556 r  acc_reg[31]_i_28/CO[3]
                         net (fo=1, unplaced)         0.000    13.556    acc_reg[31]_i_28_n_0
                         CARRY4 (Prop_carry4_CI_CO[3])
                                                      0.117    13.673 r  acc_reg[35]_i_29/CO[3]
                         net (fo=1, unplaced)         0.000    13.673    acc_reg[35]_i_29_n_0
                         CARRY4 (Prop_carry4_CI_CO[3])
                                                      0.117    13.790 r  acc_reg[39]_i_28/CO[3]
                         net (fo=1, unplaced)         0.000    13.790    acc_reg[39]_i_28_n_0
                         CARRY4 (Prop_carry4_CI_CO[3])
                                                      0.117    13.907 r  acc_reg[43]_i_28/CO[3]
                         net (fo=1, unplaced)         0.000    13.907    acc_reg[43]_i_28_n_0
                         CARRY4 (Prop_carry4_CI_CO[3])
                                                      0.117    14.024 r  acc_reg[47]_i_28/CO[3]
                         net (fo=1, unplaced)         0.000    14.024    acc_reg[47]_i_28_n_0
                         CARRY4 (Prop_carry4_CI_O[1])
                                                      0.337    14.361 r  acc_reg[51]_i_28/O[1]
                         net (fo=1, unplaced)         0.312    14.673    acc_reg[51]_i_28_n_6
                         LUT5 (Prop_lut5_I0_O)        0.306    14.979 r  acc[49]_i_9/O
                         net (fo=1, unplaced)         0.732    15.711    acc[49]_i_9_n_0
                         LUT5 (Prop_lut5_I1_O)        0.124    15.835 r  acc[49]_i_6/O
                         net (fo=1, unplaced)         0.449    16.284    acc[49]_i_6_n_0
                         LUT6 (Prop_lut6_I5_O)        0.124    16.408 r  acc[49]_i_1/O
                         net (fo=1, unplaced)         0.000    16.408    acc7_out[49]
                         FDCE                                         r  acc_reg[49]/D
  -------------------------------------------------------------------    -------------------

                         (clock clk rise edge)       10.000    10.000 r  <hidden>
                                                      0.000    10.000 r  clk
                         net (fo=43169, unset)        0.924    10.924    clk
                         FDCE                                         r  acc_reg[49]/C
                         clock pessimism              0.000    10.924    <hidden>
                         clock uncertainty           -0.035    10.889    <hidden>
                         FDCE (Setup_fdce_C_D)        0.044    10.933    acc_reg[49]
  -------------------------------------------------------------------
                         required time                         10.933    <hidden>
                         arrival time                         -16.408    <hidden>
  -------------------------------------------------------------------
                         slack                                 -5.475    <hidden>

Slack (VIOLATED) :        -5.475ns  (required time - arrival time)
  Source:                 di_reg[4]_rep/C
                            (rising edge-triggered cell FDCE clocked by clk  {rise@0.000ns fall@5.000ns period=10.000ns})
  Destination:            acc_reg[52]/D
                            (rising edge-triggered cell FDCE clocked by clk  {rise@0.000ns fall@5.000ns period=10.000ns})
  Path Group:             clk
  Path Type:              Setup (Max at Slow Process Corner)
  Requirement:            10.000ns  (clk rise@10.000ns - clk rise@0.000ns)
  Data Path Delay:        15.435ns  (logic 8.606ns (55.757%)  route 6.829ns (44.243%))
  Logic Levels:           25  (CARRY4=15 DSP48E1=1 LUT2=1 LUT3=1 LUT4=1 LUT5=3 LUT6=3)
  Clock Path Skew:        -0.049ns (DCD - SCD + CPR)
    Destination Clock Delay (DCD):    0.924ns = ( 10.924 - 10.000 ) 
    Source Clock Delay      (SCD):    0.973ns
    Clock Pessimism Removal (CPR):    0.000ns
  Clock Uncertainty:      0.035ns  ((TSJ^2 + TIJ^2)^1/2 + DJ) / 2 + PE
    Total System Jitter     (TSJ):    0.071ns
    Total Input Jitter      (TIJ):    0.000ns
    Discrete Jitter          (DJ):    0.000ns
    Phase Error              (PE):    0.000ns

    Location             Delay type                Incr(ns)  Path(ns)    Netlist Resource(s)
  -------------------------------------------------------------------    -------------------
                         (clock clk rise edge)        0.000     0.000 r  <hidden>
                                                      0.000     0.000 r  clk
                         net (fo=43169, unset)        0.973     0.973    clk
                         FDCE                                         r  di_reg[4]_rep/C
  -------------------------------------------------------------------    -------------------
                         FDCE (Prop_fdce_C_Q)         0.478     1.451 r  di_reg[4]_rep/Q
                         net (fo=123, unplaced)       0.771     2.222    di_reg[4]_rep_n_0
                         CARRY4 (Prop_carry4_S[0]_O[2])
                                                      0.839     3.061 r  g0_b0__0__0_i_1/O[2]
                         net (fo=402, unplaced)       0.870     3.931    a05_out[6]
                         LUT6 (Prop_lut6_I0_O)        0.301     4.232 r  acc1__3_i_299/O
                         net (fo=1, unplaced)         0.449     4.681    acc1__3_i_299_n_0
                         LUT3 (Prop_lut3_I2_O)        0.124     4.805 r  acc1__3_i_94/O
                         net (fo=2, unplaced)         0.460     5.265    acc1__3_i_94_n_0
                         LUT5 (Prop_lut5_I4_O)        0.124     5.389 r  acc1__3_i_83/O
                         net (fo=1, unplaced)         0.732     6.121    acc1__3_i_83_n_0
                         LUT6 (Prop_lut6_I0_O)        0.124     6.245 r  acc1__3_i_27/O
                         net (fo=1, unplaced)         0.449     6.694    acc1__3_i_27_n_0
                         LUT4 (Prop_lut4_I0_O)        0.124     6.818 r  acc1__3_i_2/O
                         net (fo=1, unplaced)         0.803     7.621    acc1__3_i_2_n_0
                         DSP48E1 (Prop_dsp48e1_B[6]_P[1])
                                                      3.656    11.277 r  acc1__3/P[1]
                         net (fo=2, unplaced)         0.803    12.080    acc1__3_n_104
                         LUT2 (Prop_lut2_I1_O)        0.124    12.204 r  acc[3]_i_37/O
                         net (fo=1, unplaced)         0.000    12.204    acc[3]_i_37_n_0
                         CARRY4 (Prop_carry4_S[1]_CO[3])
                                                      0.533    12.737 r  acc_reg[3]_i_29/CO[3]
                         net (fo=1, unplaced)         0.000    12.737    acc_reg[3]_i_29_n_0
                         CARRY4 (Prop_carry4_CI_CO[3])
                                                      0.117    12.854 r  acc_reg[7]_i_29/CO[3]
                         net (fo=1, unplaced)         0.000    12.854    acc_reg[7]_i_29_n_0
                         CARRY4 (Prop_carry4_CI_CO[3])
                                                      0.117    12.971 r  acc_reg[11]_i_29/CO[3]
                         net (fo=1, unplaced)         0.000    12.971    acc_reg[11]_i_29_n_0
                         CARRY4 (Prop_carry4_CI_CO[3])
                                                      0.117    13.088 r  acc_reg[15]_i_30/CO[3]
                         net (fo=1, unplaced)         0.000    13.088    acc_reg[15]_i_30_n_0
                         CARRY4 (Prop_carry4_CI_CO[3])
                                                      0.117    13.205 r  acc_reg[19]_i_28/CO[3]
                         net (fo=1, unplaced)         0.000    13.205    acc_reg[19]_i_28_n_0
                         CARRY4 (Prop_carry4_CI_CO[3])
                                                      0.117    13.322 r  acc_reg[23]_i_28/CO[3]
                         net (fo=1, unplaced)         0.000    13.322    acc_reg[23]_i_28_n_0
                         CARRY4 (Prop_carry4_CI_CO[3])
                                                      0.117    13.439 r  acc_reg[27]_i_31/CO[3]
                         net (fo=1, unplaced)         0.000    13.439    acc_reg[27]_i_31_n_0
                         CARRY4 (Prop_carry4_CI_CO[3])
                                                      0.117    13.556 r  acc_reg[31]_i_28/CO[3]
                         net (fo=1, unplaced)         0.000    13.556    acc_reg[31]_i_28_n_0
                         CARRY4 (Prop_carry4_CI_CO[3])
                                                      0.117    13.673 r  acc_reg[35]_i_29/CO[3]
                         net (fo=1, unplaced)         0.000    13.673    acc_reg[35]_i_29_n_0
                         CARRY4 (Prop_carry4_CI_CO[3])
                                                      0.117    13.790 r  acc_reg[39]_i_28/CO[3]
                         net (fo=1, unplaced)         0.000    13.790    acc_reg[39]_i_28_n_0
                         CARRY4 (Prop_carry4_CI_CO[3])
                                                      0.117    13.907 r  acc_reg[43]_i_28/CO[3]
                         net (fo=1, unplaced)         0.000    13.907    acc_reg[43]_i_28_n_0
                         CARRY4 (Prop_carry4_CI_CO[3])
                                                      0.117    14.024 r  acc_reg[47]_i_28/CO[3]
                         net (fo=1, unplaced)         0.000    14.024    acc_reg[47]_i_28_n_0
                         CARRY4 (Prop_carry4_CI_CO[3])
                                                      0.117    14.141 r  acc_reg[51]_i_28/CO[3]
                         net (fo=1, unplaced)         0.000    14.141    acc_reg[51]_i_28_n_0
                         CARRY4 (Prop_carry4_CI_O[0])
                                                      0.232    14.373 r  acc_reg[55]_i_28/O[0]
                         net (fo=1, unplaced)         0.311    14.684    acc_reg[55]_i_28_n_7
                         LUT5 (Prop_lut5_I0_O)        0.295    14.979 r  acc[52]_i_9/O
                         net (fo=1, unplaced)         0.732    15.711    acc[52]_i_9_n_0
                         LUT5 (Prop_lut5_I1_O)        0.124    15.835 r  acc[52]_i_6/O
                         net (fo=1, unplaced)         0.449    16.284    acc[52]_i_6_n_0
                         LUT6 (Prop_lut6_I5_O)        0.124    16.408 r  acc[52]_i_1/O
                         net (fo=1, unplaced)         0.000    16.408    acc7_out[52]
                         FDCE                                         r  acc_reg[52]/D
  -------------------------------------------------------------------    -------------------

                         (clock clk rise edge)       10.000    10.000 r  <hidden>
                                                      0.000    10.000 r  clk
                         net (fo=43169, unset)        0.924    10.924    clk
                         FDCE                                         r  acc_reg[52]/C
                         clock pessimism              0.000    10.924    <hidden>
                         clock uncertainty           -0.035    10.889    <hidden>
                         FDCE (Setup_fdce_C_D)        0.044    10.933    acc_reg[52]
  -------------------------------------------------------------------
                         required time                         10.933    <hidden>
                         arrival time                         -16.408    <hidden>
  -------------------------------------------------------------------
                         slack                                 -5.475    <hidden>

Slack (VIOLATED) :        -5.412ns  (required time - arrival time)
  Source:                 di_reg[4]_rep/C
                            (rising edge-triggered cell FDCE clocked by clk  {rise@0.000ns fall@5.000ns period=10.000ns})
  Destination:            acc_reg[46]/D
                            (rising edge-triggered cell FDCE clocked by clk  {rise@0.000ns fall@5.000ns period=10.000ns})
  Path Group:             clk
  Path Type:              Setup (Max at Slow Process Corner)
  Requirement:            10.000ns  (clk rise@10.000ns - clk rise@0.000ns)
  Data Path Delay:        15.372ns  (logic 8.402ns (54.659%)  route 6.970ns (45.341%))
  Logic Levels:           23  (CARRY4=13 DSP48E1=1 LUT2=1 LUT3=1 LUT4=1 LUT5=3 LUT6=3)
  Clock Path Skew:        -0.049ns (DCD - SCD + CPR)
    Destination Clock Delay (DCD):    0.924ns = ( 10.924 - 10.000 ) 
    Source Clock Delay      (SCD):    0.973ns
    Clock Pessimism Removal (CPR):    0.000ns
  Clock Uncertainty:      0.035ns  ((TSJ^2 + TIJ^2)^1/2 + DJ) / 2 + PE
    Total System Jitter     (TSJ):    0.071ns
    Total Input Jitter      (TIJ):    0.000ns
    Discrete Jitter          (DJ):    0.000ns
    Phase Error              (PE):    0.000ns

    Location             Delay type                Incr(ns)  Path(ns)    Netlist Resource(s)
  -------------------------------------------------------------------    -------------------
                         (clock clk rise edge)        0.000     0.000 r  <hidden>
                                                      0.000     0.000 r  clk
                         net (fo=43169, unset)        0.973     0.973    clk
                         FDCE                                         r  di_reg[4]_rep/C
  -------------------------------------------------------------------    -------------------
                         FDCE (Prop_fdce_C_Q)         0.478     1.451 r  di_reg[4]_rep/Q
                         net (fo=123, unplaced)       0.771     2.222    di_reg[4]_rep_n_0
                         CARRY4 (Prop_carry4_S[0]_O[2])
                                                      0.839     3.061 r  g0_b0__0__0_i_1/O[2]
                         net (fo=402, unplaced)       0.870     3.931    a05_out[6]
                         LUT6 (Prop_lut6_I0_O)        0.301     4.232 r  acc1__3_i_299/O
                         net (fo=1, unplaced)         0.449     4.681    acc1__3_i_299_n_0
                         LUT3 (Prop_lut3_I2_O)        0.124     4.805 r  acc1__3_i_94/O
                         net (fo=2, unplaced)         0.460     5.265    acc1__3_i_94_n_0
                         LUT5 (Prop_lut5_I4_O)        0.124     5.389 r  acc1__3_i_83/O
                         net (fo=1, unplaced)         0.732     6.121    acc1__3_i_83_n_0
                         LUT6 (Prop_lut6_I0_O)        0.124     6.245 r  acc1__3_i_27/O
                         net (fo=1, unplaced)         0.449     6.694    acc1__3_i_27_n_0
                         LUT4 (Prop_lut4_I0_O)        0.124     6.818 r  acc1__3_i_2/O
                         net (fo=1, unplaced)         0.803     7.621    acc1__3_i_2_n_0
                         DSP48E1 (Prop_dsp48e1_B[6]_P[1])
                                                      3.656    11.277 r  acc1__3/P[1]
                         net (fo=2, unplaced)         0.803    12.080    acc1__3_n_104
                         LUT2 (Prop_lut2_I1_O)        0.124    12.204 r  acc[3]_i_37/O
                         net (fo=1, unplaced)         0.000    12.204    acc[3]_i_37_n_0
                         CARRY4 (Prop_carry4_S[1]_CO[3])
                                                      0.533    12.737 r  acc_reg[3]_i_29/CO[3]
                         net (fo=1, unplaced)         0.000    12.737    acc_reg[3]_i_29_n_0
                         CARRY4 (Prop_carry4_CI_CO[3])
                                                      0.117    12.854 r  acc_reg[7]_i_29/CO[3]
                         net (fo=1, unplaced)         0.000    12.854    acc_reg[7]_i_29_n_0
                         CARRY4 (Prop_carry4_CI_CO[3])
                                                      0.117    12.971 r  acc_reg[11]_i_29/CO[3]
                         net (fo=1, unplaced)         0.000    12.971    acc_reg[11]_i_29_n_0
                         CARRY4 (Prop_carry4_CI_CO[3])
                                                      0.117    13.088 r  acc_reg[15]_i_30/CO[3]
                         net (fo=1, unplaced)         0.000    13.088    acc_reg[15]_i_30_n_0
                         CARRY4 (Prop_carry4_CI_CO[3])
                                                      0.117    13.205 r  acc_reg[19]_i_28/CO[3]
                         net (fo=1, unplaced)         0.000    13.205    acc_reg[19]_i_28_n_0
                         CARRY4 (Prop_carry4_CI_CO[3])
                                                      0.117    13.322 r  acc_reg[23]_i_28/CO[3]
                         net (fo=1, unplaced)         0.000    13.322    acc_reg[23]_i_28_n_0
                         CARRY4 (Prop_carry4_CI_CO[3])
                                                      0.117    13.439 r  acc_reg[27]_i_31/CO[3]
                         net (fo=1, unplaced)         0.000    13.439    acc_reg[27]_i_31_n_0
                         CARRY4 (Prop_carry4_CI_CO[3])
                                                      0.117    13.556 r  acc_reg[31]_i_28/CO[3]
                         net (fo=1, unplaced)         0.000    13.556    acc_reg[31]_i_28_n_0
                         CARRY4 (Prop_carry4_CI_CO[3])
                                                      0.117    13.673 r  acc_reg[35]_i_29/CO[3]
                         net (fo=1, unplaced)         0.000    13.673    acc_reg[35]_i_29_n_0
                         CARRY4 (Prop_carry4_CI_CO[3])
                                                      0.117    13.790 r  acc_reg[39]_i_28/CO[3]
                         net (fo=1, unplaced)         0.000    13.790    acc_reg[39]_i_28_n_0
                         CARRY4 (Prop_carry4_CI_CO[3])
                                                      0.117    13.907 r  acc_reg[43]_i_28/CO[3]
                         net (fo=1, unplaced)         0.000    13.907    acc_reg[43]_i_28_n_0
                         CARRY4 (Prop_carry4_CI_O[2])
                                                      0.256    14.163 r  acc_reg[47]_i_28/O[2]
                         net (fo=1, unplaced)         0.452    14.615    acc_reg[47]_i_28_n_5
                         LUT5 (Prop_lut5_I0_O)        0.301    14.916 r  acc[46]_i_9/O
                         net (fo=1, unplaced)         0.732    15.648    acc[46]_i_9_n_0
                         LUT5 (Prop_lut5_I1_O)        0.124    15.772 r  acc[46]_i_6/O
                         net (fo=1, unplaced)         0.449    16.221    acc[46]_i_6_n_0
                         LUT6 (Prop_lut6_I5_O)        0.124    16.345 r  acc[46]_i_1/O
                         net (fo=1, unplaced)         0.000    16.345    acc7_out[46]
                         FDCE                                         r  acc_reg[46]/D
  -------------------------------------------------------------------    -------------------

                         (clock clk rise edge)       10.000    10.000 r  <hidden>
                                                      0.000    10.000 r  clk
                         net (fo=43169, unset)        0.924    10.924    clk
                         FDCE                                         r  acc_reg[46]/C
                         clock pessimism              0.000    10.924    <hidden>
                         clock uncertainty           -0.035    10.889    <hidden>
                         FDCE (Setup_fdce_C_D)        0.044    10.933    acc_reg[46]
  -------------------------------------------------------------------
                         required time                         10.933    <hidden>
                         arrival time                         -16.345    <hidden>
  -------------------------------------------------------------------
                         slack                                 -5.412    <hidden>

Slack (VIOLATED) :        -5.372ns  (required time - arrival time)
  Source:                 di_reg[4]_rep/C
                            (rising edge-triggered cell FDCE clocked by clk  {rise@0.000ns fall@5.000ns period=10.000ns})
  Destination:            acc_reg[43]/D
                            (rising edge-triggered cell FDCE clocked by clk  {rise@0.000ns fall@5.000ns period=10.000ns})
  Path Group:             clk
  Path Type:              Setup (Max at Slow Process Corner)
  Requirement:            10.000ns  (clk rise@10.000ns - clk rise@0.000ns)
  Data Path Delay:        15.332ns  (logic 8.366ns (54.567%)  route 6.966ns (45.433%))
  Logic Levels:           22  (CARRY4=12 DSP48E1=1 LUT2=1 LUT3=1 LUT4=1 LUT5=3 LUT6=3)
  Clock Path Skew:        -0.049ns (DCD - SCD + CPR)
    Destination Clock Delay (DCD):    0.924ns = ( 10.924 - 10.000 ) 
    Source Clock Delay      (SCD):    0.973ns
    Clock Pessimism Removal (CPR):    0.000ns
  Clock Uncertainty:      0.035ns  ((TSJ^2 + TIJ^2)^1/2 + DJ) / 2 + PE
    Total System Jitter     (TSJ):    0.071ns
    Total Input Jitter      (TIJ):    0.000ns
    Discrete Jitter          (DJ):    0.000ns
    Phase Error              (PE):    0.000ns

    Location             Delay type                Incr(ns)  Path(ns)    Netlist Resource(s)
  -------------------------------------------------------------------    -------------------
                         (clock clk rise edge)        0.000     0.000 r  <hidden>
                                                      0.000     0.000 r  clk
                         net (fo=43169, unset)        0.973     0.973    clk
                         FDCE                                         r  di_reg[4]_rep/C
  -------------------------------------------------------------------    -------------------
                         FDCE (Prop_fdce_C_Q)         0.478     1.451 r  di_reg[4]_rep/Q
                         net (fo=123, unplaced)       0.771     2.222    di_reg[4]_rep_n_0
                         CARRY4 (Prop_carry4_S[0]_O[2])
                                                      0.839     3.061 r  g0_b0__0__0_i_1/O[2]
                         net (fo=402, unplaced)       0.870     3.931    a05_out[6]
                         LUT6 (Prop_lut6_I0_O)        0.301     4.232 r  acc1__3_i_299/O
                         net (fo=1, unplaced)         0.449     4.681    acc1__3_i_299_n_0
                         LUT3 (Prop_lut3_I2_O)        0.124     4.805 r  acc1__3_i_94/O
                         net (fo=2, unplaced)         0.460     5.265    acc1__3_i_94_n_0
                         LUT5 (Prop_lut5_I4_O)        0.124     5.389 r  acc1__3_i_83/O
                         net (fo=1, unplaced)         0.732     6.121    acc1__3_i_83_n_0
                         LUT6 (Prop_lut6_I0_O)        0.124     6.245 r  acc1__3_i_27/O
                         net (fo=1, unplaced)         0.449     6.694    acc1__3_i_27_n_0
                         LUT4 (Prop_lut4_I0_O)        0.124     6.818 r  acc1__3_i_2/O
                         net (fo=1, unplaced)         0.803     7.621    acc1__3_i_2_n_0
                         DSP48E1 (Prop_dsp48e1_B[6]_P[1])
                                                      3.656    11.277 r  acc1__3/P[1]
                         net (fo=2, unplaced)         0.803    12.080    acc1__3_n_104
                         LUT2 (Prop_lut2_I1_O)        0.124    12.204 r  acc[3]_i_37/O
                         net (fo=1, unplaced)         0.000    12.204    acc[3]_i_37_n_0
                         CARRY4 (Prop_carry4_S[1]_CO[3])
                                                      0.533    12.737 r  acc_reg[3]_i_29/CO[3]
                         net (fo=1, unplaced)         0.000    12.737    acc_reg[3]_i_29_n_0
                         CARRY4 (Prop_carry4_CI_CO[3])
                                                      0.117    12.854 r  acc_reg[7]_i_29/CO[3]
                         net (fo=1, unplaced)         0.000    12.854    acc_reg[7]_i_29_n_0
                         CARRY4 (Prop_carry4_CI_CO[3])
                                                      0.117    12.971 r  acc_reg[11]_i_29/CO[3]
                         net (fo=1, unplaced)         0.000    12.971    acc_reg[11]_i_29_n_0
                         CARRY4 (Prop_carry4_CI_CO[3])
                                                      0.117    13.088 r  acc_reg[15]_i_30/CO[3]
                         net (fo=1, unplaced)         0.000    13.088    acc_reg[15]_i_30_n_0
                         CARRY4 (Prop_carry4_CI_CO[3])
                                                      0.117    13.205 r  acc_reg[19]_i_28/CO[3]
                         net (fo=1, unplaced)         0.000    13.205    acc_reg[19]_i_28_n_0
                         CARRY4 (Prop_carry4_CI_CO[3])
                                                      0.117    13.322 r  acc_reg[23]_i_28/CO[3]
                         net (fo=1, unplaced)         0.000    13.322    acc_reg[23]_i_28_n_0
                         CARRY4 (Prop_carry4_CI_CO[3])
                                                      0.117    13.439 r  acc_reg[27]_i_31/CO[3]
                         net (fo=1, unplaced)         0.000    13.439    acc_reg[27]_i_31_n_0
                         CARRY4 (Prop_carry4_CI_CO[3])
                                                      0.117    13.556 r  acc_reg[31]_i_28/CO[3]
                         net (fo=1, unplaced)         0.000    13.556    acc_reg[31]_i_28_n_0
                         CARRY4 (Prop_carry4_CI_CO[3])
                                                      0.117    13.673 r  acc_reg[35]_i_29/CO[3]
                         net (fo=1, unplaced)         0.000    13.673    acc_reg[35]_i_29_n_0
                         CARRY4 (Prop_carry4_CI_CO[3])
                                                      0.117    13.790 r  acc_reg[39]_i_28/CO[3]
                         net (fo=1, unplaced)         0.000    13.790    acc_reg[39]_i_28_n_0
                         CARRY4 (Prop_carry4_CI_O[3])
                                                      0.331    14.121 r  acc_reg[43]_i_28/O[3]
                         net (fo=1, unplaced)         0.448    14.569    acc_reg[43]_i_28_n_4
                         LUT5 (Prop_lut5_I0_O)        0.307    14.876 r  acc[43]_i_12/O
                         net (fo=1, unplaced)         0.732    15.608    acc[43]_i_12_n_0
                         LUT5 (Prop_lut5_I1_O)        0.124    15.732 r  acc[43]_i_5/O
                         net (fo=1, unplaced)         0.449    16.181    acc[43]_i_5_n_0
                         LUT6 (Prop_lut6_I4_O)        0.124    16.305 r  acc[43]_i_1/O
                         net (fo=1, unplaced)         0.000    16.305    acc7_out[43]
                         FDCE                                         r  acc_reg[43]/D
  -------------------------------------------------------------------    -------------------

                         (clock clk rise edge)       10.000    10.000 r  <hidden>
                                                      0.000    10.000 r  clk
                         net (fo=43169, unset)        0.924    10.924    clk
                         FDCE                                         r  acc_reg[43]/C
                         clock pessimism              0.000    10.924    <hidden>
                         clock uncertainty           -0.035    10.889    <hidden>
                         FDCE (Setup_fdce_C_D)        0.044    10.933    acc_reg[43]
  -------------------------------------------------------------------
                         required time                         10.933    <hidden>
                         arrival time                         -16.305    <hidden>
  -------------------------------------------------------------------
                         slack                                 -5.372    <hidden>

Slack (VIOLATED) :        -5.358ns  (required time - arrival time)
  Source:                 di_reg[4]_rep/C
                            (rising edge-triggered cell FDCE clocked by clk  {rise@0.000ns fall@5.000ns period=10.000ns})
  Destination:            acc_reg[45]/D
                            (rising edge-triggered cell FDCE clocked by clk  {rise@0.000ns fall@5.000ns period=10.000ns})
  Path Group:             clk
  Path Type:              Setup (Max at Slow Process Corner)
  Requirement:            10.000ns  (clk rise@10.000ns - clk rise@0.000ns)
  Data Path Delay:        15.318ns  (logic 8.488ns (55.413%)  route 6.830ns (44.587%))
  Logic Levels:           23  (CARRY4=13 DSP48E1=1 LUT2=1 LUT3=1 LUT4=1 LUT5=3 LUT6=3)
  Clock Path Skew:        -0.049ns (DCD - SCD + CPR)
    Destination Clock Delay (DCD):    0.924ns = ( 10.924 - 10.000 ) 
    Source Clock Delay      (SCD):    0.973ns
    Clock Pessimism Removal (CPR):    0.000ns
  Clock Uncertainty:      0.035ns  ((TSJ^2 + TIJ^2)^1/2 + DJ) / 2 + PE
    Total System Jitter     (TSJ):    0.071ns
    Total Input Jitter      (TIJ):    0.000ns
    Discrete Jitter          (DJ):    0.000ns
    Phase Error              (PE):    0.000ns

    Location             Delay type                Incr(ns)  Path(ns)    Netlist Resource(s)
  -------------------------------------------------------------------    -------------------
                         (clock clk rise edge)        0.000     0.000 r  <hidden>
                                                      0.000     0.000 r  clk
                         net (fo=43169, unset)        0.973     0.973    clk
                         FDCE                                         r  di_reg[4]_rep/C
  -------------------------------------------------------------------    -------------------
                         FDCE (Prop_fdce_C_Q)         0.478     1.451 r  di_reg[4]_rep/Q
                         net (fo=123, unplaced)       0.771     2.222    di_reg[4]_rep_n_0
                         CARRY4 (Prop_carry4_S[0]_O[2])
                                                      0.839     3.061 r  g0_b0__0__0_i_1/O[2]
                         net (fo=402, unplaced)       0.870     3.931    a05_out[6]
                         LUT6 (Prop_lut6_I0_O)        0.301     4.232 r  acc1__3_i_299/O
                         net (fo=1, unplaced)         0.449     4.681    acc1__3_i_299_n_0
                         LUT3 (Prop_lut3_I2_O)        0.124     4.805 r  acc1__3_i_94/O
                         net (fo=2, unplaced)         0.460     5.265    acc1__3_i_94_n_0
                         LUT5 (Prop_lut5_I4_O)        0.124     5.389 r  acc1__3_i_83/O
                         net (fo=1, unplaced)         0.732     6.121    acc1__3_i_83_n_0
                         LUT6 (Prop_lut6_I0_O)        0.124     6.245 r  acc1__3_i_27/O
                         net (fo=1, unplaced)         0.449     6.694    acc1__3_i_27_n_0
                         LUT4 (Prop_lut4_I0_O)        0.124     6.818 r  acc1__3_i_2/O
                         net (fo=1, unplaced)         0.803     7.621    acc1__3_i_2_n_0
                         DSP48E1 (Prop_dsp48e1_B[6]_P[1])
                                                      3.656    11.277 r  acc1__3/P[1]
                         net (fo=2, unplaced)         0.803    12.080    acc1__3_n_104
                         LUT2 (Prop_lut2_I1_O)        0.124    12.204 r  acc[3]_i_37/O
                         net (fo=1, unplaced)         0.000    12.204    acc[3]_i_37_n_0
                         CARRY4 (Prop_carry4_S[1]_CO[3])
                                                      0.533    12.737 r  acc_reg[3]_i_29/CO[3]
                         net (fo=1, unplaced)         0.000    12.737    acc_reg[3]_i_29_n_0
                         CARRY4 (Prop_carry4_CI_CO[3])
                                                      0.117    12.854 r  acc_reg[7]_i_29/CO[3]
                         net (fo=1, unplaced)         0.000    12.854    acc_reg[7]_i_29_n_0
                         CARRY4 (Prop_carry4_CI_CO[3])
                                                      0.117    12.971 r  acc_reg[11]_i_29/CO[3]
                         net (fo=1, unplaced)         0.000    12.971    acc_reg[11]_i_29_n_0
                         CARRY4 (Prop_carry4_CI_CO[3])
                                                      0.117    13.088 r  acc_reg[15]_i_30/CO[3]
                         net (fo=1, unplaced)         0.000    13.088    acc_reg[15]_i_30_n_0
                         CARRY4 (Prop_carry4_CI_CO[3])
                                                      0.117    13.205 r  acc_reg[19]_i_28/CO[3]
                         net (fo=1, unplaced)         0.000    13.205    acc_reg[19]_i_28_n_0
                         CARRY4 (Prop_carry4_CI_CO[3])
                                                      0.117    13.322 r  acc_reg[23]_i_28/CO[3]
                         net (fo=1, unplaced)         0.000    13.322    acc_reg[23]_i_28_n_0
                         CARRY4 (Prop_carry4_CI_CO[3])
                                                      0.117    13.439 r  acc_reg[27]_i_31/CO[3]
                         net (fo=1, unplaced)         0.000    13.439    acc_reg[27]_i_31_n_0
                         CARRY4 (Prop_carry4_CI_CO[3])
                                                      0.117    13.556 r  acc_reg[31]_i_28/CO[3]
                         net (fo=1, unplaced)         0.000    13.556    acc_reg[31]_i_28_n_0
                         CARRY4 (Prop_carry4_CI_CO[3])
                                                      0.117    13.673 r  acc_reg[35]_i_29/CO[3]
                         net (fo=1, unplaced)         0.000    13.673    acc_reg[35]_i_29_n_0
                         CARRY4 (Prop_carry4_CI_CO[3])
                                                      0.117    13.790 r  acc_reg[39]_i_28/CO[3]
                         net (fo=1, unplaced)         0.000    13.790    acc_reg[39]_i_28_n_0
                         CARRY4 (Prop_carry4_CI_CO[3])
                                                      0.117    13.907 r  acc_reg[43]_i_28/CO[3]
                         net (fo=1, unplaced)         0.000    13.907    acc_reg[43]_i_28_n_0
                         CARRY4 (Prop_carry4_CI_O[1])
                                                      0.337    14.244 r  acc_reg[47]_i_28/O[1]
                         net (fo=1, unplaced)         0.312    14.556    acc_reg[47]_i_28_n_6
                         LUT5 (Prop_lut5_I0_O)        0.306    14.862 r  acc[45]_i_9/O
                         net (fo=1, unplaced)         0.732    15.594    acc[45]_i_9_n_0
                         LUT5 (Prop_lut5_I1_O)        0.124    15.718 r  acc[45]_i_5/O
                         net (fo=1, unplaced)         0.449    16.167    acc[45]_i_5_n_0
                         LUT6 (Prop_lut6_I4_O)        0.124    16.291 r  acc[45]_i_1/O
                         net (fo=1, unplaced)         0.000    16.291    acc7_out[45]
                         FDCE                                         r  acc_reg[45]/D
  -------------------------------------------------------------------    -------------------

                         (clock clk rise edge)       10.000    10.000 r  <hidden>
                                                      0.000    10.000 r  clk
                         net (fo=43169, unset)        0.924    10.924    clk
                         FDCE                                         r  acc_reg[45]/C
                         clock pessimism              0.000    10.924    <hidden>
                         clock uncertainty           -0.035    10.889    <hidden>
                         FDCE (Setup_fdce_C_D)        0.044    10.933    acc_reg[45]
  -------------------------------------------------------------------
                         required time                         10.933    <hidden>
                         arrival time                         -16.291    <hidden>
  -------------------------------------------------------------------
                         slack                                 -5.358    <hidden>

Slack (VIOLATED) :        -5.358ns  (required time - arrival time)
  Source:                 di_reg[4]_rep/C
                            (rising edge-triggered cell FDCE clocked by clk  {rise@0.000ns fall@5.000ns period=10.000ns})
  Destination:            acc_reg[48]/D
                            (rising edge-triggered cell FDCE clocked by clk  {rise@0.000ns fall@5.000ns period=10.000ns})
  Path Group:             clk
  Path Type:              Setup (Max at Slow Process Corner)
  Requirement:            10.000ns  (clk rise@10.000ns - clk rise@0.000ns)
  Data Path Delay:        15.318ns  (logic 8.489ns (55.420%)  route 6.829ns (44.581%))
  Logic Levels:           24  (CARRY4=14 DSP48E1=1 LUT2=1 LUT3=1 LUT4=1 LUT5=3 LUT6=3)
  Clock Path Skew:        -0.049ns (DCD - SCD + CPR)
    Destination Clock Delay (DCD):    0.924ns = ( 10.924 - 10.000 ) 
    Source Clock Delay      (SCD):    0.973ns
    Clock Pessimism Removal (CPR):    0.000ns
  Clock Uncertainty:      0.035ns  ((TSJ^2 + TIJ^2)^1/2 + DJ) / 2 + PE
    Total System Jitter     (TSJ):    0.071ns
    Total Input Jitter      (TIJ):    0.000ns
    Discrete Jitter          (DJ):    0.000ns
    Phase Error              (PE):    0.000ns

    Location             Delay type                Incr(ns)  Path(ns)    Netlist Resource(s)
  -------------------------------------------------------------------    -------------------
                         (clock clk rise edge)        0.000     0.000 r  <hidden>
                                                      0.000     0.000 r  clk
                         net (fo=43169, unset)        0.973     0.973    clk
                         FDCE                                         r  di_reg[4]_rep/C
  -------------------------------------------------------------------    -------------------
                         FDCE (Prop_fdce_C_Q)         0.478     1.451 r  di_reg[4]_rep/Q
                         net (fo=123, unplaced)       0.771     2.222    di_reg[4]_rep_n_0
                         CARRY4 (Prop_carry4_S[0]_O[2])
                                                      0.839     3.061 r  g0_b0__0__0_i_1/O[2]
                         net (fo=402, unplaced)       0.870     3.931    a05_out[6]
                         LUT6 (Prop_lut6_I0_O)        0.301     4.232 r  acc1__3_i_299/O
                         net (fo=1, unplaced)         0.449     4.681    acc1__3_i_299_n_0
                         LUT3 (Prop_lut3_I2_O)        0.124     4.805 r  acc1__3_i_94/O
                         net (fo=2, unplaced)         0.460     5.265    acc1__3_i_94_n_0
                         LUT5 (Prop_lut5_I4_O)        0.124     5.389 r  acc1__3_i_83/O
                         net (fo=1, unplaced)         0.732     6.121    acc1__3_i_83_n_0
                         LUT6 (Prop_lut6_I0_O)        0.124     6.245 r  acc1__3_i_27/O
                         net (fo=1, unplaced)         0.449     6.694    acc1__3_i_27_n_0
                         LUT4 (Prop_lut4_I0_O)        0.124     6.818 r  acc1__3_i_2/O
                         net (fo=1, unplaced)         0.803     7.621    acc1__3_i_2_n_0
                         DSP48E1 (Prop_dsp48e1_B[6]_P[1])
                                                      3.656    11.277 r  acc1__3/P[1]
                         net (fo=2, unplaced)         0.803    12.080    acc1__3_n_104
                         LUT2 (Prop_lut2_I1_O)        0.124    12.204 r  acc[3]_i_37/O
                         net (fo=1, unplaced)         0.000    12.204    acc[3]_i_37_n_0
                         CARRY4 (Prop_carry4_S[1]_CO[3])
                                                      0.533    12.737 r  acc_reg[3]_i_29/CO[3]
                         net (fo=1, unplaced)         0.000    12.737    acc_reg[3]_i_29_n_0
                         CARRY4 (Prop_carry4_CI_CO[3])
                                                      0.117    12.854 r  acc_reg[7]_i_29/CO[3]
                         net (fo=1, unplaced)         0.000    12.854    acc_reg[7]_i_29_n_0
                         CARRY4 (Prop_carry4_CI_CO[3])
                                                      0.117    12.971 r  acc_reg[11]_i_29/CO[3]
                         net (fo=1, unplaced)         0.000    12.971    acc_reg[11]_i_29_n_0
                         CARRY4 (Prop_carry4_CI_CO[3])
                                                      0.117    13.088 r  acc_reg[15]_i_30/CO[3]
                         net (fo=1, unplaced)         0.000    13.088    acc_reg[15]_i_30_n_0
                         CARRY4 (Prop_carry4_CI_CO[3])
                                                      0.117    13.205 r  acc_reg[19]_i_28/CO[3]
                         net (fo=1, unplaced)         0.000    13.205    acc_reg[19]_i_28_n_0
                         CARRY4 (Prop_carry4_CI_CO[3])
                                                      0.117    13.322 r  acc_reg[23]_i_28/CO[3]
                         net (fo=1, unplaced)         0.000    13.322    acc_reg[23]_i_28_n_0
                         CARRY4 (Prop_carry4_CI_CO[3])
                                                      0.117    13.439 r  acc_reg[27]_i_31/CO[3]
                         net (fo=1, unplaced)         0.000    13.439    acc_reg[27]_i_31_n_0
                         CARRY4 (Prop_carry4_CI_CO[3])
                                                      0.117    13.556 r  acc_reg[31]_i_28/CO[3]
                         net (fo=1, unplaced)         0.000    13.556    acc_reg[31]_i_28_n_0
                         CARRY4 (Prop_carry4_CI_CO[3])
                                                      0.117    13.673 r  acc_reg[35]_i_29/CO[3]
                         net (fo=1, unplaced)         0.000    13.673    acc_reg[35]_i_29_n_0
                         CARRY4 (Prop_carry4_CI_CO[3])
                                                      0.117    13.790 r  acc_reg[39]_i_28/CO[3]
                         net (fo=1, unplaced)         0.000    13.790    acc_reg[39]_i_28_n_0
                         CARRY4 (Prop_carry4_CI_CO[3])
                                                      0.117    13.907 r  acc_reg[43]_i_28/CO[3]
                         net (fo=1, unplaced)         0.000    13.907    acc_reg[43]_i_28_n_0
                         CARRY4 (Prop_carry4_CI_CO[3])
                                                      0.117    14.024 r  acc_reg[47]_i_28/CO[3]
                         net (fo=1, unplaced)         0.000    14.024    acc_reg[47]_i_28_n_0
                         CARRY4 (Prop_carry4_CI_O[0])
                                                      0.232    14.256 r  acc_reg[51]_i_28/O[0]
                         net (fo=1, unplaced)         0.311    14.567    acc_reg[51]_i_28_n_7
                         LUT5 (Prop_lut5_I0_O)        0.295    14.862 r  acc[48]_i_10/O
                         net (fo=1, unplaced)         0.732    15.594    acc[48]_i_10_n_0
                         LUT5 (Prop_lut5_I1_O)        0.124    15.718 r  acc[48]_i_5/O
                         net (fo=1, unplaced)         0.449    16.167    acc[48]_i_5_n_0
                         LUT6 (Prop_lut6_I4_O)        0.124    16.291 r  acc[48]_i_1/O
                         net (fo=1, unplaced)         0.000    16.291    acc7_out[48]
                         FDCE                                         r  acc_reg[48]/D
  -------------------------------------------------------------------    -------------------

                         (clock clk rise edge)       10.000    10.000 r  <hidden>
                                                      0.000    10.000 r  clk
                         net (fo=43169, unset)        0.924    10.924    clk
                         FDCE                                         r  acc_reg[48]/C
                         clock pessimism              0.000    10.924    <hidden>
                         clock uncertainty           -0.035    10.889    <hidden>
                         FDCE (Setup_fdce_C_D)        0.044    10.933    acc_reg[48]
  -------------------------------------------------------------------
                         required time                         10.933    <hidden>
                         arrival time                         -16.291    <hidden>
  -------------------------------------------------------------------
                         slack                                 -5.358    <hidden>




