Copyright 1986-2022 Xilinx, Inc. All Rights Reserved. Copyright 2022-2026 Advanced Micro Devices, Inc. All Rights Reserved.
---------------------------------------------------------------------------------------------------------------------------------------------------------------------------------------------------------------------------------------------
| Tool Version : Vivado v.2026.1 (win64) Build 6511674 Tue Jun 16 11:02:23 MDT 2026
| Date         : Thu Sep 10 02:50:05 2026
| Host         : laptop-Quan running 64-bit major release  (build 9200)
| Command      : report_timing -delay_type max -max_paths 20 -nworst 1 -sort_by slack -file D:/FPGA/FPGG_ART_Y_ASTRA_NATIVE_V1_RESEARCH/results/A7-NATIVE-GRAPH/ASTRA-FINAL-C4-C7-20260909/26_C4_D32_BITEXACT_PHYSICAL/timing_n20_e3i_f2.rpt
| Design       : a7ng_astra_c4_lm06_d32_fr_v2
| Device       : 7a100t-csg324
| Speed File   : -1  PRODUCTION 1.23 2018-06-13
| Design State : Synthesized
---------------------------------------------------------------------------------------------------------------------------------------------------------------------------------------------------------------------------------------------

Timing Report

Slack (VIOLATED) :        -17.556ns  (required time - arrival time)
  Source:                 kv_reg[23][31][15]/C
                            (rising edge-triggered cell FDRE clocked by clk  {rise@0.000ns fall@5.000ns period=10.000ns})
  Destination:            dots_reg[0][27]/D
                            (rising edge-triggered cell FDRE clocked by clk  {rise@0.000ns fall@5.000ns period=10.000ns})
  Path Group:             clk
  Path Type:              Setup (Max at Slow Process Corner)
  Requirement:            10.000ns  (clk rise@10.000ns - clk rise@0.000ns)
  Data Path Delay:        27.516ns  (logic 20.218ns (73.476%)  route 7.298ns (26.524%))
  Logic Levels:           39  (CARRY4=25 DSP48E1=4 LUT1=1 LUT2=1 LUT3=2 LUT4=3 LUT5=1 LUT6=1 MUXF7=1)
  Clock Path Skew:        -0.049ns (DCD - SCD + CPR)
    Destination Clock Delay (DCD):    0.924ns = ( 10.924 - 10.000 ) 
    Source Clock Delay      (SCD):    0.973ns
    Clock Pessimism Removal (CPR):    0.000ns
  Clock Uncertainty:      0.035ns  ((TSJ^2 + TIJ^2)^1/2 + DJ) / 2 + PE
    Total System Jitter     (TSJ):    0.071ns
    Total Input Jitter      (TIJ):    0.000ns
    Discrete Jitter          (DJ):    0.000ns
    Phase Error              (PE):    0.000ns

    Location             Delay type                Incr(ns)  Path(ns)    Netlist Resource(s)
  -------------------------------------------------------------------    -------------------
                         (clock clk rise edge)        0.000     0.000 r  <hidden>
                                                      0.000     0.000 r  clk
                         net (fo=43025, unset)        0.973     0.973    clk
                         FDRE                                         r  kv_reg[23][31][15]/C
  -------------------------------------------------------------------    -------------------
                         FDRE (Prop_fdre_C_Q)         0.478     1.451 r  kv_reg[23][31][15]/Q
                         net (fo=1, unplaced)         0.965     2.416    kv_reg_n_0_[23][31][15]
                         LUT6 (Prop_lut6_I0_O)        0.295     2.711 r  p_0_out_i_66/O
                         net (fo=1, unplaced)         0.000     2.711    p_0_out_i_66_n_0
                         MUXF7 (Prop_muxf7_I1_O)      0.247     2.958 r  p_0_out_i_17/O
                         net (fo=1, unplaced)         0.735     3.693    p_0_out_i_17_n_0
                         LUT5 (Prop_lut5_I0_O)        0.298     3.991 r  p_0_out_i_1/O
                         net (fo=16, unplaced)        0.803     4.794    kv[15]
                         DSP48E1 (Prop_dsp48e1_A[29]_P[1])
                                                      3.841     8.635 r  p_0_out/P[1]
                         net (fo=1, unplaced)         0.803     9.438    p_0_out_n_104
                         LUT2 (Prop_lut2_I1_O)        0.124     9.562 r  p_1_out__3_i_19/O
                         net (fo=1, unplaced)         0.000     9.562    p_1_out__3_i_19_n_0
                         CARRY4 (Prop_carry4_S[1]_CO[3])
                                                      0.533    10.095 r  p_1_out__3_i_4/CO[3]
                         net (fo=1, unplaced)         0.000    10.095    p_1_out__3_i_4_n_0
                         CARRY4 (Prop_carry4_CI_CO[3])
                                                      0.117    10.212 r  p_1_out__3_i_3/CO[3]
                         net (fo=1, unplaced)         0.000    10.212    p_1_out__3_i_3_n_0
                         CARRY4 (Prop_carry4_CI_CO[3])
                                                      0.117    10.329 r  p_1_out__3_i_2/CO[3]
                         net (fo=1, unplaced)         0.000    10.329    p_1_out__3_i_2_n_0
                         CARRY4 (Prop_carry4_CI_CO[3])
                                                      0.117    10.446 r  p_1_out__3_i_1/CO[3]
                         net (fo=1, unplaced)         0.000    10.446    p_1_out__3_i_1_n_0
                         CARRY4 (Prop_carry4_CI_CO[3])
                                                      0.117    10.563 r  p_1_out__0_i_5/CO[3]
                         net (fo=1, unplaced)         0.000    10.563    p_1_out__0_i_5_n_0
                         CARRY4 (Prop_carry4_CI_CO[3])
                                                      0.117    10.680 r  p_1_out__0_i_4/CO[3]
                         net (fo=1, unplaced)         0.000    10.680    p_1_out__0_i_4_n_0
                         CARRY4 (Prop_carry4_CI_CO[3])
                                                      0.117    10.797 r  p_1_out__0_i_3/CO[3]
                         net (fo=1, unplaced)         0.000    10.797    p_1_out__0_i_3_n_0
                         CARRY4 (Prop_carry4_CI_CO[3])
                                                      0.117    10.914 r  p_1_out__0_i_2/CO[3]
                         net (fo=1, unplaced)         0.000    10.914    p_1_out__0_i_2_n_0
                         CARRY4 (Prop_carry4_CI_O[1])
                                                      0.337    11.251 r  p_1_out__0_i_1/O[1]
                         net (fo=2, unplaced)         0.803    12.054    p_1_out__0_i_1_n_6
                         DSP48E1 (Prop_dsp48e1_A[16]_PCOUT[47])
                                                      4.215    16.269 r  p_1_out__0/PCOUT[47]
                         net (fo=1, unplaced)         0.000    16.269    p_1_out__0_n_106
                         DSP48E1 (Prop_dsp48e1_PCIN[47]_PCOUT[47])
                                                      1.713    17.982 r  p_1_out__1/PCOUT[47]
                         net (fo=1, unplaced)         0.000    17.982    p_1_out__1_n_106
                         DSP48E1 (Prop_dsp48e1_PCIN[47]_P[1])
                                                      1.518    19.500 r  p_1_out__2/P[1]
                         net (fo=3, unplaced)         0.803    20.302    p_1_out__2_n_104
                         LUT3 (Prop_lut3_I1_O)        0.149    20.451 r  dots[0][31]_i_28/O
                         net (fo=2, unplaced)         0.459    20.910    dots[0][31]_i_28_n_0
                         LUT4 (Prop_lut4_I3_O)        0.355    21.265 r  dots[0][31]_i_32/O
                         net (fo=1, unplaced)         0.000    21.265    dots[0][31]_i_32_n_0
                         CARRY4 (Prop_carry4_S[0]_CO[3])
                                                      0.513    21.778 r  dots_reg[0][31]_i_16/CO[3]
                         net (fo=1, unplaced)         0.000    21.778    dots_reg[0][31]_i_16_n_0
                         CARRY4 (Prop_carry4_CI_CO[3])
                                                      0.117    21.895 r  dots_reg[0][31]_i_7/CO[3]
                         net (fo=1, unplaced)         0.000    21.895    dots_reg[0][31]_i_7_n_0
                         CARRY4 (Prop_carry4_CI_O[2])
                                                      0.256    22.151 r  dots_reg[0][31]_i_4/O[2]
                         net (fo=93, unplaced)        0.550    22.701    p_3_out[63]
                         LUT4 (Prop_lut4_I2_O)        0.293    22.994 r  dots[0][0]_i_79/O
                         net (fo=1, unplaced)         0.000    22.994    dots[0][0]_i_79_n_0
                         CARRY4 (Prop_carry4_DI[0]_CO[3])
                                                      0.576    23.570 r  dots_reg[0][0]_i_57/CO[3]
                         net (fo=1, unplaced)         0.000    23.570    dots_reg[0][0]_i_57_n_0
                         CARRY4 (Prop_carry4_CI_CO[3])
                                                      0.117    23.687 r  dots_reg[0][0]_i_35/CO[3]
                         net (fo=1, unplaced)         0.000    23.687    dots_reg[0][0]_i_35_n_0
                         CARRY4 (Prop_carry4_CI_CO[3])
                                                      0.117    23.804 r  dots_reg[0][0]_i_15/CO[3]
                         net (fo=1, unplaced)         0.000    23.804    dots_reg[0][0]_i_15_n_0
                         CARRY4 (Prop_carry4_CI_CO[3])
                                                      0.117    23.921 r  dots_reg[0][0]_i_7/CO[3]
                         net (fo=1, unplaced)         0.000    23.921    dots_reg[0][0]_i_7_n_0
                         CARRY4 (Prop_carry4_CI_CO[2])
                                                      0.252    24.173 r  dots_reg[0][0]_i_2/CO[2]
                         net (fo=2, unplaced)         0.463    24.636    dots_reg[0][0]_i_2_n_1
                         LUT4 (Prop_lut4_I3_O)        0.310    24.946 r  dots[0][0]_i_6/O
                         net (fo=1, unplaced)         0.000    24.946    dots[0][0]_i_6_n_0
                         CARRY4 (Prop_carry4_S[0]_CO[3])
                                                      0.513    25.459 r  dots_reg[0][0]_i_1/CO[3]
                         net (fo=1, unplaced)         0.000    25.459    dots_reg[0][0]_i_1_n_0
                         CARRY4 (Prop_carry4_CI_CO[3])
                                                      0.117    25.576 r  dots_reg[0][7]_i_2/CO[3]
                         net (fo=1, unplaced)         0.000    25.576    dots_reg[0][7]_i_2_n_0
                         CARRY4 (Prop_carry4_CI_CO[3])
                                                      0.117    25.693 r  dots_reg[0][11]_i_2/CO[3]
                         net (fo=1, unplaced)         0.000    25.693    dots_reg[0][11]_i_2_n_0
                         CARRY4 (Prop_carry4_CI_CO[3])
                                                      0.117    25.810 r  dots_reg[0][15]_i_2/CO[3]
                         net (fo=1, unplaced)         0.000    25.810    dots_reg[0][15]_i_2_n_0
                         CARRY4 (Prop_carry4_CI_CO[3])
                                                      0.117    25.927 r  dots_reg[0][19]_i_2/CO[3]
                         net (fo=1, unplaced)         0.000    25.927    dots_reg[0][19]_i_2_n_0
                         CARRY4 (Prop_carry4_CI_O[2])
                                                      0.256    26.183 f  dots_reg[0][23]_i_2/O[2]
                         net (fo=2, unplaced)         0.463    26.646    dots_reg[0][23]_i_2_n_5
                         LUT1 (Prop_lut1_I0_O)        0.301    26.947 r  dots[0][24]_i_5/O
                         net (fo=1, unplaced)         0.000    26.947    dots[0][24]_i_5_n_0
                         CARRY4 (Prop_carry4_S[1]_CO[3])
                                                      0.533    27.480 r  dots_reg[0][24]_i_2/CO[3]
                         net (fo=1, unplaced)         0.000    27.480    dots_reg[0][24]_i_2_n_0
                         CARRY4 (Prop_carry4_CI_O[2])
                                                      0.256    27.736 r  dots_reg[0][31]_i_5/O[2]
                         net (fo=1, unplaced)         0.452    28.188    dots_reg[0][31]_i_5_n_5
                         LUT3 (Prop_lut3_I0_O)        0.301    28.489 r  dots[0][27]_i_1/O
                         net (fo=24, unplaced)        0.000    28.489    c4_rq1_return[27]
                         FDRE                                         r  dots_reg[0][27]/D
  -------------------------------------------------------------------    -------------------

                         (clock clk rise edge)       10.000    10.000 r  <hidden>
                                                      0.000    10.000 r  clk
                         net (fo=43025, unset)        0.924    10.924    clk
                         FDRE                                         r  dots_reg[0][27]/C
                         clock pessimism              0.000    10.924    <hidden>
                         clock uncertainty           -0.035    10.889    <hidden>
                         FDRE (Setup_fdre_C_D)        0.044    10.933    dots_reg[0][27]
  -------------------------------------------------------------------
                         required time                         10.933    <hidden>
                         arrival time                         -28.489    <hidden>
  -------------------------------------------------------------------
                         slack                                -17.556    <hidden>

Slack (VIOLATED) :        -17.556ns  (required time - arrival time)
  Source:                 kv_reg[23][31][15]/C
                            (rising edge-triggered cell FDRE clocked by clk  {rise@0.000ns fall@5.000ns period=10.000ns})
  Destination:            dots_reg[10][27]/D
                            (rising edge-triggered cell FDRE clocked by clk  {rise@0.000ns fall@5.000ns period=10.000ns})
  Path Group:             clk
  Path Type:              Setup (Max at Slow Process Corner)
  Requirement:            10.000ns  (clk rise@10.000ns - clk rise@0.000ns)
  Data Path Delay:        27.516ns  (logic 20.218ns (73.476%)  route 7.298ns (26.524%))
  Logic Levels:           39  (CARRY4=25 DSP48E1=4 LUT1=1 LUT2=1 LUT3=2 LUT4=3 LUT5=1 LUT6=1 MUXF7=1)
  Clock Path Skew:        -0.049ns (DCD - SCD + CPR)
    Destination Clock Delay (DCD):    0.924ns = ( 10.924 - 10.000 ) 
    Source Clock Delay      (SCD):    0.973ns
    Clock Pessimism Removal (CPR):    0.000ns
  Clock Uncertainty:      0.035ns  ((TSJ^2 + TIJ^2)^1/2 + DJ) / 2 + PE
    Total System Jitter     (TSJ):    0.071ns
    Total Input Jitter      (TIJ):    0.000ns
    Discrete Jitter          (DJ):    0.000ns
    Phase Error              (PE):    0.000ns

    Location             Delay type                Incr(ns)  Path(ns)    Netlist Resource(s)
  -------------------------------------------------------------------    -------------------
                         (clock clk rise edge)        0.000     0.000 r  <hidden>
                                                      0.000     0.000 r  clk
                         net (fo=43025, unset)        0.973     0.973    clk
                         FDRE                                         r  kv_reg[23][31][15]/C
  -------------------------------------------------------------------    -------------------
                         FDRE (Prop_fdre_C_Q)         0.478     1.451 r  kv_reg[23][31][15]/Q
                         net (fo=1, unplaced)         0.965     2.416    kv_reg_n_0_[23][31][15]
                         LUT6 (Prop_lut6_I0_O)        0.295     2.711 r  p_0_out_i_66/O
                         net (fo=1, unplaced)         0.000     2.711    p_0_out_i_66_n_0
                         MUXF7 (Prop_muxf7_I1_O)      0.247     2.958 r  p_0_out_i_17/O
                         net (fo=1, unplaced)         0.735     3.693    p_0_out_i_17_n_0
                         LUT5 (Prop_lut5_I0_O)        0.298     3.991 r  p_0_out_i_1/O
                         net (fo=16, unplaced)        0.803     4.794    kv[15]
                         DSP48E1 (Prop_dsp48e1_A[29]_P[1])
                                                      3.841     8.635 r  p_0_out/P[1]
                         net (fo=1, unplaced)         0.803     9.438    p_0_out_n_104
                         LUT2 (Prop_lut2_I1_O)        0.124     9.562 r  p_1_out__3_i_19/O
                         net (fo=1, unplaced)         0.000     9.562    p_1_out__3_i_19_n_0
                         CARRY4 (Prop_carry4_S[1]_CO[3])
                                                      0.533    10.095 r  p_1_out__3_i_4/CO[3]
                         net (fo=1, unplaced)         0.000    10.095    p_1_out__3_i_4_n_0
                         CARRY4 (Prop_carry4_CI_CO[3])
                                                      0.117    10.212 r  p_1_out__3_i_3/CO[3]
                         net (fo=1, unplaced)         0.000    10.212    p_1_out__3_i_3_n_0
                         CARRY4 (Prop_carry4_CI_CO[3])
                                                      0.117    10.329 r  p_1_out__3_i_2/CO[3]
                         net (fo=1, unplaced)         0.000    10.329    p_1_out__3_i_2_n_0
                         CARRY4 (Prop_carry4_CI_CO[3])
                                                      0.117    10.446 r  p_1_out__3_i_1/CO[3]
                         net (fo=1, unplaced)         0.000    10.446    p_1_out__3_i_1_n_0
                         CARRY4 (Prop_carry4_CI_CO[3])
                                                      0.117    10.563 r  p_1_out__0_i_5/CO[3]
                         net (fo=1, unplaced)         0.000    10.563    p_1_out__0_i_5_n_0
                         CARRY4 (Prop_carry4_CI_CO[3])
                                                      0.117    10.680 r  p_1_out__0_i_4/CO[3]
                         net (fo=1, unplaced)         0.000    10.680    p_1_out__0_i_4_n_0
                         CARRY4 (Prop_carry4_CI_CO[3])
                                                      0.117    10.797 r  p_1_out__0_i_3/CO[3]
                         net (fo=1, unplaced)         0.000    10.797    p_1_out__0_i_3_n_0
                         CARRY4 (Prop_carry4_CI_CO[3])
                                                      0.117    10.914 r  p_1_out__0_i_2/CO[3]
                         net (fo=1, unplaced)         0.000    10.914    p_1_out__0_i_2_n_0
                         CARRY4 (Prop_carry4_CI_O[1])
                                                      0.337    11.251 r  p_1_out__0_i_1/O[1]
                         net (fo=2, unplaced)         0.803    12.054    p_1_out__0_i_1_n_6
                         DSP48E1 (Prop_dsp48e1_A[16]_PCOUT[47])
                                                      4.215    16.269 r  p_1_out__0/PCOUT[47]
                         net (fo=1, unplaced)         0.000    16.269    p_1_out__0_n_106
                         DSP48E1 (Prop_dsp48e1_PCIN[47]_PCOUT[47])
                                                      1.713    17.982 r  p_1_out__1/PCOUT[47]
                         net (fo=1, unplaced)         0.000    17.982    p_1_out__1_n_106
                         DSP48E1 (Prop_dsp48e1_PCIN[47]_P[1])
                                                      1.518    19.500 r  p_1_out__2/P[1]
                         net (fo=3, unplaced)         0.803    20.302    p_1_out__2_n_104
                         LUT3 (Prop_lut3_I1_O)        0.149    20.451 r  dots[0][31]_i_28/O
                         net (fo=2, unplaced)         0.459    20.910    dots[0][31]_i_28_n_0
                         LUT4 (Prop_lut4_I3_O)        0.355    21.265 r  dots[0][31]_i_32/O
                         net (fo=1, unplaced)         0.000    21.265    dots[0][31]_i_32_n_0
                         CARRY4 (Prop_carry4_S[0]_CO[3])
                                                      0.513    21.778 r  dots_reg[0][31]_i_16/CO[3]
                         net (fo=1, unplaced)         0.000    21.778    dots_reg[0][31]_i_16_n_0
                         CARRY4 (Prop_carry4_CI_CO[3])
                                                      0.117    21.895 r  dots_reg[0][31]_i_7/CO[3]
                         net (fo=1, unplaced)         0.000    21.895    dots_reg[0][31]_i_7_n_0
                         CARRY4 (Prop_carry4_CI_O[2])
                                                      0.256    22.151 r  dots_reg[0][31]_i_4/O[2]
                         net (fo=93, unplaced)        0.550    22.701    p_3_out[63]
                         LUT4 (Prop_lut4_I2_O)        0.293    22.994 r  dots[0][0]_i_79/O
                         net (fo=1, unplaced)         0.000    22.994    dots[0][0]_i_79_n_0
                         CARRY4 (Prop_carry4_DI[0]_CO[3])
                                                      0.576    23.570 r  dots_reg[0][0]_i_57/CO[3]
                         net (fo=1, unplaced)         0.000    23.570    dots_reg[0][0]_i_57_n_0
                         CARRY4 (Prop_carry4_CI_CO[3])
                                                      0.117    23.687 r  dots_reg[0][0]_i_35/CO[3]
                         net (fo=1, unplaced)         0.000    23.687    dots_reg[0][0]_i_35_n_0
                         CARRY4 (Prop_carry4_CI_CO[3])
                                                      0.117    23.804 r  dots_reg[0][0]_i_15/CO[3]
                         net (fo=1, unplaced)         0.000    23.804    dots_reg[0][0]_i_15_n_0
                         CARRY4 (Prop_carry4_CI_CO[3])
                                                      0.117    23.921 r  dots_reg[0][0]_i_7/CO[3]
                         net (fo=1, unplaced)         0.000    23.921    dots_reg[0][0]_i_7_n_0
                         CARRY4 (Prop_carry4_CI_CO[2])
                                                      0.252    24.173 r  dots_reg[0][0]_i_2/CO[2]
                         net (fo=2, unplaced)         0.463    24.636    dots_reg[0][0]_i_2_n_1
                         LUT4 (Prop_lut4_I3_O)        0.310    24.946 r  dots[0][0]_i_6/O
                         net (fo=1, unplaced)         0.000    24.946    dots[0][0]_i_6_n_0
                         CARRY4 (Prop_carry4_S[0]_CO[3])
                                                      0.513    25.459 r  dots_reg[0][0]_i_1/CO[3]
                         net (fo=1, unplaced)         0.000    25.459    dots_reg[0][0]_i_1_n_0
                         CARRY4 (Prop_carry4_CI_CO[3])
                                                      0.117    25.576 r  dots_reg[0][7]_i_2/CO[3]
                         net (fo=1, unplaced)         0.000    25.576    dots_reg[0][7]_i_2_n_0
                         CARRY4 (Prop_carry4_CI_CO[3])
                                                      0.117    25.693 r  dots_reg[0][11]_i_2/CO[3]
                         net (fo=1, unplaced)         0.000    25.693    dots_reg[0][11]_i_2_n_0
                         CARRY4 (Prop_carry4_CI_CO[3])
                                                      0.117    25.810 r  dots_reg[0][15]_i_2/CO[3]
                         net (fo=1, unplaced)         0.000    25.810    dots_reg[0][15]_i_2_n_0
                         CARRY4 (Prop_carry4_CI_CO[3])
                                                      0.117    25.927 r  dots_reg[0][19]_i_2/CO[3]
                         net (fo=1, unplaced)         0.000    25.927    dots_reg[0][19]_i_2_n_0
                         CARRY4 (Prop_carry4_CI_O[2])
                                                      0.256    26.183 f  dots_reg[0][23]_i_2/O[2]
                         net (fo=2, unplaced)         0.463    26.646    dots_reg[0][23]_i_2_n_5
                         LUT1 (Prop_lut1_I0_O)        0.301    26.947 r  dots[0][24]_i_5/O
                         net (fo=1, unplaced)         0.000    26.947    dots[0][24]_i_5_n_0
                         CARRY4 (Prop_carry4_S[1]_CO[3])
                                                      0.533    27.480 r  dots_reg[0][24]_i_2/CO[3]
                         net (fo=1, unplaced)         0.000    27.480    dots_reg[0][24]_i_2_n_0
                         CARRY4 (Prop_carry4_CI_O[2])
                                                      0.256    27.736 r  dots_reg[0][31]_i_5/O[2]
                         net (fo=1, unplaced)         0.452    28.188    dots_reg[0][31]_i_5_n_5
                         LUT3 (Prop_lut3_I0_O)        0.301    28.489 r  dots[0][27]_i_1/O
                         net (fo=24, unplaced)        0.000    28.489    c4_rq1_return[27]
                         FDRE                                         r  dots_reg[10][27]/D
  -------------------------------------------------------------------    -------------------

                         (clock clk rise edge)       10.000    10.000 r  <hidden>
                                                      0.000    10.000 r  clk
                         net (fo=43025, unset)        0.924    10.924    clk
                         FDRE                                         r  dots_reg[10][27]/C
                         clock pessimism              0.000    10.924    <hidden>
                         clock uncertainty           -0.035    10.889    <hidden>
                         FDRE (Setup_fdre_C_D)        0.044    10.933    dots_reg[10][27]
  -------------------------------------------------------------------
                         required time                         10.933    <hidden>
                         arrival time                         -28.489    <hidden>
  -------------------------------------------------------------------
                         slack                                -17.556    <hidden>

Slack (VIOLATED) :        -17.556ns  (required time - arrival time)
  Source:                 kv_reg[23][31][15]/C
                            (rising edge-triggered cell FDRE clocked by clk  {rise@0.000ns fall@5.000ns period=10.000ns})
  Destination:            dots_reg[11][27]/D
                            (rising edge-triggered cell FDRE clocked by clk  {rise@0.000ns fall@5.000ns period=10.000ns})
  Path Group:             clk
  Path Type:              Setup (Max at Slow Process Corner)
  Requirement:            10.000ns  (clk rise@10.000ns - clk rise@0.000ns)
  Data Path Delay:        27.516ns  (logic 20.218ns (73.476%)  route 7.298ns (26.524%))
  Logic Levels:           39  (CARRY4=25 DSP48E1=4 LUT1=1 LUT2=1 LUT3=2 LUT4=3 LUT5=1 LUT6=1 MUXF7=1)
  Clock Path Skew:        -0.049ns (DCD - SCD + CPR)
    Destination Clock Delay (DCD):    0.924ns = ( 10.924 - 10.000 ) 
    Source Clock Delay      (SCD):    0.973ns
    Clock Pessimism Removal (CPR):    0.000ns
  Clock Uncertainty:      0.035ns  ((TSJ^2 + TIJ^2)^1/2 + DJ) / 2 + PE
    Total System Jitter     (TSJ):    0.071ns
    Total Input Jitter      (TIJ):    0.000ns
    Discrete Jitter          (DJ):    0.000ns
    Phase Error              (PE):    0.000ns

    Location             Delay type                Incr(ns)  Path(ns)    Netlist Resource(s)
  -------------------------------------------------------------------    -------------------
                         (clock clk rise edge)        0.000     0.000 r  <hidden>
                                                      0.000     0.000 r  clk
                         net (fo=43025, unset)        0.973     0.973    clk
                         FDRE                                         r  kv_reg[23][31][15]/C
  -------------------------------------------------------------------    -------------------
                         FDRE (Prop_fdre_C_Q)         0.478     1.451 r  kv_reg[23][31][15]/Q
                         net (fo=1, unplaced)         0.965     2.416    kv_reg_n_0_[23][31][15]
                         LUT6 (Prop_lut6_I0_O)        0.295     2.711 r  p_0_out_i_66/O
                         net (fo=1, unplaced)         0.000     2.711    p_0_out_i_66_n_0
                         MUXF7 (Prop_muxf7_I1_O)      0.247     2.958 r  p_0_out_i_17/O
                         net (fo=1, unplaced)         0.735     3.693    p_0_out_i_17_n_0
                         LUT5 (Prop_lut5_I0_O)        0.298     3.991 r  p_0_out_i_1/O
                         net (fo=16, unplaced)        0.803     4.794    kv[15]
                         DSP48E1 (Prop_dsp48e1_A[29]_P[1])
                                                      3.841     8.635 r  p_0_out/P[1]
                         net (fo=1, unplaced)         0.803     9.438    p_0_out_n_104
                         LUT2 (Prop_lut2_I1_O)        0.124     9.562 r  p_1_out__3_i_19/O
                         net (fo=1, unplaced)         0.000     9.562    p_1_out__3_i_19_n_0
                         CARRY4 (Prop_carry4_S[1]_CO[3])
                                                      0.533    10.095 r  p_1_out__3_i_4/CO[3]
                         net (fo=1, unplaced)         0.000    10.095    p_1_out__3_i_4_n_0
                         CARRY4 (Prop_carry4_CI_CO[3])
                                                      0.117    10.212 r  p_1_out__3_i_3/CO[3]
                         net (fo=1, unplaced)         0.000    10.212    p_1_out__3_i_3_n_0
                         CARRY4 (Prop_carry4_CI_CO[3])
                                                      0.117    10.329 r  p_1_out__3_i_2/CO[3]
                         net (fo=1, unplaced)         0.000    10.329    p_1_out__3_i_2_n_0
                         CARRY4 (Prop_carry4_CI_CO[3])
                                                      0.117    10.446 r  p_1_out__3_i_1/CO[3]
                         net (fo=1, unplaced)         0.000    10.446    p_1_out__3_i_1_n_0
                         CARRY4 (Prop_carry4_CI_CO[3])
                                                      0.117    10.563 r  p_1_out__0_i_5/CO[3]
                         net (fo=1, unplaced)         0.000    10.563    p_1_out__0_i_5_n_0
                         CARRY4 (Prop_carry4_CI_CO[3])
                                                      0.117    10.680 r  p_1_out__0_i_4/CO[3]
                         net (fo=1, unplaced)         0.000    10.680    p_1_out__0_i_4_n_0
                         CARRY4 (Prop_carry4_CI_CO[3])
                                                      0.117    10.797 r  p_1_out__0_i_3/CO[3]
                         net (fo=1, unplaced)         0.000    10.797    p_1_out__0_i_3_n_0
                         CARRY4 (Prop_carry4_CI_CO[3])
                                                      0.117    10.914 r  p_1_out__0_i_2/CO[3]
                         net (fo=1, unplaced)         0.000    10.914    p_1_out__0_i_2_n_0
                         CARRY4 (Prop_carry4_CI_O[1])
                                                      0.337    11.251 r  p_1_out__0_i_1/O[1]
                         net (fo=2, unplaced)         0.803    12.054    p_1_out__0_i_1_n_6
                         DSP48E1 (Prop_dsp48e1_A[16]_PCOUT[47])
                                                      4.215    16.269 r  p_1_out__0/PCOUT[47]
                         net (fo=1, unplaced)         0.000    16.269    p_1_out__0_n_106
                         DSP48E1 (Prop_dsp48e1_PCIN[47]_PCOUT[47])
                                                      1.713    17.982 r  p_1_out__1/PCOUT[47]
                         net (fo=1, unplaced)         0.000    17.982    p_1_out__1_n_106
                         DSP48E1 (Prop_dsp48e1_PCIN[47]_P[1])
                                                      1.518    19.500 r  p_1_out__2/P[1]
                         net (fo=3, unplaced)         0.803    20.302    p_1_out__2_n_104
                         LUT3 (Prop_lut3_I1_O)        0.149    20.451 r  dots[0][31]_i_28/O
                         net (fo=2, unplaced)         0.459    20.910    dots[0][31]_i_28_n_0
                         LUT4 (Prop_lut4_I3_O)        0.355    21.265 r  dots[0][31]_i_32/O
                         net (fo=1, unplaced)         0.000    21.265    dots[0][31]_i_32_n_0
                         CARRY4 (Prop_carry4_S[0]_CO[3])
                                                      0.513    21.778 r  dots_reg[0][31]_i_16/CO[3]
                         net (fo=1, unplaced)         0.000    21.778    dots_reg[0][31]_i_16_n_0
                         CARRY4 (Prop_carry4_CI_CO[3])
                                                      0.117    21.895 r  dots_reg[0][31]_i_7/CO[3]
                         net (fo=1, unplaced)         0.000    21.895    dots_reg[0][31]_i_7_n_0
                         CARRY4 (Prop_carry4_CI_O[2])
                                                      0.256    22.151 r  dots_reg[0][31]_i_4/O[2]
                         net (fo=93, unplaced)        0.550    22.701    p_3_out[63]
                         LUT4 (Prop_lut4_I2_O)        0.293    22.994 r  dots[0][0]_i_79/O
                         net (fo=1, unplaced)         0.000    22.994    dots[0][0]_i_79_n_0
                         CARRY4 (Prop_carry4_DI[0]_CO[3])
                                                      0.576    23.570 r  dots_reg[0][0]_i_57/CO[3]
                         net (fo=1, unplaced)         0.000    23.570    dots_reg[0][0]_i_57_n_0
                         CARRY4 (Prop_carry4_CI_CO[3])
                                                      0.117    23.687 r  dots_reg[0][0]_i_35/CO[3]
                         net (fo=1, unplaced)         0.000    23.687    dots_reg[0][0]_i_35_n_0
                         CARRY4 (Prop_carry4_CI_CO[3])
                                                      0.117    23.804 r  dots_reg[0][0]_i_15/CO[3]
                         net (fo=1, unplaced)         0.000    23.804    dots_reg[0][0]_i_15_n_0
                         CARRY4 (Prop_carry4_CI_CO[3])
                                                      0.117    23.921 r  dots_reg[0][0]_i_7/CO[3]
                         net (fo=1, unplaced)         0.000    23.921    dots_reg[0][0]_i_7_n_0
                         CARRY4 (Prop_carry4_CI_CO[2])
                                                      0.252    24.173 r  dots_reg[0][0]_i_2/CO[2]
                         net (fo=2, unplaced)         0.463    24.636    dots_reg[0][0]_i_2_n_1
                         LUT4 (Prop_lut4_I3_O)        0.310    24.946 r  dots[0][0]_i_6/O
                         net (fo=1, unplaced)         0.000    24.946    dots[0][0]_i_6_n_0
                         CARRY4 (Prop_carry4_S[0]_CO[3])
                                                      0.513    25.459 r  dots_reg[0][0]_i_1/CO[3]
                         net (fo=1, unplaced)         0.000    25.459    dots_reg[0][0]_i_1_n_0
                         CARRY4 (Prop_carry4_CI_CO[3])
                                                      0.117    25.576 r  dots_reg[0][7]_i_2/CO[3]
                         net (fo=1, unplaced)         0.000    25.576    dots_reg[0][7]_i_2_n_0
                         CARRY4 (Prop_carry4_CI_CO[3])
                                                      0.117    25.693 r  dots_reg[0][11]_i_2/CO[3]
                         net (fo=1, unplaced)         0.000    25.693    dots_reg[0][11]_i_2_n_0
                         CARRY4 (Prop_carry4_CI_CO[3])
                                                      0.117    25.810 r  dots_reg[0][15]_i_2/CO[3]
                         net (fo=1, unplaced)         0.000    25.810    dots_reg[0][15]_i_2_n_0
                         CARRY4 (Prop_carry4_CI_CO[3])
                                                      0.117    25.927 r  dots_reg[0][19]_i_2/CO[3]
                         net (fo=1, unplaced)         0.000    25.927    dots_reg[0][19]_i_2_n_0
                         CARRY4 (Prop_carry4_CI_O[2])
                                                      0.256    26.183 f  dots_reg[0][23]_i_2/O[2]
                         net (fo=2, unplaced)         0.463    26.646    dots_reg[0][23]_i_2_n_5
                         LUT1 (Prop_lut1_I0_O)        0.301    26.947 r  dots[0][24]_i_5/O
                         net (fo=1, unplaced)         0.000    26.947    dots[0][24]_i_5_n_0
                         CARRY4 (Prop_carry4_S[1]_CO[3])
                                                      0.533    27.480 r  dots_reg[0][24]_i_2/CO[3]
                         net (fo=1, unplaced)         0.000    27.480    dots_reg[0][24]_i_2_n_0
                         CARRY4 (Prop_carry4_CI_O[2])
                                                      0.256    27.736 r  dots_reg[0][31]_i_5/O[2]
                         net (fo=1, unplaced)         0.452    28.188    dots_reg[0][31]_i_5_n_5
                         LUT3 (Prop_lut3_I0_O)        0.301    28.489 r  dots[0][27]_i_1/O
                         net (fo=24, unplaced)        0.000    28.489    c4_rq1_return[27]
                         FDRE                                         r  dots_reg[11][27]/D
  -------------------------------------------------------------------    -------------------

                         (clock clk rise edge)       10.000    10.000 r  <hidden>
                                                      0.000    10.000 r  clk
                         net (fo=43025, unset)        0.924    10.924    clk
                         FDRE                                         r  dots_reg[11][27]/C
                         clock pessimism              0.000    10.924    <hidden>
                         clock uncertainty           -0.035    10.889    <hidden>
                         FDRE (Setup_fdre_C_D)        0.044    10.933    dots_reg[11][27]
  -------------------------------------------------------------------
                         required time                         10.933    <hidden>
                         arrival time                         -28.489    <hidden>
  -------------------------------------------------------------------
                         slack                                -17.556    <hidden>

Slack (VIOLATED) :        -17.556ns  (required time - arrival time)
  Source:                 kv_reg[23][31][15]/C
                            (rising edge-triggered cell FDRE clocked by clk  {rise@0.000ns fall@5.000ns period=10.000ns})
  Destination:            dots_reg[12][27]/D
                            (rising edge-triggered cell FDRE clocked by clk  {rise@0.000ns fall@5.000ns period=10.000ns})
  Path Group:             clk
  Path Type:              Setup (Max at Slow Process Corner)
  Requirement:            10.000ns  (clk rise@10.000ns - clk rise@0.000ns)
  Data Path Delay:        27.516ns  (logic 20.218ns (73.476%)  route 7.298ns (26.524%))
  Logic Levels:           39  (CARRY4=25 DSP48E1=4 LUT1=1 LUT2=1 LUT3=2 LUT4=3 LUT5=1 LUT6=1 MUXF7=1)
  Clock Path Skew:        -0.049ns (DCD - SCD + CPR)
    Destination Clock Delay (DCD):    0.924ns = ( 10.924 - 10.000 ) 
    Source Clock Delay      (SCD):    0.973ns
    Clock Pessimism Removal (CPR):    0.000ns
  Clock Uncertainty:      0.035ns  ((TSJ^2 + TIJ^2)^1/2 + DJ) / 2 + PE
    Total System Jitter     (TSJ):    0.071ns
    Total Input Jitter      (TIJ):    0.000ns
    Discrete Jitter          (DJ):    0.000ns
    Phase Error              (PE):    0.000ns

    Location             Delay type                Incr(ns)  Path(ns)    Netlist Resource(s)
  -------------------------------------------------------------------    -------------------
                         (clock clk rise edge)        0.000     0.000 r  <hidden>
                                                      0.000     0.000 r  clk
                         net (fo=43025, unset)        0.973     0.973    clk
                         FDRE                                         r  kv_reg[23][31][15]/C
  -------------------------------------------------------------------    -------------------
                         FDRE (Prop_fdre_C_Q)         0.478     1.451 r  kv_reg[23][31][15]/Q
                         net (fo=1, unplaced)         0.965     2.416    kv_reg_n_0_[23][31][15]
                         LUT6 (Prop_lut6_I0_O)        0.295     2.711 r  p_0_out_i_66/O
                         net (fo=1, unplaced)         0.000     2.711    p_0_out_i_66_n_0
                         MUXF7 (Prop_muxf7_I1_O)      0.247     2.958 r  p_0_out_i_17/O
                         net (fo=1, unplaced)         0.735     3.693    p_0_out_i_17_n_0
                         LUT5 (Prop_lut5_I0_O)        0.298     3.991 r  p_0_out_i_1/O
                         net (fo=16, unplaced)        0.803     4.794    kv[15]
                         DSP48E1 (Prop_dsp48e1_A[29]_P[1])
                                                      3.841     8.635 r  p_0_out/P[1]
                         net (fo=1, unplaced)         0.803     9.438    p_0_out_n_104
                         LUT2 (Prop_lut2_I1_O)        0.124     9.562 r  p_1_out__3_i_19/O
                         net (fo=1, unplaced)         0.000     9.562    p_1_out__3_i_19_n_0
                         CARRY4 (Prop_carry4_S[1]_CO[3])
                                                      0.533    10.095 r  p_1_out__3_i_4/CO[3]
                         net (fo=1, unplaced)         0.000    10.095    p_1_out__3_i_4_n_0
                         CARRY4 (Prop_carry4_CI_CO[3])
                                                      0.117    10.212 r  p_1_out__3_i_3/CO[3]
                         net (fo=1, unplaced)         0.000    10.212    p_1_out__3_i_3_n_0
                         CARRY4 (Prop_carry4_CI_CO[3])
                                                      0.117    10.329 r  p_1_out__3_i_2/CO[3]
                         net (fo=1, unplaced)         0.000    10.329    p_1_out__3_i_2_n_0
                         CARRY4 (Prop_carry4_CI_CO[3])
                                                      0.117    10.446 r  p_1_out__3_i_1/CO[3]
                         net (fo=1, unplaced)         0.000    10.446    p_1_out__3_i_1_n_0
                         CARRY4 (Prop_carry4_CI_CO[3])
                                                      0.117    10.563 r  p_1_out__0_i_5/CO[3]
                         net (fo=1, unplaced)         0.000    10.563    p_1_out__0_i_5_n_0
                         CARRY4 (Prop_carry4_CI_CO[3])
                                                      0.117    10.680 r  p_1_out__0_i_4/CO[3]
                         net (fo=1, unplaced)         0.000    10.680    p_1_out__0_i_4_n_0
                         CARRY4 (Prop_carry4_CI_CO[3])
                                                      0.117    10.797 r  p_1_out__0_i_3/CO[3]
                         net (fo=1, unplaced)         0.000    10.797    p_1_out__0_i_3_n_0
                         CARRY4 (Prop_carry4_CI_CO[3])
                                                      0.117    10.914 r  p_1_out__0_i_2/CO[3]
                         net (fo=1, unplaced)         0.000    10.914    p_1_out__0_i_2_n_0
                         CARRY4 (Prop_carry4_CI_O[1])
                                                      0.337    11.251 r  p_1_out__0_i_1/O[1]
                         net (fo=2, unplaced)         0.803    12.054    p_1_out__0_i_1_n_6
                         DSP48E1 (Prop_dsp48e1_A[16]_PCOUT[47])
                                                      4.215    16.269 r  p_1_out__0/PCOUT[47]
                         net (fo=1, unplaced)         0.000    16.269    p_1_out__0_n_106
                         DSP48E1 (Prop_dsp48e1_PCIN[47]_PCOUT[47])
                                                      1.713    17.982 r  p_1_out__1/PCOUT[47]
                         net (fo=1, unplaced)         0.000    17.982    p_1_out__1_n_106
                         DSP48E1 (Prop_dsp48e1_PCIN[47]_P[1])
                                                      1.518    19.500 r  p_1_out__2/P[1]
                         net (fo=3, unplaced)         0.803    20.302    p_1_out__2_n_104
                         LUT3 (Prop_lut3_I1_O)        0.149    20.451 r  dots[0][31]_i_28/O
                         net (fo=2, unplaced)         0.459    20.910    dots[0][31]_i_28_n_0
                         LUT4 (Prop_lut4_I3_O)        0.355    21.265 r  dots[0][31]_i_32/O
                         net (fo=1, unplaced)         0.000    21.265    dots[0][31]_i_32_n_0
                         CARRY4 (Prop_carry4_S[0]_CO[3])
                                                      0.513    21.778 r  dots_reg[0][31]_i_16/CO[3]
                         net (fo=1, unplaced)         0.000    21.778    dots_reg[0][31]_i_16_n_0
                         CARRY4 (Prop_carry4_CI_CO[3])
                                                      0.117    21.895 r  dots_reg[0][31]_i_7/CO[3]
                         net (fo=1, unplaced)         0.000    21.895    dots_reg[0][31]_i_7_n_0
                         CARRY4 (Prop_carry4_CI_O[2])
                                                      0.256    22.151 r  dots_reg[0][31]_i_4/O[2]
                         net (fo=93, unplaced)        0.550    22.701    p_3_out[63]
                         LUT4 (Prop_lut4_I2_O)        0.293    22.994 r  dots[0][0]_i_79/O
                         net (fo=1, unplaced)         0.000    22.994    dots[0][0]_i_79_n_0
                         CARRY4 (Prop_carry4_DI[0]_CO[3])
                                                      0.576    23.570 r  dots_reg[0][0]_i_57/CO[3]
                         net (fo=1, unplaced)         0.000    23.570    dots_reg[0][0]_i_57_n_0
                         CARRY4 (Prop_carry4_CI_CO[3])
                                                      0.117    23.687 r  dots_reg[0][0]_i_35/CO[3]
                         net (fo=1, unplaced)         0.000    23.687    dots_reg[0][0]_i_35_n_0
                         CARRY4 (Prop_carry4_CI_CO[3])
                                                      0.117    23.804 r  dots_reg[0][0]_i_15/CO[3]
                         net (fo=1, unplaced)         0.000    23.804    dots_reg[0][0]_i_15_n_0
                         CARRY4 (Prop_carry4_CI_CO[3])
                                                      0.117    23.921 r  dots_reg[0][0]_i_7/CO[3]
                         net (fo=1, unplaced)         0.000    23.921    dots_reg[0][0]_i_7_n_0
                         CARRY4 (Prop_carry4_CI_CO[2])
                                                      0.252    24.173 r  dots_reg[0][0]_i_2/CO[2]
                         net (fo=2, unplaced)         0.463    24.636    dots_reg[0][0]_i_2_n_1
                         LUT4 (Prop_lut4_I3_O)        0.310    24.946 r  dots[0][0]_i_6/O
                         net (fo=1, unplaced)         0.000    24.946    dots[0][0]_i_6_n_0
                         CARRY4 (Prop_carry4_S[0]_CO[3])
                                                      0.513    25.459 r  dots_reg[0][0]_i_1/CO[3]
                         net (fo=1, unplaced)         0.000    25.459    dots_reg[0][0]_i_1_n_0
                         CARRY4 (Prop_carry4_CI_CO[3])
                                                      0.117    25.576 r  dots_reg[0][7]_i_2/CO[3]
                         net (fo=1, unplaced)         0.000    25.576    dots_reg[0][7]_i_2_n_0
                         CARRY4 (Prop_carry4_CI_CO[3])
                                                      0.117    25.693 r  dots_reg[0][11]_i_2/CO[3]
                         net (fo=1, unplaced)         0.000    25.693    dots_reg[0][11]_i_2_n_0
                         CARRY4 (Prop_carry4_CI_CO[3])
                                                      0.117    25.810 r  dots_reg[0][15]_i_2/CO[3]
                         net (fo=1, unplaced)         0.000    25.810    dots_reg[0][15]_i_2_n_0
                         CARRY4 (Prop_carry4_CI_CO[3])
                                                      0.117    25.927 r  dots_reg[0][19]_i_2/CO[3]
                         net (fo=1, unplaced)         0.000    25.927    dots_reg[0][19]_i_2_n_0
                         CARRY4 (Prop_carry4_CI_O[2])
                                                      0.256    26.183 f  dots_reg[0][23]_i_2/O[2]
                         net (fo=2, unplaced)         0.463    26.646    dots_reg[0][23]_i_2_n_5
                         LUT1 (Prop_lut1_I0_O)        0.301    26.947 r  dots[0][24]_i_5/O
                         net (fo=1, unplaced)         0.000    26.947    dots[0][24]_i_5_n_0
                         CARRY4 (Prop_carry4_S[1]_CO[3])
                                                      0.533    27.480 r  dots_reg[0][24]_i_2/CO[3]
                         net (fo=1, unplaced)         0.000    27.480    dots_reg[0][24]_i_2_n_0
                         CARRY4 (Prop_carry4_CI_O[2])
                                                      0.256    27.736 r  dots_reg[0][31]_i_5/O[2]
                         net (fo=1, unplaced)         0.452    28.188    dots_reg[0][31]_i_5_n_5
                         LUT3 (Prop_lut3_I0_O)        0.301    28.489 r  dots[0][27]_i_1/O
                         net (fo=24, unplaced)        0.000    28.489    c4_rq1_return[27]
                         FDRE                                         r  dots_reg[12][27]/D
  -------------------------------------------------------------------    -------------------

                         (clock clk rise edge)       10.000    10.000 r  <hidden>
                                                      0.000    10.000 r  clk
                         net (fo=43025, unset)        0.924    10.924    clk
                         FDRE                                         r  dots_reg[12][27]/C
                         clock pessimism              0.000    10.924    <hidden>
                         clock uncertainty           -0.035    10.889    <hidden>
                         FDRE (Setup_fdre_C_D)        0.044    10.933    dots_reg[12][27]
  -------------------------------------------------------------------
                         required time                         10.933    <hidden>
                         arrival time                         -28.489    <hidden>
  -------------------------------------------------------------------
                         slack                                -17.556    <hidden>

Slack (VIOLATED) :        -17.556ns  (required time - arrival time)
  Source:                 kv_reg[23][31][15]/C
                            (rising edge-triggered cell FDRE clocked by clk  {rise@0.000ns fall@5.000ns period=10.000ns})
  Destination:            dots_reg[13][27]/D
                            (rising edge-triggered cell FDRE clocked by clk  {rise@0.000ns fall@5.000ns period=10.000ns})
  Path Group:             clk
  Path Type:              Setup (Max at Slow Process Corner)
  Requirement:            10.000ns  (clk rise@10.000ns - clk rise@0.000ns)
  Data Path Delay:        27.516ns  (logic 20.218ns (73.476%)  route 7.298ns (26.524%))
  Logic Levels:           39  (CARRY4=25 DSP48E1=4 LUT1=1 LUT2=1 LUT3=2 LUT4=3 LUT5=1 LUT6=1 MUXF7=1)
  Clock Path Skew:        -0.049ns (DCD - SCD + CPR)
    Destination Clock Delay (DCD):    0.924ns = ( 10.924 - 10.000 ) 
    Source Clock Delay      (SCD):    0.973ns
    Clock Pessimism Removal (CPR):    0.000ns
  Clock Uncertainty:      0.035ns  ((TSJ^2 + TIJ^2)^1/2 + DJ) / 2 + PE
    Total System Jitter     (TSJ):    0.071ns
    Total Input Jitter      (TIJ):    0.000ns
    Discrete Jitter          (DJ):    0.000ns
    Phase Error              (PE):    0.000ns

    Location             Delay type                Incr(ns)  Path(ns)    Netlist Resource(s)
  -------------------------------------------------------------------    -------------------
                         (clock clk rise edge)        0.000     0.000 r  <hidden>
                                                      0.000     0.000 r  clk
                         net (fo=43025, unset)        0.973     0.973    clk
                         FDRE                                         r  kv_reg[23][31][15]/C
  -------------------------------------------------------------------    -------------------
                         FDRE (Prop_fdre_C_Q)         0.478     1.451 r  kv_reg[23][31][15]/Q
                         net (fo=1, unplaced)         0.965     2.416    kv_reg_n_0_[23][31][15]
                         LUT6 (Prop_lut6_I0_O)        0.295     2.711 r  p_0_out_i_66/O
                         net (fo=1, unplaced)         0.000     2.711    p_0_out_i_66_n_0
                         MUXF7 (Prop_muxf7_I1_O)      0.247     2.958 r  p_0_out_i_17/O
                         net (fo=1, unplaced)         0.735     3.693    p_0_out_i_17_n_0
                         LUT5 (Prop_lut5_I0_O)        0.298     3.991 r  p_0_out_i_1/O
                         net (fo=16, unplaced)        0.803     4.794    kv[15]
                         DSP48E1 (Prop_dsp48e1_A[29]_P[1])
                                                      3.841     8.635 r  p_0_out/P[1]
                         net (fo=1, unplaced)         0.803     9.438    p_0_out_n_104
                         LUT2 (Prop_lut2_I1_O)        0.124     9.562 r  p_1_out__3_i_19/O
                         net (fo=1, unplaced)         0.000     9.562    p_1_out__3_i_19_n_0
                         CARRY4 (Prop_carry4_S[1]_CO[3])
                                                      0.533    10.095 r  p_1_out__3_i_4/CO[3]
                         net (fo=1, unplaced)         0.000    10.095    p_1_out__3_i_4_n_0
                         CARRY4 (Prop_carry4_CI_CO[3])
                                                      0.117    10.212 r  p_1_out__3_i_3/CO[3]
                         net (fo=1, unplaced)         0.000    10.212    p_1_out__3_i_3_n_0
                         CARRY4 (Prop_carry4_CI_CO[3])
                                                      0.117    10.329 r  p_1_out__3_i_2/CO[3]
                         net (fo=1, unplaced)         0.000    10.329    p_1_out__3_i_2_n_0
                         CARRY4 (Prop_carry4_CI_CO[3])
                                                      0.117    10.446 r  p_1_out__3_i_1/CO[3]
                         net (fo=1, unplaced)         0.000    10.446    p_1_out__3_i_1_n_0
                         CARRY4 (Prop_carry4_CI_CO[3])
                                                      0.117    10.563 r  p_1_out__0_i_5/CO[3]
                         net (fo=1, unplaced)         0.000    10.563    p_1_out__0_i_5_n_0
                         CARRY4 (Prop_carry4_CI_CO[3])
                                                      0.117    10.680 r  p_1_out__0_i_4/CO[3]
                         net (fo=1, unplaced)         0.000    10.680    p_1_out__0_i_4_n_0
                         CARRY4 (Prop_carry4_CI_CO[3])
                                                      0.117    10.797 r  p_1_out__0_i_3/CO[3]
                         net (fo=1, unplaced)         0.000    10.797    p_1_out__0_i_3_n_0
                         CARRY4 (Prop_carry4_CI_CO[3])
                                                      0.117    10.914 r  p_1_out__0_i_2/CO[3]
                         net (fo=1, unplaced)         0.000    10.914    p_1_out__0_i_2_n_0
                         CARRY4 (Prop_carry4_CI_O[1])
                                                      0.337    11.251 r  p_1_out__0_i_1/O[1]
                         net (fo=2, unplaced)         0.803    12.054    p_1_out__0_i_1_n_6
                         DSP48E1 (Prop_dsp48e1_A[16]_PCOUT[47])
                                                      4.215    16.269 r  p_1_out__0/PCOUT[47]
                         net (fo=1, unplaced)         0.000    16.269    p_1_out__0_n_106
                         DSP48E1 (Prop_dsp48e1_PCIN[47]_PCOUT[47])
                                                      1.713    17.982 r  p_1_out__1/PCOUT[47]
                         net (fo=1, unplaced)         0.000    17.982    p_1_out__1_n_106
                         DSP48E1 (Prop_dsp48e1_PCIN[47]_P[1])
                                                      1.518    19.500 r  p_1_out__2/P[1]
                         net (fo=3, unplaced)         0.803    20.302    p_1_out__2_n_104
                         LUT3 (Prop_lut3_I1_O)        0.149    20.451 r  dots[0][31]_i_28/O
                         net (fo=2, unplaced)         0.459    20.910    dots[0][31]_i_28_n_0
                         LUT4 (Prop_lut4_I3_O)        0.355    21.265 r  dots[0][31]_i_32/O
                         net (fo=1, unplaced)         0.000    21.265    dots[0][31]_i_32_n_0
                         CARRY4 (Prop_carry4_S[0]_CO[3])
                                                      0.513    21.778 r  dots_reg[0][31]_i_16/CO[3]
                         net (fo=1, unplaced)         0.000    21.778    dots_reg[0][31]_i_16_n_0
                         CARRY4 (Prop_carry4_CI_CO[3])
                                                      0.117    21.895 r  dots_reg[0][31]_i_7/CO[3]
                         net (fo=1, unplaced)         0.000    21.895    dots_reg[0][31]_i_7_n_0
                         CARRY4 (Prop_carry4_CI_O[2])
                                                      0.256    22.151 r  dots_reg[0][31]_i_4/O[2]
                         net (fo=93, unplaced)        0.550    22.701    p_3_out[63]
                         LUT4 (Prop_lut4_I2_O)        0.293    22.994 r  dots[0][0]_i_79/O
                         net (fo=1, unplaced)         0.000    22.994    dots[0][0]_i_79_n_0
                         CARRY4 (Prop_carry4_DI[0]_CO[3])
                                                      0.576    23.570 r  dots_reg[0][0]_i_57/CO[3]
                         net (fo=1, unplaced)         0.000    23.570    dots_reg[0][0]_i_57_n_0
                         CARRY4 (Prop_carry4_CI_CO[3])
                                                      0.117    23.687 r  dots_reg[0][0]_i_35/CO[3]
                         net (fo=1, unplaced)         0.000    23.687    dots_reg[0][0]_i_35_n_0
                         CARRY4 (Prop_carry4_CI_CO[3])
                                                      0.117    23.804 r  dots_reg[0][0]_i_15/CO[3]
                         net (fo=1, unplaced)         0.000    23.804    dots_reg[0][0]_i_15_n_0
                         CARRY4 (Prop_carry4_CI_CO[3])
                                                      0.117    23.921 r  dots_reg[0][0]_i_7/CO[3]
                         net (fo=1, unplaced)         0.000    23.921    dots_reg[0][0]_i_7_n_0
                         CARRY4 (Prop_carry4_CI_CO[2])
                                                      0.252    24.173 r  dots_reg[0][0]_i_2/CO[2]
                         net (fo=2, unplaced)         0.463    24.636    dots_reg[0][0]_i_2_n_1
                         LUT4 (Prop_lut4_I3_O)        0.310    24.946 r  dots[0][0]_i_6/O
                         net (fo=1, unplaced)         0.000    24.946    dots[0][0]_i_6_n_0
                         CARRY4 (Prop_carry4_S[0]_CO[3])
                                                      0.513    25.459 r  dots_reg[0][0]_i_1/CO[3]
                         net (fo=1, unplaced)         0.000    25.459    dots_reg[0][0]_i_1_n_0
                         CARRY4 (Prop_carry4_CI_CO[3])
                                                      0.117    25.576 r  dots_reg[0][7]_i_2/CO[3]
                         net (fo=1, unplaced)         0.000    25.576    dots_reg[0][7]_i_2_n_0
                         CARRY4 (Prop_carry4_CI_CO[3])
                                                      0.117    25.693 r  dots_reg[0][11]_i_2/CO[3]
                         net (fo=1, unplaced)         0.000    25.693    dots_reg[0][11]_i_2_n_0
                         CARRY4 (Prop_carry4_CI_CO[3])
                                                      0.117    25.810 r  dots_reg[0][15]_i_2/CO[3]
                         net (fo=1, unplaced)         0.000    25.810    dots_reg[0][15]_i_2_n_0
                         CARRY4 (Prop_carry4_CI_CO[3])
                                                      0.117    25.927 r  dots_reg[0][19]_i_2/CO[3]
                         net (fo=1, unplaced)         0.000    25.927    dots_reg[0][19]_i_2_n_0
                         CARRY4 (Prop_carry4_CI_O[2])
                                                      0.256    26.183 f  dots_reg[0][23]_i_2/O[2]
                         net (fo=2, unplaced)         0.463    26.646    dots_reg[0][23]_i_2_n_5
                         LUT1 (Prop_lut1_I0_O)        0.301    26.947 r  dots[0][24]_i_5/O
                         net (fo=1, unplaced)         0.000    26.947    dots[0][24]_i_5_n_0
                         CARRY4 (Prop_carry4_S[1]_CO[3])
                                                      0.533    27.480 r  dots_reg[0][24]_i_2/CO[3]
                         net (fo=1, unplaced)         0.000    27.480    dots_reg[0][24]_i_2_n_0
                         CARRY4 (Prop_carry4_CI_O[2])
                                                      0.256    27.736 r  dots_reg[0][31]_i_5/O[2]
                         net (fo=1, unplaced)         0.452    28.188    dots_reg[0][31]_i_5_n_5
                         LUT3 (Prop_lut3_I0_O)        0.301    28.489 r  dots[0][27]_i_1/O
                         net (fo=24, unplaced)        0.000    28.489    c4_rq1_return[27]
                         FDRE                                         r  dots_reg[13][27]/D
  -------------------------------------------------------------------    -------------------

                         (clock clk rise edge)       10.000    10.000 r  <hidden>
                                                      0.000    10.000 r  clk
                         net (fo=43025, unset)        0.924    10.924    clk
                         FDRE                                         r  dots_reg[13][27]/C
                         clock pessimism              0.000    10.924    <hidden>
                         clock uncertainty           -0.035    10.889    <hidden>
                         FDRE (Setup_fdre_C_D)        0.044    10.933    dots_reg[13][27]
  -------------------------------------------------------------------
                         required time                         10.933    <hidden>
                         arrival time                         -28.489    <hidden>
  -------------------------------------------------------------------
                         slack                                -17.556    <hidden>

Slack (VIOLATED) :        -17.556ns  (required time - arrival time)
  Source:                 kv_reg[23][31][15]/C
                            (rising edge-triggered cell FDRE clocked by clk  {rise@0.000ns fall@5.000ns period=10.000ns})
  Destination:            dots_reg[14][27]/D
                            (rising edge-triggered cell FDRE clocked by clk  {rise@0.000ns fall@5.000ns period=10.000ns})
  Path Group:             clk
  Path Type:              Setup (Max at Slow Process Corner)
  Requirement:            10.000ns  (clk rise@10.000ns - clk rise@0.000ns)
  Data Path Delay:        27.516ns  (logic 20.218ns (73.476%)  route 7.298ns (26.524%))
  Logic Levels:           39  (CARRY4=25 DSP48E1=4 LUT1=1 LUT2=1 LUT3=2 LUT4=3 LUT5=1 LUT6=1 MUXF7=1)
  Clock Path Skew:        -0.049ns (DCD - SCD + CPR)
    Destination Clock Delay (DCD):    0.924ns = ( 10.924 - 10.000 ) 
    Source Clock Delay      (SCD):    0.973ns
    Clock Pessimism Removal (CPR):    0.000ns
  Clock Uncertainty:      0.035ns  ((TSJ^2 + TIJ^2)^1/2 + DJ) / 2 + PE
    Total System Jitter     (TSJ):    0.071ns
    Total Input Jitter      (TIJ):    0.000ns
    Discrete Jitter          (DJ):    0.000ns
    Phase Error              (PE):    0.000ns

    Location             Delay type                Incr(ns)  Path(ns)    Netlist Resource(s)
  -------------------------------------------------------------------    -------------------
                         (clock clk rise edge)        0.000     0.000 r  <hidden>
                                                      0.000     0.000 r  clk
                         net (fo=43025, unset)        0.973     0.973    clk
                         FDRE                                         r  kv_reg[23][31][15]/C
  -------------------------------------------------------------------    -------------------
                         FDRE (Prop_fdre_C_Q)         0.478     1.451 r  kv_reg[23][31][15]/Q
                         net (fo=1, unplaced)         0.965     2.416    kv_reg_n_0_[23][31][15]
                         LUT6 (Prop_lut6_I0_O)        0.295     2.711 r  p_0_out_i_66/O
                         net (fo=1, unplaced)         0.000     2.711    p_0_out_i_66_n_0
                         MUXF7 (Prop_muxf7_I1_O)      0.247     2.958 r  p_0_out_i_17/O
                         net (fo=1, unplaced)         0.735     3.693    p_0_out_i_17_n_0
                         LUT5 (Prop_lut5_I0_O)        0.298     3.991 r  p_0_out_i_1/O
                         net (fo=16, unplaced)        0.803     4.794    kv[15]
                         DSP48E1 (Prop_dsp48e1_A[29]_P[1])
                                                      3.841     8.635 r  p_0_out/P[1]
                         net (fo=1, unplaced)         0.803     9.438    p_0_out_n_104
                         LUT2 (Prop_lut2_I1_O)        0.124     9.562 r  p_1_out__3_i_19/O
                         net (fo=1, unplaced)         0.000     9.562    p_1_out__3_i_19_n_0
                         CARRY4 (Prop_carry4_S[1]_CO[3])
                                                      0.533    10.095 r  p_1_out__3_i_4/CO[3]
                         net (fo=1, unplaced)         0.000    10.095    p_1_out__3_i_4_n_0
                         CARRY4 (Prop_carry4_CI_CO[3])
                                                      0.117    10.212 r  p_1_out__3_i_3/CO[3]
                         net (fo=1, unplaced)         0.000    10.212    p_1_out__3_i_3_n_0
                         CARRY4 (Prop_carry4_CI_CO[3])
                                                      0.117    10.329 r  p_1_out__3_i_2/CO[3]
                         net (fo=1, unplaced)         0.000    10.329    p_1_out__3_i_2_n_0
                         CARRY4 (Prop_carry4_CI_CO[3])
                                                      0.117    10.446 r  p_1_out__3_i_1/CO[3]
                         net (fo=1, unplaced)         0.000    10.446    p_1_out__3_i_1_n_0
                         CARRY4 (Prop_carry4_CI_CO[3])
                                                      0.117    10.563 r  p_1_out__0_i_5/CO[3]
                         net (fo=1, unplaced)         0.000    10.563    p_1_out__0_i_5_n_0
                         CARRY4 (Prop_carry4_CI_CO[3])
                                                      0.117    10.680 r  p_1_out__0_i_4/CO[3]
                         net (fo=1, unplaced)         0.000    10.680    p_1_out__0_i_4_n_0
                         CARRY4 (Prop_carry4_CI_CO[3])
                                                      0.117    10.797 r  p_1_out__0_i_3/CO[3]
                         net (fo=1, unplaced)         0.000    10.797    p_1_out__0_i_3_n_0
                         CARRY4 (Prop_carry4_CI_CO[3])
                                                      0.117    10.914 r  p_1_out__0_i_2/CO[3]
                         net (fo=1, unplaced)         0.000    10.914    p_1_out__0_i_2_n_0
                         CARRY4 (Prop_carry4_CI_O[1])
                                                      0.337    11.251 r  p_1_out__0_i_1/O[1]
                         net (fo=2, unplaced)         0.803    12.054    p_1_out__0_i_1_n_6
                         DSP48E1 (Prop_dsp48e1_A[16]_PCOUT[47])
                                                      4.215    16.269 r  p_1_out__0/PCOUT[47]
                         net (fo=1, unplaced)         0.000    16.269    p_1_out__0_n_106
                         DSP48E1 (Prop_dsp48e1_PCIN[47]_PCOUT[47])
                                                      1.713    17.982 r  p_1_out__1/PCOUT[47]
                         net (fo=1, unplaced)         0.000    17.982    p_1_out__1_n_106
                         DSP48E1 (Prop_dsp48e1_PCIN[47]_P[1])
                                                      1.518    19.500 r  p_1_out__2/P[1]
                         net (fo=3, unplaced)         0.803    20.302    p_1_out__2_n_104
                         LUT3 (Prop_lut3_I1_O)        0.149    20.451 r  dots[0][31]_i_28/O
                         net (fo=2, unplaced)         0.459    20.910    dots[0][31]_i_28_n_0
                         LUT4 (Prop_lut4_I3_O)        0.355    21.265 r  dots[0][31]_i_32/O
                         net (fo=1, unplaced)         0.000    21.265    dots[0][31]_i_32_n_0
                         CARRY4 (Prop_carry4_S[0]_CO[3])
                                                      0.513    21.778 r  dots_reg[0][31]_i_16/CO[3]
                         net (fo=1, unplaced)         0.000    21.778    dots_reg[0][31]_i_16_n_0
                         CARRY4 (Prop_carry4_CI_CO[3])
                                                      0.117    21.895 r  dots_reg[0][31]_i_7/CO[3]
                         net (fo=1, unplaced)         0.000    21.895    dots_reg[0][31]_i_7_n_0
                         CARRY4 (Prop_carry4_CI_O[2])
                                                      0.256    22.151 r  dots_reg[0][31]_i_4/O[2]
                         net (fo=93, unplaced)        0.550    22.701    p_3_out[63]
                         LUT4 (Prop_lut4_I2_O)        0.293    22.994 r  dots[0][0]_i_79/O
                         net (fo=1, unplaced)         0.000    22.994    dots[0][0]_i_79_n_0
                         CARRY4 (Prop_carry4_DI[0]_CO[3])
                                                      0.576    23.570 r  dots_reg[0][0]_i_57/CO[3]
                         net (fo=1, unplaced)         0.000    23.570    dots_reg[0][0]_i_57_n_0
                         CARRY4 (Prop_carry4_CI_CO[3])
                                                      0.117    23.687 r  dots_reg[0][0]_i_35/CO[3]
                         net (fo=1, unplaced)         0.000    23.687    dots_reg[0][0]_i_35_n_0
                         CARRY4 (Prop_carry4_CI_CO[3])
                                                      0.117    23.804 r  dots_reg[0][0]_i_15/CO[3]
                         net (fo=1, unplaced)         0.000    23.804    dots_reg[0][0]_i_15_n_0
                         CARRY4 (Prop_carry4_CI_CO[3])
                                                      0.117    23.921 r  dots_reg[0][0]_i_7/CO[3]
                         net (fo=1, unplaced)         0.000    23.921    dots_reg[0][0]_i_7_n_0
                         CARRY4 (Prop_carry4_CI_CO[2])
                                                      0.252    24.173 r  dots_reg[0][0]_i_2/CO[2]
                         net (fo=2, unplaced)         0.463    24.636    dots_reg[0][0]_i_2_n_1
                         LUT4 (Prop_lut4_I3_O)        0.310    24.946 r  dots[0][0]_i_6/O
                         net (fo=1, unplaced)         0.000    24.946    dots[0][0]_i_6_n_0
                         CARRY4 (Prop_carry4_S[0]_CO[3])
                                                      0.513    25.459 r  dots_reg[0][0]_i_1/CO[3]
                         net (fo=1, unplaced)         0.000    25.459    dots_reg[0][0]_i_1_n_0
                         CARRY4 (Prop_carry4_CI_CO[3])
                                                      0.117    25.576 r  dots_reg[0][7]_i_2/CO[3]
                         net (fo=1, unplaced)         0.000    25.576    dots_reg[0][7]_i_2_n_0
                         CARRY4 (Prop_carry4_CI_CO[3])
                                                      0.117    25.693 r  dots_reg[0][11]_i_2/CO[3]
                         net (fo=1, unplaced)         0.000    25.693    dots_reg[0][11]_i_2_n_0
                         CARRY4 (Prop_carry4_CI_CO[3])
                                                      0.117    25.810 r  dots_reg[0][15]_i_2/CO[3]
                         net (fo=1, unplaced)         0.000    25.810    dots_reg[0][15]_i_2_n_0
                         CARRY4 (Prop_carry4_CI_CO[3])
                                                      0.117    25.927 r  dots_reg[0][19]_i_2/CO[3]
                         net (fo=1, unplaced)         0.000    25.927    dots_reg[0][19]_i_2_n_0
                         CARRY4 (Prop_carry4_CI_O[2])
                                                      0.256    26.183 f  dots_reg[0][23]_i_2/O[2]
                         net (fo=2, unplaced)         0.463    26.646    dots_reg[0][23]_i_2_n_5
                         LUT1 (Prop_lut1_I0_O)        0.301    26.947 r  dots[0][24]_i_5/O
                         net (fo=1, unplaced)         0.000    26.947    dots[0][24]_i_5_n_0
                         CARRY4 (Prop_carry4_S[1]_CO[3])
                                                      0.533    27.480 r  dots_reg[0][24]_i_2/CO[3]
                         net (fo=1, unplaced)         0.000    27.480    dots_reg[0][24]_i_2_n_0
                         CARRY4 (Prop_carry4_CI_O[2])
                                                      0.256    27.736 r  dots_reg[0][31]_i_5/O[2]
                         net (fo=1, unplaced)         0.452    28.188    dots_reg[0][31]_i_5_n_5
                         LUT3 (Prop_lut3_I0_O)        0.301    28.489 r  dots[0][27]_i_1/O
                         net (fo=24, unplaced)        0.000    28.489    c4_rq1_return[27]
                         FDRE                                         r  dots_reg[14][27]/D
  -------------------------------------------------------------------    -------------------

                         (clock clk rise edge)       10.000    10.000 r  <hidden>
                                                      0.000    10.000 r  clk
                         net (fo=43025, unset)        0.924    10.924    clk
                         FDRE                                         r  dots_reg[14][27]/C
                         clock pessimism              0.000    10.924    <hidden>
                         clock uncertainty           -0.035    10.889    <hidden>
                         FDRE (Setup_fdre_C_D)        0.044    10.933    dots_reg[14][27]
  -------------------------------------------------------------------
                         required time                         10.933    <hidden>
                         arrival time                         -28.489    <hidden>
  -------------------------------------------------------------------
                         slack                                -17.556    <hidden>

Slack (VIOLATED) :        -17.556ns  (required time - arrival time)
  Source:                 kv_reg[23][31][15]/C
                            (rising edge-triggered cell FDRE clocked by clk  {rise@0.000ns fall@5.000ns period=10.000ns})
  Destination:            dots_reg[15][27]/D
                            (rising edge-triggered cell FDRE clocked by clk  {rise@0.000ns fall@5.000ns period=10.000ns})
  Path Group:             clk
  Path Type:              Setup (Max at Slow Process Corner)
  Requirement:            10.000ns  (clk rise@10.000ns - clk rise@0.000ns)
  Data Path Delay:        27.516ns  (logic 20.218ns (73.476%)  route 7.298ns (26.524%))
  Logic Levels:           39  (CARRY4=25 DSP48E1=4 LUT1=1 LUT2=1 LUT3=2 LUT4=3 LUT5=1 LUT6=1 MUXF7=1)
  Clock Path Skew:        -0.049ns (DCD - SCD + CPR)
    Destination Clock Delay (DCD):    0.924ns = ( 10.924 - 10.000 ) 
    Source Clock Delay      (SCD):    0.973ns
    Clock Pessimism Removal (CPR):    0.000ns
  Clock Uncertainty:      0.035ns  ((TSJ^2 + TIJ^2)^1/2 + DJ) / 2 + PE
    Total System Jitter     (TSJ):    0.071ns
    Total Input Jitter      (TIJ):    0.000ns
    Discrete Jitter          (DJ):    0.000ns
    Phase Error              (PE):    0.000ns

    Location             Delay type                Incr(ns)  Path(ns)    Netlist Resource(s)
  -------------------------------------------------------------------    -------------------
                         (clock clk rise edge)        0.000     0.000 r  <hidden>
                                                      0.000     0.000 r  clk
                         net (fo=43025, unset)        0.973     0.973    clk
                         FDRE                                         r  kv_reg[23][31][15]/C
  -------------------------------------------------------------------    -------------------
                         FDRE (Prop_fdre_C_Q)         0.478     1.451 r  kv_reg[23][31][15]/Q
                         net (fo=1, unplaced)         0.965     2.416    kv_reg_n_0_[23][31][15]
                         LUT6 (Prop_lut6_I0_O)        0.295     2.711 r  p_0_out_i_66/O
                         net (fo=1, unplaced)         0.000     2.711    p_0_out_i_66_n_0
                         MUXF7 (Prop_muxf7_I1_O)      0.247     2.958 r  p_0_out_i_17/O
                         net (fo=1, unplaced)         0.735     3.693    p_0_out_i_17_n_0
                         LUT5 (Prop_lut5_I0_O)        0.298     3.991 r  p_0_out_i_1/O
                         net (fo=16, unplaced)        0.803     4.794    kv[15]
                         DSP48E1 (Prop_dsp48e1_A[29]_P[1])
                                                      3.841     8.635 r  p_0_out/P[1]
                         net (fo=1, unplaced)         0.803     9.438    p_0_out_n_104
                         LUT2 (Prop_lut2_I1_O)        0.124     9.562 r  p_1_out__3_i_19/O
                         net (fo=1, unplaced)         0.000     9.562    p_1_out__3_i_19_n_0
                         CARRY4 (Prop_carry4_S[1]_CO[3])
                                                      0.533    10.095 r  p_1_out__3_i_4/CO[3]
                         net (fo=1, unplaced)         0.000    10.095    p_1_out__3_i_4_n_0
                         CARRY4 (Prop_carry4_CI_CO[3])
                                                      0.117    10.212 r  p_1_out__3_i_3/CO[3]
                         net (fo=1, unplaced)         0.000    10.212    p_1_out__3_i_3_n_0
                         CARRY4 (Prop_carry4_CI_CO[3])
                                                      0.117    10.329 r  p_1_out__3_i_2/CO[3]
                         net (fo=1, unplaced)         0.000    10.329    p_1_out__3_i_2_n_0
                         CARRY4 (Prop_carry4_CI_CO[3])
                                                      0.117    10.446 r  p_1_out__3_i_1/CO[3]
                         net (fo=1, unplaced)         0.000    10.446    p_1_out__3_i_1_n_0
                         CARRY4 (Prop_carry4_CI_CO[3])
                                                      0.117    10.563 r  p_1_out__0_i_5/CO[3]
                         net (fo=1, unplaced)         0.000    10.563    p_1_out__0_i_5_n_0
                         CARRY4 (Prop_carry4_CI_CO[3])
                                                      0.117    10.680 r  p_1_out__0_i_4/CO[3]
                         net (fo=1, unplaced)         0.000    10.680    p_1_out__0_i_4_n_0
                         CARRY4 (Prop_carry4_CI_CO[3])
                                                      0.117    10.797 r  p_1_out__0_i_3/CO[3]
                         net (fo=1, unplaced)         0.000    10.797    p_1_out__0_i_3_n_0
                         CARRY4 (Prop_carry4_CI_CO[3])
                                                      0.117    10.914 r  p_1_out__0_i_2/CO[3]
                         net (fo=1, unplaced)         0.000    10.914    p_1_out__0_i_2_n_0
                         CARRY4 (Prop_carry4_CI_O[1])
                                                      0.337    11.251 r  p_1_out__0_i_1/O[1]
                         net (fo=2, unplaced)         0.803    12.054    p_1_out__0_i_1_n_6
                         DSP48E1 (Prop_dsp48e1_A[16]_PCOUT[47])
                                                      4.215    16.269 r  p_1_out__0/PCOUT[47]
                         net (fo=1, unplaced)         0.000    16.269    p_1_out__0_n_106
                         DSP48E1 (Prop_dsp48e1_PCIN[47]_PCOUT[47])
                                                      1.713    17.982 r  p_1_out__1/PCOUT[47]
                         net (fo=1, unplaced)         0.000    17.982    p_1_out__1_n_106
                         DSP48E1 (Prop_dsp48e1_PCIN[47]_P[1])
                                                      1.518    19.500 r  p_1_out__2/P[1]
                         net (fo=3, unplaced)         0.803    20.302    p_1_out__2_n_104
                         LUT3 (Prop_lut3_I1_O)        0.149    20.451 r  dots[0][31]_i_28/O
                         net (fo=2, unplaced)         0.459    20.910    dots[0][31]_i_28_n_0
                         LUT4 (Prop_lut4_I3_O)        0.355    21.265 r  dots[0][31]_i_32/O
                         net (fo=1, unplaced)         0.000    21.265    dots[0][31]_i_32_n_0
                         CARRY4 (Prop_carry4_S[0]_CO[3])
                                                      0.513    21.778 r  dots_reg[0][31]_i_16/CO[3]
                         net (fo=1, unplaced)         0.000    21.778    dots_reg[0][31]_i_16_n_0
                         CARRY4 (Prop_carry4_CI_CO[3])
                                                      0.117    21.895 r  dots_reg[0][31]_i_7/CO[3]
                         net (fo=1, unplaced)         0.000    21.895    dots_reg[0][31]_i_7_n_0
                         CARRY4 (Prop_carry4_CI_O[2])
                                                      0.256    22.151 r  dots_reg[0][31]_i_4/O[2]
                         net (fo=93, unplaced)        0.550    22.701    p_3_out[63]
                         LUT4 (Prop_lut4_I2_O)        0.293    22.994 r  dots[0][0]_i_79/O
                         net (fo=1, unplaced)         0.000    22.994    dots[0][0]_i_79_n_0
                         CARRY4 (Prop_carry4_DI[0]_CO[3])
                                                      0.576    23.570 r  dots_reg[0][0]_i_57/CO[3]
                         net (fo=1, unplaced)         0.000    23.570    dots_reg[0][0]_i_57_n_0
                         CARRY4 (Prop_carry4_CI_CO[3])
                                                      0.117    23.687 r  dots_reg[0][0]_i_35/CO[3]
                         net (fo=1, unplaced)         0.000    23.687    dots_reg[0][0]_i_35_n_0
                         CARRY4 (Prop_carry4_CI_CO[3])
                                                      0.117    23.804 r  dots_reg[0][0]_i_15/CO[3]
                         net (fo=1, unplaced)         0.000    23.804    dots_reg[0][0]_i_15_n_0
                         CARRY4 (Prop_carry4_CI_CO[3])
                                                      0.117    23.921 r  dots_reg[0][0]_i_7/CO[3]
                         net (fo=1, unplaced)         0.000    23.921    dots_reg[0][0]_i_7_n_0
                         CARRY4 (Prop_carry4_CI_CO[2])
                                                      0.252    24.173 r  dots_reg[0][0]_i_2/CO[2]
                         net (fo=2, unplaced)         0.463    24.636    dots_reg[0][0]_i_2_n_1
                         LUT4 (Prop_lut4_I3_O)        0.310    24.946 r  dots[0][0]_i_6/O
                         net (fo=1, unplaced)         0.000    24.946    dots[0][0]_i_6_n_0
                         CARRY4 (Prop_carry4_S[0]_CO[3])
                                                      0.513    25.459 r  dots_reg[0][0]_i_1/CO[3]
                         net (fo=1, unplaced)         0.000    25.459    dots_reg[0][0]_i_1_n_0
                         CARRY4 (Prop_carry4_CI_CO[3])
                                                      0.117    25.576 r  dots_reg[0][7]_i_2/CO[3]
                         net (fo=1, unplaced)         0.000    25.576    dots_reg[0][7]_i_2_n_0
                         CARRY4 (Prop_carry4_CI_CO[3])
                                                      0.117    25.693 r  dots_reg[0][11]_i_2/CO[3]
                         net (fo=1, unplaced)         0.000    25.693    dots_reg[0][11]_i_2_n_0
                         CARRY4 (Prop_carry4_CI_CO[3])
                                                      0.117    25.810 r  dots_reg[0][15]_i_2/CO[3]
                         net (fo=1, unplaced)         0.000    25.810    dots_reg[0][15]_i_2_n_0
                         CARRY4 (Prop_carry4_CI_CO[3])
                                                      0.117    25.927 r  dots_reg[0][19]_i_2/CO[3]
                         net (fo=1, unplaced)         0.000    25.927    dots_reg[0][19]_i_2_n_0
                         CARRY4 (Prop_carry4_CI_O[2])
                                                      0.256    26.183 f  dots_reg[0][23]_i_2/O[2]
                         net (fo=2, unplaced)         0.463    26.646    dots_reg[0][23]_i_2_n_5
                         LUT1 (Prop_lut1_I0_O)        0.301    26.947 r  dots[0][24]_i_5/O
                         net (fo=1, unplaced)         0.000    26.947    dots[0][24]_i_5_n_0
                         CARRY4 (Prop_carry4_S[1]_CO[3])
                                                      0.533    27.480 r  dots_reg[0][24]_i_2/CO[3]
                         net (fo=1, unplaced)         0.000    27.480    dots_reg[0][24]_i_2_n_0
                         CARRY4 (Prop_carry4_CI_O[2])
                                                      0.256    27.736 r  dots_reg[0][31]_i_5/O[2]
                         net (fo=1, unplaced)         0.452    28.188    dots_reg[0][31]_i_5_n_5
                         LUT3 (Prop_lut3_I0_O)        0.301    28.489 r  dots[0][27]_i_1/O
                         net (fo=24, unplaced)        0.000    28.489    c4_rq1_return[27]
                         FDRE                                         r  dots_reg[15][27]/D
  -------------------------------------------------------------------    -------------------

                         (clock clk rise edge)       10.000    10.000 r  <hidden>
                                                      0.000    10.000 r  clk
                         net (fo=43025, unset)        0.924    10.924    clk
                         FDRE                                         r  dots_reg[15][27]/C
                         clock pessimism              0.000    10.924    <hidden>
                         clock uncertainty           -0.035    10.889    <hidden>
                         FDRE (Setup_fdre_C_D)        0.044    10.933    dots_reg[15][27]
  -------------------------------------------------------------------
                         required time                         10.933    <hidden>
                         arrival time                         -28.489    <hidden>
  -------------------------------------------------------------------
                         slack                                -17.556    <hidden>

Slack (VIOLATED) :        -17.556ns  (required time - arrival time)
  Source:                 kv_reg[23][31][15]/C
                            (rising edge-triggered cell FDRE clocked by clk  {rise@0.000ns fall@5.000ns period=10.000ns})
  Destination:            dots_reg[16][27]/D
                            (rising edge-triggered cell FDRE clocked by clk  {rise@0.000ns fall@5.000ns period=10.000ns})
  Path Group:             clk
  Path Type:              Setup (Max at Slow Process Corner)
  Requirement:            10.000ns  (clk rise@10.000ns - clk rise@0.000ns)
  Data Path Delay:        27.516ns  (logic 20.218ns (73.476%)  route 7.298ns (26.524%))
  Logic Levels:           39  (CARRY4=25 DSP48E1=4 LUT1=1 LUT2=1 LUT3=2 LUT4=3 LUT5=1 LUT6=1 MUXF7=1)
  Clock Path Skew:        -0.049ns (DCD - SCD + CPR)
    Destination Clock Delay (DCD):    0.924ns = ( 10.924 - 10.000 ) 
    Source Clock Delay      (SCD):    0.973ns
    Clock Pessimism Removal (CPR):    0.000ns
  Clock Uncertainty:      0.035ns  ((TSJ^2 + TIJ^2)^1/2 + DJ) / 2 + PE
    Total System Jitter     (TSJ):    0.071ns
    Total Input Jitter      (TIJ):    0.000ns
    Discrete Jitter          (DJ):    0.000ns
    Phase Error              (PE):    0.000ns

    Location             Delay type                Incr(ns)  Path(ns)    Netlist Resource(s)
  -------------------------------------------------------------------    -------------------
                         (clock clk rise edge)        0.000     0.000 r  <hidden>
                                                      0.000     0.000 r  clk
                         net (fo=43025, unset)        0.973     0.973    clk
                         FDRE                                         r  kv_reg[23][31][15]/C
  -------------------------------------------------------------------    -------------------
                         FDRE (Prop_fdre_C_Q)         0.478     1.451 r  kv_reg[23][31][15]/Q
                         net (fo=1, unplaced)         0.965     2.416    kv_reg_n_0_[23][31][15]
                         LUT6 (Prop_lut6_I0_O)        0.295     2.711 r  p_0_out_i_66/O
                         net (fo=1, unplaced)         0.000     2.711    p_0_out_i_66_n_0
                         MUXF7 (Prop_muxf7_I1_O)      0.247     2.958 r  p_0_out_i_17/O
                         net (fo=1, unplaced)         0.735     3.693    p_0_out_i_17_n_0
                         LUT5 (Prop_lut5_I0_O)        0.298     3.991 r  p_0_out_i_1/O
                         net (fo=16, unplaced)        0.803     4.794    kv[15]
                         DSP48E1 (Prop_dsp48e1_A[29]_P[1])
                                                      3.841     8.635 r  p_0_out/P[1]
                         net (fo=1, unplaced)         0.803     9.438    p_0_out_n_104
                         LUT2 (Prop_lut2_I1_O)        0.124     9.562 r  p_1_out__3_i_19/O
                         net (fo=1, unplaced)         0.000     9.562    p_1_out__3_i_19_n_0
                         CARRY4 (Prop_carry4_S[1]_CO[3])
                                                      0.533    10.095 r  p_1_out__3_i_4/CO[3]
                         net (fo=1, unplaced)         0.000    10.095    p_1_out__3_i_4_n_0
                         CARRY4 (Prop_carry4_CI_CO[3])
                                                      0.117    10.212 r  p_1_out__3_i_3/CO[3]
                         net (fo=1, unplaced)         0.000    10.212    p_1_out__3_i_3_n_0
                         CARRY4 (Prop_carry4_CI_CO[3])
                                                      0.117    10.329 r  p_1_out__3_i_2/CO[3]
                         net (fo=1, unplaced)         0.000    10.329    p_1_out__3_i_2_n_0
                         CARRY4 (Prop_carry4_CI_CO[3])
                                                      0.117    10.446 r  p_1_out__3_i_1/CO[3]
                         net (fo=1, unplaced)         0.000    10.446    p_1_out__3_i_1_n_0
                         CARRY4 (Prop_carry4_CI_CO[3])
                                                      0.117    10.563 r  p_1_out__0_i_5/CO[3]
                         net (fo=1, unplaced)         0.000    10.563    p_1_out__0_i_5_n_0
                         CARRY4 (Prop_carry4_CI_CO[3])
                                                      0.117    10.680 r  p_1_out__0_i_4/CO[3]
                         net (fo=1, unplaced)         0.000    10.680    p_1_out__0_i_4_n_0
                         CARRY4 (Prop_carry4_CI_CO[3])
                                                      0.117    10.797 r  p_1_out__0_i_3/CO[3]
                         net (fo=1, unplaced)         0.000    10.797    p_1_out__0_i_3_n_0
                         CARRY4 (Prop_carry4_CI_CO[3])
                                                      0.117    10.914 r  p_1_out__0_i_2/CO[3]
                         net (fo=1, unplaced)         0.000    10.914    p_1_out__0_i_2_n_0
                         CARRY4 (Prop_carry4_CI_O[1])
                                                      0.337    11.251 r  p_1_out__0_i_1/O[1]
                         net (fo=2, unplaced)         0.803    12.054    p_1_out__0_i_1_n_6
                         DSP48E1 (Prop_dsp48e1_A[16]_PCOUT[47])
                                                      4.215    16.269 r  p_1_out__0/PCOUT[47]
                         net (fo=1, unplaced)         0.000    16.269    p_1_out__0_n_106
                         DSP48E1 (Prop_dsp48e1_PCIN[47]_PCOUT[47])
                                                      1.713    17.982 r  p_1_out__1/PCOUT[47]
                         net (fo=1, unplaced)         0.000    17.982    p_1_out__1_n_106
                         DSP48E1 (Prop_dsp48e1_PCIN[47]_P[1])
                                                      1.518    19.500 r  p_1_out__2/P[1]
                         net (fo=3, unplaced)         0.803    20.302    p_1_out__2_n_104
                         LUT3 (Prop_lut3_I1_O)        0.149    20.451 r  dots[0][31]_i_28/O
                         net (fo=2, unplaced)         0.459    20.910    dots[0][31]_i_28_n_0
                         LUT4 (Prop_lut4_I3_O)        0.355    21.265 r  dots[0][31]_i_32/O
                         net (fo=1, unplaced)         0.000    21.265    dots[0][31]_i_32_n_0
                         CARRY4 (Prop_carry4_S[0]_CO[3])
                                                      0.513    21.778 r  dots_reg[0][31]_i_16/CO[3]
                         net (fo=1, unplaced)         0.000    21.778    dots_reg[0][31]_i_16_n_0
                         CARRY4 (Prop_carry4_CI_CO[3])
                                                      0.117    21.895 r  dots_reg[0][31]_i_7/CO[3]
                         net (fo=1, unplaced)         0.000    21.895    dots_reg[0][31]_i_7_n_0
                         CARRY4 (Prop_carry4_CI_O[2])
                                                      0.256    22.151 r  dots_reg[0][31]_i_4/O[2]
                         net (fo=93, unplaced)        0.550    22.701    p_3_out[63]
                         LUT4 (Prop_lut4_I2_O)        0.293    22.994 r  dots[0][0]_i_79/O
                         net (fo=1, unplaced)         0.000    22.994    dots[0][0]_i_79_n_0
                         CARRY4 (Prop_carry4_DI[0]_CO[3])
                                                      0.576    23.570 r  dots_reg[0][0]_i_57/CO[3]
                         net (fo=1, unplaced)         0.000    23.570    dots_reg[0][0]_i_57_n_0
                         CARRY4 (Prop_carry4_CI_CO[3])
                                                      0.117    23.687 r  dots_reg[0][0]_i_35/CO[3]
                         net (fo=1, unplaced)         0.000    23.687    dots_reg[0][0]_i_35_n_0
                         CARRY4 (Prop_carry4_CI_CO[3])
                                                      0.117    23.804 r  dots_reg[0][0]_i_15/CO[3]
                         net (fo=1, unplaced)         0.000    23.804    dots_reg[0][0]_i_15_n_0
                         CARRY4 (Prop_carry4_CI_CO[3])
                                                      0.117    23.921 r  dots_reg[0][0]_i_7/CO[3]
                         net (fo=1, unplaced)         0.000    23.921    dots_reg[0][0]_i_7_n_0
                         CARRY4 (Prop_carry4_CI_CO[2])
                                                      0.252    24.173 r  dots_reg[0][0]_i_2/CO[2]
                         net (fo=2, unplaced)         0.463    24.636    dots_reg[0][0]_i_2_n_1
                         LUT4 (Prop_lut4_I3_O)        0.310    24.946 r  dots[0][0]_i_6/O
                         net (fo=1, unplaced)         0.000    24.946    dots[0][0]_i_6_n_0
                         CARRY4 (Prop_carry4_S[0]_CO[3])
                                                      0.513    25.459 r  dots_reg[0][0]_i_1/CO[3]
                         net (fo=1, unplaced)         0.000    25.459    dots_reg[0][0]_i_1_n_0
                         CARRY4 (Prop_carry4_CI_CO[3])
                                                      0.117    25.576 r  dots_reg[0][7]_i_2/CO[3]
                         net (fo=1, unplaced)         0.000    25.576    dots_reg[0][7]_i_2_n_0
                         CARRY4 (Prop_carry4_CI_CO[3])
                                                      0.117    25.693 r  dots_reg[0][11]_i_2/CO[3]
                         net (fo=1, unplaced)         0.000    25.693    dots_reg[0][11]_i_2_n_0
                         CARRY4 (Prop_carry4_CI_CO[3])
                                                      0.117    25.810 r  dots_reg[0][15]_i_2/CO[3]
                         net (fo=1, unplaced)         0.000    25.810    dots_reg[0][15]_i_2_n_0
                         CARRY4 (Prop_carry4_CI_CO[3])
                                                      0.117    25.927 r  dots_reg[0][19]_i_2/CO[3]
                         net (fo=1, unplaced)         0.000    25.927    dots_reg[0][19]_i_2_n_0
                         CARRY4 (Prop_carry4_CI_O[2])
                                                      0.256    26.183 f  dots_reg[0][23]_i_2/O[2]
                         net (fo=2, unplaced)         0.463    26.646    dots_reg[0][23]_i_2_n_5
                         LUT1 (Prop_lut1_I0_O)        0.301    26.947 r  dots[0][24]_i_5/O
                         net (fo=1, unplaced)         0.000    26.947    dots[0][24]_i_5_n_0
                         CARRY4 (Prop_carry4_S[1]_CO[3])
                                                      0.533    27.480 r  dots_reg[0][24]_i_2/CO[3]
                         net (fo=1, unplaced)         0.000    27.480    dots_reg[0][24]_i_2_n_0
                         CARRY4 (Prop_carry4_CI_O[2])
                                                      0.256    27.736 r  dots_reg[0][31]_i_5/O[2]
                         net (fo=1, unplaced)         0.452    28.188    dots_reg[0][31]_i_5_n_5
                         LUT3 (Prop_lut3_I0_O)        0.301    28.489 r  dots[0][27]_i_1/O
                         net (fo=24, unplaced)        0.000    28.489    c4_rq1_return[27]
                         FDRE                                         r  dots_reg[16][27]/D
  -------------------------------------------------------------------    -------------------

                         (clock clk rise edge)       10.000    10.000 r  <hidden>
                                                      0.000    10.000 r  clk
                         net (fo=43025, unset)        0.924    10.924    clk
                         FDRE                                         r  dots_reg[16][27]/C
                         clock pessimism              0.000    10.924    <hidden>
                         clock uncertainty           -0.035    10.889    <hidden>
                         FDRE (Setup_fdre_C_D)        0.044    10.933    dots_reg[16][27]
  -------------------------------------------------------------------
                         required time                         10.933    <hidden>
                         arrival time                         -28.489    <hidden>
  -------------------------------------------------------------------
                         slack                                -17.556    <hidden>

Slack (VIOLATED) :        -17.556ns  (required time - arrival time)
  Source:                 kv_reg[23][31][15]/C
                            (rising edge-triggered cell FDRE clocked by clk  {rise@0.000ns fall@5.000ns period=10.000ns})
  Destination:            dots_reg[17][27]/D
                            (rising edge-triggered cell FDRE clocked by clk  {rise@0.000ns fall@5.000ns period=10.000ns})
  Path Group:             clk
  Path Type:              Setup (Max at Slow Process Corner)
  Requirement:            10.000ns  (clk rise@10.000ns - clk rise@0.000ns)
  Data Path Delay:        27.516ns  (logic 20.218ns (73.476%)  route 7.298ns (26.524%))
  Logic Levels:           39  (CARRY4=25 DSP48E1=4 LUT1=1 LUT2=1 LUT3=2 LUT4=3 LUT5=1 LUT6=1 MUXF7=1)
  Clock Path Skew:        -0.049ns (DCD - SCD + CPR)
    Destination Clock Delay (DCD):    0.924ns = ( 10.924 - 10.000 ) 
    Source Clock Delay      (SCD):    0.973ns
    Clock Pessimism Removal (CPR):    0.000ns
  Clock Uncertainty:      0.035ns  ((TSJ^2 + TIJ^2)^1/2 + DJ) / 2 + PE
    Total System Jitter     (TSJ):    0.071ns
    Total Input Jitter      (TIJ):    0.000ns
    Discrete Jitter          (DJ):    0.000ns
    Phase Error              (PE):    0.000ns

    Location             Delay type                Incr(ns)  Path(ns)    Netlist Resource(s)
  -------------------------------------------------------------------    -------------------
                         (clock clk rise edge)        0.000     0.000 r  <hidden>
                                                      0.000     0.000 r  clk
                         net (fo=43025, unset)        0.973     0.973    clk
                         FDRE                                         r  kv_reg[23][31][15]/C
  -------------------------------------------------------------------    -------------------
                         FDRE (Prop_fdre_C_Q)         0.478     1.451 r  kv_reg[23][31][15]/Q
                         net (fo=1, unplaced)         0.965     2.416    kv_reg_n_0_[23][31][15]
                         LUT6 (Prop_lut6_I0_O)        0.295     2.711 r  p_0_out_i_66/O
                         net (fo=1, unplaced)         0.000     2.711    p_0_out_i_66_n_0
                         MUXF7 (Prop_muxf7_I1_O)      0.247     2.958 r  p_0_out_i_17/O
                         net (fo=1, unplaced)         0.735     3.693    p_0_out_i_17_n_0
                         LUT5 (Prop_lut5_I0_O)        0.298     3.991 r  p_0_out_i_1/O
                         net (fo=16, unplaced)        0.803     4.794    kv[15]
                         DSP48E1 (Prop_dsp48e1_A[29]_P[1])
                                                      3.841     8.635 r  p_0_out/P[1]
                         net (fo=1, unplaced)         0.803     9.438    p_0_out_n_104
                         LUT2 (Prop_lut2_I1_O)        0.124     9.562 r  p_1_out__3_i_19/O
                         net (fo=1, unplaced)         0.000     9.562    p_1_out__3_i_19_n_0
                         CARRY4 (Prop_carry4_S[1]_CO[3])
                                                      0.533    10.095 r  p_1_out__3_i_4/CO[3]
                         net (fo=1, unplaced)         0.000    10.095    p_1_out__3_i_4_n_0
                         CARRY4 (Prop_carry4_CI_CO[3])
                                                      0.117    10.212 r  p_1_out__3_i_3/CO[3]
                         net (fo=1, unplaced)         0.000    10.212    p_1_out__3_i_3_n_0
                         CARRY4 (Prop_carry4_CI_CO[3])
                                                      0.117    10.329 r  p_1_out__3_i_2/CO[3]
                         net (fo=1, unplaced)         0.000    10.329    p_1_out__3_i_2_n_0
                         CARRY4 (Prop_carry4_CI_CO[3])
                                                      0.117    10.446 r  p_1_out__3_i_1/CO[3]
                         net (fo=1, unplaced)         0.000    10.446    p_1_out__3_i_1_n_0
                         CARRY4 (Prop_carry4_CI_CO[3])
                                                      0.117    10.563 r  p_1_out__0_i_5/CO[3]
                         net (fo=1, unplaced)         0.000    10.563    p_1_out__0_i_5_n_0
                         CARRY4 (Prop_carry4_CI_CO[3])
                                                      0.117    10.680 r  p_1_out__0_i_4/CO[3]
                         net (fo=1, unplaced)         0.000    10.680    p_1_out__0_i_4_n_0
                         CARRY4 (Prop_carry4_CI_CO[3])
                                                      0.117    10.797 r  p_1_out__0_i_3/CO[3]
                         net (fo=1, unplaced)         0.000    10.797    p_1_out__0_i_3_n_0
                         CARRY4 (Prop_carry4_CI_CO[3])
                                                      0.117    10.914 r  p_1_out__0_i_2/CO[3]
                         net (fo=1, unplaced)         0.000    10.914    p_1_out__0_i_2_n_0
                         CARRY4 (Prop_carry4_CI_O[1])
                                                      0.337    11.251 r  p_1_out__0_i_1/O[1]
                         net (fo=2, unplaced)         0.803    12.054    p_1_out__0_i_1_n_6
                         DSP48E1 (Prop_dsp48e1_A[16]_PCOUT[47])
                                                      4.215    16.269 r  p_1_out__0/PCOUT[47]
                         net (fo=1, unplaced)         0.000    16.269    p_1_out__0_n_106
                         DSP48E1 (Prop_dsp48e1_PCIN[47]_PCOUT[47])
                                                      1.713    17.982 r  p_1_out__1/PCOUT[47]
                         net (fo=1, unplaced)         0.000    17.982    p_1_out__1_n_106
                         DSP48E1 (Prop_dsp48e1_PCIN[47]_P[1])
                                                      1.518    19.500 r  p_1_out__2/P[1]
                         net (fo=3, unplaced)         0.803    20.302    p_1_out__2_n_104
                         LUT3 (Prop_lut3_I1_O)        0.149    20.451 r  dots[0][31]_i_28/O
                         net (fo=2, unplaced)         0.459    20.910    dots[0][31]_i_28_n_0
                         LUT4 (Prop_lut4_I3_O)        0.355    21.265 r  dots[0][31]_i_32/O
                         net (fo=1, unplaced)         0.000    21.265    dots[0][31]_i_32_n_0
                         CARRY4 (Prop_carry4_S[0]_CO[3])
                                                      0.513    21.778 r  dots_reg[0][31]_i_16/CO[3]
                         net (fo=1, unplaced)         0.000    21.778    dots_reg[0][31]_i_16_n_0
                         CARRY4 (Prop_carry4_CI_CO[3])
                                                      0.117    21.895 r  dots_reg[0][31]_i_7/CO[3]
                         net (fo=1, unplaced)         0.000    21.895    dots_reg[0][31]_i_7_n_0
                         CARRY4 (Prop_carry4_CI_O[2])
                                                      0.256    22.151 r  dots_reg[0][31]_i_4/O[2]
                         net (fo=93, unplaced)        0.550    22.701    p_3_out[63]
                         LUT4 (Prop_lut4_I2_O)        0.293    22.994 r  dots[0][0]_i_79/O
                         net (fo=1, unplaced)         0.000    22.994    dots[0][0]_i_79_n_0
                         CARRY4 (Prop_carry4_DI[0]_CO[3])
                                                      0.576    23.570 r  dots_reg[0][0]_i_57/CO[3]
                         net (fo=1, unplaced)         0.000    23.570    dots_reg[0][0]_i_57_n_0
                         CARRY4 (Prop_carry4_CI_CO[3])
                                                      0.117    23.687 r  dots_reg[0][0]_i_35/CO[3]
                         net (fo=1, unplaced)         0.000    23.687    dots_reg[0][0]_i_35_n_0
                         CARRY4 (Prop_carry4_CI_CO[3])
                                                      0.117    23.804 r  dots_reg[0][0]_i_15/CO[3]
                         net (fo=1, unplaced)         0.000    23.804    dots_reg[0][0]_i_15_n_0
                         CARRY4 (Prop_carry4_CI_CO[3])
                                                      0.117    23.921 r  dots_reg[0][0]_i_7/CO[3]
                         net (fo=1, unplaced)         0.000    23.921    dots_reg[0][0]_i_7_n_0
                         CARRY4 (Prop_carry4_CI_CO[2])
                                                      0.252    24.173 r  dots_reg[0][0]_i_2/CO[2]
                         net (fo=2, unplaced)         0.463    24.636    dots_reg[0][0]_i_2_n_1
                         LUT4 (Prop_lut4_I3_O)        0.310    24.946 r  dots[0][0]_i_6/O
                         net (fo=1, unplaced)         0.000    24.946    dots[0][0]_i_6_n_0
                         CARRY4 (Prop_carry4_S[0]_CO[3])
                                                      0.513    25.459 r  dots_reg[0][0]_i_1/CO[3]
                         net (fo=1, unplaced)         0.000    25.459    dots_reg[0][0]_i_1_n_0
                         CARRY4 (Prop_carry4_CI_CO[3])
                                                      0.117    25.576 r  dots_reg[0][7]_i_2/CO[3]
                         net (fo=1, unplaced)         0.000    25.576    dots_reg[0][7]_i_2_n_0
                         CARRY4 (Prop_carry4_CI_CO[3])
                                                      0.117    25.693 r  dots_reg[0][11]_i_2/CO[3]
                         net (fo=1, unplaced)         0.000    25.693    dots_reg[0][11]_i_2_n_0
                         CARRY4 (Prop_carry4_CI_CO[3])
                                                      0.117    25.810 r  dots_reg[0][15]_i_2/CO[3]
                         net (fo=1, unplaced)         0.000    25.810    dots_reg[0][15]_i_2_n_0
                         CARRY4 (Prop_carry4_CI_CO[3])
                                                      0.117    25.927 r  dots_reg[0][19]_i_2/CO[3]
                         net (fo=1, unplaced)         0.000    25.927    dots_reg[0][19]_i_2_n_0
                         CARRY4 (Prop_carry4_CI_O[2])
                                                      0.256    26.183 f  dots_reg[0][23]_i_2/O[2]
                         net (fo=2, unplaced)         0.463    26.646    dots_reg[0][23]_i_2_n_5
                         LUT1 (Prop_lut1_I0_O)        0.301    26.947 r  dots[0][24]_i_5/O
                         net (fo=1, unplaced)         0.000    26.947    dots[0][24]_i_5_n_0
                         CARRY4 (Prop_carry4_S[1]_CO[3])
                                                      0.533    27.480 r  dots_reg[0][24]_i_2/CO[3]
                         net (fo=1, unplaced)         0.000    27.480    dots_reg[0][24]_i_2_n_0
                         CARRY4 (Prop_carry4_CI_O[2])
                                                      0.256    27.736 r  dots_reg[0][31]_i_5/O[2]
                         net (fo=1, unplaced)         0.452    28.188    dots_reg[0][31]_i_5_n_5
                         LUT3 (Prop_lut3_I0_O)        0.301    28.489 r  dots[0][27]_i_1/O
                         net (fo=24, unplaced)        0.000    28.489    c4_rq1_return[27]
                         FDRE                                         r  dots_reg[17][27]/D
  -------------------------------------------------------------------    -------------------

                         (clock clk rise edge)       10.000    10.000 r  <hidden>
                                                      0.000    10.000 r  clk
                         net (fo=43025, unset)        0.924    10.924    clk
                         FDRE                                         r  dots_reg[17][27]/C
                         clock pessimism              0.000    10.924    <hidden>
                         clock uncertainty           -0.035    10.889    <hidden>
                         FDRE (Setup_fdre_C_D)        0.044    10.933    dots_reg[17][27]
  -------------------------------------------------------------------
                         required time                         10.933    <hidden>
                         arrival time                         -28.489    <hidden>
  -------------------------------------------------------------------
                         slack                                -17.556    <hidden>

Slack (VIOLATED) :        -17.556ns  (required time - arrival time)
  Source:                 kv_reg[23][31][15]/C
                            (rising edge-triggered cell FDRE clocked by clk  {rise@0.000ns fall@5.000ns period=10.000ns})
  Destination:            dots_reg[18][27]/D
                            (rising edge-triggered cell FDRE clocked by clk  {rise@0.000ns fall@5.000ns period=10.000ns})
  Path Group:             clk
  Path Type:              Setup (Max at Slow Process Corner)
  Requirement:            10.000ns  (clk rise@10.000ns - clk rise@0.000ns)
  Data Path Delay:        27.516ns  (logic 20.218ns (73.476%)  route 7.298ns (26.524%))
  Logic Levels:           39  (CARRY4=25 DSP48E1=4 LUT1=1 LUT2=1 LUT3=2 LUT4=3 LUT5=1 LUT6=1 MUXF7=1)
  Clock Path Skew:        -0.049ns (DCD - SCD + CPR)
    Destination Clock Delay (DCD):    0.924ns = ( 10.924 - 10.000 ) 
    Source Clock Delay      (SCD):    0.973ns
    Clock Pessimism Removal (CPR):    0.000ns
  Clock Uncertainty:      0.035ns  ((TSJ^2 + TIJ^2)^1/2 + DJ) / 2 + PE
    Total System Jitter     (TSJ):    0.071ns
    Total Input Jitter      (TIJ):    0.000ns
    Discrete Jitter          (DJ):    0.000ns
    Phase Error              (PE):    0.000ns

    Location             Delay type                Incr(ns)  Path(ns)    Netlist Resource(s)
  -------------------------------------------------------------------    -------------------
                         (clock clk rise edge)        0.000     0.000 r  <hidden>
                                                      0.000     0.000 r  clk
                         net (fo=43025, unset)        0.973     0.973    clk
                         FDRE                                         r  kv_reg[23][31][15]/C
  -------------------------------------------------------------------    -------------------
                         FDRE (Prop_fdre_C_Q)         0.478     1.451 r  kv_reg[23][31][15]/Q
                         net (fo=1, unplaced)         0.965     2.416    kv_reg_n_0_[23][31][15]
                         LUT6 (Prop_lut6_I0_O)        0.295     2.711 r  p_0_out_i_66/O
                         net (fo=1, unplaced)         0.000     2.711    p_0_out_i_66_n_0
                         MUXF7 (Prop_muxf7_I1_O)      0.247     2.958 r  p_0_out_i_17/O
                         net (fo=1, unplaced)         0.735     3.693    p_0_out_i_17_n_0
                         LUT5 (Prop_lut5_I0_O)        0.298     3.991 r  p_0_out_i_1/O
                         net (fo=16, unplaced)        0.803     4.794    kv[15]
                         DSP48E1 (Prop_dsp48e1_A[29]_P[1])
                                                      3.841     8.635 r  p_0_out/P[1]
                         net (fo=1, unplaced)         0.803     9.438    p_0_out_n_104
                         LUT2 (Prop_lut2_I1_O)        0.124     9.562 r  p_1_out__3_i_19/O
                         net (fo=1, unplaced)         0.000     9.562    p_1_out__3_i_19_n_0
                         CARRY4 (Prop_carry4_S[1]_CO[3])
                                                      0.533    10.095 r  p_1_out__3_i_4/CO[3]
                         net (fo=1, unplaced)         0.000    10.095    p_1_out__3_i_4_n_0
                         CARRY4 (Prop_carry4_CI_CO[3])
                                                      0.117    10.212 r  p_1_out__3_i_3/CO[3]
                         net (fo=1, unplaced)         0.000    10.212    p_1_out__3_i_3_n_0
                         CARRY4 (Prop_carry4_CI_CO[3])
                                                      0.117    10.329 r  p_1_out__3_i_2/CO[3]
                         net (fo=1, unplaced)         0.000    10.329    p_1_out__3_i_2_n_0
                         CARRY4 (Prop_carry4_CI_CO[3])
                                                      0.117    10.446 r  p_1_out__3_i_1/CO[3]
                         net (fo=1, unplaced)         0.000    10.446    p_1_out__3_i_1_n_0
                         CARRY4 (Prop_carry4_CI_CO[3])
                                                      0.117    10.563 r  p_1_out__0_i_5/CO[3]
                         net (fo=1, unplaced)         0.000    10.563    p_1_out__0_i_5_n_0
                         CARRY4 (Prop_carry4_CI_CO[3])
                                                      0.117    10.680 r  p_1_out__0_i_4/CO[3]
                         net (fo=1, unplaced)         0.000    10.680    p_1_out__0_i_4_n_0
                         CARRY4 (Prop_carry4_CI_CO[3])
                                                      0.117    10.797 r  p_1_out__0_i_3/CO[3]
                         net (fo=1, unplaced)         0.000    10.797    p_1_out__0_i_3_n_0
                         CARRY4 (Prop_carry4_CI_CO[3])
                                                      0.117    10.914 r  p_1_out__0_i_2/CO[3]
                         net (fo=1, unplaced)         0.000    10.914    p_1_out__0_i_2_n_0
                         CARRY4 (Prop_carry4_CI_O[1])
                                                      0.337    11.251 r  p_1_out__0_i_1/O[1]
                         net (fo=2, unplaced)         0.803    12.054    p_1_out__0_i_1_n_6
                         DSP48E1 (Prop_dsp48e1_A[16]_PCOUT[47])
                                                      4.215    16.269 r  p_1_out__0/PCOUT[47]
                         net (fo=1, unplaced)         0.000    16.269    p_1_out__0_n_106
                         DSP48E1 (Prop_dsp48e1_PCIN[47]_PCOUT[47])
                                                      1.713    17.982 r  p_1_out__1/PCOUT[47]
                         net (fo=1, unplaced)         0.000    17.982    p_1_out__1_n_106
                         DSP48E1 (Prop_dsp48e1_PCIN[47]_P[1])
                                                      1.518    19.500 r  p_1_out__2/P[1]
                         net (fo=3, unplaced)         0.803    20.302    p_1_out__2_n_104
                         LUT3 (Prop_lut3_I1_O)        0.149    20.451 r  dots[0][31]_i_28/O
                         net (fo=2, unplaced)         0.459    20.910    dots[0][31]_i_28_n_0
                         LUT4 (Prop_lut4_I3_O)        0.355    21.265 r  dots[0][31]_i_32/O
                         net (fo=1, unplaced)         0.000    21.265    dots[0][31]_i_32_n_0
                         CARRY4 (Prop_carry4_S[0]_CO[3])
                                                      0.513    21.778 r  dots_reg[0][31]_i_16/CO[3]
                         net (fo=1, unplaced)         0.000    21.778    dots_reg[0][31]_i_16_n_0
                         CARRY4 (Prop_carry4_CI_CO[3])
                                                      0.117    21.895 r  dots_reg[0][31]_i_7/CO[3]
                         net (fo=1, unplaced)         0.000    21.895    dots_reg[0][31]_i_7_n_0
                         CARRY4 (Prop_carry4_CI_O[2])
                                                      0.256    22.151 r  dots_reg[0][31]_i_4/O[2]
                         net (fo=93, unplaced)        0.550    22.701    p_3_out[63]
                         LUT4 (Prop_lut4_I2_O)        0.293    22.994 r  dots[0][0]_i_79/O
                         net (fo=1, unplaced)         0.000    22.994    dots[0][0]_i_79_n_0
                         CARRY4 (Prop_carry4_DI[0]_CO[3])
                                                      0.576    23.570 r  dots_reg[0][0]_i_57/CO[3]
                         net (fo=1, unplaced)         0.000    23.570    dots_reg[0][0]_i_57_n_0
                         CARRY4 (Prop_carry4_CI_CO[3])
                                                      0.117    23.687 r  dots_reg[0][0]_i_35/CO[3]
                         net (fo=1, unplaced)         0.000    23.687    dots_reg[0][0]_i_35_n_0
                         CARRY4 (Prop_carry4_CI_CO[3])
                                                      0.117    23.804 r  dots_reg[0][0]_i_15/CO[3]
                         net (fo=1, unplaced)         0.000    23.804    dots_reg[0][0]_i_15_n_0
                         CARRY4 (Prop_carry4_CI_CO[3])
                                                      0.117    23.921 r  dots_reg[0][0]_i_7/CO[3]
                         net (fo=1, unplaced)         0.000    23.921    dots_reg[0][0]_i_7_n_0
                         CARRY4 (Prop_carry4_CI_CO[2])
                                                      0.252    24.173 r  dots_reg[0][0]_i_2/CO[2]
                         net (fo=2, unplaced)         0.463    24.636    dots_reg[0][0]_i_2_n_1
                         LUT4 (Prop_lut4_I3_O)        0.310    24.946 r  dots[0][0]_i_6/O
                         net (fo=1, unplaced)         0.000    24.946    dots[0][0]_i_6_n_0
                         CARRY4 (Prop_carry4_S[0]_CO[3])
                                                      0.513    25.459 r  dots_reg[0][0]_i_1/CO[3]
                         net (fo=1, unplaced)         0.000    25.459    dots_reg[0][0]_i_1_n_0
                         CARRY4 (Prop_carry4_CI_CO[3])
                                                      0.117    25.576 r  dots_reg[0][7]_i_2/CO[3]
                         net (fo=1, unplaced)         0.000    25.576    dots_reg[0][7]_i_2_n_0
                         CARRY4 (Prop_carry4_CI_CO[3])
                                                      0.117    25.693 r  dots_reg[0][11]_i_2/CO[3]
                         net (fo=1, unplaced)         0.000    25.693    dots_reg[0][11]_i_2_n_0
                         CARRY4 (Prop_carry4_CI_CO[3])
                                                      0.117    25.810 r  dots_reg[0][15]_i_2/CO[3]
                         net (fo=1, unplaced)         0.000    25.810    dots_reg[0][15]_i_2_n_0
                         CARRY4 (Prop_carry4_CI_CO[3])
                                                      0.117    25.927 r  dots_reg[0][19]_i_2/CO[3]
                         net (fo=1, unplaced)         0.000    25.927    dots_reg[0][19]_i_2_n_0
                         CARRY4 (Prop_carry4_CI_O[2])
                                                      0.256    26.183 f  dots_reg[0][23]_i_2/O[2]
                         net (fo=2, unplaced)         0.463    26.646    dots_reg[0][23]_i_2_n_5
                         LUT1 (Prop_lut1_I0_O)        0.301    26.947 r  dots[0][24]_i_5/O
                         net (fo=1, unplaced)         0.000    26.947    dots[0][24]_i_5_n_0
                         CARRY4 (Prop_carry4_S[1]_CO[3])
                                                      0.533    27.480 r  dots_reg[0][24]_i_2/CO[3]
                         net (fo=1, unplaced)         0.000    27.480    dots_reg[0][24]_i_2_n_0
                         CARRY4 (Prop_carry4_CI_O[2])
                                                      0.256    27.736 r  dots_reg[0][31]_i_5/O[2]
                         net (fo=1, unplaced)         0.452    28.188    dots_reg[0][31]_i_5_n_5
                         LUT3 (Prop_lut3_I0_O)        0.301    28.489 r  dots[0][27]_i_1/O
                         net (fo=24, unplaced)        0.000    28.489    c4_rq1_return[27]
                         FDRE                                         r  dots_reg[18][27]/D
  -------------------------------------------------------------------    -------------------

                         (clock clk rise edge)       10.000    10.000 r  <hidden>
                                                      0.000    10.000 r  clk
                         net (fo=43025, unset)        0.924    10.924    clk
                         FDRE                                         r  dots_reg[18][27]/C
                         clock pessimism              0.000    10.924    <hidden>
                         clock uncertainty           -0.035    10.889    <hidden>
                         FDRE (Setup_fdre_C_D)        0.044    10.933    dots_reg[18][27]
  -------------------------------------------------------------------
                         required time                         10.933    <hidden>
                         arrival time                         -28.489    <hidden>
  -------------------------------------------------------------------
                         slack                                -17.556    <hidden>

Slack (VIOLATED) :        -17.556ns  (required time - arrival time)
  Source:                 kv_reg[23][31][15]/C
                            (rising edge-triggered cell FDRE clocked by clk  {rise@0.000ns fall@5.000ns period=10.000ns})
  Destination:            dots_reg[19][27]/D
                            (rising edge-triggered cell FDRE clocked by clk  {rise@0.000ns fall@5.000ns period=10.000ns})
  Path Group:             clk
  Path Type:              Setup (Max at Slow Process Corner)
  Requirement:            10.000ns  (clk rise@10.000ns - clk rise@0.000ns)
  Data Path Delay:        27.516ns  (logic 20.218ns (73.476%)  route 7.298ns (26.524%))
  Logic Levels:           39  (CARRY4=25 DSP48E1=4 LUT1=1 LUT2=1 LUT3=2 LUT4=3 LUT5=1 LUT6=1 MUXF7=1)
  Clock Path Skew:        -0.049ns (DCD - SCD + CPR)
    Destination Clock Delay (DCD):    0.924ns = ( 10.924 - 10.000 ) 
    Source Clock Delay      (SCD):    0.973ns
    Clock Pessimism Removal (CPR):    0.000ns
  Clock Uncertainty:      0.035ns  ((TSJ^2 + TIJ^2)^1/2 + DJ) / 2 + PE
    Total System Jitter     (TSJ):    0.071ns
    Total Input Jitter      (TIJ):    0.000ns
    Discrete Jitter          (DJ):    0.000ns
    Phase Error              (PE):    0.000ns

    Location             Delay type                Incr(ns)  Path(ns)    Netlist Resource(s)
  -------------------------------------------------------------------    -------------------
                         (clock clk rise edge)        0.000     0.000 r  <hidden>
                                                      0.000     0.000 r  clk
                         net (fo=43025, unset)        0.973     0.973    clk
                         FDRE                                         r  kv_reg[23][31][15]/C
  -------------------------------------------------------------------    -------------------
                         FDRE (Prop_fdre_C_Q)         0.478     1.451 r  kv_reg[23][31][15]/Q
                         net (fo=1, unplaced)         0.965     2.416    kv_reg_n_0_[23][31][15]
                         LUT6 (Prop_lut6_I0_O)        0.295     2.711 r  p_0_out_i_66/O
                         net (fo=1, unplaced)         0.000     2.711    p_0_out_i_66_n_0
                         MUXF7 (Prop_muxf7_I1_O)      0.247     2.958 r  p_0_out_i_17/O
                         net (fo=1, unplaced)         0.735     3.693    p_0_out_i_17_n_0
                         LUT5 (Prop_lut5_I0_O)        0.298     3.991 r  p_0_out_i_1/O
                         net (fo=16, unplaced)        0.803     4.794    kv[15]
                         DSP48E1 (Prop_dsp48e1_A[29]_P[1])
                                                      3.841     8.635 r  p_0_out/P[1]
                         net (fo=1, unplaced)         0.803     9.438    p_0_out_n_104
                         LUT2 (Prop_lut2_I1_O)        0.124     9.562 r  p_1_out__3_i_19/O
                         net (fo=1, unplaced)         0.000     9.562    p_1_out__3_i_19_n_0
                         CARRY4 (Prop_carry4_S[1]_CO[3])
                                                      0.533    10.095 r  p_1_out__3_i_4/CO[3]
                         net (fo=1, unplaced)         0.000    10.095    p_1_out__3_i_4_n_0
                         CARRY4 (Prop_carry4_CI_CO[3])
                                                      0.117    10.212 r  p_1_out__3_i_3/CO[3]
                         net (fo=1, unplaced)         0.000    10.212    p_1_out__3_i_3_n_0
                         CARRY4 (Prop_carry4_CI_CO[3])
                                                      0.117    10.329 r  p_1_out__3_i_2/CO[3]
                         net (fo=1, unplaced)         0.000    10.329    p_1_out__3_i_2_n_0
                         CARRY4 (Prop_carry4_CI_CO[3])
                                                      0.117    10.446 r  p_1_out__3_i_1/CO[3]
                         net (fo=1, unplaced)         0.000    10.446    p_1_out__3_i_1_n_0
                         CARRY4 (Prop_carry4_CI_CO[3])
                                                      0.117    10.563 r  p_1_out__0_i_5/CO[3]
                         net (fo=1, unplaced)         0.000    10.563    p_1_out__0_i_5_n_0
                         CARRY4 (Prop_carry4_CI_CO[3])
                                                      0.117    10.680 r  p_1_out__0_i_4/CO[3]
                         net (fo=1, unplaced)         0.000    10.680    p_1_out__0_i_4_n_0
                         CARRY4 (Prop_carry4_CI_CO[3])
                                                      0.117    10.797 r  p_1_out__0_i_3/CO[3]
                         net (fo=1, unplaced)         0.000    10.797    p_1_out__0_i_3_n_0
                         CARRY4 (Prop_carry4_CI_CO[3])
                                                      0.117    10.914 r  p_1_out__0_i_2/CO[3]
                         net (fo=1, unplaced)         0.000    10.914    p_1_out__0_i_2_n_0
                         CARRY4 (Prop_carry4_CI_O[1])
                                                      0.337    11.251 r  p_1_out__0_i_1/O[1]
                         net (fo=2, unplaced)         0.803    12.054    p_1_out__0_i_1_n_6
                         DSP48E1 (Prop_dsp48e1_A[16]_PCOUT[47])
                                                      4.215    16.269 r  p_1_out__0/PCOUT[47]
                         net (fo=1, unplaced)         0.000    16.269    p_1_out__0_n_106
                         DSP48E1 (Prop_dsp48e1_PCIN[47]_PCOUT[47])
                                                      1.713    17.982 r  p_1_out__1/PCOUT[47]
                         net (fo=1, unplaced)         0.000    17.982    p_1_out__1_n_106
                         DSP48E1 (Prop_dsp48e1_PCIN[47]_P[1])
                                                      1.518    19.500 r  p_1_out__2/P[1]
                         net (fo=3, unplaced)         0.803    20.302    p_1_out__2_n_104
                         LUT3 (Prop_lut3_I1_O)        0.149    20.451 r  dots[0][31]_i_28/O
                         net (fo=2, unplaced)         0.459    20.910    dots[0][31]_i_28_n_0
                         LUT4 (Prop_lut4_I3_O)        0.355    21.265 r  dots[0][31]_i_32/O
                         net (fo=1, unplaced)         0.000    21.265    dots[0][31]_i_32_n_0
                         CARRY4 (Prop_carry4_S[0]_CO[3])
                                                      0.513    21.778 r  dots_reg[0][31]_i_16/CO[3]
                         net (fo=1, unplaced)         0.000    21.778    dots_reg[0][31]_i_16_n_0
                         CARRY4 (Prop_carry4_CI_CO[3])
                                                      0.117    21.895 r  dots_reg[0][31]_i_7/CO[3]
                         net (fo=1, unplaced)         0.000    21.895    dots_reg[0][31]_i_7_n_0
                         CARRY4 (Prop_carry4_CI_O[2])
                                                      0.256    22.151 r  dots_reg[0][31]_i_4/O[2]
                         net (fo=93, unplaced)        0.550    22.701    p_3_out[63]
                         LUT4 (Prop_lut4_I2_O)        0.293    22.994 r  dots[0][0]_i_79/O
                         net (fo=1, unplaced)         0.000    22.994    dots[0][0]_i_79_n_0
                         CARRY4 (Prop_carry4_DI[0]_CO[3])
                                                      0.576    23.570 r  dots_reg[0][0]_i_57/CO[3]
                         net (fo=1, unplaced)         0.000    23.570    dots_reg[0][0]_i_57_n_0
                         CARRY4 (Prop_carry4_CI_CO[3])
                                                      0.117    23.687 r  dots_reg[0][0]_i_35/CO[3]
                         net (fo=1, unplaced)         0.000    23.687    dots_reg[0][0]_i_35_n_0
                         CARRY4 (Prop_carry4_CI_CO[3])
                                                      0.117    23.804 r  dots_reg[0][0]_i_15/CO[3]
                         net (fo=1, unplaced)         0.000    23.804    dots_reg[0][0]_i_15_n_0
                         CARRY4 (Prop_carry4_CI_CO[3])
                                                      0.117    23.921 r  dots_reg[0][0]_i_7/CO[3]
                         net (fo=1, unplaced)         0.000    23.921    dots_reg[0][0]_i_7_n_0
                         CARRY4 (Prop_carry4_CI_CO[2])
                                                      0.252    24.173 r  dots_reg[0][0]_i_2/CO[2]
                         net (fo=2, unplaced)         0.463    24.636    dots_reg[0][0]_i_2_n_1
                         LUT4 (Prop_lut4_I3_O)        0.310    24.946 r  dots[0][0]_i_6/O
                         net (fo=1, unplaced)         0.000    24.946    dots[0][0]_i_6_n_0
                         CARRY4 (Prop_carry4_S[0]_CO[3])
                                                      0.513    25.459 r  dots_reg[0][0]_i_1/CO[3]
                         net (fo=1, unplaced)         0.000    25.459    dots_reg[0][0]_i_1_n_0
                         CARRY4 (Prop_carry4_CI_CO[3])
                                                      0.117    25.576 r  dots_reg[0][7]_i_2/CO[3]
                         net (fo=1, unplaced)         0.000    25.576    dots_reg[0][7]_i_2_n_0
                         CARRY4 (Prop_carry4_CI_CO[3])
                                                      0.117    25.693 r  dots_reg[0][11]_i_2/CO[3]
                         net (fo=1, unplaced)         0.000    25.693    dots_reg[0][11]_i_2_n_0
                         CARRY4 (Prop_carry4_CI_CO[3])
                                                      0.117    25.810 r  dots_reg[0][15]_i_2/CO[3]
                         net (fo=1, unplaced)         0.000    25.810    dots_reg[0][15]_i_2_n_0
                         CARRY4 (Prop_carry4_CI_CO[3])
                                                      0.117    25.927 r  dots_reg[0][19]_i_2/CO[3]
                         net (fo=1, unplaced)         0.000    25.927    dots_reg[0][19]_i_2_n_0
                         CARRY4 (Prop_carry4_CI_O[2])
                                                      0.256    26.183 f  dots_reg[0][23]_i_2/O[2]
                         net (fo=2, unplaced)         0.463    26.646    dots_reg[0][23]_i_2_n_5
                         LUT1 (Prop_lut1_I0_O)        0.301    26.947 r  dots[0][24]_i_5/O
                         net (fo=1, unplaced)         0.000    26.947    dots[0][24]_i_5_n_0
                         CARRY4 (Prop_carry4_S[1]_CO[3])
                                                      0.533    27.480 r  dots_reg[0][24]_i_2/CO[3]
                         net (fo=1, unplaced)         0.000    27.480    dots_reg[0][24]_i_2_n_0
                         CARRY4 (Prop_carry4_CI_O[2])
                                                      0.256    27.736 r  dots_reg[0][31]_i_5/O[2]
                         net (fo=1, unplaced)         0.452    28.188    dots_reg[0][31]_i_5_n_5
                         LUT3 (Prop_lut3_I0_O)        0.301    28.489 r  dots[0][27]_i_1/O
                         net (fo=24, unplaced)        0.000    28.489    c4_rq1_return[27]
                         FDRE                                         r  dots_reg[19][27]/D
  -------------------------------------------------------------------    -------------------

                         (clock clk rise edge)       10.000    10.000 r  <hidden>
                                                      0.000    10.000 r  clk
                         net (fo=43025, unset)        0.924    10.924    clk
                         FDRE                                         r  dots_reg[19][27]/C
                         clock pessimism              0.000    10.924    <hidden>
                         clock uncertainty           -0.035    10.889    <hidden>
                         FDRE (Setup_fdre_C_D)        0.044    10.933    dots_reg[19][27]
  -------------------------------------------------------------------
                         required time                         10.933    <hidden>
                         arrival time                         -28.489    <hidden>
  -------------------------------------------------------------------
                         slack                                -17.556    <hidden>

Slack (VIOLATED) :        -17.556ns  (required time - arrival time)
  Source:                 kv_reg[23][31][15]/C
                            (rising edge-triggered cell FDRE clocked by clk  {rise@0.000ns fall@5.000ns period=10.000ns})
  Destination:            dots_reg[1][27]/D
                            (rising edge-triggered cell FDRE clocked by clk  {rise@0.000ns fall@5.000ns period=10.000ns})
  Path Group:             clk
  Path Type:              Setup (Max at Slow Process Corner)
  Requirement:            10.000ns  (clk rise@10.000ns - clk rise@0.000ns)
  Data Path Delay:        27.516ns  (logic 20.218ns (73.476%)  route 7.298ns (26.524%))
  Logic Levels:           39  (CARRY4=25 DSP48E1=4 LUT1=1 LUT2=1 LUT3=2 LUT4=3 LUT5=1 LUT6=1 MUXF7=1)
  Clock Path Skew:        -0.049ns (DCD - SCD + CPR)
    Destination Clock Delay (DCD):    0.924ns = ( 10.924 - 10.000 ) 
    Source Clock Delay      (SCD):    0.973ns
    Clock Pessimism Removal (CPR):    0.000ns
  Clock Uncertainty:      0.035ns  ((TSJ^2 + TIJ^2)^1/2 + DJ) / 2 + PE
    Total System Jitter     (TSJ):    0.071ns
    Total Input Jitter      (TIJ):    0.000ns
    Discrete Jitter          (DJ):    0.000ns
    Phase Error              (PE):    0.000ns

    Location             Delay type                Incr(ns)  Path(ns)    Netlist Resource(s)
  -------------------------------------------------------------------    -------------------
                         (clock clk rise edge)        0.000     0.000 r  <hidden>
                                                      0.000     0.000 r  clk
                         net (fo=43025, unset)        0.973     0.973    clk
                         FDRE                                         r  kv_reg[23][31][15]/C
  -------------------------------------------------------------------    -------------------
                         FDRE (Prop_fdre_C_Q)         0.478     1.451 r  kv_reg[23][31][15]/Q
                         net (fo=1, unplaced)         0.965     2.416    kv_reg_n_0_[23][31][15]
                         LUT6 (Prop_lut6_I0_O)        0.295     2.711 r  p_0_out_i_66/O
                         net (fo=1, unplaced)         0.000     2.711    p_0_out_i_66_n_0
                         MUXF7 (Prop_muxf7_I1_O)      0.247     2.958 r  p_0_out_i_17/O
                         net (fo=1, unplaced)         0.735     3.693    p_0_out_i_17_n_0
                         LUT5 (Prop_lut5_I0_O)        0.298     3.991 r  p_0_out_i_1/O
                         net (fo=16, unplaced)        0.803     4.794    kv[15]
                         DSP48E1 (Prop_dsp48e1_A[29]_P[1])
                                                      3.841     8.635 r  p_0_out/P[1]
                         net (fo=1, unplaced)         0.803     9.438    p_0_out_n_104
                         LUT2 (Prop_lut2_I1_O)        0.124     9.562 r  p_1_out__3_i_19/O
                         net (fo=1, unplaced)         0.000     9.562    p_1_out__3_i_19_n_0
                         CARRY4 (Prop_carry4_S[1]_CO[3])
                                                      0.533    10.095 r  p_1_out__3_i_4/CO[3]
                         net (fo=1, unplaced)         0.000    10.095    p_1_out__3_i_4_n_0
                         CARRY4 (Prop_carry4_CI_CO[3])
                                                      0.117    10.212 r  p_1_out__3_i_3/CO[3]
                         net (fo=1, unplaced)         0.000    10.212    p_1_out__3_i_3_n_0
                         CARRY4 (Prop_carry4_CI_CO[3])
                                                      0.117    10.329 r  p_1_out__3_i_2/CO[3]
                         net (fo=1, unplaced)         0.000    10.329    p_1_out__3_i_2_n_0
                         CARRY4 (Prop_carry4_CI_CO[3])
                                                      0.117    10.446 r  p_1_out__3_i_1/CO[3]
                         net (fo=1, unplaced)         0.000    10.446    p_1_out__3_i_1_n_0
                         CARRY4 (Prop_carry4_CI_CO[3])
                                                      0.117    10.563 r  p_1_out__0_i_5/CO[3]
                         net (fo=1, unplaced)         0.000    10.563    p_1_out__0_i_5_n_0
                         CARRY4 (Prop_carry4_CI_CO[3])
                                                      0.117    10.680 r  p_1_out__0_i_4/CO[3]
                         net (fo=1, unplaced)         0.000    10.680    p_1_out__0_i_4_n_0
                         CARRY4 (Prop_carry4_CI_CO[3])
                                                      0.117    10.797 r  p_1_out__0_i_3/CO[3]
                         net (fo=1, unplaced)         0.000    10.797    p_1_out__0_i_3_n_0
                         CARRY4 (Prop_carry4_CI_CO[3])
                                                      0.117    10.914 r  p_1_out__0_i_2/CO[3]
                         net (fo=1, unplaced)         0.000    10.914    p_1_out__0_i_2_n_0
                         CARRY4 (Prop_carry4_CI_O[1])
                                                      0.337    11.251 r  p_1_out__0_i_1/O[1]
                         net (fo=2, unplaced)         0.803    12.054    p_1_out__0_i_1_n_6
                         DSP48E1 (Prop_dsp48e1_A[16]_PCOUT[47])
                                                      4.215    16.269 r  p_1_out__0/PCOUT[47]
                         net (fo=1, unplaced)         0.000    16.269    p_1_out__0_n_106
                         DSP48E1 (Prop_dsp48e1_PCIN[47]_PCOUT[47])
                                                      1.713    17.982 r  p_1_out__1/PCOUT[47]
                         net (fo=1, unplaced)         0.000    17.982    p_1_out__1_n_106
                         DSP48E1 (Prop_dsp48e1_PCIN[47]_P[1])
                                                      1.518    19.500 r  p_1_out__2/P[1]
                         net (fo=3, unplaced)         0.803    20.302    p_1_out__2_n_104
                         LUT3 (Prop_lut3_I1_O)        0.149    20.451 r  dots[0][31]_i_28/O
                         net (fo=2, unplaced)         0.459    20.910    dots[0][31]_i_28_n_0
                         LUT4 (Prop_lut4_I3_O)        0.355    21.265 r  dots[0][31]_i_32/O
                         net (fo=1, unplaced)         0.000    21.265    dots[0][31]_i_32_n_0
                         CARRY4 (Prop_carry4_S[0]_CO[3])
                                                      0.513    21.778 r  dots_reg[0][31]_i_16/CO[3]
                         net (fo=1, unplaced)         0.000    21.778    dots_reg[0][31]_i_16_n_0
                         CARRY4 (Prop_carry4_CI_CO[3])
                                                      0.117    21.895 r  dots_reg[0][31]_i_7/CO[3]
                         net (fo=1, unplaced)         0.000    21.895    dots_reg[0][31]_i_7_n_0
                         CARRY4 (Prop_carry4_CI_O[2])
                                                      0.256    22.151 r  dots_reg[0][31]_i_4/O[2]
                         net (fo=93, unplaced)        0.550    22.701    p_3_out[63]
                         LUT4 (Prop_lut4_I2_O)        0.293    22.994 r  dots[0][0]_i_79/O
                         net (fo=1, unplaced)         0.000    22.994    dots[0][0]_i_79_n_0
                         CARRY4 (Prop_carry4_DI[0]_CO[3])
                                                      0.576    23.570 r  dots_reg[0][0]_i_57/CO[3]
                         net (fo=1, unplaced)         0.000    23.570    dots_reg[0][0]_i_57_n_0
                         CARRY4 (Prop_carry4_CI_CO[3])
                                                      0.117    23.687 r  dots_reg[0][0]_i_35/CO[3]
                         net (fo=1, unplaced)         0.000    23.687    dots_reg[0][0]_i_35_n_0
                         CARRY4 (Prop_carry4_CI_CO[3])
                                                      0.117    23.804 r  dots_reg[0][0]_i_15/CO[3]
                         net (fo=1, unplaced)         0.000    23.804    dots_reg[0][0]_i_15_n_0
                         CARRY4 (Prop_carry4_CI_CO[3])
                                                      0.117    23.921 r  dots_reg[0][0]_i_7/CO[3]
                         net (fo=1, unplaced)         0.000    23.921    dots_reg[0][0]_i_7_n_0
                         CARRY4 (Prop_carry4_CI_CO[2])
                                                      0.252    24.173 r  dots_reg[0][0]_i_2/CO[2]
                         net (fo=2, unplaced)         0.463    24.636    dots_reg[0][0]_i_2_n_1
                         LUT4 (Prop_lut4_I3_O)        0.310    24.946 r  dots[0][0]_i_6/O
                         net (fo=1, unplaced)         0.000    24.946    dots[0][0]_i_6_n_0
                         CARRY4 (Prop_carry4_S[0]_CO[3])
                                                      0.513    25.459 r  dots_reg[0][0]_i_1/CO[3]
                         net (fo=1, unplaced)         0.000    25.459    dots_reg[0][0]_i_1_n_0
                         CARRY4 (Prop_carry4_CI_CO[3])
                                                      0.117    25.576 r  dots_reg[0][7]_i_2/CO[3]
                         net (fo=1, unplaced)         0.000    25.576    dots_reg[0][7]_i_2_n_0
                         CARRY4 (Prop_carry4_CI_CO[3])
                                                      0.117    25.693 r  dots_reg[0][11]_i_2/CO[3]
                         net (fo=1, unplaced)         0.000    25.693    dots_reg[0][11]_i_2_n_0
                         CARRY4 (Prop_carry4_CI_CO[3])
                                                      0.117    25.810 r  dots_reg[0][15]_i_2/CO[3]
                         net (fo=1, unplaced)         0.000    25.810    dots_reg[0][15]_i_2_n_0
                         CARRY4 (Prop_carry4_CI_CO[3])
                                                      0.117    25.927 r  dots_reg[0][19]_i_2/CO[3]
                         net (fo=1, unplaced)         0.000    25.927    dots_reg[0][19]_i_2_n_0
                         CARRY4 (Prop_carry4_CI_O[2])
                                                      0.256    26.183 f  dots_reg[0][23]_i_2/O[2]
                         net (fo=2, unplaced)         0.463    26.646    dots_reg[0][23]_i_2_n_5
                         LUT1 (Prop_lut1_I0_O)        0.301    26.947 r  dots[0][24]_i_5/O
                         net (fo=1, unplaced)         0.000    26.947    dots[0][24]_i_5_n_0
                         CARRY4 (Prop_carry4_S[1]_CO[3])
                                                      0.533    27.480 r  dots_reg[0][24]_i_2/CO[3]
                         net (fo=1, unplaced)         0.000    27.480    dots_reg[0][24]_i_2_n_0
                         CARRY4 (Prop_carry4_CI_O[2])
                                                      0.256    27.736 r  dots_reg[0][31]_i_5/O[2]
                         net (fo=1, unplaced)         0.452    28.188    dots_reg[0][31]_i_5_n_5
                         LUT3 (Prop_lut3_I0_O)        0.301    28.489 r  dots[0][27]_i_1/O
                         net (fo=24, unplaced)        0.000    28.489    c4_rq1_return[27]
                         FDRE                                         r  dots_reg[1][27]/D
  -------------------------------------------------------------------    -------------------

                         (clock clk rise edge)       10.000    10.000 r  <hidden>
                                                      0.000    10.000 r  clk
                         net (fo=43025, unset)        0.924    10.924    clk
                         FDRE                                         r  dots_reg[1][27]/C
                         clock pessimism              0.000    10.924    <hidden>
                         clock uncertainty           -0.035    10.889    <hidden>
                         FDRE (Setup_fdre_C_D)        0.044    10.933    dots_reg[1][27]
  -------------------------------------------------------------------
                         required time                         10.933    <hidden>
                         arrival time                         -28.489    <hidden>
  -------------------------------------------------------------------
                         slack                                -17.556    <hidden>

Slack (VIOLATED) :        -17.556ns  (required time - arrival time)
  Source:                 kv_reg[23][31][15]/C
                            (rising edge-triggered cell FDRE clocked by clk  {rise@0.000ns fall@5.000ns period=10.000ns})
  Destination:            dots_reg[20][27]/D
                            (rising edge-triggered cell FDRE clocked by clk  {rise@0.000ns fall@5.000ns period=10.000ns})
  Path Group:             clk
  Path Type:              Setup (Max at Slow Process Corner)
  Requirement:            10.000ns  (clk rise@10.000ns - clk rise@0.000ns)
  Data Path Delay:        27.516ns  (logic 20.218ns (73.476%)  route 7.298ns (26.524%))
  Logic Levels:           39  (CARRY4=25 DSP48E1=4 LUT1=1 LUT2=1 LUT3=2 LUT4=3 LUT5=1 LUT6=1 MUXF7=1)
  Clock Path Skew:        -0.049ns (DCD - SCD + CPR)
    Destination Clock Delay (DCD):    0.924ns = ( 10.924 - 10.000 ) 
    Source Clock Delay      (SCD):    0.973ns
    Clock Pessimism Removal (CPR):    0.000ns
  Clock Uncertainty:      0.035ns  ((TSJ^2 + TIJ^2)^1/2 + DJ) / 2 + PE
    Total System Jitter     (TSJ):    0.071ns
    Total Input Jitter      (TIJ):    0.000ns
    Discrete Jitter          (DJ):    0.000ns
    Phase Error              (PE):    0.000ns

    Location             Delay type                Incr(ns)  Path(ns)    Netlist Resource(s)
  -------------------------------------------------------------------    -------------------
                         (clock clk rise edge)        0.000     0.000 r  <hidden>
                                                      0.000     0.000 r  clk
                         net (fo=43025, unset)        0.973     0.973    clk
                         FDRE                                         r  kv_reg[23][31][15]/C
  -------------------------------------------------------------------    -------------------
                         FDRE (Prop_fdre_C_Q)         0.478     1.451 r  kv_reg[23][31][15]/Q
                         net (fo=1, unplaced)         0.965     2.416    kv_reg_n_0_[23][31][15]
                         LUT6 (Prop_lut6_I0_O)        0.295     2.711 r  p_0_out_i_66/O
                         net (fo=1, unplaced)         0.000     2.711    p_0_out_i_66_n_0
                         MUXF7 (Prop_muxf7_I1_O)      0.247     2.958 r  p_0_out_i_17/O
                         net (fo=1, unplaced)         0.735     3.693    p_0_out_i_17_n_0
                         LUT5 (Prop_lut5_I0_O)        0.298     3.991 r  p_0_out_i_1/O
                         net (fo=16, unplaced)        0.803     4.794    kv[15]
                         DSP48E1 (Prop_dsp48e1_A[29]_P[1])
                                                      3.841     8.635 r  p_0_out/P[1]
                         net (fo=1, unplaced)         0.803     9.438    p_0_out_n_104
                         LUT2 (Prop_lut2_I1_O)        0.124     9.562 r  p_1_out__3_i_19/O
                         net (fo=1, unplaced)         0.000     9.562    p_1_out__3_i_19_n_0
                         CARRY4 (Prop_carry4_S[1]_CO[3])
                                                      0.533    10.095 r  p_1_out__3_i_4/CO[3]
                         net (fo=1, unplaced)         0.000    10.095    p_1_out__3_i_4_n_0
                         CARRY4 (Prop_carry4_CI_CO[3])
                                                      0.117    10.212 r  p_1_out__3_i_3/CO[3]
                         net (fo=1, unplaced)         0.000    10.212    p_1_out__3_i_3_n_0
                         CARRY4 (Prop_carry4_CI_CO[3])
                                                      0.117    10.329 r  p_1_out__3_i_2/CO[3]
                         net (fo=1, unplaced)         0.000    10.329    p_1_out__3_i_2_n_0
                         CARRY4 (Prop_carry4_CI_CO[3])
                                                      0.117    10.446 r  p_1_out__3_i_1/CO[3]
                         net (fo=1, unplaced)         0.000    10.446    p_1_out__3_i_1_n_0
                         CARRY4 (Prop_carry4_CI_CO[3])
                                                      0.117    10.563 r  p_1_out__0_i_5/CO[3]
                         net (fo=1, unplaced)         0.000    10.563    p_1_out__0_i_5_n_0
                         CARRY4 (Prop_carry4_CI_CO[3])
                                                      0.117    10.680 r  p_1_out__0_i_4/CO[3]
                         net (fo=1, unplaced)         0.000    10.680    p_1_out__0_i_4_n_0
                         CARRY4 (Prop_carry4_CI_CO[3])
                                                      0.117    10.797 r  p_1_out__0_i_3/CO[3]
                         net (fo=1, unplaced)         0.000    10.797    p_1_out__0_i_3_n_0
                         CARRY4 (Prop_carry4_CI_CO[3])
                                                      0.117    10.914 r  p_1_out__0_i_2/CO[3]
                         net (fo=1, unplaced)         0.000    10.914    p_1_out__0_i_2_n_0
                         CARRY4 (Prop_carry4_CI_O[1])
                                                      0.337    11.251 r  p_1_out__0_i_1/O[1]
                         net (fo=2, unplaced)         0.803    12.054    p_1_out__0_i_1_n_6
                         DSP48E1 (Prop_dsp48e1_A[16]_PCOUT[47])
                                                      4.215    16.269 r  p_1_out__0/PCOUT[47]
                         net (fo=1, unplaced)         0.000    16.269    p_1_out__0_n_106
                         DSP48E1 (Prop_dsp48e1_PCIN[47]_PCOUT[47])
                                                      1.713    17.982 r  p_1_out__1/PCOUT[47]
                         net (fo=1, unplaced)         0.000    17.982    p_1_out__1_n_106
                         DSP48E1 (Prop_dsp48e1_PCIN[47]_P[1])
                                                      1.518    19.500 r  p_1_out__2/P[1]
                         net (fo=3, unplaced)         0.803    20.302    p_1_out__2_n_104
                         LUT3 (Prop_lut3_I1_O)        0.149    20.451 r  dots[0][31]_i_28/O
                         net (fo=2, unplaced)         0.459    20.910    dots[0][31]_i_28_n_0
                         LUT4 (Prop_lut4_I3_O)        0.355    21.265 r  dots[0][31]_i_32/O
                         net (fo=1, unplaced)         0.000    21.265    dots[0][31]_i_32_n_0
                         CARRY4 (Prop_carry4_S[0]_CO[3])
                                                      0.513    21.778 r  dots_reg[0][31]_i_16/CO[3]
                         net (fo=1, unplaced)         0.000    21.778    dots_reg[0][31]_i_16_n_0
                         CARRY4 (Prop_carry4_CI_CO[3])
                                                      0.117    21.895 r  dots_reg[0][31]_i_7/CO[3]
                         net (fo=1, unplaced)         0.000    21.895    dots_reg[0][31]_i_7_n_0
                         CARRY4 (Prop_carry4_CI_O[2])
                                                      0.256    22.151 r  dots_reg[0][31]_i_4/O[2]
                         net (fo=93, unplaced)        0.550    22.701    p_3_out[63]
                         LUT4 (Prop_lut4_I2_O)        0.293    22.994 r  dots[0][0]_i_79/O
                         net (fo=1, unplaced)         0.000    22.994    dots[0][0]_i_79_n_0
                         CARRY4 (Prop_carry4_DI[0]_CO[3])
                                                      0.576    23.570 r  dots_reg[0][0]_i_57/CO[3]
                         net (fo=1, unplaced)         0.000    23.570    dots_reg[0][0]_i_57_n_0
                         CARRY4 (Prop_carry4_CI_CO[3])
                                                      0.117    23.687 r  dots_reg[0][0]_i_35/CO[3]
                         net (fo=1, unplaced)         0.000    23.687    dots_reg[0][0]_i_35_n_0
                         CARRY4 (Prop_carry4_CI_CO[3])
                                                      0.117    23.804 r  dots_reg[0][0]_i_15/CO[3]
                         net (fo=1, unplaced)         0.000    23.804    dots_reg[0][0]_i_15_n_0
                         CARRY4 (Prop_carry4_CI_CO[3])
                                                      0.117    23.921 r  dots_reg[0][0]_i_7/CO[3]
                         net (fo=1, unplaced)         0.000    23.921    dots_reg[0][0]_i_7_n_0
                         CARRY4 (Prop_carry4_CI_CO[2])
                                                      0.252    24.173 r  dots_reg[0][0]_i_2/CO[2]
                         net (fo=2, unplaced)         0.463    24.636    dots_reg[0][0]_i_2_n_1
                         LUT4 (Prop_lut4_I3_O)        0.310    24.946 r  dots[0][0]_i_6/O
                         net (fo=1, unplaced)         0.000    24.946    dots[0][0]_i_6_n_0
                         CARRY4 (Prop_carry4_S[0]_CO[3])
                                                      0.513    25.459 r  dots_reg[0][0]_i_1/CO[3]
                         net (fo=1, unplaced)         0.000    25.459    dots_reg[0][0]_i_1_n_0
                         CARRY4 (Prop_carry4_CI_CO[3])
                                                      0.117    25.576 r  dots_reg[0][7]_i_2/CO[3]
                         net (fo=1, unplaced)         0.000    25.576    dots_reg[0][7]_i_2_n_0
                         CARRY4 (Prop_carry4_CI_CO[3])
                                                      0.117    25.693 r  dots_reg[0][11]_i_2/CO[3]
                         net (fo=1, unplaced)         0.000    25.693    dots_reg[0][11]_i_2_n_0
                         CARRY4 (Prop_carry4_CI_CO[3])
                                                      0.117    25.810 r  dots_reg[0][15]_i_2/CO[3]
                         net (fo=1, unplaced)         0.000    25.810    dots_reg[0][15]_i_2_n_0
                         CARRY4 (Prop_carry4_CI_CO[3])
                                                      0.117    25.927 r  dots_reg[0][19]_i_2/CO[3]
                         net (fo=1, unplaced)         0.000    25.927    dots_reg[0][19]_i_2_n_0
                         CARRY4 (Prop_carry4_CI_O[2])
                                                      0.256    26.183 f  dots_reg[0][23]_i_2/O[2]
                         net (fo=2, unplaced)         0.463    26.646    dots_reg[0][23]_i_2_n_5
                         LUT1 (Prop_lut1_I0_O)        0.301    26.947 r  dots[0][24]_i_5/O
                         net (fo=1, unplaced)         0.000    26.947    dots[0][24]_i_5_n_0
                         CARRY4 (Prop_carry4_S[1]_CO[3])
                                                      0.533    27.480 r  dots_reg[0][24]_i_2/CO[3]
                         net (fo=1, unplaced)         0.000    27.480    dots_reg[0][24]_i_2_n_0
                         CARRY4 (Prop_carry4_CI_O[2])
                                                      0.256    27.736 r  dots_reg[0][31]_i_5/O[2]
                         net (fo=1, unplaced)         0.452    28.188    dots_reg[0][31]_i_5_n_5
                         LUT3 (Prop_lut3_I0_O)        0.301    28.489 r  dots[0][27]_i_1/O
                         net (fo=24, unplaced)        0.000    28.489    c4_rq1_return[27]
                         FDRE                                         r  dots_reg[20][27]/D
  -------------------------------------------------------------------    -------------------

                         (clock clk rise edge)       10.000    10.000 r  <hidden>
                                                      0.000    10.000 r  clk
                         net (fo=43025, unset)        0.924    10.924    clk
                         FDRE                                         r  dots_reg[20][27]/C
                         clock pessimism              0.000    10.924    <hidden>
                         clock uncertainty           -0.035    10.889    <hidden>
                         FDRE (Setup_fdre_C_D)        0.044    10.933    dots_reg[20][27]
  -------------------------------------------------------------------
                         required time                         10.933    <hidden>
                         arrival time                         -28.489    <hidden>
  -------------------------------------------------------------------
                         slack                                -17.556    <hidden>

Slack (VIOLATED) :        -17.556ns  (required time - arrival time)
  Source:                 kv_reg[23][31][15]/C
                            (rising edge-triggered cell FDRE clocked by clk  {rise@0.000ns fall@5.000ns period=10.000ns})
  Destination:            dots_reg[21][27]/D
                            (rising edge-triggered cell FDRE clocked by clk  {rise@0.000ns fall@5.000ns period=10.000ns})
  Path Group:             clk
  Path Type:              Setup (Max at Slow Process Corner)
  Requirement:            10.000ns  (clk rise@10.000ns - clk rise@0.000ns)
  Data Path Delay:        27.516ns  (logic 20.218ns (73.476%)  route 7.298ns (26.524%))
  Logic Levels:           39  (CARRY4=25 DSP48E1=4 LUT1=1 LUT2=1 LUT3=2 LUT4=3 LUT5=1 LUT6=1 MUXF7=1)
  Clock Path Skew:        -0.049ns (DCD - SCD + CPR)
    Destination Clock Delay (DCD):    0.924ns = ( 10.924 - 10.000 ) 
    Source Clock Delay      (SCD):    0.973ns
    Clock Pessimism Removal (CPR):    0.000ns
  Clock Uncertainty:      0.035ns  ((TSJ^2 + TIJ^2)^1/2 + DJ) / 2 + PE
    Total System Jitter     (TSJ):    0.071ns
    Total Input Jitter      (TIJ):    0.000ns
    Discrete Jitter          (DJ):    0.000ns
    Phase Error              (PE):    0.000ns

    Location             Delay type                Incr(ns)  Path(ns)    Netlist Resource(s)
  -------------------------------------------------------------------    -------------------
                         (clock clk rise edge)        0.000     0.000 r  <hidden>
                                                      0.000     0.000 r  clk
                         net (fo=43025, unset)        0.973     0.973    clk
                         FDRE                                         r  kv_reg[23][31][15]/C
  -------------------------------------------------------------------    -------------------
                         FDRE (Prop_fdre_C_Q)         0.478     1.451 r  kv_reg[23][31][15]/Q
                         net (fo=1, unplaced)         0.965     2.416    kv_reg_n_0_[23][31][15]
                         LUT6 (Prop_lut6_I0_O)        0.295     2.711 r  p_0_out_i_66/O
                         net (fo=1, unplaced)         0.000     2.711    p_0_out_i_66_n_0
                         MUXF7 (Prop_muxf7_I1_O)      0.247     2.958 r  p_0_out_i_17/O
                         net (fo=1, unplaced)         0.735     3.693    p_0_out_i_17_n_0
                         LUT5 (Prop_lut5_I0_O)        0.298     3.991 r  p_0_out_i_1/O
                         net (fo=16, unplaced)        0.803     4.794    kv[15]
                         DSP48E1 (Prop_dsp48e1_A[29]_P[1])
                                                      3.841     8.635 r  p_0_out/P[1]
                         net (fo=1, unplaced)         0.803     9.438    p_0_out_n_104
                         LUT2 (Prop_lut2_I1_O)        0.124     9.562 r  p_1_out__3_i_19/O
                         net (fo=1, unplaced)         0.000     9.562    p_1_out__3_i_19_n_0
                         CARRY4 (Prop_carry4_S[1]_CO[3])
                                                      0.533    10.095 r  p_1_out__3_i_4/CO[3]
                         net (fo=1, unplaced)         0.000    10.095    p_1_out__3_i_4_n_0
                         CARRY4 (Prop_carry4_CI_CO[3])
                                                      0.117    10.212 r  p_1_out__3_i_3/CO[3]
                         net (fo=1, unplaced)         0.000    10.212    p_1_out__3_i_3_n_0
                         CARRY4 (Prop_carry4_CI_CO[3])
                                                      0.117    10.329 r  p_1_out__3_i_2/CO[3]
                         net (fo=1, unplaced)         0.000    10.329    p_1_out__3_i_2_n_0
                         CARRY4 (Prop_carry4_CI_CO[3])
                                                      0.117    10.446 r  p_1_out__3_i_1/CO[3]
                         net (fo=1, unplaced)         0.000    10.446    p_1_out__3_i_1_n_0
                         CARRY4 (Prop_carry4_CI_CO[3])
                                                      0.117    10.563 r  p_1_out__0_i_5/CO[3]
                         net (fo=1, unplaced)         0.000    10.563    p_1_out__0_i_5_n_0
                         CARRY4 (Prop_carry4_CI_CO[3])
                                                      0.117    10.680 r  p_1_out__0_i_4/CO[3]
                         net (fo=1, unplaced)         0.000    10.680    p_1_out__0_i_4_n_0
                         CARRY4 (Prop_carry4_CI_CO[3])
                                                      0.117    10.797 r  p_1_out__0_i_3/CO[3]
                         net (fo=1, unplaced)         0.000    10.797    p_1_out__0_i_3_n_0
                         CARRY4 (Prop_carry4_CI_CO[3])
                                                      0.117    10.914 r  p_1_out__0_i_2/CO[3]
                         net (fo=1, unplaced)         0.000    10.914    p_1_out__0_i_2_n_0
                         CARRY4 (Prop_carry4_CI_O[1])
                                                      0.337    11.251 r  p_1_out__0_i_1/O[1]
                         net (fo=2, unplaced)         0.803    12.054    p_1_out__0_i_1_n_6
                         DSP48E1 (Prop_dsp48e1_A[16]_PCOUT[47])
                                                      4.215    16.269 r  p_1_out__0/PCOUT[47]
                         net (fo=1, unplaced)         0.000    16.269    p_1_out__0_n_106
                         DSP48E1 (Prop_dsp48e1_PCIN[47]_PCOUT[47])
                                                      1.713    17.982 r  p_1_out__1/PCOUT[47]
                         net (fo=1, unplaced)         0.000    17.982    p_1_out__1_n_106
                         DSP48E1 (Prop_dsp48e1_PCIN[47]_P[1])
                                                      1.518    19.500 r  p_1_out__2/P[1]
                         net (fo=3, unplaced)         0.803    20.302    p_1_out__2_n_104
                         LUT3 (Prop_lut3_I1_O)        0.149    20.451 r  dots[0][31]_i_28/O
                         net (fo=2, unplaced)         0.459    20.910    dots[0][31]_i_28_n_0
                         LUT4 (Prop_lut4_I3_O)        0.355    21.265 r  dots[0][31]_i_32/O
                         net (fo=1, unplaced)         0.000    21.265    dots[0][31]_i_32_n_0
                         CARRY4 (Prop_carry4_S[0]_CO[3])
                                                      0.513    21.778 r  dots_reg[0][31]_i_16/CO[3]
                         net (fo=1, unplaced)         0.000    21.778    dots_reg[0][31]_i_16_n_0
                         CARRY4 (Prop_carry4_CI_CO[3])
                                                      0.117    21.895 r  dots_reg[0][31]_i_7/CO[3]
                         net (fo=1, unplaced)         0.000    21.895    dots_reg[0][31]_i_7_n_0
                         CARRY4 (Prop_carry4_CI_O[2])
                                                      0.256    22.151 r  dots_reg[0][31]_i_4/O[2]
                         net (fo=93, unplaced)        0.550    22.701    p_3_out[63]
                         LUT4 (Prop_lut4_I2_O)        0.293    22.994 r  dots[0][0]_i_79/O
                         net (fo=1, unplaced)         0.000    22.994    dots[0][0]_i_79_n_0
                         CARRY4 (Prop_carry4_DI[0]_CO[3])
                                                      0.576    23.570 r  dots_reg[0][0]_i_57/CO[3]
                         net (fo=1, unplaced)         0.000    23.570    dots_reg[0][0]_i_57_n_0
                         CARRY4 (Prop_carry4_CI_CO[3])
                                                      0.117    23.687 r  dots_reg[0][0]_i_35/CO[3]
                         net (fo=1, unplaced)         0.000    23.687    dots_reg[0][0]_i_35_n_0
                         CARRY4 (Prop_carry4_CI_CO[3])
                                                      0.117    23.804 r  dots_reg[0][0]_i_15/CO[3]
                         net (fo=1, unplaced)         0.000    23.804    dots_reg[0][0]_i_15_n_0
                         CARRY4 (Prop_carry4_CI_CO[3])
                                                      0.117    23.921 r  dots_reg[0][0]_i_7/CO[3]
                         net (fo=1, unplaced)         0.000    23.921    dots_reg[0][0]_i_7_n_0
                         CARRY4 (Prop_carry4_CI_CO[2])
                                                      0.252    24.173 r  dots_reg[0][0]_i_2/CO[2]
                         net (fo=2, unplaced)         0.463    24.636    dots_reg[0][0]_i_2_n_1
                         LUT4 (Prop_lut4_I3_O)        0.310    24.946 r  dots[0][0]_i_6/O
                         net (fo=1, unplaced)         0.000    24.946    dots[0][0]_i_6_n_0
                         CARRY4 (Prop_carry4_S[0]_CO[3])
                                                      0.513    25.459 r  dots_reg[0][0]_i_1/CO[3]
                         net (fo=1, unplaced)         0.000    25.459    dots_reg[0][0]_i_1_n_0
                         CARRY4 (Prop_carry4_CI_CO[3])
                                                      0.117    25.576 r  dots_reg[0][7]_i_2/CO[3]
                         net (fo=1, unplaced)         0.000    25.576    dots_reg[0][7]_i_2_n_0
                         CARRY4 (Prop_carry4_CI_CO[3])
                                                      0.117    25.693 r  dots_reg[0][11]_i_2/CO[3]
                         net (fo=1, unplaced)         0.000    25.693    dots_reg[0][11]_i_2_n_0
                         CARRY4 (Prop_carry4_CI_CO[3])
                                                      0.117    25.810 r  dots_reg[0][15]_i_2/CO[3]
                         net (fo=1, unplaced)         0.000    25.810    dots_reg[0][15]_i_2_n_0
                         CARRY4 (Prop_carry4_CI_CO[3])
                                                      0.117    25.927 r  dots_reg[0][19]_i_2/CO[3]
                         net (fo=1, unplaced)         0.000    25.927    dots_reg[0][19]_i_2_n_0
                         CARRY4 (Prop_carry4_CI_O[2])
                                                      0.256    26.183 f  dots_reg[0][23]_i_2/O[2]
                         net (fo=2, unplaced)         0.463    26.646    dots_reg[0][23]_i_2_n_5
                         LUT1 (Prop_lut1_I0_O)        0.301    26.947 r  dots[0][24]_i_5/O
                         net (fo=1, unplaced)         0.000    26.947    dots[0][24]_i_5_n_0
                         CARRY4 (Prop_carry4_S[1]_CO[3])
                                                      0.533    27.480 r  dots_reg[0][24]_i_2/CO[3]
                         net (fo=1, unplaced)         0.000    27.480    dots_reg[0][24]_i_2_n_0
                         CARRY4 (Prop_carry4_CI_O[2])
                                                      0.256    27.736 r  dots_reg[0][31]_i_5/O[2]
                         net (fo=1, unplaced)         0.452    28.188    dots_reg[0][31]_i_5_n_5
                         LUT3 (Prop_lut3_I0_O)        0.301    28.489 r  dots[0][27]_i_1/O
                         net (fo=24, unplaced)        0.000    28.489    c4_rq1_return[27]
                         FDRE                                         r  dots_reg[21][27]/D
  -------------------------------------------------------------------    -------------------

                         (clock clk rise edge)       10.000    10.000 r  <hidden>
                                                      0.000    10.000 r  clk
                         net (fo=43025, unset)        0.924    10.924    clk
                         FDRE                                         r  dots_reg[21][27]/C
                         clock pessimism              0.000    10.924    <hidden>
                         clock uncertainty           -0.035    10.889    <hidden>
                         FDRE (Setup_fdre_C_D)        0.044    10.933    dots_reg[21][27]
  -------------------------------------------------------------------
                         required time                         10.933    <hidden>
                         arrival time                         -28.489    <hidden>
  -------------------------------------------------------------------
                         slack                                -17.556    <hidden>

Slack (VIOLATED) :        -17.556ns  (required time - arrival time)
  Source:                 kv_reg[23][31][15]/C
                            (rising edge-triggered cell FDRE clocked by clk  {rise@0.000ns fall@5.000ns period=10.000ns})
  Destination:            dots_reg[22][27]/D
                            (rising edge-triggered cell FDRE clocked by clk  {rise@0.000ns fall@5.000ns period=10.000ns})
  Path Group:             clk
  Path Type:              Setup (Max at Slow Process Corner)
  Requirement:            10.000ns  (clk rise@10.000ns - clk rise@0.000ns)
  Data Path Delay:        27.516ns  (logic 20.218ns (73.476%)  route 7.298ns (26.524%))
  Logic Levels:           39  (CARRY4=25 DSP48E1=4 LUT1=1 LUT2=1 LUT3=2 LUT4=3 LUT5=1 LUT6=1 MUXF7=1)
  Clock Path Skew:        -0.049ns (DCD - SCD + CPR)
    Destination Clock Delay (DCD):    0.924ns = ( 10.924 - 10.000 ) 
    Source Clock Delay      (SCD):    0.973ns
    Clock Pessimism Removal (CPR):    0.000ns
  Clock Uncertainty:      0.035ns  ((TSJ^2 + TIJ^2)^1/2 + DJ) / 2 + PE
    Total System Jitter     (TSJ):    0.071ns
    Total Input Jitter      (TIJ):    0.000ns
    Discrete Jitter          (DJ):    0.000ns
    Phase Error              (PE):    0.000ns

    Location             Delay type                Incr(ns)  Path(ns)    Netlist Resource(s)
  -------------------------------------------------------------------    -------------------
                         (clock clk rise edge)        0.000     0.000 r  <hidden>
                                                      0.000     0.000 r  clk
                         net (fo=43025, unset)        0.973     0.973    clk
                         FDRE                                         r  kv_reg[23][31][15]/C
  -------------------------------------------------------------------    -------------------
                         FDRE (Prop_fdre_C_Q)         0.478     1.451 r  kv_reg[23][31][15]/Q
                         net (fo=1, unplaced)         0.965     2.416    kv_reg_n_0_[23][31][15]
                         LUT6 (Prop_lut6_I0_O)        0.295     2.711 r  p_0_out_i_66/O
                         net (fo=1, unplaced)         0.000     2.711    p_0_out_i_66_n_0
                         MUXF7 (Prop_muxf7_I1_O)      0.247     2.958 r  p_0_out_i_17/O
                         net (fo=1, unplaced)         0.735     3.693    p_0_out_i_17_n_0
                         LUT5 (Prop_lut5_I0_O)        0.298     3.991 r  p_0_out_i_1/O
                         net (fo=16, unplaced)        0.803     4.794    kv[15]
                         DSP48E1 (Prop_dsp48e1_A[29]_P[1])
                                                      3.841     8.635 r  p_0_out/P[1]
                         net (fo=1, unplaced)         0.803     9.438    p_0_out_n_104
                         LUT2 (Prop_lut2_I1_O)        0.124     9.562 r  p_1_out__3_i_19/O
                         net (fo=1, unplaced)         0.000     9.562    p_1_out__3_i_19_n_0
                         CARRY4 (Prop_carry4_S[1]_CO[3])
                                                      0.533    10.095 r  p_1_out__3_i_4/CO[3]
                         net (fo=1, unplaced)         0.000    10.095    p_1_out__3_i_4_n_0
                         CARRY4 (Prop_carry4_CI_CO[3])
                                                      0.117    10.212 r  p_1_out__3_i_3/CO[3]
                         net (fo=1, unplaced)         0.000    10.212    p_1_out__3_i_3_n_0
                         CARRY4 (Prop_carry4_CI_CO[3])
                                                      0.117    10.329 r  p_1_out__3_i_2/CO[3]
                         net (fo=1, unplaced)         0.000    10.329    p_1_out__3_i_2_n_0
                         CARRY4 (Prop_carry4_CI_CO[3])
                                                      0.117    10.446 r  p_1_out__3_i_1/CO[3]
                         net (fo=1, unplaced)         0.000    10.446    p_1_out__3_i_1_n_0
                         CARRY4 (Prop_carry4_CI_CO[3])
                                                      0.117    10.563 r  p_1_out__0_i_5/CO[3]
                         net (fo=1, unplaced)         0.000    10.563    p_1_out__0_i_5_n_0
                         CARRY4 (Prop_carry4_CI_CO[3])
                                                      0.117    10.680 r  p_1_out__0_i_4/CO[3]
                         net (fo=1, unplaced)         0.000    10.680    p_1_out__0_i_4_n_0
                         CARRY4 (Prop_carry4_CI_CO[3])
                                                      0.117    10.797 r  p_1_out__0_i_3/CO[3]
                         net (fo=1, unplaced)         0.000    10.797    p_1_out__0_i_3_n_0
                         CARRY4 (Prop_carry4_CI_CO[3])
                                                      0.117    10.914 r  p_1_out__0_i_2/CO[3]
                         net (fo=1, unplaced)         0.000    10.914    p_1_out__0_i_2_n_0
                         CARRY4 (Prop_carry4_CI_O[1])
                                                      0.337    11.251 r  p_1_out__0_i_1/O[1]
                         net (fo=2, unplaced)         0.803    12.054    p_1_out__0_i_1_n_6
                         DSP48E1 (Prop_dsp48e1_A[16]_PCOUT[47])
                                                      4.215    16.269 r  p_1_out__0/PCOUT[47]
                         net (fo=1, unplaced)         0.000    16.269    p_1_out__0_n_106
                         DSP48E1 (Prop_dsp48e1_PCIN[47]_PCOUT[47])
                                                      1.713    17.982 r  p_1_out__1/PCOUT[47]
                         net (fo=1, unplaced)         0.000    17.982    p_1_out__1_n_106
                         DSP48E1 (Prop_dsp48e1_PCIN[47]_P[1])
                                                      1.518    19.500 r  p_1_out__2/P[1]
                         net (fo=3, unplaced)         0.803    20.302    p_1_out__2_n_104
                         LUT3 (Prop_lut3_I1_O)        0.149    20.451 r  dots[0][31]_i_28/O
                         net (fo=2, unplaced)         0.459    20.910    dots[0][31]_i_28_n_0
                         LUT4 (Prop_lut4_I3_O)        0.355    21.265 r  dots[0][31]_i_32/O
                         net (fo=1, unplaced)         0.000    21.265    dots[0][31]_i_32_n_0
                         CARRY4 (Prop_carry4_S[0]_CO[3])
                                                      0.513    21.778 r  dots_reg[0][31]_i_16/CO[3]
                         net (fo=1, unplaced)         0.000    21.778    dots_reg[0][31]_i_16_n_0
                         CARRY4 (Prop_carry4_CI_CO[3])
                                                      0.117    21.895 r  dots_reg[0][31]_i_7/CO[3]
                         net (fo=1, unplaced)         0.000    21.895    dots_reg[0][31]_i_7_n_0
                         CARRY4 (Prop_carry4_CI_O[2])
                                                      0.256    22.151 r  dots_reg[0][31]_i_4/O[2]
                         net (fo=93, unplaced)        0.550    22.701    p_3_out[63]
                         LUT4 (Prop_lut4_I2_O)        0.293    22.994 r  dots[0][0]_i_79/O
                         net (fo=1, unplaced)         0.000    22.994    dots[0][0]_i_79_n_0
                         CARRY4 (Prop_carry4_DI[0]_CO[3])
                                                      0.576    23.570 r  dots_reg[0][0]_i_57/CO[3]
                         net (fo=1, unplaced)         0.000    23.570    dots_reg[0][0]_i_57_n_0
                         CARRY4 (Prop_carry4_CI_CO[3])
                                                      0.117    23.687 r  dots_reg[0][0]_i_35/CO[3]
                         net (fo=1, unplaced)         0.000    23.687    dots_reg[0][0]_i_35_n_0
                         CARRY4 (Prop_carry4_CI_CO[3])
                                                      0.117    23.804 r  dots_reg[0][0]_i_15/CO[3]
                         net (fo=1, unplaced)         0.000    23.804    dots_reg[0][0]_i_15_n_0
                         CARRY4 (Prop_carry4_CI_CO[3])
                                                      0.117    23.921 r  dots_reg[0][0]_i_7/CO[3]
                         net (fo=1, unplaced)         0.000    23.921    dots_reg[0][0]_i_7_n_0
                         CARRY4 (Prop_carry4_CI_CO[2])
                                                      0.252    24.173 r  dots_reg[0][0]_i_2/CO[2]
                         net (fo=2, unplaced)         0.463    24.636    dots_reg[0][0]_i_2_n_1
                         LUT4 (Prop_lut4_I3_O)        0.310    24.946 r  dots[0][0]_i_6/O
                         net (fo=1, unplaced)         0.000    24.946    dots[0][0]_i_6_n_0
                         CARRY4 (Prop_carry4_S[0]_CO[3])
                                                      0.513    25.459 r  dots_reg[0][0]_i_1/CO[3]
                         net (fo=1, unplaced)         0.000    25.459    dots_reg[0][0]_i_1_n_0
                         CARRY4 (Prop_carry4_CI_CO[3])
                                                      0.117    25.576 r  dots_reg[0][7]_i_2/CO[3]
                         net (fo=1, unplaced)         0.000    25.576    dots_reg[0][7]_i_2_n_0
                         CARRY4 (Prop_carry4_CI_CO[3])
                                                      0.117    25.693 r  dots_reg[0][11]_i_2/CO[3]
                         net (fo=1, unplaced)         0.000    25.693    dots_reg[0][11]_i_2_n_0
                         CARRY4 (Prop_carry4_CI_CO[3])
                                                      0.117    25.810 r  dots_reg[0][15]_i_2/CO[3]
                         net (fo=1, unplaced)         0.000    25.810    dots_reg[0][15]_i_2_n_0
                         CARRY4 (Prop_carry4_CI_CO[3])
                                                      0.117    25.927 r  dots_reg[0][19]_i_2/CO[3]
                         net (fo=1, unplaced)         0.000    25.927    dots_reg[0][19]_i_2_n_0
                         CARRY4 (Prop_carry4_CI_O[2])
                                                      0.256    26.183 f  dots_reg[0][23]_i_2/O[2]
                         net (fo=2, unplaced)         0.463    26.646    dots_reg[0][23]_i_2_n_5
                         LUT1 (Prop_lut1_I0_O)        0.301    26.947 r  dots[0][24]_i_5/O
                         net (fo=1, unplaced)         0.000    26.947    dots[0][24]_i_5_n_0
                         CARRY4 (Prop_carry4_S[1]_CO[3])
                                                      0.533    27.480 r  dots_reg[0][24]_i_2/CO[3]
                         net (fo=1, unplaced)         0.000    27.480    dots_reg[0][24]_i_2_n_0
                         CARRY4 (Prop_carry4_CI_O[2])
                                                      0.256    27.736 r  dots_reg[0][31]_i_5/O[2]
                         net (fo=1, unplaced)         0.452    28.188    dots_reg[0][31]_i_5_n_5
                         LUT3 (Prop_lut3_I0_O)        0.301    28.489 r  dots[0][27]_i_1/O
                         net (fo=24, unplaced)        0.000    28.489    c4_rq1_return[27]
                         FDRE                                         r  dots_reg[22][27]/D
  -------------------------------------------------------------------    -------------------

                         (clock clk rise edge)       10.000    10.000 r  <hidden>
                                                      0.000    10.000 r  clk
                         net (fo=43025, unset)        0.924    10.924    clk
                         FDRE                                         r  dots_reg[22][27]/C
                         clock pessimism              0.000    10.924    <hidden>
                         clock uncertainty           -0.035    10.889    <hidden>
                         FDRE (Setup_fdre_C_D)        0.044    10.933    dots_reg[22][27]
  -------------------------------------------------------------------
                         required time                         10.933    <hidden>
                         arrival time                         -28.489    <hidden>
  -------------------------------------------------------------------
                         slack                                -17.556    <hidden>

Slack (VIOLATED) :        -17.556ns  (required time - arrival time)
  Source:                 kv_reg[23][31][15]/C
                            (rising edge-triggered cell FDRE clocked by clk  {rise@0.000ns fall@5.000ns period=10.000ns})
  Destination:            dots_reg[23][27]/D
                            (rising edge-triggered cell FDRE clocked by clk  {rise@0.000ns fall@5.000ns period=10.000ns})
  Path Group:             clk
  Path Type:              Setup (Max at Slow Process Corner)
  Requirement:            10.000ns  (clk rise@10.000ns - clk rise@0.000ns)
  Data Path Delay:        27.516ns  (logic 20.218ns (73.476%)  route 7.298ns (26.524%))
  Logic Levels:           39  (CARRY4=25 DSP48E1=4 LUT1=1 LUT2=1 LUT3=2 LUT4=3 LUT5=1 LUT6=1 MUXF7=1)
  Clock Path Skew:        -0.049ns (DCD - SCD + CPR)
    Destination Clock Delay (DCD):    0.924ns = ( 10.924 - 10.000 ) 
    Source Clock Delay      (SCD):    0.973ns
    Clock Pessimism Removal (CPR):    0.000ns
  Clock Uncertainty:      0.035ns  ((TSJ^2 + TIJ^2)^1/2 + DJ) / 2 + PE
    Total System Jitter     (TSJ):    0.071ns
    Total Input Jitter      (TIJ):    0.000ns
    Discrete Jitter          (DJ):    0.000ns
    Phase Error              (PE):    0.000ns

    Location             Delay type                Incr(ns)  Path(ns)    Netlist Resource(s)
  -------------------------------------------------------------------    -------------------
                         (clock clk rise edge)        0.000     0.000 r  <hidden>
                                                      0.000     0.000 r  clk
                         net (fo=43025, unset)        0.973     0.973    clk
                         FDRE                                         r  kv_reg[23][31][15]/C
  -------------------------------------------------------------------    -------------------
                         FDRE (Prop_fdre_C_Q)         0.478     1.451 r  kv_reg[23][31][15]/Q
                         net (fo=1, unplaced)         0.965     2.416    kv_reg_n_0_[23][31][15]
                         LUT6 (Prop_lut6_I0_O)        0.295     2.711 r  p_0_out_i_66/O
                         net (fo=1, unplaced)         0.000     2.711    p_0_out_i_66_n_0
                         MUXF7 (Prop_muxf7_I1_O)      0.247     2.958 r  p_0_out_i_17/O
                         net (fo=1, unplaced)         0.735     3.693    p_0_out_i_17_n_0
                         LUT5 (Prop_lut5_I0_O)        0.298     3.991 r  p_0_out_i_1/O
                         net (fo=16, unplaced)        0.803     4.794    kv[15]
                         DSP48E1 (Prop_dsp48e1_A[29]_P[1])
                                                      3.841     8.635 r  p_0_out/P[1]
                         net (fo=1, unplaced)         0.803     9.438    p_0_out_n_104
                         LUT2 (Prop_lut2_I1_O)        0.124     9.562 r  p_1_out__3_i_19/O
                         net (fo=1, unplaced)         0.000     9.562    p_1_out__3_i_19_n_0
                         CARRY4 (Prop_carry4_S[1]_CO[3])
                                                      0.533    10.095 r  p_1_out__3_i_4/CO[3]
                         net (fo=1, unplaced)         0.000    10.095    p_1_out__3_i_4_n_0
                         CARRY4 (Prop_carry4_CI_CO[3])
                                                      0.117    10.212 r  p_1_out__3_i_3/CO[3]
                         net (fo=1, unplaced)         0.000    10.212    p_1_out__3_i_3_n_0
                         CARRY4 (Prop_carry4_CI_CO[3])
                                                      0.117    10.329 r  p_1_out__3_i_2/CO[3]
                         net (fo=1, unplaced)         0.000    10.329    p_1_out__3_i_2_n_0
                         CARRY4 (Prop_carry4_CI_CO[3])
                                                      0.117    10.446 r  p_1_out__3_i_1/CO[3]
                         net (fo=1, unplaced)         0.000    10.446    p_1_out__3_i_1_n_0
                         CARRY4 (Prop_carry4_CI_CO[3])
                                                      0.117    10.563 r  p_1_out__0_i_5/CO[3]
                         net (fo=1, unplaced)         0.000    10.563    p_1_out__0_i_5_n_0
                         CARRY4 (Prop_carry4_CI_CO[3])
                                                      0.117    10.680 r  p_1_out__0_i_4/CO[3]
                         net (fo=1, unplaced)         0.000    10.680    p_1_out__0_i_4_n_0
                         CARRY4 (Prop_carry4_CI_CO[3])
                                                      0.117    10.797 r  p_1_out__0_i_3/CO[3]
                         net (fo=1, unplaced)         0.000    10.797    p_1_out__0_i_3_n_0
                         CARRY4 (Prop_carry4_CI_CO[3])
                                                      0.117    10.914 r  p_1_out__0_i_2/CO[3]
                         net (fo=1, unplaced)         0.000    10.914    p_1_out__0_i_2_n_0
                         CARRY4 (Prop_carry4_CI_O[1])
                                                      0.337    11.251 r  p_1_out__0_i_1/O[1]
                         net (fo=2, unplaced)         0.803    12.054    p_1_out__0_i_1_n_6
                         DSP48E1 (Prop_dsp48e1_A[16]_PCOUT[47])
                                                      4.215    16.269 r  p_1_out__0/PCOUT[47]
                         net (fo=1, unplaced)         0.000    16.269    p_1_out__0_n_106
                         DSP48E1 (Prop_dsp48e1_PCIN[47]_PCOUT[47])
                                                      1.713    17.982 r  p_1_out__1/PCOUT[47]
                         net (fo=1, unplaced)         0.000    17.982    p_1_out__1_n_106
                         DSP48E1 (Prop_dsp48e1_PCIN[47]_P[1])
                                                      1.518    19.500 r  p_1_out__2/P[1]
                         net (fo=3, unplaced)         0.803    20.302    p_1_out__2_n_104
                         LUT3 (Prop_lut3_I1_O)        0.149    20.451 r  dots[0][31]_i_28/O
                         net (fo=2, unplaced)         0.459    20.910    dots[0][31]_i_28_n_0
                         LUT4 (Prop_lut4_I3_O)        0.355    21.265 r  dots[0][31]_i_32/O
                         net (fo=1, unplaced)         0.000    21.265    dots[0][31]_i_32_n_0
                         CARRY4 (Prop_carry4_S[0]_CO[3])
                                                      0.513    21.778 r  dots_reg[0][31]_i_16/CO[3]
                         net (fo=1, unplaced)         0.000    21.778    dots_reg[0][31]_i_16_n_0
                         CARRY4 (Prop_carry4_CI_CO[3])
                                                      0.117    21.895 r  dots_reg[0][31]_i_7/CO[3]
                         net (fo=1, unplaced)         0.000    21.895    dots_reg[0][31]_i_7_n_0
                         CARRY4 (Prop_carry4_CI_O[2])
                                                      0.256    22.151 r  dots_reg[0][31]_i_4/O[2]
                         net (fo=93, unplaced)        0.550    22.701    p_3_out[63]
                         LUT4 (Prop_lut4_I2_O)        0.293    22.994 r  dots[0][0]_i_79/O
                         net (fo=1, unplaced)         0.000    22.994    dots[0][0]_i_79_n_0
                         CARRY4 (Prop_carry4_DI[0]_CO[3])
                                                      0.576    23.570 r  dots_reg[0][0]_i_57/CO[3]
                         net (fo=1, unplaced)         0.000    23.570    dots_reg[0][0]_i_57_n_0
                         CARRY4 (Prop_carry4_CI_CO[3])
                                                      0.117    23.687 r  dots_reg[0][0]_i_35/CO[3]
                         net (fo=1, unplaced)         0.000    23.687    dots_reg[0][0]_i_35_n_0
                         CARRY4 (Prop_carry4_CI_CO[3])
                                                      0.117    23.804 r  dots_reg[0][0]_i_15/CO[3]
                         net (fo=1, unplaced)         0.000    23.804    dots_reg[0][0]_i_15_n_0
                         CARRY4 (Prop_carry4_CI_CO[3])
                                                      0.117    23.921 r  dots_reg[0][0]_i_7/CO[3]
                         net (fo=1, unplaced)         0.000    23.921    dots_reg[0][0]_i_7_n_0
                         CARRY4 (Prop_carry4_CI_CO[2])
                                                      0.252    24.173 r  dots_reg[0][0]_i_2/CO[2]
                         net (fo=2, unplaced)         0.463    24.636    dots_reg[0][0]_i_2_n_1
                         LUT4 (Prop_lut4_I3_O)        0.310    24.946 r  dots[0][0]_i_6/O
                         net (fo=1, unplaced)         0.000    24.946    dots[0][0]_i_6_n_0
                         CARRY4 (Prop_carry4_S[0]_CO[3])
                                                      0.513    25.459 r  dots_reg[0][0]_i_1/CO[3]
                         net (fo=1, unplaced)         0.000    25.459    dots_reg[0][0]_i_1_n_0
                         CARRY4 (Prop_carry4_CI_CO[3])
                                                      0.117    25.576 r  dots_reg[0][7]_i_2/CO[3]
                         net (fo=1, unplaced)         0.000    25.576    dots_reg[0][7]_i_2_n_0
                         CARRY4 (Prop_carry4_CI_CO[3])
                                                      0.117    25.693 r  dots_reg[0][11]_i_2/CO[3]
                         net (fo=1, unplaced)         0.000    25.693    dots_reg[0][11]_i_2_n_0
                         CARRY4 (Prop_carry4_CI_CO[3])
                                                      0.117    25.810 r  dots_reg[0][15]_i_2/CO[3]
                         net (fo=1, unplaced)         0.000    25.810    dots_reg[0][15]_i_2_n_0
                         CARRY4 (Prop_carry4_CI_CO[3])
                                                      0.117    25.927 r  dots_reg[0][19]_i_2/CO[3]
                         net (fo=1, unplaced)         0.000    25.927    dots_reg[0][19]_i_2_n_0
                         CARRY4 (Prop_carry4_CI_O[2])
                                                      0.256    26.183 f  dots_reg[0][23]_i_2/O[2]
                         net (fo=2, unplaced)         0.463    26.646    dots_reg[0][23]_i_2_n_5
                         LUT1 (Prop_lut1_I0_O)        0.301    26.947 r  dots[0][24]_i_5/O
                         net (fo=1, unplaced)         0.000    26.947    dots[0][24]_i_5_n_0
                         CARRY4 (Prop_carry4_S[1]_CO[3])
                                                      0.533    27.480 r  dots_reg[0][24]_i_2/CO[3]
                         net (fo=1, unplaced)         0.000    27.480    dots_reg[0][24]_i_2_n_0
                         CARRY4 (Prop_carry4_CI_O[2])
                                                      0.256    27.736 r  dots_reg[0][31]_i_5/O[2]
                         net (fo=1, unplaced)         0.452    28.188    dots_reg[0][31]_i_5_n_5
                         LUT3 (Prop_lut3_I0_O)        0.301    28.489 r  dots[0][27]_i_1/O
                         net (fo=24, unplaced)        0.000    28.489    c4_rq1_return[27]
                         FDRE                                         r  dots_reg[23][27]/D
  -------------------------------------------------------------------    -------------------

                         (clock clk rise edge)       10.000    10.000 r  <hidden>
                                                      0.000    10.000 r  clk
                         net (fo=43025, unset)        0.924    10.924    clk
                         FDRE                                         r  dots_reg[23][27]/C
                         clock pessimism              0.000    10.924    <hidden>
                         clock uncertainty           -0.035    10.889    <hidden>
                         FDRE (Setup_fdre_C_D)        0.044    10.933    dots_reg[23][27]
  -------------------------------------------------------------------
                         required time                         10.933    <hidden>
                         arrival time                         -28.489    <hidden>
  -------------------------------------------------------------------
                         slack                                -17.556    <hidden>

Slack (VIOLATED) :        -17.556ns  (required time - arrival time)
  Source:                 kv_reg[23][31][15]/C
                            (rising edge-triggered cell FDRE clocked by clk  {rise@0.000ns fall@5.000ns period=10.000ns})
  Destination:            dots_reg[2][27]/D
                            (rising edge-triggered cell FDRE clocked by clk  {rise@0.000ns fall@5.000ns period=10.000ns})
  Path Group:             clk
  Path Type:              Setup (Max at Slow Process Corner)
  Requirement:            10.000ns  (clk rise@10.000ns - clk rise@0.000ns)
  Data Path Delay:        27.516ns  (logic 20.218ns (73.476%)  route 7.298ns (26.524%))
  Logic Levels:           39  (CARRY4=25 DSP48E1=4 LUT1=1 LUT2=1 LUT3=2 LUT4=3 LUT5=1 LUT6=1 MUXF7=1)
  Clock Path Skew:        -0.049ns (DCD - SCD + CPR)
    Destination Clock Delay (DCD):    0.924ns = ( 10.924 - 10.000 ) 
    Source Clock Delay      (SCD):    0.973ns
    Clock Pessimism Removal (CPR):    0.000ns
  Clock Uncertainty:      0.035ns  ((TSJ^2 + TIJ^2)^1/2 + DJ) / 2 + PE
    Total System Jitter     (TSJ):    0.071ns
    Total Input Jitter      (TIJ):    0.000ns
    Discrete Jitter          (DJ):    0.000ns
    Phase Error              (PE):    0.000ns

    Location             Delay type                Incr(ns)  Path(ns)    Netlist Resource(s)
  -------------------------------------------------------------------    -------------------
                         (clock clk rise edge)        0.000     0.000 r  <hidden>
                                                      0.000     0.000 r  clk
                         net (fo=43025, unset)        0.973     0.973    clk
                         FDRE                                         r  kv_reg[23][31][15]/C
  -------------------------------------------------------------------    -------------------
                         FDRE (Prop_fdre_C_Q)         0.478     1.451 r  kv_reg[23][31][15]/Q
                         net (fo=1, unplaced)         0.965     2.416    kv_reg_n_0_[23][31][15]
                         LUT6 (Prop_lut6_I0_O)        0.295     2.711 r  p_0_out_i_66/O
                         net (fo=1, unplaced)         0.000     2.711    p_0_out_i_66_n_0
                         MUXF7 (Prop_muxf7_I1_O)      0.247     2.958 r  p_0_out_i_17/O
                         net (fo=1, unplaced)         0.735     3.693    p_0_out_i_17_n_0
                         LUT5 (Prop_lut5_I0_O)        0.298     3.991 r  p_0_out_i_1/O
                         net (fo=16, unplaced)        0.803     4.794    kv[15]
                         DSP48E1 (Prop_dsp48e1_A[29]_P[1])
                                                      3.841     8.635 r  p_0_out/P[1]
                         net (fo=1, unplaced)         0.803     9.438    p_0_out_n_104
                         LUT2 (Prop_lut2_I1_O)        0.124     9.562 r  p_1_out__3_i_19/O
                         net (fo=1, unplaced)         0.000     9.562    p_1_out__3_i_19_n_0
                         CARRY4 (Prop_carry4_S[1]_CO[3])
                                                      0.533    10.095 r  p_1_out__3_i_4/CO[3]
                         net (fo=1, unplaced)         0.000    10.095    p_1_out__3_i_4_n_0
                         CARRY4 (Prop_carry4_CI_CO[3])
                                                      0.117    10.212 r  p_1_out__3_i_3/CO[3]
                         net (fo=1, unplaced)         0.000    10.212    p_1_out__3_i_3_n_0
                         CARRY4 (Prop_carry4_CI_CO[3])
                                                      0.117    10.329 r  p_1_out__3_i_2/CO[3]
                         net (fo=1, unplaced)         0.000    10.329    p_1_out__3_i_2_n_0
                         CARRY4 (Prop_carry4_CI_CO[3])
                                                      0.117    10.446 r  p_1_out__3_i_1/CO[3]
                         net (fo=1, unplaced)         0.000    10.446    p_1_out__3_i_1_n_0
                         CARRY4 (Prop_carry4_CI_CO[3])
                                                      0.117    10.563 r  p_1_out__0_i_5/CO[3]
                         net (fo=1, unplaced)         0.000    10.563    p_1_out__0_i_5_n_0
                         CARRY4 (Prop_carry4_CI_CO[3])
                                                      0.117    10.680 r  p_1_out__0_i_4/CO[3]
                         net (fo=1, unplaced)         0.000    10.680    p_1_out__0_i_4_n_0
                         CARRY4 (Prop_carry4_CI_CO[3])
                                                      0.117    10.797 r  p_1_out__0_i_3/CO[3]
                         net (fo=1, unplaced)         0.000    10.797    p_1_out__0_i_3_n_0
                         CARRY4 (Prop_carry4_CI_CO[3])
                                                      0.117    10.914 r  p_1_out__0_i_2/CO[3]
                         net (fo=1, unplaced)         0.000    10.914    p_1_out__0_i_2_n_0
                         CARRY4 (Prop_carry4_CI_O[1])
                                                      0.337    11.251 r  p_1_out__0_i_1/O[1]
                         net (fo=2, unplaced)         0.803    12.054    p_1_out__0_i_1_n_6
                         DSP48E1 (Prop_dsp48e1_A[16]_PCOUT[47])
                                                      4.215    16.269 r  p_1_out__0/PCOUT[47]
                         net (fo=1, unplaced)         0.000    16.269    p_1_out__0_n_106
                         DSP48E1 (Prop_dsp48e1_PCIN[47]_PCOUT[47])
                                                      1.713    17.982 r  p_1_out__1/PCOUT[47]
                         net (fo=1, unplaced)         0.000    17.982    p_1_out__1_n_106
                         DSP48E1 (Prop_dsp48e1_PCIN[47]_P[1])
                                                      1.518    19.500 r  p_1_out__2/P[1]
                         net (fo=3, unplaced)         0.803    20.302    p_1_out__2_n_104
                         LUT3 (Prop_lut3_I1_O)        0.149    20.451 r  dots[0][31]_i_28/O
                         net (fo=2, unplaced)         0.459    20.910    dots[0][31]_i_28_n_0
                         LUT4 (Prop_lut4_I3_O)        0.355    21.265 r  dots[0][31]_i_32/O
                         net (fo=1, unplaced)         0.000    21.265    dots[0][31]_i_32_n_0
                         CARRY4 (Prop_carry4_S[0]_CO[3])
                                                      0.513    21.778 r  dots_reg[0][31]_i_16/CO[3]
                         net (fo=1, unplaced)         0.000    21.778    dots_reg[0][31]_i_16_n_0
                         CARRY4 (Prop_carry4_CI_CO[3])
                                                      0.117    21.895 r  dots_reg[0][31]_i_7/CO[3]
                         net (fo=1, unplaced)         0.000    21.895    dots_reg[0][31]_i_7_n_0
                         CARRY4 (Prop_carry4_CI_O[2])
                                                      0.256    22.151 r  dots_reg[0][31]_i_4/O[2]
                         net (fo=93, unplaced)        0.550    22.701    p_3_out[63]
                         LUT4 (Prop_lut4_I2_O)        0.293    22.994 r  dots[0][0]_i_79/O
                         net (fo=1, unplaced)         0.000    22.994    dots[0][0]_i_79_n_0
                         CARRY4 (Prop_carry4_DI[0]_CO[3])
                                                      0.576    23.570 r  dots_reg[0][0]_i_57/CO[3]
                         net (fo=1, unplaced)         0.000    23.570    dots_reg[0][0]_i_57_n_0
                         CARRY4 (Prop_carry4_CI_CO[3])
                                                      0.117    23.687 r  dots_reg[0][0]_i_35/CO[3]
                         net (fo=1, unplaced)         0.000    23.687    dots_reg[0][0]_i_35_n_0
                         CARRY4 (Prop_carry4_CI_CO[3])
                                                      0.117    23.804 r  dots_reg[0][0]_i_15/CO[3]
                         net (fo=1, unplaced)         0.000    23.804    dots_reg[0][0]_i_15_n_0
                         CARRY4 (Prop_carry4_CI_CO[3])
                                                      0.117    23.921 r  dots_reg[0][0]_i_7/CO[3]
                         net (fo=1, unplaced)         0.000    23.921    dots_reg[0][0]_i_7_n_0
                         CARRY4 (Prop_carry4_CI_CO[2])
                                                      0.252    24.173 r  dots_reg[0][0]_i_2/CO[2]
                         net (fo=2, unplaced)         0.463    24.636    dots_reg[0][0]_i_2_n_1
                         LUT4 (Prop_lut4_I3_O)        0.310    24.946 r  dots[0][0]_i_6/O
                         net (fo=1, unplaced)         0.000    24.946    dots[0][0]_i_6_n_0
                         CARRY4 (Prop_carry4_S[0]_CO[3])
                                                      0.513    25.459 r  dots_reg[0][0]_i_1/CO[3]
                         net (fo=1, unplaced)         0.000    25.459    dots_reg[0][0]_i_1_n_0
                         CARRY4 (Prop_carry4_CI_CO[3])
                                                      0.117    25.576 r  dots_reg[0][7]_i_2/CO[3]
                         net (fo=1, unplaced)         0.000    25.576    dots_reg[0][7]_i_2_n_0
                         CARRY4 (Prop_carry4_CI_CO[3])
                                                      0.117    25.693 r  dots_reg[0][11]_i_2/CO[3]
                         net (fo=1, unplaced)         0.000    25.693    dots_reg[0][11]_i_2_n_0
                         CARRY4 (Prop_carry4_CI_CO[3])
                                                      0.117    25.810 r  dots_reg[0][15]_i_2/CO[3]
                         net (fo=1, unplaced)         0.000    25.810    dots_reg[0][15]_i_2_n_0
                         CARRY4 (Prop_carry4_CI_CO[3])
                                                      0.117    25.927 r  dots_reg[0][19]_i_2/CO[3]
                         net (fo=1, unplaced)         0.000    25.927    dots_reg[0][19]_i_2_n_0
                         CARRY4 (Prop_carry4_CI_O[2])
                                                      0.256    26.183 f  dots_reg[0][23]_i_2/O[2]
                         net (fo=2, unplaced)         0.463    26.646    dots_reg[0][23]_i_2_n_5
                         LUT1 (Prop_lut1_I0_O)        0.301    26.947 r  dots[0][24]_i_5/O
                         net (fo=1, unplaced)         0.000    26.947    dots[0][24]_i_5_n_0
                         CARRY4 (Prop_carry4_S[1]_CO[3])
                                                      0.533    27.480 r  dots_reg[0][24]_i_2/CO[3]
                         net (fo=1, unplaced)         0.000    27.480    dots_reg[0][24]_i_2_n_0
                         CARRY4 (Prop_carry4_CI_O[2])
                                                      0.256    27.736 r  dots_reg[0][31]_i_5/O[2]
                         net (fo=1, unplaced)         0.452    28.188    dots_reg[0][31]_i_5_n_5
                         LUT3 (Prop_lut3_I0_O)        0.301    28.489 r  dots[0][27]_i_1/O
                         net (fo=24, unplaced)        0.000    28.489    c4_rq1_return[27]
                         FDRE                                         r  dots_reg[2][27]/D
  -------------------------------------------------------------------    -------------------

                         (clock clk rise edge)       10.000    10.000 r  <hidden>
                                                      0.000    10.000 r  clk
                         net (fo=43025, unset)        0.924    10.924    clk
                         FDRE                                         r  dots_reg[2][27]/C
                         clock pessimism              0.000    10.924    <hidden>
                         clock uncertainty           -0.035    10.889    <hidden>
                         FDRE (Setup_fdre_C_D)        0.044    10.933    dots_reg[2][27]
  -------------------------------------------------------------------
                         required time                         10.933    <hidden>
                         arrival time                         -28.489    <hidden>
  -------------------------------------------------------------------
                         slack                                -17.556    <hidden>

Slack (VIOLATED) :        -17.556ns  (required time - arrival time)
  Source:                 kv_reg[23][31][15]/C
                            (rising edge-triggered cell FDRE clocked by clk  {rise@0.000ns fall@5.000ns period=10.000ns})
  Destination:            dots_reg[3][27]/D
                            (rising edge-triggered cell FDRE clocked by clk  {rise@0.000ns fall@5.000ns period=10.000ns})
  Path Group:             clk
  Path Type:              Setup (Max at Slow Process Corner)
  Requirement:            10.000ns  (clk rise@10.000ns - clk rise@0.000ns)
  Data Path Delay:        27.516ns  (logic 20.218ns (73.476%)  route 7.298ns (26.524%))
  Logic Levels:           39  (CARRY4=25 DSP48E1=4 LUT1=1 LUT2=1 LUT3=2 LUT4=3 LUT5=1 LUT6=1 MUXF7=1)
  Clock Path Skew:        -0.049ns (DCD - SCD + CPR)
    Destination Clock Delay (DCD):    0.924ns = ( 10.924 - 10.000 ) 
    Source Clock Delay      (SCD):    0.973ns
    Clock Pessimism Removal (CPR):    0.000ns
  Clock Uncertainty:      0.035ns  ((TSJ^2 + TIJ^2)^1/2 + DJ) / 2 + PE
    Total System Jitter     (TSJ):    0.071ns
    Total Input Jitter      (TIJ):    0.000ns
    Discrete Jitter          (DJ):    0.000ns
    Phase Error              (PE):    0.000ns

    Location             Delay type                Incr(ns)  Path(ns)    Netlist Resource(s)
  -------------------------------------------------------------------    -------------------
                         (clock clk rise edge)        0.000     0.000 r  <hidden>
                                                      0.000     0.000 r  clk
                         net (fo=43025, unset)        0.973     0.973    clk
                         FDRE                                         r  kv_reg[23][31][15]/C
  -------------------------------------------------------------------    -------------------
                         FDRE (Prop_fdre_C_Q)         0.478     1.451 r  kv_reg[23][31][15]/Q
                         net (fo=1, unplaced)         0.965     2.416    kv_reg_n_0_[23][31][15]
                         LUT6 (Prop_lut6_I0_O)        0.295     2.711 r  p_0_out_i_66/O
                         net (fo=1, unplaced)         0.000     2.711    p_0_out_i_66_n_0
                         MUXF7 (Prop_muxf7_I1_O)      0.247     2.958 r  p_0_out_i_17/O
                         net (fo=1, unplaced)         0.735     3.693    p_0_out_i_17_n_0
                         LUT5 (Prop_lut5_I0_O)        0.298     3.991 r  p_0_out_i_1/O
                         net (fo=16, unplaced)        0.803     4.794    kv[15]
                         DSP48E1 (Prop_dsp48e1_A[29]_P[1])
                                                      3.841     8.635 r  p_0_out/P[1]
                         net (fo=1, unplaced)         0.803     9.438    p_0_out_n_104
                         LUT2 (Prop_lut2_I1_O)        0.124     9.562 r  p_1_out__3_i_19/O
                         net (fo=1, unplaced)         0.000     9.562    p_1_out__3_i_19_n_0
                         CARRY4 (Prop_carry4_S[1]_CO[3])
                                                      0.533    10.095 r  p_1_out__3_i_4/CO[3]
                         net (fo=1, unplaced)         0.000    10.095    p_1_out__3_i_4_n_0
                         CARRY4 (Prop_carry4_CI_CO[3])
                                                      0.117    10.212 r  p_1_out__3_i_3/CO[3]
                         net (fo=1, unplaced)         0.000    10.212    p_1_out__3_i_3_n_0
                         CARRY4 (Prop_carry4_CI_CO[3])
                                                      0.117    10.329 r  p_1_out__3_i_2/CO[3]
                         net (fo=1, unplaced)         0.000    10.329    p_1_out__3_i_2_n_0
                         CARRY4 (Prop_carry4_CI_CO[3])
                                                      0.117    10.446 r  p_1_out__3_i_1/CO[3]
                         net (fo=1, unplaced)         0.000    10.446    p_1_out__3_i_1_n_0
                         CARRY4 (Prop_carry4_CI_CO[3])
                                                      0.117    10.563 r  p_1_out__0_i_5/CO[3]
                         net (fo=1, unplaced)         0.000    10.563    p_1_out__0_i_5_n_0
                         CARRY4 (Prop_carry4_CI_CO[3])
                                                      0.117    10.680 r  p_1_out__0_i_4/CO[3]
                         net (fo=1, unplaced)         0.000    10.680    p_1_out__0_i_4_n_0
                         CARRY4 (Prop_carry4_CI_CO[3])
                                                      0.117    10.797 r  p_1_out__0_i_3/CO[3]
                         net (fo=1, unplaced)         0.000    10.797    p_1_out__0_i_3_n_0
                         CARRY4 (Prop_carry4_CI_CO[3])
                                                      0.117    10.914 r  p_1_out__0_i_2/CO[3]
                         net (fo=1, unplaced)         0.000    10.914    p_1_out__0_i_2_n_0
                         CARRY4 (Prop_carry4_CI_O[1])
                                                      0.337    11.251 r  p_1_out__0_i_1/O[1]
                         net (fo=2, unplaced)         0.803    12.054    p_1_out__0_i_1_n_6
                         DSP48E1 (Prop_dsp48e1_A[16]_PCOUT[47])
                                                      4.215    16.269 r  p_1_out__0/PCOUT[47]
                         net (fo=1, unplaced)         0.000    16.269    p_1_out__0_n_106
                         DSP48E1 (Prop_dsp48e1_PCIN[47]_PCOUT[47])
                                                      1.713    17.982 r  p_1_out__1/PCOUT[47]
                         net (fo=1, unplaced)         0.000    17.982    p_1_out__1_n_106
                         DSP48E1 (Prop_dsp48e1_PCIN[47]_P[1])
                                                      1.518    19.500 r  p_1_out__2/P[1]
                         net (fo=3, unplaced)         0.803    20.302    p_1_out__2_n_104
                         LUT3 (Prop_lut3_I1_O)        0.149    20.451 r  dots[0][31]_i_28/O
                         net (fo=2, unplaced)         0.459    20.910    dots[0][31]_i_28_n_0
                         LUT4 (Prop_lut4_I3_O)        0.355    21.265 r  dots[0][31]_i_32/O
                         net (fo=1, unplaced)         0.000    21.265    dots[0][31]_i_32_n_0
                         CARRY4 (Prop_carry4_S[0]_CO[3])
                                                      0.513    21.778 r  dots_reg[0][31]_i_16/CO[3]
                         net (fo=1, unplaced)         0.000    21.778    dots_reg[0][31]_i_16_n_0
                         CARRY4 (Prop_carry4_CI_CO[3])
                                                      0.117    21.895 r  dots_reg[0][31]_i_7/CO[3]
                         net (fo=1, unplaced)         0.000    21.895    dots_reg[0][31]_i_7_n_0
                         CARRY4 (Prop_carry4_CI_O[2])
                                                      0.256    22.151 r  dots_reg[0][31]_i_4/O[2]
                         net (fo=93, unplaced)        0.550    22.701    p_3_out[63]
                         LUT4 (Prop_lut4_I2_O)        0.293    22.994 r  dots[0][0]_i_79/O
                         net (fo=1, unplaced)         0.000    22.994    dots[0][0]_i_79_n_0
                         CARRY4 (Prop_carry4_DI[0]_CO[3])
                                                      0.576    23.570 r  dots_reg[0][0]_i_57/CO[3]
                         net (fo=1, unplaced)         0.000    23.570    dots_reg[0][0]_i_57_n_0
                         CARRY4 (Prop_carry4_CI_CO[3])
                                                      0.117    23.687 r  dots_reg[0][0]_i_35/CO[3]
                         net (fo=1, unplaced)         0.000    23.687    dots_reg[0][0]_i_35_n_0
                         CARRY4 (Prop_carry4_CI_CO[3])
                                                      0.117    23.804 r  dots_reg[0][0]_i_15/CO[3]
                         net (fo=1, unplaced)         0.000    23.804    dots_reg[0][0]_i_15_n_0
                         CARRY4 (Prop_carry4_CI_CO[3])
                                                      0.117    23.921 r  dots_reg[0][0]_i_7/CO[3]
                         net (fo=1, unplaced)         0.000    23.921    dots_reg[0][0]_i_7_n_0
                         CARRY4 (Prop_carry4_CI_CO[2])
                                                      0.252    24.173 r  dots_reg[0][0]_i_2/CO[2]
                         net (fo=2, unplaced)         0.463    24.636    dots_reg[0][0]_i_2_n_1
                         LUT4 (Prop_lut4_I3_O)        0.310    24.946 r  dots[0][0]_i_6/O
                         net (fo=1, unplaced)         0.000    24.946    dots[0][0]_i_6_n_0
                         CARRY4 (Prop_carry4_S[0]_CO[3])
                                                      0.513    25.459 r  dots_reg[0][0]_i_1/CO[3]
                         net (fo=1, unplaced)         0.000    25.459    dots_reg[0][0]_i_1_n_0
                         CARRY4 (Prop_carry4_CI_CO[3])
                                                      0.117    25.576 r  dots_reg[0][7]_i_2/CO[3]
                         net (fo=1, unplaced)         0.000    25.576    dots_reg[0][7]_i_2_n_0
                         CARRY4 (Prop_carry4_CI_CO[3])
                                                      0.117    25.693 r  dots_reg[0][11]_i_2/CO[3]
                         net (fo=1, unplaced)         0.000    25.693    dots_reg[0][11]_i_2_n_0
                         CARRY4 (Prop_carry4_CI_CO[3])
                                                      0.117    25.810 r  dots_reg[0][15]_i_2/CO[3]
                         net (fo=1, unplaced)         0.000    25.810    dots_reg[0][15]_i_2_n_0
                         CARRY4 (Prop_carry4_CI_CO[3])
                                                      0.117    25.927 r  dots_reg[0][19]_i_2/CO[3]
                         net (fo=1, unplaced)         0.000    25.927    dots_reg[0][19]_i_2_n_0
                         CARRY4 (Prop_carry4_CI_O[2])
                                                      0.256    26.183 f  dots_reg[0][23]_i_2/O[2]
                         net (fo=2, unplaced)         0.463    26.646    dots_reg[0][23]_i_2_n_5
                         LUT1 (Prop_lut1_I0_O)        0.301    26.947 r  dots[0][24]_i_5/O
                         net (fo=1, unplaced)         0.000    26.947    dots[0][24]_i_5_n_0
                         CARRY4 (Prop_carry4_S[1]_CO[3])
                                                      0.533    27.480 r  dots_reg[0][24]_i_2/CO[3]
                         net (fo=1, unplaced)         0.000    27.480    dots_reg[0][24]_i_2_n_0
                         CARRY4 (Prop_carry4_CI_O[2])
                                                      0.256    27.736 r  dots_reg[0][31]_i_5/O[2]
                         net (fo=1, unplaced)         0.452    28.188    dots_reg[0][31]_i_5_n_5
                         LUT3 (Prop_lut3_I0_O)        0.301    28.489 r  dots[0][27]_i_1/O
                         net (fo=24, unplaced)        0.000    28.489    c4_rq1_return[27]
                         FDRE                                         r  dots_reg[3][27]/D
  -------------------------------------------------------------------    -------------------

                         (clock clk rise edge)       10.000    10.000 r  <hidden>
                                                      0.000    10.000 r  clk
                         net (fo=43025, unset)        0.924    10.924    clk
                         FDRE                                         r  dots_reg[3][27]/C
                         clock pessimism              0.000    10.924    <hidden>
                         clock uncertainty           -0.035    10.889    <hidden>
                         FDRE (Setup_fdre_C_D)        0.044    10.933    dots_reg[3][27]
  -------------------------------------------------------------------
                         required time                         10.933    <hidden>
                         arrival time                         -28.489    <hidden>
  -------------------------------------------------------------------
                         slack                                -17.556    <hidden>

Slack (VIOLATED) :        -17.556ns  (required time - arrival time)
  Source:                 kv_reg[23][31][15]/C
                            (rising edge-triggered cell FDRE clocked by clk  {rise@0.000ns fall@5.000ns period=10.000ns})
  Destination:            dots_reg[4][27]/D
                            (rising edge-triggered cell FDRE clocked by clk  {rise@0.000ns fall@5.000ns period=10.000ns})
  Path Group:             clk
  Path Type:              Setup (Max at Slow Process Corner)
  Requirement:            10.000ns  (clk rise@10.000ns - clk rise@0.000ns)
  Data Path Delay:        27.516ns  (logic 20.218ns (73.476%)  route 7.298ns (26.524%))
  Logic Levels:           39  (CARRY4=25 DSP48E1=4 LUT1=1 LUT2=1 LUT3=2 LUT4=3 LUT5=1 LUT6=1 MUXF7=1)
  Clock Path Skew:        -0.049ns (DCD - SCD + CPR)
    Destination Clock Delay (DCD):    0.924ns = ( 10.924 - 10.000 ) 
    Source Clock Delay      (SCD):    0.973ns
    Clock Pessimism Removal (CPR):    0.000ns
  Clock Uncertainty:      0.035ns  ((TSJ^2 + TIJ^2)^1/2 + DJ) / 2 + PE
    Total System Jitter     (TSJ):    0.071ns
    Total Input Jitter      (TIJ):    0.000ns
    Discrete Jitter          (DJ):    0.000ns
    Phase Error              (PE):    0.000ns

    Location             Delay type                Incr(ns)  Path(ns)    Netlist Resource(s)
  -------------------------------------------------------------------    -------------------
                         (clock clk rise edge)        0.000     0.000 r  <hidden>
                                                      0.000     0.000 r  clk
                         net (fo=43025, unset)        0.973     0.973    clk
                         FDRE                                         r  kv_reg[23][31][15]/C
  -------------------------------------------------------------------    -------------------
                         FDRE (Prop_fdre_C_Q)         0.478     1.451 r  kv_reg[23][31][15]/Q
                         net (fo=1, unplaced)         0.965     2.416    kv_reg_n_0_[23][31][15]
                         LUT6 (Prop_lut6_I0_O)        0.295     2.711 r  p_0_out_i_66/O
                         net (fo=1, unplaced)         0.000     2.711    p_0_out_i_66_n_0
                         MUXF7 (Prop_muxf7_I1_O)      0.247     2.958 r  p_0_out_i_17/O
                         net (fo=1, unplaced)         0.735     3.693    p_0_out_i_17_n_0
                         LUT5 (Prop_lut5_I0_O)        0.298     3.991 r  p_0_out_i_1/O
                         net (fo=16, unplaced)        0.803     4.794    kv[15]
                         DSP48E1 (Prop_dsp48e1_A[29]_P[1])
                                                      3.841     8.635 r  p_0_out/P[1]
                         net (fo=1, unplaced)         0.803     9.438    p_0_out_n_104
                         LUT2 (Prop_lut2_I1_O)        0.124     9.562 r  p_1_out__3_i_19/O
                         net (fo=1, unplaced)         0.000     9.562    p_1_out__3_i_19_n_0
                         CARRY4 (Prop_carry4_S[1]_CO[3])
                                                      0.533    10.095 r  p_1_out__3_i_4/CO[3]
                         net (fo=1, unplaced)         0.000    10.095    p_1_out__3_i_4_n_0
                         CARRY4 (Prop_carry4_CI_CO[3])
                                                      0.117    10.212 r  p_1_out__3_i_3/CO[3]
                         net (fo=1, unplaced)         0.000    10.212    p_1_out__3_i_3_n_0
                         CARRY4 (Prop_carry4_CI_CO[3])
                                                      0.117    10.329 r  p_1_out__3_i_2/CO[3]
                         net (fo=1, unplaced)         0.000    10.329    p_1_out__3_i_2_n_0
                         CARRY4 (Prop_carry4_CI_CO[3])
                                                      0.117    10.446 r  p_1_out__3_i_1/CO[3]
                         net (fo=1, unplaced)         0.000    10.446    p_1_out__3_i_1_n_0
                         CARRY4 (Prop_carry4_CI_CO[3])
                                                      0.117    10.563 r  p_1_out__0_i_5/CO[3]
                         net (fo=1, unplaced)         0.000    10.563    p_1_out__0_i_5_n_0
                         CARRY4 (Prop_carry4_CI_CO[3])
                                                      0.117    10.680 r  p_1_out__0_i_4/CO[3]
                         net (fo=1, unplaced)         0.000    10.680    p_1_out__0_i_4_n_0
                         CARRY4 (Prop_carry4_CI_CO[3])
                                                      0.117    10.797 r  p_1_out__0_i_3/CO[3]
                         net (fo=1, unplaced)         0.000    10.797    p_1_out__0_i_3_n_0
                         CARRY4 (Prop_carry4_CI_CO[3])
                                                      0.117    10.914 r  p_1_out__0_i_2/CO[3]
                         net (fo=1, unplaced)         0.000    10.914    p_1_out__0_i_2_n_0
                         CARRY4 (Prop_carry4_CI_O[1])
                                                      0.337    11.251 r  p_1_out__0_i_1/O[1]
                         net (fo=2, unplaced)         0.803    12.054    p_1_out__0_i_1_n_6
                         DSP48E1 (Prop_dsp48e1_A[16]_PCOUT[47])
                                                      4.215    16.269 r  p_1_out__0/PCOUT[47]
                         net (fo=1, unplaced)         0.000    16.269    p_1_out__0_n_106
                         DSP48E1 (Prop_dsp48e1_PCIN[47]_PCOUT[47])
                                                      1.713    17.982 r  p_1_out__1/PCOUT[47]
                         net (fo=1, unplaced)         0.000    17.982    p_1_out__1_n_106
                         DSP48E1 (Prop_dsp48e1_PCIN[47]_P[1])
                                                      1.518    19.500 r  p_1_out__2/P[1]
                         net (fo=3, unplaced)         0.803    20.302    p_1_out__2_n_104
                         LUT3 (Prop_lut3_I1_O)        0.149    20.451 r  dots[0][31]_i_28/O
                         net (fo=2, unplaced)         0.459    20.910    dots[0][31]_i_28_n_0
                         LUT4 (Prop_lut4_I3_O)        0.355    21.265 r  dots[0][31]_i_32/O
                         net (fo=1, unplaced)         0.000    21.265    dots[0][31]_i_32_n_0
                         CARRY4 (Prop_carry4_S[0]_CO[3])
                                                      0.513    21.778 r  dots_reg[0][31]_i_16/CO[3]
                         net (fo=1, unplaced)         0.000    21.778    dots_reg[0][31]_i_16_n_0
                         CARRY4 (Prop_carry4_CI_CO[3])
                                                      0.117    21.895 r  dots_reg[0][31]_i_7/CO[3]
                         net (fo=1, unplaced)         0.000    21.895    dots_reg[0][31]_i_7_n_0
                         CARRY4 (Prop_carry4_CI_O[2])
                                                      0.256    22.151 r  dots_reg[0][31]_i_4/O[2]
                         net (fo=93, unplaced)        0.550    22.701    p_3_out[63]
                         LUT4 (Prop_lut4_I2_O)        0.293    22.994 r  dots[0][0]_i_79/O
                         net (fo=1, unplaced)         0.000    22.994    dots[0][0]_i_79_n_0
                         CARRY4 (Prop_carry4_DI[0]_CO[3])
                                                      0.576    23.570 r  dots_reg[0][0]_i_57/CO[3]
                         net (fo=1, unplaced)         0.000    23.570    dots_reg[0][0]_i_57_n_0
                         CARRY4 (Prop_carry4_CI_CO[3])
                                                      0.117    23.687 r  dots_reg[0][0]_i_35/CO[3]
                         net (fo=1, unplaced)         0.000    23.687    dots_reg[0][0]_i_35_n_0
                         CARRY4 (Prop_carry4_CI_CO[3])
                                                      0.117    23.804 r  dots_reg[0][0]_i_15/CO[3]
                         net (fo=1, unplaced)         0.000    23.804    dots_reg[0][0]_i_15_n_0
                         CARRY4 (Prop_carry4_CI_CO[3])
                                                      0.117    23.921 r  dots_reg[0][0]_i_7/CO[3]
                         net (fo=1, unplaced)         0.000    23.921    dots_reg[0][0]_i_7_n_0
                         CARRY4 (Prop_carry4_CI_CO[2])
                                                      0.252    24.173 r  dots_reg[0][0]_i_2/CO[2]
                         net (fo=2, unplaced)         0.463    24.636    dots_reg[0][0]_i_2_n_1
                         LUT4 (Prop_lut4_I3_O)        0.310    24.946 r  dots[0][0]_i_6/O
                         net (fo=1, unplaced)         0.000    24.946    dots[0][0]_i_6_n_0
                         CARRY4 (Prop_carry4_S[0]_CO[3])
                                                      0.513    25.459 r  dots_reg[0][0]_i_1/CO[3]
                         net (fo=1, unplaced)         0.000    25.459    dots_reg[0][0]_i_1_n_0
                         CARRY4 (Prop_carry4_CI_CO[3])
                                                      0.117    25.576 r  dots_reg[0][7]_i_2/CO[3]
                         net (fo=1, unplaced)         0.000    25.576    dots_reg[0][7]_i_2_n_0
                         CARRY4 (Prop_carry4_CI_CO[3])
                                                      0.117    25.693 r  dots_reg[0][11]_i_2/CO[3]
                         net (fo=1, unplaced)         0.000    25.693    dots_reg[0][11]_i_2_n_0
                         CARRY4 (Prop_carry4_CI_CO[3])
                                                      0.117    25.810 r  dots_reg[0][15]_i_2/CO[3]
                         net (fo=1, unplaced)         0.000    25.810    dots_reg[0][15]_i_2_n_0
                         CARRY4 (Prop_carry4_CI_CO[3])
                                                      0.117    25.927 r  dots_reg[0][19]_i_2/CO[3]
                         net (fo=1, unplaced)         0.000    25.927    dots_reg[0][19]_i_2_n_0
                         CARRY4 (Prop_carry4_CI_O[2])
                                                      0.256    26.183 f  dots_reg[0][23]_i_2/O[2]
                         net (fo=2, unplaced)         0.463    26.646    dots_reg[0][23]_i_2_n_5
                         LUT1 (Prop_lut1_I0_O)        0.301    26.947 r  dots[0][24]_i_5/O
                         net (fo=1, unplaced)         0.000    26.947    dots[0][24]_i_5_n_0
                         CARRY4 (Prop_carry4_S[1]_CO[3])
                                                      0.533    27.480 r  dots_reg[0][24]_i_2/CO[3]
                         net (fo=1, unplaced)         0.000    27.480    dots_reg[0][24]_i_2_n_0
                         CARRY4 (Prop_carry4_CI_O[2])
                                                      0.256    27.736 r  dots_reg[0][31]_i_5/O[2]
                         net (fo=1, unplaced)         0.452    28.188    dots_reg[0][31]_i_5_n_5
                         LUT3 (Prop_lut3_I0_O)        0.301    28.489 r  dots[0][27]_i_1/O
                         net (fo=24, unplaced)        0.000    28.489    c4_rq1_return[27]
                         FDRE                                         r  dots_reg[4][27]/D
  -------------------------------------------------------------------    -------------------

                         (clock clk rise edge)       10.000    10.000 r  <hidden>
                                                      0.000    10.000 r  clk
                         net (fo=43025, unset)        0.924    10.924    clk
                         FDRE                                         r  dots_reg[4][27]/C
                         clock pessimism              0.000    10.924    <hidden>
                         clock uncertainty           -0.035    10.889    <hidden>
                         FDRE (Setup_fdre_C_D)        0.044    10.933    dots_reg[4][27]
  -------------------------------------------------------------------
                         required time                         10.933    <hidden>
                         arrival time                         -28.489    <hidden>
  -------------------------------------------------------------------
                         slack                                -17.556    <hidden>

Slack (VIOLATED) :        -17.556ns  (required time - arrival time)
  Source:                 kv_reg[23][31][15]/C
                            (rising edge-triggered cell FDRE clocked by clk  {rise@0.000ns fall@5.000ns period=10.000ns})
  Destination:            dots_reg[5][27]/D
                            (rising edge-triggered cell FDRE clocked by clk  {rise@0.000ns fall@5.000ns period=10.000ns})
  Path Group:             clk
  Path Type:              Setup (Max at Slow Process Corner)
  Requirement:            10.000ns  (clk rise@10.000ns - clk rise@0.000ns)
  Data Path Delay:        27.516ns  (logic 20.218ns (73.476%)  route 7.298ns (26.524%))
  Logic Levels:           39  (CARRY4=25 DSP48E1=4 LUT1=1 LUT2=1 LUT3=2 LUT4=3 LUT5=1 LUT6=1 MUXF7=1)
  Clock Path Skew:        -0.049ns (DCD - SCD + CPR)
    Destination Clock Delay (DCD):    0.924ns = ( 10.924 - 10.000 ) 
    Source Clock Delay      (SCD):    0.973ns
    Clock Pessimism Removal (CPR):    0.000ns
  Clock Uncertainty:      0.035ns  ((TSJ^2 + TIJ^2)^1/2 + DJ) / 2 + PE
    Total System Jitter     (TSJ):    0.071ns
    Total Input Jitter      (TIJ):    0.000ns
    Discrete Jitter          (DJ):    0.000ns
    Phase Error              (PE):    0.000ns

    Location             Delay type                Incr(ns)  Path(ns)    Netlist Resource(s)
  -------------------------------------------------------------------    -------------------
                         (clock clk rise edge)        0.000     0.000 r  <hidden>
                                                      0.000     0.000 r  clk
                         net (fo=43025, unset)        0.973     0.973    clk
                         FDRE                                         r  kv_reg[23][31][15]/C
  -------------------------------------------------------------------    -------------------
                         FDRE (Prop_fdre_C_Q)         0.478     1.451 r  kv_reg[23][31][15]/Q
                         net (fo=1, unplaced)         0.965     2.416    kv_reg_n_0_[23][31][15]
                         LUT6 (Prop_lut6_I0_O)        0.295     2.711 r  p_0_out_i_66/O
                         net (fo=1, unplaced)         0.000     2.711    p_0_out_i_66_n_0
                         MUXF7 (Prop_muxf7_I1_O)      0.247     2.958 r  p_0_out_i_17/O
                         net (fo=1, unplaced)         0.735     3.693    p_0_out_i_17_n_0
                         LUT5 (Prop_lut5_I0_O)        0.298     3.991 r  p_0_out_i_1/O
                         net (fo=16, unplaced)        0.803     4.794    kv[15]
                         DSP48E1 (Prop_dsp48e1_A[29]_P[1])
                                                      3.841     8.635 r  p_0_out/P[1]
                         net (fo=1, unplaced)         0.803     9.438    p_0_out_n_104
                         LUT2 (Prop_lut2_I1_O)        0.124     9.562 r  p_1_out__3_i_19/O
                         net (fo=1, unplaced)         0.000     9.562    p_1_out__3_i_19_n_0
                         CARRY4 (Prop_carry4_S[1]_CO[3])
                                                      0.533    10.095 r  p_1_out__3_i_4/CO[3]
                         net (fo=1, unplaced)         0.000    10.095    p_1_out__3_i_4_n_0
                         CARRY4 (Prop_carry4_CI_CO[3])
                                                      0.117    10.212 r  p_1_out__3_i_3/CO[3]
                         net (fo=1, unplaced)         0.000    10.212    p_1_out__3_i_3_n_0
                         CARRY4 (Prop_carry4_CI_CO[3])
                                                      0.117    10.329 r  p_1_out__3_i_2/CO[3]
                         net (fo=1, unplaced)         0.000    10.329    p_1_out__3_i_2_n_0
                         CARRY4 (Prop_carry4_CI_CO[3])
                                                      0.117    10.446 r  p_1_out__3_i_1/CO[3]
                         net (fo=1, unplaced)         0.000    10.446    p_1_out__3_i_1_n_0
                         CARRY4 (Prop_carry4_CI_CO[3])
                                                      0.117    10.563 r  p_1_out__0_i_5/CO[3]
                         net (fo=1, unplaced)         0.000    10.563    p_1_out__0_i_5_n_0
                         CARRY4 (Prop_carry4_CI_CO[3])
                                                      0.117    10.680 r  p_1_out__0_i_4/CO[3]
                         net (fo=1, unplaced)         0.000    10.680    p_1_out__0_i_4_n_0
                         CARRY4 (Prop_carry4_CI_CO[3])
                                                      0.117    10.797 r  p_1_out__0_i_3/CO[3]
                         net (fo=1, unplaced)         0.000    10.797    p_1_out__0_i_3_n_0
                         CARRY4 (Prop_carry4_CI_CO[3])
                                                      0.117    10.914 r  p_1_out__0_i_2/CO[3]
                         net (fo=1, unplaced)         0.000    10.914    p_1_out__0_i_2_n_0
                         CARRY4 (Prop_carry4_CI_O[1])
                                                      0.337    11.251 r  p_1_out__0_i_1/O[1]
                         net (fo=2, unplaced)         0.803    12.054    p_1_out__0_i_1_n_6
                         DSP48E1 (Prop_dsp48e1_A[16]_PCOUT[47])
                                                      4.215    16.269 r  p_1_out__0/PCOUT[47]
                         net (fo=1, unplaced)         0.000    16.269    p_1_out__0_n_106
                         DSP48E1 (Prop_dsp48e1_PCIN[47]_PCOUT[47])
                                                      1.713    17.982 r  p_1_out__1/PCOUT[47]
                         net (fo=1, unplaced)         0.000    17.982    p_1_out__1_n_106
                         DSP48E1 (Prop_dsp48e1_PCIN[47]_P[1])
                                                      1.518    19.500 r  p_1_out__2/P[1]
                         net (fo=3, unplaced)         0.803    20.302    p_1_out__2_n_104
                         LUT3 (Prop_lut3_I1_O)        0.149    20.451 r  dots[0][31]_i_28/O
                         net (fo=2, unplaced)         0.459    20.910    dots[0][31]_i_28_n_0
                         LUT4 (Prop_lut4_I3_O)        0.355    21.265 r  dots[0][31]_i_32/O
                         net (fo=1, unplaced)         0.000    21.265    dots[0][31]_i_32_n_0
                         CARRY4 (Prop_carry4_S[0]_CO[3])
                                                      0.513    21.778 r  dots_reg[0][31]_i_16/CO[3]
                         net (fo=1, unplaced)         0.000    21.778    dots_reg[0][31]_i_16_n_0
                         CARRY4 (Prop_carry4_CI_CO[3])
                                                      0.117    21.895 r  dots_reg[0][31]_i_7/CO[3]
                         net (fo=1, unplaced)         0.000    21.895    dots_reg[0][31]_i_7_n_0
                         CARRY4 (Prop_carry4_CI_O[2])
                                                      0.256    22.151 r  dots_reg[0][31]_i_4/O[2]
                         net (fo=93, unplaced)        0.550    22.701    p_3_out[63]
                         LUT4 (Prop_lut4_I2_O)        0.293    22.994 r  dots[0][0]_i_79/O
                         net (fo=1, unplaced)         0.000    22.994    dots[0][0]_i_79_n_0
                         CARRY4 (Prop_carry4_DI[0]_CO[3])
                                                      0.576    23.570 r  dots_reg[0][0]_i_57/CO[3]
                         net (fo=1, unplaced)         0.000    23.570    dots_reg[0][0]_i_57_n_0
                         CARRY4 (Prop_carry4_CI_CO[3])
                                                      0.117    23.687 r  dots_reg[0][0]_i_35/CO[3]
                         net (fo=1, unplaced)         0.000    23.687    dots_reg[0][0]_i_35_n_0
                         CARRY4 (Prop_carry4_CI_CO[3])
                                                      0.117    23.804 r  dots_reg[0][0]_i_15/CO[3]
                         net (fo=1, unplaced)         0.000    23.804    dots_reg[0][0]_i_15_n_0
                         CARRY4 (Prop_carry4_CI_CO[3])
                                                      0.117    23.921 r  dots_reg[0][0]_i_7/CO[3]
                         net (fo=1, unplaced)         0.000    23.921    dots_reg[0][0]_i_7_n_0
                         CARRY4 (Prop_carry4_CI_CO[2])
                                                      0.252    24.173 r  dots_reg[0][0]_i_2/CO[2]
                         net (fo=2, unplaced)         0.463    24.636    dots_reg[0][0]_i_2_n_1
                         LUT4 (Prop_lut4_I3_O)        0.310    24.946 r  dots[0][0]_i_6/O
                         net (fo=1, unplaced)         0.000    24.946    dots[0][0]_i_6_n_0
                         CARRY4 (Prop_carry4_S[0]_CO[3])
                                                      0.513    25.459 r  dots_reg[0][0]_i_1/CO[3]
                         net (fo=1, unplaced)         0.000    25.459    dots_reg[0][0]_i_1_n_0
                         CARRY4 (Prop_carry4_CI_CO[3])
                                                      0.117    25.576 r  dots_reg[0][7]_i_2/CO[3]
                         net (fo=1, unplaced)         0.000    25.576    dots_reg[0][7]_i_2_n_0
                         CARRY4 (Prop_carry4_CI_CO[3])
                                                      0.117    25.693 r  dots_reg[0][11]_i_2/CO[3]
                         net (fo=1, unplaced)         0.000    25.693    dots_reg[0][11]_i_2_n_0
                         CARRY4 (Prop_carry4_CI_CO[3])
                                                      0.117    25.810 r  dots_reg[0][15]_i_2/CO[3]
                         net (fo=1, unplaced)         0.000    25.810    dots_reg[0][15]_i_2_n_0
                         CARRY4 (Prop_carry4_CI_CO[3])
                                                      0.117    25.927 r  dots_reg[0][19]_i_2/CO[3]
                         net (fo=1, unplaced)         0.000    25.927    dots_reg[0][19]_i_2_n_0
                         CARRY4 (Prop_carry4_CI_O[2])
                                                      0.256    26.183 f  dots_reg[0][23]_i_2/O[2]
                         net (fo=2, unplaced)         0.463    26.646    dots_reg[0][23]_i_2_n_5
                         LUT1 (Prop_lut1_I0_O)        0.301    26.947 r  dots[0][24]_i_5/O
                         net (fo=1, unplaced)         0.000    26.947    dots[0][24]_i_5_n_0
                         CARRY4 (Prop_carry4_S[1]_CO[3])
                                                      0.533    27.480 r  dots_reg[0][24]_i_2/CO[3]
                         net (fo=1, unplaced)         0.000    27.480    dots_reg[0][24]_i_2_n_0
                         CARRY4 (Prop_carry4_CI_O[2])
                                                      0.256    27.736 r  dots_reg[0][31]_i_5/O[2]
                         net (fo=1, unplaced)         0.452    28.188    dots_reg[0][31]_i_5_n_5
                         LUT3 (Prop_lut3_I0_O)        0.301    28.489 r  dots[0][27]_i_1/O
                         net (fo=24, unplaced)        0.000    28.489    c4_rq1_return[27]
                         FDRE                                         r  dots_reg[5][27]/D
  -------------------------------------------------------------------    -------------------

                         (clock clk rise edge)       10.000    10.000 r  <hidden>
                                                      0.000    10.000 r  clk
                         net (fo=43025, unset)        0.924    10.924    clk
                         FDRE                                         r  dots_reg[5][27]/C
                         clock pessimism              0.000    10.924    <hidden>
                         clock uncertainty           -0.035    10.889    <hidden>
                         FDRE (Setup_fdre_C_D)        0.044    10.933    dots_reg[5][27]
  -------------------------------------------------------------------
                         required time                         10.933    <hidden>
                         arrival time                         -28.489    <hidden>
  -------------------------------------------------------------------
                         slack                                -17.556    <hidden>




