Copyright 1986-2022 Xilinx, Inc. All Rights Reserved. Copyright 2022-2026 Advanced Micro Devices, Inc. All Rights Reserved.
------------------------------------------------------------------------------------------------------------------------------------------------------------------------------------------------------------------------------------------
| Tool Version : Vivado v.2026.1 (win64) Build 6511674 Tue Jun 16 11:02:23 MDT 2026
| Date         : Wed Sep  9 20:09:24 2026
| Host         : laptop-Quan running 64-bit major release  (build 9200)
| Command      : report_timing -delay_type max -max_paths 20 -nworst 1 -sort_by slack -file D:/FPGA/FPGG_ART_Y_ASTRA_NATIVE_V1_RESEARCH/results/A7-NATIVE-GRAPH/ASTRA-FINAL-C4-C7-20260909/26_C4_D32_BITEXACT_PHYSICAL/timing_n20_e3d.rpt
| Design       : a7ng_astra_c4_lm06_d32_fr_v2
| Device       : 7a100t-csg324
| Speed File   : -1  PRODUCTION 1.23 2018-06-13
| Design State : Synthesized
------------------------------------------------------------------------------------------------------------------------------------------------------------------------------------------------------------------------------------------

Timing Report

Slack (VIOLATED) :        -24.357ns  (required time - arrival time)
  Source:                 di_reg[4]/C
                            (rising edge-triggered cell FDCE clocked by clk  {rise@0.000ns fall@5.000ns period=10.000ns})
  Destination:            vv_wdata_reg[0]/S
                            (rising edge-triggered cell FDSE clocked by clk  {rise@0.000ns fall@5.000ns period=10.000ns})
  Path Group:             clk
  Path Type:              Setup (Max at Slow Process Corner)
  Requirement:            10.000ns  (clk rise@10.000ns - clk rise@0.000ns)
  Data Path Delay:        33.716ns  (logic 21.888ns (64.918%)  route 11.828ns (35.082%))
  Logic Levels:           48  (CARRY4=31 DSP48E1=4 LUT1=1 LUT2=1 LUT3=2 LUT4=3 LUT5=1 LUT6=5)
  Clock Path Skew:        -0.049ns (DCD - SCD + CPR)
    Destination Clock Delay (DCD):    0.924ns = ( 10.924 - 10.000 ) 
    Source Clock Delay      (SCD):    0.973ns
    Clock Pessimism Removal (CPR):    0.000ns
  Clock Uncertainty:      0.035ns  ((TSJ^2 + TIJ^2)^1/2 + DJ) / 2 + PE
    Total System Jitter     (TSJ):    0.071ns
    Total Input Jitter      (TIJ):    0.000ns
    Discrete Jitter          (DJ):    0.000ns
    Phase Error              (PE):    0.000ns

    Location             Delay type                Incr(ns)  Path(ns)    Netlist Resource(s)
  -------------------------------------------------------------------    -------------------
                         (clock clk rise edge)        0.000     0.000 r  <hidden>
                                                      0.000     0.000 r  clk
                         net (fo=42639, unset)        0.973     0.973    clk
                         FDCE                                         r  di_reg[4]/C
  -------------------------------------------------------------------    -------------------
                         FDCE (Prop_fdce_C_Q)         0.478     1.451 r  di_reg[4]/Q
                         net (fo=134, unplaced)       0.773     2.224    a03_out[4]
                         CARRY4 (Prop_carry4_S[0]_O[2])
                                                      0.839     3.063 r  g0_b0_i_1/O[2]
                         net (fo=402, unplaced)       0.870     3.933    a03_out[6]
                         LUT6 (Prop_lut6_I0_O)        0.301     4.234 r  acc1__1_i_95/O
                         net (fo=2, unplaced)         0.743     4.977    acc1__1_i_95_n_0
                         LUT6 (Prop_lut6_I1_O)        0.124     5.101 r  acc1__1_i_28/O
                         net (fo=2, unplaced)         0.743     5.844    acc1__1_i_28_n_0
                         LUT6 (Prop_lut6_I3_O)        0.124     5.968 r  acc1__1_i_9/O
                         net (fo=1, unplaced)         0.449     6.417    p_0_out__6[7]
                         LUT4 (Prop_lut4_I0_O)        0.124     6.541 r  acc1__1_i_1/O
                         net (fo=22, unplaced)        0.803     7.344    acc1__1_i_1_n_0
                         DSP48E1 (Prop_dsp48e1_B[17]_P[1])
                                                      3.656    11.000 r  val0__3/P[1]
                         net (fo=1, unplaced)         0.803    11.803    val0__3_n_104
                         LUT2 (Prop_lut2_I1_O)        0.124    11.927 r  c4_rq6_return1__3_i_19/O
                         net (fo=1, unplaced)         0.000    11.927    c4_rq6_return1__3_i_19_n_0
                         CARRY4 (Prop_carry4_S[1]_CO[3])
                                                      0.533    12.460 r  c4_rq6_return1__3_i_4/CO[3]
                         net (fo=1, unplaced)         0.000    12.460    c4_rq6_return1__3_i_4_n_0
                         CARRY4 (Prop_carry4_CI_CO[3])
                                                      0.117    12.577 r  c4_rq6_return1__3_i_3/CO[3]
                         net (fo=1, unplaced)         0.000    12.577    c4_rq6_return1__3_i_3_n_0
                         CARRY4 (Prop_carry4_CI_CO[3])
                                                      0.117    12.694 r  c4_rq6_return1__3_i_2/CO[3]
                         net (fo=1, unplaced)         0.000    12.694    c4_rq6_return1__3_i_2_n_0
                         CARRY4 (Prop_carry4_CI_CO[3])
                                                      0.117    12.811 r  c4_rq6_return1__3_i_1/CO[3]
                         net (fo=1, unplaced)         0.000    12.811    c4_rq6_return1__3_i_1_n_0
                         CARRY4 (Prop_carry4_CI_CO[3])
                                                      0.117    12.928 r  c4_rq6_return1__0_i_5/CO[3]
                         net (fo=1, unplaced)         0.000    12.928    c4_rq6_return1__0_i_5_n_0
                         CARRY4 (Prop_carry4_CI_CO[3])
                                                      0.117    13.045 r  c4_rq6_return1__0_i_4/CO[3]
                         net (fo=1, unplaced)         0.000    13.045    c4_rq6_return1__0_i_4_n_0
                         CARRY4 (Prop_carry4_CI_CO[3])
                                                      0.117    13.162 r  c4_rq6_return1__0_i_3/CO[3]
                         net (fo=1, unplaced)         0.000    13.162    c4_rq6_return1__0_i_3_n_0
                         CARRY4 (Prop_carry4_CI_CO[3])
                                                      0.117    13.279 r  c4_rq6_return1__0_i_2/CO[3]
                         net (fo=1, unplaced)         0.000    13.279    c4_rq6_return1__0_i_2_n_0
                         CARRY4 (Prop_carry4_CI_O[1])
                                                      0.337    13.616 r  c4_rq6_return1__0_i_1/O[1]
                         net (fo=4, unplaced)         0.803    14.419    c4_rq6_return1__0_i_1_n_6
                         DSP48E1 (Prop_dsp48e1_A[16]_PCOUT[47])
                                                      4.215    18.634 r  c4_rq6_return1__0/PCOUT[47]
                         net (fo=1, unplaced)         0.000    18.634    c4_rq6_return1__0_n_106
                         DSP48E1 (Prop_dsp48e1_PCIN[47]_PCOUT[47])
                                                      1.713    20.347 r  c4_rq6_return1__1/PCOUT[47]
                         net (fo=1, unplaced)         0.000    20.347    c4_rq6_return1__1_n_106
                         DSP48E1 (Prop_dsp48e1_PCIN[47]_P[2])
                                                      1.518    21.865 r  c4_rq6_return1__2/P[2]
                         net (fo=2, unplaced)         0.803    22.667    c4_rq6_return1__2_n_103
                         LUT3 (Prop_lut3_I1_O)        0.124    22.791 r  vv_wdata[14]_i_96/O
                         net (fo=2, unplaced)         0.460    23.251    vv_wdata[14]_i_96_n_0
                         LUT4 (Prop_lut4_I3_O)        0.124    23.375 r  vv_wdata[14]_i_100/O
                         net (fo=1, unplaced)         0.000    23.375    vv_wdata[14]_i_100_n_0
                         CARRY4 (Prop_carry4_S[1]_CO[3])
                                                      0.533    23.908 r  vv_wdata_reg[14]_i_76/CO[3]
                         net (fo=1, unplaced)         0.000    23.908    vv_wdata_reg[14]_i_76_n_0
                         CARRY4 (Prop_carry4_CI_CO[3])
                                                      0.117    24.025 r  vv_wdata_reg[14]_i_40/CO[3]
                         net (fo=1, unplaced)         0.000    24.025    vv_wdata_reg[14]_i_40_n_0
                         CARRY4 (Prop_carry4_CI_O[2])
                                                      0.256    24.281 r  vv_wdata_reg[14]_i_21/O[2]
                         net (fo=147, unplaced)       0.561    24.842    c4_rq6_return1__6[63]
                         LUT4 (Prop_lut4_I2_O)        0.293    25.135 r  vv_wdata[0]_i_79/O
                         net (fo=1, unplaced)         0.000    25.135    vv_wdata[0]_i_79_n_0
                         CARRY4 (Prop_carry4_DI[0]_CO[3])
                                                      0.576    25.711 r  vv_wdata_reg[0]_i_57/CO[3]
                         net (fo=1, unplaced)         0.000    25.711    vv_wdata_reg[0]_i_57_n_0
                         CARRY4 (Prop_carry4_CI_CO[3])
                                                      0.117    25.828 r  vv_wdata_reg[0]_i_42/CO[3]
                         net (fo=1, unplaced)         0.000    25.828    vv_wdata_reg[0]_i_42_n_0
                         CARRY4 (Prop_carry4_CI_CO[3])
                                                      0.117    25.945 r  vv_wdata_reg[0]_i_17/CO[3]
                         net (fo=1, unplaced)         0.000    25.945    vv_wdata_reg[0]_i_17_n_0
                         CARRY4 (Prop_carry4_CI_CO[3])
                                                      0.117    26.062 r  vv_wdata_reg[0]_i_8/CO[3]
                         net (fo=1, unplaced)         0.000    26.062    vv_wdata_reg[0]_i_8_n_0
                         CARRY4 (Prop_carry4_CI_CO[1])
                                                      0.179    26.241 r  vv_wdata_reg[0]_i_3/CO[1]
                         net (fo=2, unplaced)         0.536    26.777    vv_wdata_reg[0]_i_3_n_2
                         CARRY4 (Prop_carry4_DI[0]_CO[3])
                                                      0.758    27.535 r  vv_wdata_reg[0]_i_2/CO[3]
                         net (fo=1, unplaced)         0.000    27.535    vv_wdata_reg[0]_i_2_n_0
                         CARRY4 (Prop_carry4_CI_CO[3])
                                                      0.117    27.652 r  vv_wdata_reg[7]_i_4/CO[3]
                         net (fo=1, unplaced)         0.000    27.652    vv_wdata_reg[7]_i_4_n_0
                         CARRY4 (Prop_carry4_CI_CO[3])
                                                      0.117    27.769 r  vv_wdata_reg[10]_i_8/CO[3]
                         net (fo=1, unplaced)         0.000    27.769    vv_wdata_reg[10]_i_8_n_0
                         CARRY4 (Prop_carry4_CI_CO[3])
                                                      0.117    27.886 r  vv_wdata_reg[14]_i_22/CO[3]
                         net (fo=1, unplaced)         0.000    27.886    vv_wdata_reg[14]_i_22_n_0
                         CARRY4 (Prop_carry4_CI_O[2])
                                                      0.256    28.142 f  vv_wdata_reg[14]_i_75/O[2]
                         net (fo=2, unplaced)         0.463    28.605    vv_wdata_reg[14]_i_75_n_5
                         LUT1 (Prop_lut1_I0_O)        0.301    28.906 r  vv_wdata[15]_i_124/O
                         net (fo=1, unplaced)         0.000    28.906    vv_wdata[15]_i_124_n_0
                         CARRY4 (Prop_carry4_S[1]_CO[3])
                                                      0.533    29.439 r  vv_wdata_reg[15]_i_87/CO[3]
                         net (fo=1, unplaced)         0.000    29.439    vv_wdata_reg[15]_i_87_n_0
                         CARRY4 (Prop_carry4_CI_O[2])
                                                      0.256    29.695 r  vv_wdata_reg[15]_i_60/O[2]
                         net (fo=1, unplaced)         0.452    30.147    c4_rq6_return0[23]
                         LUT3 (Prop_lut3_I0_O)        0.293    30.440 r  vv_wdata[15]_i_180/O
                         net (fo=1, unplaced)         0.449    30.889    c4_rq6_return[23]
                         LUT5 (Prop_lut5_I4_O)        0.124    31.013 r  vv_wdata[15]_i_155/O
                         net (fo=4, unplaced)         0.473    31.486    val__0__0[23]
                         LUT6 (Prop_lut6_I5_O)        0.124    31.610 r  vv_wdata[15]_i_112/O
                         net (fo=1, unplaced)         0.474    32.084    vv_wdata[15]_i_112_n_0
                         CARRY4 (Prop_carry4_DI[2]_CO[3])
                                                      0.404    32.488 r  vv_wdata_reg[15]_i_80/CO[3]
                         net (fo=1, unplaced)         0.000    32.488    vv_wdata_reg[15]_i_80_n_0
                         CARRY4 (Prop_carry4_CI_CO[3])
                                                      0.117    32.605 r  vv_wdata_reg[15]_i_55/CO[3]
                         net (fo=1, unplaced)         0.000    32.605    vv_wdata_reg[15]_i_55_n_0
                         CARRY4 (Prop_carry4_CI_CO[3])
                                                      0.117    32.722 r  vv_wdata_reg[15]_i_37/CO[3]
                         net (fo=1, unplaced)         0.000    32.722    vv_wdata_reg[15]_i_37_n_0
                         CARRY4 (Prop_carry4_CI_CO[3])
                                                      0.117    32.839 r  vv_wdata_reg[15]_i_21/CO[3]
                         net (fo=1, unplaced)         0.000    32.839    vv_wdata_reg[15]_i_21_n_0
                         CARRY4 (Prop_carry4_CI_CO[3])
                                                      0.117    32.956 r  vv_wdata_reg[15]_i_8/CO[3]
                         net (fo=1, unplaced)         0.000    32.956    vv_wdata_reg[15]_i_8_n_0
                         CARRY4 (Prop_carry4_CI_CO[2])
                                                      0.252    33.208 r  vv_wdata_reg[15]_i_5/CO[2]
                         net (fo=1, unplaced)         0.452    33.660    c4_sat1__1
                         LUT6 (Prop_lut6_I5_O)        0.310    33.970 r  vv_wdata[15]_i_1/O
                         net (fo=160, unplaced)       0.719    34.689    vv_wdata[15]_i_1_n_0
                         FDSE                                         r  vv_wdata_reg[0]/S
  -------------------------------------------------------------------    -------------------

                         (clock clk rise edge)       10.000    10.000 r  <hidden>
                                                      0.000    10.000 r  clk
                         net (fo=42639, unset)        0.924    10.924    clk
                         FDSE                                         r  vv_wdata_reg[0]/C
                         clock pessimism              0.000    10.924    <hidden>
                         clock uncertainty           -0.035    10.889    <hidden>
                         FDSE (Setup_fdse_C_S)       -0.557    10.332    vv_wdata_reg[0]
  -------------------------------------------------------------------
                         required time                         10.332    <hidden>
                         arrival time                         -34.689    <hidden>
  -------------------------------------------------------------------
                         slack                                -24.357    <hidden>

Slack (VIOLATED) :        -24.357ns  (required time - arrival time)
  Source:                 di_reg[4]/C
                            (rising edge-triggered cell FDCE clocked by clk  {rise@0.000ns fall@5.000ns period=10.000ns})
  Destination:            vv_wdata_reg[0]_rep/S
                            (rising edge-triggered cell FDSE clocked by clk  {rise@0.000ns fall@5.000ns period=10.000ns})
  Path Group:             clk
  Path Type:              Setup (Max at Slow Process Corner)
  Requirement:            10.000ns  (clk rise@10.000ns - clk rise@0.000ns)
  Data Path Delay:        33.716ns  (logic 21.888ns (64.918%)  route 11.828ns (35.082%))
  Logic Levels:           48  (CARRY4=31 DSP48E1=4 LUT1=1 LUT2=1 LUT3=2 LUT4=3 LUT5=1 LUT6=5)
  Clock Path Skew:        -0.049ns (DCD - SCD + CPR)
    Destination Clock Delay (DCD):    0.924ns = ( 10.924 - 10.000 ) 
    Source Clock Delay      (SCD):    0.973ns
    Clock Pessimism Removal (CPR):    0.000ns
  Clock Uncertainty:      0.035ns  ((TSJ^2 + TIJ^2)^1/2 + DJ) / 2 + PE
    Total System Jitter     (TSJ):    0.071ns
    Total Input Jitter      (TIJ):    0.000ns
    Discrete Jitter          (DJ):    0.000ns
    Phase Error              (PE):    0.000ns

    Location             Delay type                Incr(ns)  Path(ns)    Netlist Resource(s)
  -------------------------------------------------------------------    -------------------
                         (clock clk rise edge)        0.000     0.000 r  <hidden>
                                                      0.000     0.000 r  clk
                         net (fo=42639, unset)        0.973     0.973    clk
                         FDCE                                         r  di_reg[4]/C
  -------------------------------------------------------------------    -------------------
                         FDCE (Prop_fdce_C_Q)         0.478     1.451 r  di_reg[4]/Q
                         net (fo=134, unplaced)       0.773     2.224    a03_out[4]
                         CARRY4 (Prop_carry4_S[0]_O[2])
                                                      0.839     3.063 r  g0_b0_i_1/O[2]
                         net (fo=402, unplaced)       0.870     3.933    a03_out[6]
                         LUT6 (Prop_lut6_I0_O)        0.301     4.234 r  acc1__1_i_95/O
                         net (fo=2, unplaced)         0.743     4.977    acc1__1_i_95_n_0
                         LUT6 (Prop_lut6_I1_O)        0.124     5.101 r  acc1__1_i_28/O
                         net (fo=2, unplaced)         0.743     5.844    acc1__1_i_28_n_0
                         LUT6 (Prop_lut6_I3_O)        0.124     5.968 r  acc1__1_i_9/O
                         net (fo=1, unplaced)         0.449     6.417    p_0_out__6[7]
                         LUT4 (Prop_lut4_I0_O)        0.124     6.541 r  acc1__1_i_1/O
                         net (fo=22, unplaced)        0.803     7.344    acc1__1_i_1_n_0
                         DSP48E1 (Prop_dsp48e1_B[17]_P[1])
                                                      3.656    11.000 r  val0__3/P[1]
                         net (fo=1, unplaced)         0.803    11.803    val0__3_n_104
                         LUT2 (Prop_lut2_I1_O)        0.124    11.927 r  c4_rq6_return1__3_i_19/O
                         net (fo=1, unplaced)         0.000    11.927    c4_rq6_return1__3_i_19_n_0
                         CARRY4 (Prop_carry4_S[1]_CO[3])
                                                      0.533    12.460 r  c4_rq6_return1__3_i_4/CO[3]
                         net (fo=1, unplaced)         0.000    12.460    c4_rq6_return1__3_i_4_n_0
                         CARRY4 (Prop_carry4_CI_CO[3])
                                                      0.117    12.577 r  c4_rq6_return1__3_i_3/CO[3]
                         net (fo=1, unplaced)         0.000    12.577    c4_rq6_return1__3_i_3_n_0
                         CARRY4 (Prop_carry4_CI_CO[3])
                                                      0.117    12.694 r  c4_rq6_return1__3_i_2/CO[3]
                         net (fo=1, unplaced)         0.000    12.694    c4_rq6_return1__3_i_2_n_0
                         CARRY4 (Prop_carry4_CI_CO[3])
                                                      0.117    12.811 r  c4_rq6_return1__3_i_1/CO[3]
                         net (fo=1, unplaced)         0.000    12.811    c4_rq6_return1__3_i_1_n_0
                         CARRY4 (Prop_carry4_CI_CO[3])
                                                      0.117    12.928 r  c4_rq6_return1__0_i_5/CO[3]
                         net (fo=1, unplaced)         0.000    12.928    c4_rq6_return1__0_i_5_n_0
                         CARRY4 (Prop_carry4_CI_CO[3])
                                                      0.117    13.045 r  c4_rq6_return1__0_i_4/CO[3]
                         net (fo=1, unplaced)         0.000    13.045    c4_rq6_return1__0_i_4_n_0
                         CARRY4 (Prop_carry4_CI_CO[3])
                                                      0.117    13.162 r  c4_rq6_return1__0_i_3/CO[3]
                         net (fo=1, unplaced)         0.000    13.162    c4_rq6_return1__0_i_3_n_0
                         CARRY4 (Prop_carry4_CI_CO[3])
                                                      0.117    13.279 r  c4_rq6_return1__0_i_2/CO[3]
                         net (fo=1, unplaced)         0.000    13.279    c4_rq6_return1__0_i_2_n_0
                         CARRY4 (Prop_carry4_CI_O[1])
                                                      0.337    13.616 r  c4_rq6_return1__0_i_1/O[1]
                         net (fo=4, unplaced)         0.803    14.419    c4_rq6_return1__0_i_1_n_6
                         DSP48E1 (Prop_dsp48e1_A[16]_PCOUT[47])
                                                      4.215    18.634 r  c4_rq6_return1__0/PCOUT[47]
                         net (fo=1, unplaced)         0.000    18.634    c4_rq6_return1__0_n_106
                         DSP48E1 (Prop_dsp48e1_PCIN[47]_PCOUT[47])
                                                      1.713    20.347 r  c4_rq6_return1__1/PCOUT[47]
                         net (fo=1, unplaced)         0.000    20.347    c4_rq6_return1__1_n_106
                         DSP48E1 (Prop_dsp48e1_PCIN[47]_P[2])
                                                      1.518    21.865 r  c4_rq6_return1__2/P[2]
                         net (fo=2, unplaced)         0.803    22.667    c4_rq6_return1__2_n_103
                         LUT3 (Prop_lut3_I1_O)        0.124    22.791 r  vv_wdata[14]_i_96/O
                         net (fo=2, unplaced)         0.460    23.251    vv_wdata[14]_i_96_n_0
                         LUT4 (Prop_lut4_I3_O)        0.124    23.375 r  vv_wdata[14]_i_100/O
                         net (fo=1, unplaced)         0.000    23.375    vv_wdata[14]_i_100_n_0
                         CARRY4 (Prop_carry4_S[1]_CO[3])
                                                      0.533    23.908 r  vv_wdata_reg[14]_i_76/CO[3]
                         net (fo=1, unplaced)         0.000    23.908    vv_wdata_reg[14]_i_76_n_0
                         CARRY4 (Prop_carry4_CI_CO[3])
                                                      0.117    24.025 r  vv_wdata_reg[14]_i_40/CO[3]
                         net (fo=1, unplaced)         0.000    24.025    vv_wdata_reg[14]_i_40_n_0
                         CARRY4 (Prop_carry4_CI_O[2])
                                                      0.256    24.281 r  vv_wdata_reg[14]_i_21/O[2]
                         net (fo=147, unplaced)       0.561    24.842    c4_rq6_return1__6[63]
                         LUT4 (Prop_lut4_I2_O)        0.293    25.135 r  vv_wdata[0]_i_79/O
                         net (fo=1, unplaced)         0.000    25.135    vv_wdata[0]_i_79_n_0
                         CARRY4 (Prop_carry4_DI[0]_CO[3])
                                                      0.576    25.711 r  vv_wdata_reg[0]_i_57/CO[3]
                         net (fo=1, unplaced)         0.000    25.711    vv_wdata_reg[0]_i_57_n_0
                         CARRY4 (Prop_carry4_CI_CO[3])
                                                      0.117    25.828 r  vv_wdata_reg[0]_i_42/CO[3]
                         net (fo=1, unplaced)         0.000    25.828    vv_wdata_reg[0]_i_42_n_0
                         CARRY4 (Prop_carry4_CI_CO[3])
                                                      0.117    25.945 r  vv_wdata_reg[0]_i_17/CO[3]
                         net (fo=1, unplaced)         0.000    25.945    vv_wdata_reg[0]_i_17_n_0
                         CARRY4 (Prop_carry4_CI_CO[3])
                                                      0.117    26.062 r  vv_wdata_reg[0]_i_8/CO[3]
                         net (fo=1, unplaced)         0.000    26.062    vv_wdata_reg[0]_i_8_n_0
                         CARRY4 (Prop_carry4_CI_CO[1])
                                                      0.179    26.241 r  vv_wdata_reg[0]_i_3/CO[1]
                         net (fo=2, unplaced)         0.536    26.777    vv_wdata_reg[0]_i_3_n_2
                         CARRY4 (Prop_carry4_DI[0]_CO[3])
                                                      0.758    27.535 r  vv_wdata_reg[0]_i_2/CO[3]
                         net (fo=1, unplaced)         0.000    27.535    vv_wdata_reg[0]_i_2_n_0
                         CARRY4 (Prop_carry4_CI_CO[3])
                                                      0.117    27.652 r  vv_wdata_reg[7]_i_4/CO[3]
                         net (fo=1, unplaced)         0.000    27.652    vv_wdata_reg[7]_i_4_n_0
                         CARRY4 (Prop_carry4_CI_CO[3])
                                                      0.117    27.769 r  vv_wdata_reg[10]_i_8/CO[3]
                         net (fo=1, unplaced)         0.000    27.769    vv_wdata_reg[10]_i_8_n_0
                         CARRY4 (Prop_carry4_CI_CO[3])
                                                      0.117    27.886 r  vv_wdata_reg[14]_i_22/CO[3]
                         net (fo=1, unplaced)         0.000    27.886    vv_wdata_reg[14]_i_22_n_0
                         CARRY4 (Prop_carry4_CI_O[2])
                                                      0.256    28.142 f  vv_wdata_reg[14]_i_75/O[2]
                         net (fo=2, unplaced)         0.463    28.605    vv_wdata_reg[14]_i_75_n_5
                         LUT1 (Prop_lut1_I0_O)        0.301    28.906 r  vv_wdata[15]_i_124/O
                         net (fo=1, unplaced)         0.000    28.906    vv_wdata[15]_i_124_n_0
                         CARRY4 (Prop_carry4_S[1]_CO[3])
                                                      0.533    29.439 r  vv_wdata_reg[15]_i_87/CO[3]
                         net (fo=1, unplaced)         0.000    29.439    vv_wdata_reg[15]_i_87_n_0
                         CARRY4 (Prop_carry4_CI_O[2])
                                                      0.256    29.695 r  vv_wdata_reg[15]_i_60/O[2]
                         net (fo=1, unplaced)         0.452    30.147    c4_rq6_return0[23]
                         LUT3 (Prop_lut3_I0_O)        0.293    30.440 r  vv_wdata[15]_i_180/O
                         net (fo=1, unplaced)         0.449    30.889    c4_rq6_return[23]
                         LUT5 (Prop_lut5_I4_O)        0.124    31.013 r  vv_wdata[15]_i_155/O
                         net (fo=4, unplaced)         0.473    31.486    val__0__0[23]
                         LUT6 (Prop_lut6_I5_O)        0.124    31.610 r  vv_wdata[15]_i_112/O
                         net (fo=1, unplaced)         0.474    32.084    vv_wdata[15]_i_112_n_0
                         CARRY4 (Prop_carry4_DI[2]_CO[3])
                                                      0.404    32.488 r  vv_wdata_reg[15]_i_80/CO[3]
                         net (fo=1, unplaced)         0.000    32.488    vv_wdata_reg[15]_i_80_n_0
                         CARRY4 (Prop_carry4_CI_CO[3])
                                                      0.117    32.605 r  vv_wdata_reg[15]_i_55/CO[3]
                         net (fo=1, unplaced)         0.000    32.605    vv_wdata_reg[15]_i_55_n_0
                         CARRY4 (Prop_carry4_CI_CO[3])
                                                      0.117    32.722 r  vv_wdata_reg[15]_i_37/CO[3]
                         net (fo=1, unplaced)         0.000    32.722    vv_wdata_reg[15]_i_37_n_0
                         CARRY4 (Prop_carry4_CI_CO[3])
                                                      0.117    32.839 r  vv_wdata_reg[15]_i_21/CO[3]
                         net (fo=1, unplaced)         0.000    32.839    vv_wdata_reg[15]_i_21_n_0
                         CARRY4 (Prop_carry4_CI_CO[3])
                                                      0.117    32.956 r  vv_wdata_reg[15]_i_8/CO[3]
                         net (fo=1, unplaced)         0.000    32.956    vv_wdata_reg[15]_i_8_n_0
                         CARRY4 (Prop_carry4_CI_CO[2])
                                                      0.252    33.208 r  vv_wdata_reg[15]_i_5/CO[2]
                         net (fo=1, unplaced)         0.452    33.660    c4_sat1__1
                         LUT6 (Prop_lut6_I5_O)        0.310    33.970 r  vv_wdata[15]_i_1/O
                         net (fo=160, unplaced)       0.719    34.689    vv_wdata[15]_i_1_n_0
                         FDSE                                         r  vv_wdata_reg[0]_rep/S
  -------------------------------------------------------------------    -------------------

                         (clock clk rise edge)       10.000    10.000 r  <hidden>
                                                      0.000    10.000 r  clk
                         net (fo=42639, unset)        0.924    10.924    clk
                         FDSE                                         r  vv_wdata_reg[0]_rep/C
                         clock pessimism              0.000    10.924    <hidden>
                         clock uncertainty           -0.035    10.889    <hidden>
                         FDSE (Setup_fdse_C_S)       -0.557    10.332    vv_wdata_reg[0]_rep
  -------------------------------------------------------------------
                         required time                         10.332    <hidden>
                         arrival time                         -34.689    <hidden>
  -------------------------------------------------------------------
                         slack                                -24.357    <hidden>

Slack (VIOLATED) :        -24.357ns  (required time - arrival time)
  Source:                 di_reg[4]/C
                            (rising edge-triggered cell FDCE clocked by clk  {rise@0.000ns fall@5.000ns period=10.000ns})
  Destination:            vv_wdata_reg[0]_rep__0/S
                            (rising edge-triggered cell FDSE clocked by clk  {rise@0.000ns fall@5.000ns period=10.000ns})
  Path Group:             clk
  Path Type:              Setup (Max at Slow Process Corner)
  Requirement:            10.000ns  (clk rise@10.000ns - clk rise@0.000ns)
  Data Path Delay:        33.716ns  (logic 21.888ns (64.918%)  route 11.828ns (35.082%))
  Logic Levels:           48  (CARRY4=31 DSP48E1=4 LUT1=1 LUT2=1 LUT3=2 LUT4=3 LUT5=1 LUT6=5)
  Clock Path Skew:        -0.049ns (DCD - SCD + CPR)
    Destination Clock Delay (DCD):    0.924ns = ( 10.924 - 10.000 ) 
    Source Clock Delay      (SCD):    0.973ns
    Clock Pessimism Removal (CPR):    0.000ns
  Clock Uncertainty:      0.035ns  ((TSJ^2 + TIJ^2)^1/2 + DJ) / 2 + PE
    Total System Jitter     (TSJ):    0.071ns
    Total Input Jitter      (TIJ):    0.000ns
    Discrete Jitter          (DJ):    0.000ns
    Phase Error              (PE):    0.000ns

    Location             Delay type                Incr(ns)  Path(ns)    Netlist Resource(s)
  -------------------------------------------------------------------    -------------------
                         (clock clk rise edge)        0.000     0.000 r  <hidden>
                                                      0.000     0.000 r  clk
                         net (fo=42639, unset)        0.973     0.973    clk
                         FDCE                                         r  di_reg[4]/C
  -------------------------------------------------------------------    -------------------
                         FDCE (Prop_fdce_C_Q)         0.478     1.451 r  di_reg[4]/Q
                         net (fo=134, unplaced)       0.773     2.224    a03_out[4]
                         CARRY4 (Prop_carry4_S[0]_O[2])
                                                      0.839     3.063 r  g0_b0_i_1/O[2]
                         net (fo=402, unplaced)       0.870     3.933    a03_out[6]
                         LUT6 (Prop_lut6_I0_O)        0.301     4.234 r  acc1__1_i_95/O
                         net (fo=2, unplaced)         0.743     4.977    acc1__1_i_95_n_0
                         LUT6 (Prop_lut6_I1_O)        0.124     5.101 r  acc1__1_i_28/O
                         net (fo=2, unplaced)         0.743     5.844    acc1__1_i_28_n_0
                         LUT6 (Prop_lut6_I3_O)        0.124     5.968 r  acc1__1_i_9/O
                         net (fo=1, unplaced)         0.449     6.417    p_0_out__6[7]
                         LUT4 (Prop_lut4_I0_O)        0.124     6.541 r  acc1__1_i_1/O
                         net (fo=22, unplaced)        0.803     7.344    acc1__1_i_1_n_0
                         DSP48E1 (Prop_dsp48e1_B[17]_P[1])
                                                      3.656    11.000 r  val0__3/P[1]
                         net (fo=1, unplaced)         0.803    11.803    val0__3_n_104
                         LUT2 (Prop_lut2_I1_O)        0.124    11.927 r  c4_rq6_return1__3_i_19/O
                         net (fo=1, unplaced)         0.000    11.927    c4_rq6_return1__3_i_19_n_0
                         CARRY4 (Prop_carry4_S[1]_CO[3])
                                                      0.533    12.460 r  c4_rq6_return1__3_i_4/CO[3]
                         net (fo=1, unplaced)         0.000    12.460    c4_rq6_return1__3_i_4_n_0
                         CARRY4 (Prop_carry4_CI_CO[3])
                                                      0.117    12.577 r  c4_rq6_return1__3_i_3/CO[3]
                         net (fo=1, unplaced)         0.000    12.577    c4_rq6_return1__3_i_3_n_0
                         CARRY4 (Prop_carry4_CI_CO[3])
                                                      0.117    12.694 r  c4_rq6_return1__3_i_2/CO[3]
                         net (fo=1, unplaced)         0.000    12.694    c4_rq6_return1__3_i_2_n_0
                         CARRY4 (Prop_carry4_CI_CO[3])
                                                      0.117    12.811 r  c4_rq6_return1__3_i_1/CO[3]
                         net (fo=1, unplaced)         0.000    12.811    c4_rq6_return1__3_i_1_n_0
                         CARRY4 (Prop_carry4_CI_CO[3])
                                                      0.117    12.928 r  c4_rq6_return1__0_i_5/CO[3]
                         net (fo=1, unplaced)         0.000    12.928    c4_rq6_return1__0_i_5_n_0
                         CARRY4 (Prop_carry4_CI_CO[3])
                                                      0.117    13.045 r  c4_rq6_return1__0_i_4/CO[3]
                         net (fo=1, unplaced)         0.000    13.045    c4_rq6_return1__0_i_4_n_0
                         CARRY4 (Prop_carry4_CI_CO[3])
                                                      0.117    13.162 r  c4_rq6_return1__0_i_3/CO[3]
                         net (fo=1, unplaced)         0.000    13.162    c4_rq6_return1__0_i_3_n_0
                         CARRY4 (Prop_carry4_CI_CO[3])
                                                      0.117    13.279 r  c4_rq6_return1__0_i_2/CO[3]
                         net (fo=1, unplaced)         0.000    13.279    c4_rq6_return1__0_i_2_n_0
                         CARRY4 (Prop_carry4_CI_O[1])
                                                      0.337    13.616 r  c4_rq6_return1__0_i_1/O[1]
                         net (fo=4, unplaced)         0.803    14.419    c4_rq6_return1__0_i_1_n_6
                         DSP48E1 (Prop_dsp48e1_A[16]_PCOUT[47])
                                                      4.215    18.634 r  c4_rq6_return1__0/PCOUT[47]
                         net (fo=1, unplaced)         0.000    18.634    c4_rq6_return1__0_n_106
                         DSP48E1 (Prop_dsp48e1_PCIN[47]_PCOUT[47])
                                                      1.713    20.347 r  c4_rq6_return1__1/PCOUT[47]
                         net (fo=1, unplaced)         0.000    20.347    c4_rq6_return1__1_n_106
                         DSP48E1 (Prop_dsp48e1_PCIN[47]_P[2])
                                                      1.518    21.865 r  c4_rq6_return1__2/P[2]
                         net (fo=2, unplaced)         0.803    22.667    c4_rq6_return1__2_n_103
                         LUT3 (Prop_lut3_I1_O)        0.124    22.791 r  vv_wdata[14]_i_96/O
                         net (fo=2, unplaced)         0.460    23.251    vv_wdata[14]_i_96_n_0
                         LUT4 (Prop_lut4_I3_O)        0.124    23.375 r  vv_wdata[14]_i_100/O
                         net (fo=1, unplaced)         0.000    23.375    vv_wdata[14]_i_100_n_0
                         CARRY4 (Prop_carry4_S[1]_CO[3])
                                                      0.533    23.908 r  vv_wdata_reg[14]_i_76/CO[3]
                         net (fo=1, unplaced)         0.000    23.908    vv_wdata_reg[14]_i_76_n_0
                         CARRY4 (Prop_carry4_CI_CO[3])
                                                      0.117    24.025 r  vv_wdata_reg[14]_i_40/CO[3]
                         net (fo=1, unplaced)         0.000    24.025    vv_wdata_reg[14]_i_40_n_0
                         CARRY4 (Prop_carry4_CI_O[2])
                                                      0.256    24.281 r  vv_wdata_reg[14]_i_21/O[2]
                         net (fo=147, unplaced)       0.561    24.842    c4_rq6_return1__6[63]
                         LUT4 (Prop_lut4_I2_O)        0.293    25.135 r  vv_wdata[0]_i_79/O
                         net (fo=1, unplaced)         0.000    25.135    vv_wdata[0]_i_79_n_0
                         CARRY4 (Prop_carry4_DI[0]_CO[3])
                                                      0.576    25.711 r  vv_wdata_reg[0]_i_57/CO[3]
                         net (fo=1, unplaced)         0.000    25.711    vv_wdata_reg[0]_i_57_n_0
                         CARRY4 (Prop_carry4_CI_CO[3])
                                                      0.117    25.828 r  vv_wdata_reg[0]_i_42/CO[3]
                         net (fo=1, unplaced)         0.000    25.828    vv_wdata_reg[0]_i_42_n_0
                         CARRY4 (Prop_carry4_CI_CO[3])
                                                      0.117    25.945 r  vv_wdata_reg[0]_i_17/CO[3]
                         net (fo=1, unplaced)         0.000    25.945    vv_wdata_reg[0]_i_17_n_0
                         CARRY4 (Prop_carry4_CI_CO[3])
                                                      0.117    26.062 r  vv_wdata_reg[0]_i_8/CO[3]
                         net (fo=1, unplaced)         0.000    26.062    vv_wdata_reg[0]_i_8_n_0
                         CARRY4 (Prop_carry4_CI_CO[1])
                                                      0.179    26.241 r  vv_wdata_reg[0]_i_3/CO[1]
                         net (fo=2, unplaced)         0.536    26.777    vv_wdata_reg[0]_i_3_n_2
                         CARRY4 (Prop_carry4_DI[0]_CO[3])
                                                      0.758    27.535 r  vv_wdata_reg[0]_i_2/CO[3]
                         net (fo=1, unplaced)         0.000    27.535    vv_wdata_reg[0]_i_2_n_0
                         CARRY4 (Prop_carry4_CI_CO[3])
                                                      0.117    27.652 r  vv_wdata_reg[7]_i_4/CO[3]
                         net (fo=1, unplaced)         0.000    27.652    vv_wdata_reg[7]_i_4_n_0
                         CARRY4 (Prop_carry4_CI_CO[3])
                                                      0.117    27.769 r  vv_wdata_reg[10]_i_8/CO[3]
                         net (fo=1, unplaced)         0.000    27.769    vv_wdata_reg[10]_i_8_n_0
                         CARRY4 (Prop_carry4_CI_CO[3])
                                                      0.117    27.886 r  vv_wdata_reg[14]_i_22/CO[3]
                         net (fo=1, unplaced)         0.000    27.886    vv_wdata_reg[14]_i_22_n_0
                         CARRY4 (Prop_carry4_CI_O[2])
                                                      0.256    28.142 f  vv_wdata_reg[14]_i_75/O[2]
                         net (fo=2, unplaced)         0.463    28.605    vv_wdata_reg[14]_i_75_n_5
                         LUT1 (Prop_lut1_I0_O)        0.301    28.906 r  vv_wdata[15]_i_124/O
                         net (fo=1, unplaced)         0.000    28.906    vv_wdata[15]_i_124_n_0
                         CARRY4 (Prop_carry4_S[1]_CO[3])
                                                      0.533    29.439 r  vv_wdata_reg[15]_i_87/CO[3]
                         net (fo=1, unplaced)         0.000    29.439    vv_wdata_reg[15]_i_87_n_0
                         CARRY4 (Prop_carry4_CI_O[2])
                                                      0.256    29.695 r  vv_wdata_reg[15]_i_60/O[2]
                         net (fo=1, unplaced)         0.452    30.147    c4_rq6_return0[23]
                         LUT3 (Prop_lut3_I0_O)        0.293    30.440 r  vv_wdata[15]_i_180/O
                         net (fo=1, unplaced)         0.449    30.889    c4_rq6_return[23]
                         LUT5 (Prop_lut5_I4_O)        0.124    31.013 r  vv_wdata[15]_i_155/O
                         net (fo=4, unplaced)         0.473    31.486    val__0__0[23]
                         LUT6 (Prop_lut6_I5_O)        0.124    31.610 r  vv_wdata[15]_i_112/O
                         net (fo=1, unplaced)         0.474    32.084    vv_wdata[15]_i_112_n_0
                         CARRY4 (Prop_carry4_DI[2]_CO[3])
                                                      0.404    32.488 r  vv_wdata_reg[15]_i_80/CO[3]
                         net (fo=1, unplaced)         0.000    32.488    vv_wdata_reg[15]_i_80_n_0
                         CARRY4 (Prop_carry4_CI_CO[3])
                                                      0.117    32.605 r  vv_wdata_reg[15]_i_55/CO[3]
                         net (fo=1, unplaced)         0.000    32.605    vv_wdata_reg[15]_i_55_n_0
                         CARRY4 (Prop_carry4_CI_CO[3])
                                                      0.117    32.722 r  vv_wdata_reg[15]_i_37/CO[3]
                         net (fo=1, unplaced)         0.000    32.722    vv_wdata_reg[15]_i_37_n_0
                         CARRY4 (Prop_carry4_CI_CO[3])
                                                      0.117    32.839 r  vv_wdata_reg[15]_i_21/CO[3]
                         net (fo=1, unplaced)         0.000    32.839    vv_wdata_reg[15]_i_21_n_0
                         CARRY4 (Prop_carry4_CI_CO[3])
                                                      0.117    32.956 r  vv_wdata_reg[15]_i_8/CO[3]
                         net (fo=1, unplaced)         0.000    32.956    vv_wdata_reg[15]_i_8_n_0
                         CARRY4 (Prop_carry4_CI_CO[2])
                                                      0.252    33.208 r  vv_wdata_reg[15]_i_5/CO[2]
                         net (fo=1, unplaced)         0.452    33.660    c4_sat1__1
                         LUT6 (Prop_lut6_I5_O)        0.310    33.970 r  vv_wdata[15]_i_1/O
                         net (fo=160, unplaced)       0.719    34.689    vv_wdata[15]_i_1_n_0
                         FDSE                                         r  vv_wdata_reg[0]_rep__0/S
  -------------------------------------------------------------------    -------------------

                         (clock clk rise edge)       10.000    10.000 r  <hidden>
                                                      0.000    10.000 r  clk
                         net (fo=42639, unset)        0.924    10.924    clk
                         FDSE                                         r  vv_wdata_reg[0]_rep__0/C
                         clock pessimism              0.000    10.924    <hidden>
                         clock uncertainty           -0.035    10.889    <hidden>
                         FDSE (Setup_fdse_C_S)       -0.557    10.332    vv_wdata_reg[0]_rep__0
  -------------------------------------------------------------------
                         required time                         10.332    <hidden>
                         arrival time                         -34.689    <hidden>
  -------------------------------------------------------------------
                         slack                                -24.357    <hidden>

Slack (VIOLATED) :        -24.357ns  (required time - arrival time)
  Source:                 di_reg[4]/C
                            (rising edge-triggered cell FDCE clocked by clk  {rise@0.000ns fall@5.000ns period=10.000ns})
  Destination:            vv_wdata_reg[0]_rep__1/S
                            (rising edge-triggered cell FDSE clocked by clk  {rise@0.000ns fall@5.000ns period=10.000ns})
  Path Group:             clk
  Path Type:              Setup (Max at Slow Process Corner)
  Requirement:            10.000ns  (clk rise@10.000ns - clk rise@0.000ns)
  Data Path Delay:        33.716ns  (logic 21.888ns (64.918%)  route 11.828ns (35.082%))
  Logic Levels:           48  (CARRY4=31 DSP48E1=4 LUT1=1 LUT2=1 LUT3=2 LUT4=3 LUT5=1 LUT6=5)
  Clock Path Skew:        -0.049ns (DCD - SCD + CPR)
    Destination Clock Delay (DCD):    0.924ns = ( 10.924 - 10.000 ) 
    Source Clock Delay      (SCD):    0.973ns
    Clock Pessimism Removal (CPR):    0.000ns
  Clock Uncertainty:      0.035ns  ((TSJ^2 + TIJ^2)^1/2 + DJ) / 2 + PE
    Total System Jitter     (TSJ):    0.071ns
    Total Input Jitter      (TIJ):    0.000ns
    Discrete Jitter          (DJ):    0.000ns
    Phase Error              (PE):    0.000ns

    Location             Delay type                Incr(ns)  Path(ns)    Netlist Resource(s)
  -------------------------------------------------------------------    -------------------
                         (clock clk rise edge)        0.000     0.000 r  <hidden>
                                                      0.000     0.000 r  clk
                         net (fo=42639, unset)        0.973     0.973    clk
                         FDCE                                         r  di_reg[4]/C
  -------------------------------------------------------------------    -------------------
                         FDCE (Prop_fdce_C_Q)         0.478     1.451 r  di_reg[4]/Q
                         net (fo=134, unplaced)       0.773     2.224    a03_out[4]
                         CARRY4 (Prop_carry4_S[0]_O[2])
                                                      0.839     3.063 r  g0_b0_i_1/O[2]
                         net (fo=402, unplaced)       0.870     3.933    a03_out[6]
                         LUT6 (Prop_lut6_I0_O)        0.301     4.234 r  acc1__1_i_95/O
                         net (fo=2, unplaced)         0.743     4.977    acc1__1_i_95_n_0
                         LUT6 (Prop_lut6_I1_O)        0.124     5.101 r  acc1__1_i_28/O
                         net (fo=2, unplaced)         0.743     5.844    acc1__1_i_28_n_0
                         LUT6 (Prop_lut6_I3_O)        0.124     5.968 r  acc1__1_i_9/O
                         net (fo=1, unplaced)         0.449     6.417    p_0_out__6[7]
                         LUT4 (Prop_lut4_I0_O)        0.124     6.541 r  acc1__1_i_1/O
                         net (fo=22, unplaced)        0.803     7.344    acc1__1_i_1_n_0
                         DSP48E1 (Prop_dsp48e1_B[17]_P[1])
                                                      3.656    11.000 r  val0__3/P[1]
                         net (fo=1, unplaced)         0.803    11.803    val0__3_n_104
                         LUT2 (Prop_lut2_I1_O)        0.124    11.927 r  c4_rq6_return1__3_i_19/O
                         net (fo=1, unplaced)         0.000    11.927    c4_rq6_return1__3_i_19_n_0
                         CARRY4 (Prop_carry4_S[1]_CO[3])
                                                      0.533    12.460 r  c4_rq6_return1__3_i_4/CO[3]
                         net (fo=1, unplaced)         0.000    12.460    c4_rq6_return1__3_i_4_n_0
                         CARRY4 (Prop_carry4_CI_CO[3])
                                                      0.117    12.577 r  c4_rq6_return1__3_i_3/CO[3]
                         net (fo=1, unplaced)         0.000    12.577    c4_rq6_return1__3_i_3_n_0
                         CARRY4 (Prop_carry4_CI_CO[3])
                                                      0.117    12.694 r  c4_rq6_return1__3_i_2/CO[3]
                         net (fo=1, unplaced)         0.000    12.694    c4_rq6_return1__3_i_2_n_0
                         CARRY4 (Prop_carry4_CI_CO[3])
                                                      0.117    12.811 r  c4_rq6_return1__3_i_1/CO[3]
                         net (fo=1, unplaced)         0.000    12.811    c4_rq6_return1__3_i_1_n_0
                         CARRY4 (Prop_carry4_CI_CO[3])
                                                      0.117    12.928 r  c4_rq6_return1__0_i_5/CO[3]
                         net (fo=1, unplaced)         0.000    12.928    c4_rq6_return1__0_i_5_n_0
                         CARRY4 (Prop_carry4_CI_CO[3])
                                                      0.117    13.045 r  c4_rq6_return1__0_i_4/CO[3]
                         net (fo=1, unplaced)         0.000    13.045    c4_rq6_return1__0_i_4_n_0
                         CARRY4 (Prop_carry4_CI_CO[3])
                                                      0.117    13.162 r  c4_rq6_return1__0_i_3/CO[3]
                         net (fo=1, unplaced)         0.000    13.162    c4_rq6_return1__0_i_3_n_0
                         CARRY4 (Prop_carry4_CI_CO[3])
                                                      0.117    13.279 r  c4_rq6_return1__0_i_2/CO[3]
                         net (fo=1, unplaced)         0.000    13.279    c4_rq6_return1__0_i_2_n_0
                         CARRY4 (Prop_carry4_CI_O[1])
                                                      0.337    13.616 r  c4_rq6_return1__0_i_1/O[1]
                         net (fo=4, unplaced)         0.803    14.419    c4_rq6_return1__0_i_1_n_6
                         DSP48E1 (Prop_dsp48e1_A[16]_PCOUT[47])
                                                      4.215    18.634 r  c4_rq6_return1__0/PCOUT[47]
                         net (fo=1, unplaced)         0.000    18.634    c4_rq6_return1__0_n_106
                         DSP48E1 (Prop_dsp48e1_PCIN[47]_PCOUT[47])
                                                      1.713    20.347 r  c4_rq6_return1__1/PCOUT[47]
                         net (fo=1, unplaced)         0.000    20.347    c4_rq6_return1__1_n_106
                         DSP48E1 (Prop_dsp48e1_PCIN[47]_P[2])
                                                      1.518    21.865 r  c4_rq6_return1__2/P[2]
                         net (fo=2, unplaced)         0.803    22.667    c4_rq6_return1__2_n_103
                         LUT3 (Prop_lut3_I1_O)        0.124    22.791 r  vv_wdata[14]_i_96/O
                         net (fo=2, unplaced)         0.460    23.251    vv_wdata[14]_i_96_n_0
                         LUT4 (Prop_lut4_I3_O)        0.124    23.375 r  vv_wdata[14]_i_100/O
                         net (fo=1, unplaced)         0.000    23.375    vv_wdata[14]_i_100_n_0
                         CARRY4 (Prop_carry4_S[1]_CO[3])
                                                      0.533    23.908 r  vv_wdata_reg[14]_i_76/CO[3]
                         net (fo=1, unplaced)         0.000    23.908    vv_wdata_reg[14]_i_76_n_0
                         CARRY4 (Prop_carry4_CI_CO[3])
                                                      0.117    24.025 r  vv_wdata_reg[14]_i_40/CO[3]
                         net (fo=1, unplaced)         0.000    24.025    vv_wdata_reg[14]_i_40_n_0
                         CARRY4 (Prop_carry4_CI_O[2])
                                                      0.256    24.281 r  vv_wdata_reg[14]_i_21/O[2]
                         net (fo=147, unplaced)       0.561    24.842    c4_rq6_return1__6[63]
                         LUT4 (Prop_lut4_I2_O)        0.293    25.135 r  vv_wdata[0]_i_79/O
                         net (fo=1, unplaced)         0.000    25.135    vv_wdata[0]_i_79_n_0
                         CARRY4 (Prop_carry4_DI[0]_CO[3])
                                                      0.576    25.711 r  vv_wdata_reg[0]_i_57/CO[3]
                         net (fo=1, unplaced)         0.000    25.711    vv_wdata_reg[0]_i_57_n_0
                         CARRY4 (Prop_carry4_CI_CO[3])
                                                      0.117    25.828 r  vv_wdata_reg[0]_i_42/CO[3]
                         net (fo=1, unplaced)         0.000    25.828    vv_wdata_reg[0]_i_42_n_0
                         CARRY4 (Prop_carry4_CI_CO[3])
                                                      0.117    25.945 r  vv_wdata_reg[0]_i_17/CO[3]
                         net (fo=1, unplaced)         0.000    25.945    vv_wdata_reg[0]_i_17_n_0
                         CARRY4 (Prop_carry4_CI_CO[3])
                                                      0.117    26.062 r  vv_wdata_reg[0]_i_8/CO[3]
                         net (fo=1, unplaced)         0.000    26.062    vv_wdata_reg[0]_i_8_n_0
                         CARRY4 (Prop_carry4_CI_CO[1])
                                                      0.179    26.241 r  vv_wdata_reg[0]_i_3/CO[1]
                         net (fo=2, unplaced)         0.536    26.777    vv_wdata_reg[0]_i_3_n_2
                         CARRY4 (Prop_carry4_DI[0]_CO[3])
                                                      0.758    27.535 r  vv_wdata_reg[0]_i_2/CO[3]
                         net (fo=1, unplaced)         0.000    27.535    vv_wdata_reg[0]_i_2_n_0
                         CARRY4 (Prop_carry4_CI_CO[3])
                                                      0.117    27.652 r  vv_wdata_reg[7]_i_4/CO[3]
                         net (fo=1, unplaced)         0.000    27.652    vv_wdata_reg[7]_i_4_n_0
                         CARRY4 (Prop_carry4_CI_CO[3])
                                                      0.117    27.769 r  vv_wdata_reg[10]_i_8/CO[3]
                         net (fo=1, unplaced)         0.000    27.769    vv_wdata_reg[10]_i_8_n_0
                         CARRY4 (Prop_carry4_CI_CO[3])
                                                      0.117    27.886 r  vv_wdata_reg[14]_i_22/CO[3]
                         net (fo=1, unplaced)         0.000    27.886    vv_wdata_reg[14]_i_22_n_0
                         CARRY4 (Prop_carry4_CI_O[2])
                                                      0.256    28.142 f  vv_wdata_reg[14]_i_75/O[2]
                         net (fo=2, unplaced)         0.463    28.605    vv_wdata_reg[14]_i_75_n_5
                         LUT1 (Prop_lut1_I0_O)        0.301    28.906 r  vv_wdata[15]_i_124/O
                         net (fo=1, unplaced)         0.000    28.906    vv_wdata[15]_i_124_n_0
                         CARRY4 (Prop_carry4_S[1]_CO[3])
                                                      0.533    29.439 r  vv_wdata_reg[15]_i_87/CO[3]
                         net (fo=1, unplaced)         0.000    29.439    vv_wdata_reg[15]_i_87_n_0
                         CARRY4 (Prop_carry4_CI_O[2])
                                                      0.256    29.695 r  vv_wdata_reg[15]_i_60/O[2]
                         net (fo=1, unplaced)         0.452    30.147    c4_rq6_return0[23]
                         LUT3 (Prop_lut3_I0_O)        0.293    30.440 r  vv_wdata[15]_i_180/O
                         net (fo=1, unplaced)         0.449    30.889    c4_rq6_return[23]
                         LUT5 (Prop_lut5_I4_O)        0.124    31.013 r  vv_wdata[15]_i_155/O
                         net (fo=4, unplaced)         0.473    31.486    val__0__0[23]
                         LUT6 (Prop_lut6_I5_O)        0.124    31.610 r  vv_wdata[15]_i_112/O
                         net (fo=1, unplaced)         0.474    32.084    vv_wdata[15]_i_112_n_0
                         CARRY4 (Prop_carry4_DI[2]_CO[3])
                                                      0.404    32.488 r  vv_wdata_reg[15]_i_80/CO[3]
                         net (fo=1, unplaced)         0.000    32.488    vv_wdata_reg[15]_i_80_n_0
                         CARRY4 (Prop_carry4_CI_CO[3])
                                                      0.117    32.605 r  vv_wdata_reg[15]_i_55/CO[3]
                         net (fo=1, unplaced)         0.000    32.605    vv_wdata_reg[15]_i_55_n_0
                         CARRY4 (Prop_carry4_CI_CO[3])
                                                      0.117    32.722 r  vv_wdata_reg[15]_i_37/CO[3]
                         net (fo=1, unplaced)         0.000    32.722    vv_wdata_reg[15]_i_37_n_0
                         CARRY4 (Prop_carry4_CI_CO[3])
                                                      0.117    32.839 r  vv_wdata_reg[15]_i_21/CO[3]
                         net (fo=1, unplaced)         0.000    32.839    vv_wdata_reg[15]_i_21_n_0
                         CARRY4 (Prop_carry4_CI_CO[3])
                                                      0.117    32.956 r  vv_wdata_reg[15]_i_8/CO[3]
                         net (fo=1, unplaced)         0.000    32.956    vv_wdata_reg[15]_i_8_n_0
                         CARRY4 (Prop_carry4_CI_CO[2])
                                                      0.252    33.208 r  vv_wdata_reg[15]_i_5/CO[2]
                         net (fo=1, unplaced)         0.452    33.660    c4_sat1__1
                         LUT6 (Prop_lut6_I5_O)        0.310    33.970 r  vv_wdata[15]_i_1/O
                         net (fo=160, unplaced)       0.719    34.689    vv_wdata[15]_i_1_n_0
                         FDSE                                         r  vv_wdata_reg[0]_rep__1/S
  -------------------------------------------------------------------    -------------------

                         (clock clk rise edge)       10.000    10.000 r  <hidden>
                                                      0.000    10.000 r  clk
                         net (fo=42639, unset)        0.924    10.924    clk
                         FDSE                                         r  vv_wdata_reg[0]_rep__1/C
                         clock pessimism              0.000    10.924    <hidden>
                         clock uncertainty           -0.035    10.889    <hidden>
                         FDSE (Setup_fdse_C_S)       -0.557    10.332    vv_wdata_reg[0]_rep__1
  -------------------------------------------------------------------
                         required time                         10.332    <hidden>
                         arrival time                         -34.689    <hidden>
  -------------------------------------------------------------------
                         slack                                -24.357    <hidden>

Slack (VIOLATED) :        -24.357ns  (required time - arrival time)
  Source:                 di_reg[4]/C
                            (rising edge-triggered cell FDCE clocked by clk  {rise@0.000ns fall@5.000ns period=10.000ns})
  Destination:            vv_wdata_reg[0]_rep__2/S
                            (rising edge-triggered cell FDSE clocked by clk  {rise@0.000ns fall@5.000ns period=10.000ns})
  Path Group:             clk
  Path Type:              Setup (Max at Slow Process Corner)
  Requirement:            10.000ns  (clk rise@10.000ns - clk rise@0.000ns)
  Data Path Delay:        33.716ns  (logic 21.888ns (64.918%)  route 11.828ns (35.082%))
  Logic Levels:           48  (CARRY4=31 DSP48E1=4 LUT1=1 LUT2=1 LUT3=2 LUT4=3 LUT5=1 LUT6=5)
  Clock Path Skew:        -0.049ns (DCD - SCD + CPR)
    Destination Clock Delay (DCD):    0.924ns = ( 10.924 - 10.000 ) 
    Source Clock Delay      (SCD):    0.973ns
    Clock Pessimism Removal (CPR):    0.000ns
  Clock Uncertainty:      0.035ns  ((TSJ^2 + TIJ^2)^1/2 + DJ) / 2 + PE
    Total System Jitter     (TSJ):    0.071ns
    Total Input Jitter      (TIJ):    0.000ns
    Discrete Jitter          (DJ):    0.000ns
    Phase Error              (PE):    0.000ns

    Location             Delay type                Incr(ns)  Path(ns)    Netlist Resource(s)
  -------------------------------------------------------------------    -------------------
                         (clock clk rise edge)        0.000     0.000 r  <hidden>
                                                      0.000     0.000 r  clk
                         net (fo=42639, unset)        0.973     0.973    clk
                         FDCE                                         r  di_reg[4]/C
  -------------------------------------------------------------------    -------------------
                         FDCE (Prop_fdce_C_Q)         0.478     1.451 r  di_reg[4]/Q
                         net (fo=134, unplaced)       0.773     2.224    a03_out[4]
                         CARRY4 (Prop_carry4_S[0]_O[2])
                                                      0.839     3.063 r  g0_b0_i_1/O[2]
                         net (fo=402, unplaced)       0.870     3.933    a03_out[6]
                         LUT6 (Prop_lut6_I0_O)        0.301     4.234 r  acc1__1_i_95/O
                         net (fo=2, unplaced)         0.743     4.977    acc1__1_i_95_n_0
                         LUT6 (Prop_lut6_I1_O)        0.124     5.101 r  acc1__1_i_28/O
                         net (fo=2, unplaced)         0.743     5.844    acc1__1_i_28_n_0
                         LUT6 (Prop_lut6_I3_O)        0.124     5.968 r  acc1__1_i_9/O
                         net (fo=1, unplaced)         0.449     6.417    p_0_out__6[7]
                         LUT4 (Prop_lut4_I0_O)        0.124     6.541 r  acc1__1_i_1/O
                         net (fo=22, unplaced)        0.803     7.344    acc1__1_i_1_n_0
                         DSP48E1 (Prop_dsp48e1_B[17]_P[1])
                                                      3.656    11.000 r  val0__3/P[1]
                         net (fo=1, unplaced)         0.803    11.803    val0__3_n_104
                         LUT2 (Prop_lut2_I1_O)        0.124    11.927 r  c4_rq6_return1__3_i_19/O
                         net (fo=1, unplaced)         0.000    11.927    c4_rq6_return1__3_i_19_n_0
                         CARRY4 (Prop_carry4_S[1]_CO[3])
                                                      0.533    12.460 r  c4_rq6_return1__3_i_4/CO[3]
                         net (fo=1, unplaced)         0.000    12.460    c4_rq6_return1__3_i_4_n_0
                         CARRY4 (Prop_carry4_CI_CO[3])
                                                      0.117    12.577 r  c4_rq6_return1__3_i_3/CO[3]
                         net (fo=1, unplaced)         0.000    12.577    c4_rq6_return1__3_i_3_n_0
                         CARRY4 (Prop_carry4_CI_CO[3])
                                                      0.117    12.694 r  c4_rq6_return1__3_i_2/CO[3]
                         net (fo=1, unplaced)         0.000    12.694    c4_rq6_return1__3_i_2_n_0
                         CARRY4 (Prop_carry4_CI_CO[3])
                                                      0.117    12.811 r  c4_rq6_return1__3_i_1/CO[3]
                         net (fo=1, unplaced)         0.000    12.811    c4_rq6_return1__3_i_1_n_0
                         CARRY4 (Prop_carry4_CI_CO[3])
                                                      0.117    12.928 r  c4_rq6_return1__0_i_5/CO[3]
                         net (fo=1, unplaced)         0.000    12.928    c4_rq6_return1__0_i_5_n_0
                         CARRY4 (Prop_carry4_CI_CO[3])
                                                      0.117    13.045 r  c4_rq6_return1__0_i_4/CO[3]
                         net (fo=1, unplaced)         0.000    13.045    c4_rq6_return1__0_i_4_n_0
                         CARRY4 (Prop_carry4_CI_CO[3])
                                                      0.117    13.162 r  c4_rq6_return1__0_i_3/CO[3]
                         net (fo=1, unplaced)         0.000    13.162    c4_rq6_return1__0_i_3_n_0
                         CARRY4 (Prop_carry4_CI_CO[3])
                                                      0.117    13.279 r  c4_rq6_return1__0_i_2/CO[3]
                         net (fo=1, unplaced)         0.000    13.279    c4_rq6_return1__0_i_2_n_0
                         CARRY4 (Prop_carry4_CI_O[1])
                                                      0.337    13.616 r  c4_rq6_return1__0_i_1/O[1]
                         net (fo=4, unplaced)         0.803    14.419    c4_rq6_return1__0_i_1_n_6
                         DSP48E1 (Prop_dsp48e1_A[16]_PCOUT[47])
                                                      4.215    18.634 r  c4_rq6_return1__0/PCOUT[47]
                         net (fo=1, unplaced)         0.000    18.634    c4_rq6_return1__0_n_106
                         DSP48E1 (Prop_dsp48e1_PCIN[47]_PCOUT[47])
                                                      1.713    20.347 r  c4_rq6_return1__1/PCOUT[47]
                         net (fo=1, unplaced)         0.000    20.347    c4_rq6_return1__1_n_106
                         DSP48E1 (Prop_dsp48e1_PCIN[47]_P[2])
                                                      1.518    21.865 r  c4_rq6_return1__2/P[2]
                         net (fo=2, unplaced)         0.803    22.667    c4_rq6_return1__2_n_103
                         LUT3 (Prop_lut3_I1_O)        0.124    22.791 r  vv_wdata[14]_i_96/O
                         net (fo=2, unplaced)         0.460    23.251    vv_wdata[14]_i_96_n_0
                         LUT4 (Prop_lut4_I3_O)        0.124    23.375 r  vv_wdata[14]_i_100/O
                         net (fo=1, unplaced)         0.000    23.375    vv_wdata[14]_i_100_n_0
                         CARRY4 (Prop_carry4_S[1]_CO[3])
                                                      0.533    23.908 r  vv_wdata_reg[14]_i_76/CO[3]
                         net (fo=1, unplaced)         0.000    23.908    vv_wdata_reg[14]_i_76_n_0
                         CARRY4 (Prop_carry4_CI_CO[3])
                                                      0.117    24.025 r  vv_wdata_reg[14]_i_40/CO[3]
                         net (fo=1, unplaced)         0.000    24.025    vv_wdata_reg[14]_i_40_n_0
                         CARRY4 (Prop_carry4_CI_O[2])
                                                      0.256    24.281 r  vv_wdata_reg[14]_i_21/O[2]
                         net (fo=147, unplaced)       0.561    24.842    c4_rq6_return1__6[63]
                         LUT4 (Prop_lut4_I2_O)        0.293    25.135 r  vv_wdata[0]_i_79/O
                         net (fo=1, unplaced)         0.000    25.135    vv_wdata[0]_i_79_n_0
                         CARRY4 (Prop_carry4_DI[0]_CO[3])
                                                      0.576    25.711 r  vv_wdata_reg[0]_i_57/CO[3]
                         net (fo=1, unplaced)         0.000    25.711    vv_wdata_reg[0]_i_57_n_0
                         CARRY4 (Prop_carry4_CI_CO[3])
                                                      0.117    25.828 r  vv_wdata_reg[0]_i_42/CO[3]
                         net (fo=1, unplaced)         0.000    25.828    vv_wdata_reg[0]_i_42_n_0
                         CARRY4 (Prop_carry4_CI_CO[3])
                                                      0.117    25.945 r  vv_wdata_reg[0]_i_17/CO[3]
                         net (fo=1, unplaced)         0.000    25.945    vv_wdata_reg[0]_i_17_n_0
                         CARRY4 (Prop_carry4_CI_CO[3])
                                                      0.117    26.062 r  vv_wdata_reg[0]_i_8/CO[3]
                         net (fo=1, unplaced)         0.000    26.062    vv_wdata_reg[0]_i_8_n_0
                         CARRY4 (Prop_carry4_CI_CO[1])
                                                      0.179    26.241 r  vv_wdata_reg[0]_i_3/CO[1]
                         net (fo=2, unplaced)         0.536    26.777    vv_wdata_reg[0]_i_3_n_2
                         CARRY4 (Prop_carry4_DI[0]_CO[3])
                                                      0.758    27.535 r  vv_wdata_reg[0]_i_2/CO[3]
                         net (fo=1, unplaced)         0.000    27.535    vv_wdata_reg[0]_i_2_n_0
                         CARRY4 (Prop_carry4_CI_CO[3])
                                                      0.117    27.652 r  vv_wdata_reg[7]_i_4/CO[3]
                         net (fo=1, unplaced)         0.000    27.652    vv_wdata_reg[7]_i_4_n_0
                         CARRY4 (Prop_carry4_CI_CO[3])
                                                      0.117    27.769 r  vv_wdata_reg[10]_i_8/CO[3]
                         net (fo=1, unplaced)         0.000    27.769    vv_wdata_reg[10]_i_8_n_0
                         CARRY4 (Prop_carry4_CI_CO[3])
                                                      0.117    27.886 r  vv_wdata_reg[14]_i_22/CO[3]
                         net (fo=1, unplaced)         0.000    27.886    vv_wdata_reg[14]_i_22_n_0
                         CARRY4 (Prop_carry4_CI_O[2])
                                                      0.256    28.142 f  vv_wdata_reg[14]_i_75/O[2]
                         net (fo=2, unplaced)         0.463    28.605    vv_wdata_reg[14]_i_75_n_5
                         LUT1 (Prop_lut1_I0_O)        0.301    28.906 r  vv_wdata[15]_i_124/O
                         net (fo=1, unplaced)         0.000    28.906    vv_wdata[15]_i_124_n_0
                         CARRY4 (Prop_carry4_S[1]_CO[3])
                                                      0.533    29.439 r  vv_wdata_reg[15]_i_87/CO[3]
                         net (fo=1, unplaced)         0.000    29.439    vv_wdata_reg[15]_i_87_n_0
                         CARRY4 (Prop_carry4_CI_O[2])
                                                      0.256    29.695 r  vv_wdata_reg[15]_i_60/O[2]
                         net (fo=1, unplaced)         0.452    30.147    c4_rq6_return0[23]
                         LUT3 (Prop_lut3_I0_O)        0.293    30.440 r  vv_wdata[15]_i_180/O
                         net (fo=1, unplaced)         0.449    30.889    c4_rq6_return[23]
                         LUT5 (Prop_lut5_I4_O)        0.124    31.013 r  vv_wdata[15]_i_155/O
                         net (fo=4, unplaced)         0.473    31.486    val__0__0[23]
                         LUT6 (Prop_lut6_I5_O)        0.124    31.610 r  vv_wdata[15]_i_112/O
                         net (fo=1, unplaced)         0.474    32.084    vv_wdata[15]_i_112_n_0
                         CARRY4 (Prop_carry4_DI[2]_CO[3])
                                                      0.404    32.488 r  vv_wdata_reg[15]_i_80/CO[3]
                         net (fo=1, unplaced)         0.000    32.488    vv_wdata_reg[15]_i_80_n_0
                         CARRY4 (Prop_carry4_CI_CO[3])
                                                      0.117    32.605 r  vv_wdata_reg[15]_i_55/CO[3]
                         net (fo=1, unplaced)         0.000    32.605    vv_wdata_reg[15]_i_55_n_0
                         CARRY4 (Prop_carry4_CI_CO[3])
                                                      0.117    32.722 r  vv_wdata_reg[15]_i_37/CO[3]
                         net (fo=1, unplaced)         0.000    32.722    vv_wdata_reg[15]_i_37_n_0
                         CARRY4 (Prop_carry4_CI_CO[3])
                                                      0.117    32.839 r  vv_wdata_reg[15]_i_21/CO[3]
                         net (fo=1, unplaced)         0.000    32.839    vv_wdata_reg[15]_i_21_n_0
                         CARRY4 (Prop_carry4_CI_CO[3])
                                                      0.117    32.956 r  vv_wdata_reg[15]_i_8/CO[3]
                         net (fo=1, unplaced)         0.000    32.956    vv_wdata_reg[15]_i_8_n_0
                         CARRY4 (Prop_carry4_CI_CO[2])
                                                      0.252    33.208 r  vv_wdata_reg[15]_i_5/CO[2]
                         net (fo=1, unplaced)         0.452    33.660    c4_sat1__1
                         LUT6 (Prop_lut6_I5_O)        0.310    33.970 r  vv_wdata[15]_i_1/O
                         net (fo=160, unplaced)       0.719    34.689    vv_wdata[15]_i_1_n_0
                         FDSE                                         r  vv_wdata_reg[0]_rep__2/S
  -------------------------------------------------------------------    -------------------

                         (clock clk rise edge)       10.000    10.000 r  <hidden>
                                                      0.000    10.000 r  clk
                         net (fo=42639, unset)        0.924    10.924    clk
                         FDSE                                         r  vv_wdata_reg[0]_rep__2/C
                         clock pessimism              0.000    10.924    <hidden>
                         clock uncertainty           -0.035    10.889    <hidden>
                         FDSE (Setup_fdse_C_S)       -0.557    10.332    vv_wdata_reg[0]_rep__2
  -------------------------------------------------------------------
                         required time                         10.332    <hidden>
                         arrival time                         -34.689    <hidden>
  -------------------------------------------------------------------
                         slack                                -24.357    <hidden>

Slack (VIOLATED) :        -24.357ns  (required time - arrival time)
  Source:                 di_reg[4]/C
                            (rising edge-triggered cell FDCE clocked by clk  {rise@0.000ns fall@5.000ns period=10.000ns})
  Destination:            vv_wdata_reg[0]_rep__3/S
                            (rising edge-triggered cell FDSE clocked by clk  {rise@0.000ns fall@5.000ns period=10.000ns})
  Path Group:             clk
  Path Type:              Setup (Max at Slow Process Corner)
  Requirement:            10.000ns  (clk rise@10.000ns - clk rise@0.000ns)
  Data Path Delay:        33.716ns  (logic 21.888ns (64.918%)  route 11.828ns (35.082%))
  Logic Levels:           48  (CARRY4=31 DSP48E1=4 LUT1=1 LUT2=1 LUT3=2 LUT4=3 LUT5=1 LUT6=5)
  Clock Path Skew:        -0.049ns (DCD - SCD + CPR)
    Destination Clock Delay (DCD):    0.924ns = ( 10.924 - 10.000 ) 
    Source Clock Delay      (SCD):    0.973ns
    Clock Pessimism Removal (CPR):    0.000ns
  Clock Uncertainty:      0.035ns  ((TSJ^2 + TIJ^2)^1/2 + DJ) / 2 + PE
    Total System Jitter     (TSJ):    0.071ns
    Total Input Jitter      (TIJ):    0.000ns
    Discrete Jitter          (DJ):    0.000ns
    Phase Error              (PE):    0.000ns

    Location             Delay type                Incr(ns)  Path(ns)    Netlist Resource(s)
  -------------------------------------------------------------------    -------------------
                         (clock clk rise edge)        0.000     0.000 r  <hidden>
                                                      0.000     0.000 r  clk
                         net (fo=42639, unset)        0.973     0.973    clk
                         FDCE                                         r  di_reg[4]/C
  -------------------------------------------------------------------    -------------------
                         FDCE (Prop_fdce_C_Q)         0.478     1.451 r  di_reg[4]/Q
                         net (fo=134, unplaced)       0.773     2.224    a03_out[4]
                         CARRY4 (Prop_carry4_S[0]_O[2])
                                                      0.839     3.063 r  g0_b0_i_1/O[2]
                         net (fo=402, unplaced)       0.870     3.933    a03_out[6]
                         LUT6 (Prop_lut6_I0_O)        0.301     4.234 r  acc1__1_i_95/O
                         net (fo=2, unplaced)         0.743     4.977    acc1__1_i_95_n_0
                         LUT6 (Prop_lut6_I1_O)        0.124     5.101 r  acc1__1_i_28/O
                         net (fo=2, unplaced)         0.743     5.844    acc1__1_i_28_n_0
                         LUT6 (Prop_lut6_I3_O)        0.124     5.968 r  acc1__1_i_9/O
                         net (fo=1, unplaced)         0.449     6.417    p_0_out__6[7]
                         LUT4 (Prop_lut4_I0_O)        0.124     6.541 r  acc1__1_i_1/O
                         net (fo=22, unplaced)        0.803     7.344    acc1__1_i_1_n_0
                         DSP48E1 (Prop_dsp48e1_B[17]_P[1])
                                                      3.656    11.000 r  val0__3/P[1]
                         net (fo=1, unplaced)         0.803    11.803    val0__3_n_104
                         LUT2 (Prop_lut2_I1_O)        0.124    11.927 r  c4_rq6_return1__3_i_19/O
                         net (fo=1, unplaced)         0.000    11.927    c4_rq6_return1__3_i_19_n_0
                         CARRY4 (Prop_carry4_S[1]_CO[3])
                                                      0.533    12.460 r  c4_rq6_return1__3_i_4/CO[3]
                         net (fo=1, unplaced)         0.000    12.460    c4_rq6_return1__3_i_4_n_0
                         CARRY4 (Prop_carry4_CI_CO[3])
                                                      0.117    12.577 r  c4_rq6_return1__3_i_3/CO[3]
                         net (fo=1, unplaced)         0.000    12.577    c4_rq6_return1__3_i_3_n_0
                         CARRY4 (Prop_carry4_CI_CO[3])
                                                      0.117    12.694 r  c4_rq6_return1__3_i_2/CO[3]
                         net (fo=1, unplaced)         0.000    12.694    c4_rq6_return1__3_i_2_n_0
                         CARRY4 (Prop_carry4_CI_CO[3])
                                                      0.117    12.811 r  c4_rq6_return1__3_i_1/CO[3]
                         net (fo=1, unplaced)         0.000    12.811    c4_rq6_return1__3_i_1_n_0
                         CARRY4 (Prop_carry4_CI_CO[3])
                                                      0.117    12.928 r  c4_rq6_return1__0_i_5/CO[3]
                         net (fo=1, unplaced)         0.000    12.928    c4_rq6_return1__0_i_5_n_0
                         CARRY4 (Prop_carry4_CI_CO[3])
                                                      0.117    13.045 r  c4_rq6_return1__0_i_4/CO[3]
                         net (fo=1, unplaced)         0.000    13.045    c4_rq6_return1__0_i_4_n_0
                         CARRY4 (Prop_carry4_CI_CO[3])
                                                      0.117    13.162 r  c4_rq6_return1__0_i_3/CO[3]
                         net (fo=1, unplaced)         0.000    13.162    c4_rq6_return1__0_i_3_n_0
                         CARRY4 (Prop_carry4_CI_CO[3])
                                                      0.117    13.279 r  c4_rq6_return1__0_i_2/CO[3]
                         net (fo=1, unplaced)         0.000    13.279    c4_rq6_return1__0_i_2_n_0
                         CARRY4 (Prop_carry4_CI_O[1])
                                                      0.337    13.616 r  c4_rq6_return1__0_i_1/O[1]
                         net (fo=4, unplaced)         0.803    14.419    c4_rq6_return1__0_i_1_n_6
                         DSP48E1 (Prop_dsp48e1_A[16]_PCOUT[47])
                                                      4.215    18.634 r  c4_rq6_return1__0/PCOUT[47]
                         net (fo=1, unplaced)         0.000    18.634    c4_rq6_return1__0_n_106
                         DSP48E1 (Prop_dsp48e1_PCIN[47]_PCOUT[47])
                                                      1.713    20.347 r  c4_rq6_return1__1/PCOUT[47]
                         net (fo=1, unplaced)         0.000    20.347    c4_rq6_return1__1_n_106
                         DSP48E1 (Prop_dsp48e1_PCIN[47]_P[2])
                                                      1.518    21.865 r  c4_rq6_return1__2/P[2]
                         net (fo=2, unplaced)         0.803    22.667    c4_rq6_return1__2_n_103
                         LUT3 (Prop_lut3_I1_O)        0.124    22.791 r  vv_wdata[14]_i_96/O
                         net (fo=2, unplaced)         0.460    23.251    vv_wdata[14]_i_96_n_0
                         LUT4 (Prop_lut4_I3_O)        0.124    23.375 r  vv_wdata[14]_i_100/O
                         net (fo=1, unplaced)         0.000    23.375    vv_wdata[14]_i_100_n_0
                         CARRY4 (Prop_carry4_S[1]_CO[3])
                                                      0.533    23.908 r  vv_wdata_reg[14]_i_76/CO[3]
                         net (fo=1, unplaced)         0.000    23.908    vv_wdata_reg[14]_i_76_n_0
                         CARRY4 (Prop_carry4_CI_CO[3])
                                                      0.117    24.025 r  vv_wdata_reg[14]_i_40/CO[3]
                         net (fo=1, unplaced)         0.000    24.025    vv_wdata_reg[14]_i_40_n_0
                         CARRY4 (Prop_carry4_CI_O[2])
                                                      0.256    24.281 r  vv_wdata_reg[14]_i_21/O[2]
                         net (fo=147, unplaced)       0.561    24.842    c4_rq6_return1__6[63]
                         LUT4 (Prop_lut4_I2_O)        0.293    25.135 r  vv_wdata[0]_i_79/O
                         net (fo=1, unplaced)         0.000    25.135    vv_wdata[0]_i_79_n_0
                         CARRY4 (Prop_carry4_DI[0]_CO[3])
                                                      0.576    25.711 r  vv_wdata_reg[0]_i_57/CO[3]
                         net (fo=1, unplaced)         0.000    25.711    vv_wdata_reg[0]_i_57_n_0
                         CARRY4 (Prop_carry4_CI_CO[3])
                                                      0.117    25.828 r  vv_wdata_reg[0]_i_42/CO[3]
                         net (fo=1, unplaced)         0.000    25.828    vv_wdata_reg[0]_i_42_n_0
                         CARRY4 (Prop_carry4_CI_CO[3])
                                                      0.117    25.945 r  vv_wdata_reg[0]_i_17/CO[3]
                         net (fo=1, unplaced)         0.000    25.945    vv_wdata_reg[0]_i_17_n_0
                         CARRY4 (Prop_carry4_CI_CO[3])
                                                      0.117    26.062 r  vv_wdata_reg[0]_i_8/CO[3]
                         net (fo=1, unplaced)         0.000    26.062    vv_wdata_reg[0]_i_8_n_0
                         CARRY4 (Prop_carry4_CI_CO[1])
                                                      0.179    26.241 r  vv_wdata_reg[0]_i_3/CO[1]
                         net (fo=2, unplaced)         0.536    26.777    vv_wdata_reg[0]_i_3_n_2
                         CARRY4 (Prop_carry4_DI[0]_CO[3])
                                                      0.758    27.535 r  vv_wdata_reg[0]_i_2/CO[3]
                         net (fo=1, unplaced)         0.000    27.535    vv_wdata_reg[0]_i_2_n_0
                         CARRY4 (Prop_carry4_CI_CO[3])
                                                      0.117    27.652 r  vv_wdata_reg[7]_i_4/CO[3]
                         net (fo=1, unplaced)         0.000    27.652    vv_wdata_reg[7]_i_4_n_0
                         CARRY4 (Prop_carry4_CI_CO[3])
                                                      0.117    27.769 r  vv_wdata_reg[10]_i_8/CO[3]
                         net (fo=1, unplaced)         0.000    27.769    vv_wdata_reg[10]_i_8_n_0
                         CARRY4 (Prop_carry4_CI_CO[3])
                                                      0.117    27.886 r  vv_wdata_reg[14]_i_22/CO[3]
                         net (fo=1, unplaced)         0.000    27.886    vv_wdata_reg[14]_i_22_n_0
                         CARRY4 (Prop_carry4_CI_O[2])
                                                      0.256    28.142 f  vv_wdata_reg[14]_i_75/O[2]
                         net (fo=2, unplaced)         0.463    28.605    vv_wdata_reg[14]_i_75_n_5
                         LUT1 (Prop_lut1_I0_O)        0.301    28.906 r  vv_wdata[15]_i_124/O
                         net (fo=1, unplaced)         0.000    28.906    vv_wdata[15]_i_124_n_0
                         CARRY4 (Prop_carry4_S[1]_CO[3])
                                                      0.533    29.439 r  vv_wdata_reg[15]_i_87/CO[3]
                         net (fo=1, unplaced)         0.000    29.439    vv_wdata_reg[15]_i_87_n_0
                         CARRY4 (Prop_carry4_CI_O[2])
                                                      0.256    29.695 r  vv_wdata_reg[15]_i_60/O[2]
                         net (fo=1, unplaced)         0.452    30.147    c4_rq6_return0[23]
                         LUT3 (Prop_lut3_I0_O)        0.293    30.440 r  vv_wdata[15]_i_180/O
                         net (fo=1, unplaced)         0.449    30.889    c4_rq6_return[23]
                         LUT5 (Prop_lut5_I4_O)        0.124    31.013 r  vv_wdata[15]_i_155/O
                         net (fo=4, unplaced)         0.473    31.486    val__0__0[23]
                         LUT6 (Prop_lut6_I5_O)        0.124    31.610 r  vv_wdata[15]_i_112/O
                         net (fo=1, unplaced)         0.474    32.084    vv_wdata[15]_i_112_n_0
                         CARRY4 (Prop_carry4_DI[2]_CO[3])
                                                      0.404    32.488 r  vv_wdata_reg[15]_i_80/CO[3]
                         net (fo=1, unplaced)         0.000    32.488    vv_wdata_reg[15]_i_80_n_0
                         CARRY4 (Prop_carry4_CI_CO[3])
                                                      0.117    32.605 r  vv_wdata_reg[15]_i_55/CO[3]
                         net (fo=1, unplaced)         0.000    32.605    vv_wdata_reg[15]_i_55_n_0
                         CARRY4 (Prop_carry4_CI_CO[3])
                                                      0.117    32.722 r  vv_wdata_reg[15]_i_37/CO[3]
                         net (fo=1, unplaced)         0.000    32.722    vv_wdata_reg[15]_i_37_n_0
                         CARRY4 (Prop_carry4_CI_CO[3])
                                                      0.117    32.839 r  vv_wdata_reg[15]_i_21/CO[3]
                         net (fo=1, unplaced)         0.000    32.839    vv_wdata_reg[15]_i_21_n_0
                         CARRY4 (Prop_carry4_CI_CO[3])
                                                      0.117    32.956 r  vv_wdata_reg[15]_i_8/CO[3]
                         net (fo=1, unplaced)         0.000    32.956    vv_wdata_reg[15]_i_8_n_0
                         CARRY4 (Prop_carry4_CI_CO[2])
                                                      0.252    33.208 r  vv_wdata_reg[15]_i_5/CO[2]
                         net (fo=1, unplaced)         0.452    33.660    c4_sat1__1
                         LUT6 (Prop_lut6_I5_O)        0.310    33.970 r  vv_wdata[15]_i_1/O
                         net (fo=160, unplaced)       0.719    34.689    vv_wdata[15]_i_1_n_0
                         FDSE                                         r  vv_wdata_reg[0]_rep__3/S
  -------------------------------------------------------------------    -------------------

                         (clock clk rise edge)       10.000    10.000 r  <hidden>
                                                      0.000    10.000 r  clk
                         net (fo=42639, unset)        0.924    10.924    clk
                         FDSE                                         r  vv_wdata_reg[0]_rep__3/C
                         clock pessimism              0.000    10.924    <hidden>
                         clock uncertainty           -0.035    10.889    <hidden>
                         FDSE (Setup_fdse_C_S)       -0.557    10.332    vv_wdata_reg[0]_rep__3
  -------------------------------------------------------------------
                         required time                         10.332    <hidden>
                         arrival time                         -34.689    <hidden>
  -------------------------------------------------------------------
                         slack                                -24.357    <hidden>

Slack (VIOLATED) :        -24.357ns  (required time - arrival time)
  Source:                 di_reg[4]/C
                            (rising edge-triggered cell FDCE clocked by clk  {rise@0.000ns fall@5.000ns period=10.000ns})
  Destination:            vv_wdata_reg[0]_rep__4/S
                            (rising edge-triggered cell FDSE clocked by clk  {rise@0.000ns fall@5.000ns period=10.000ns})
  Path Group:             clk
  Path Type:              Setup (Max at Slow Process Corner)
  Requirement:            10.000ns  (clk rise@10.000ns - clk rise@0.000ns)
  Data Path Delay:        33.716ns  (logic 21.888ns (64.918%)  route 11.828ns (35.082%))
  Logic Levels:           48  (CARRY4=31 DSP48E1=4 LUT1=1 LUT2=1 LUT3=2 LUT4=3 LUT5=1 LUT6=5)
  Clock Path Skew:        -0.049ns (DCD - SCD + CPR)
    Destination Clock Delay (DCD):    0.924ns = ( 10.924 - 10.000 ) 
    Source Clock Delay      (SCD):    0.973ns
    Clock Pessimism Removal (CPR):    0.000ns
  Clock Uncertainty:      0.035ns  ((TSJ^2 + TIJ^2)^1/2 + DJ) / 2 + PE
    Total System Jitter     (TSJ):    0.071ns
    Total Input Jitter      (TIJ):    0.000ns
    Discrete Jitter          (DJ):    0.000ns
    Phase Error              (PE):    0.000ns

    Location             Delay type                Incr(ns)  Path(ns)    Netlist Resource(s)
  -------------------------------------------------------------------    -------------------
                         (clock clk rise edge)        0.000     0.000 r  <hidden>
                                                      0.000     0.000 r  clk
                         net (fo=42639, unset)        0.973     0.973    clk
                         FDCE                                         r  di_reg[4]/C
  -------------------------------------------------------------------    -------------------
                         FDCE (Prop_fdce_C_Q)         0.478     1.451 r  di_reg[4]/Q
                         net (fo=134, unplaced)       0.773     2.224    a03_out[4]
                         CARRY4 (Prop_carry4_S[0]_O[2])
                                                      0.839     3.063 r  g0_b0_i_1/O[2]
                         net (fo=402, unplaced)       0.870     3.933    a03_out[6]
                         LUT6 (Prop_lut6_I0_O)        0.301     4.234 r  acc1__1_i_95/O
                         net (fo=2, unplaced)         0.743     4.977    acc1__1_i_95_n_0
                         LUT6 (Prop_lut6_I1_O)        0.124     5.101 r  acc1__1_i_28/O
                         net (fo=2, unplaced)         0.743     5.844    acc1__1_i_28_n_0
                         LUT6 (Prop_lut6_I3_O)        0.124     5.968 r  acc1__1_i_9/O
                         net (fo=1, unplaced)         0.449     6.417    p_0_out__6[7]
                         LUT4 (Prop_lut4_I0_O)        0.124     6.541 r  acc1__1_i_1/O
                         net (fo=22, unplaced)        0.803     7.344    acc1__1_i_1_n_0
                         DSP48E1 (Prop_dsp48e1_B[17]_P[1])
                                                      3.656    11.000 r  val0__3/P[1]
                         net (fo=1, unplaced)         0.803    11.803    val0__3_n_104
                         LUT2 (Prop_lut2_I1_O)        0.124    11.927 r  c4_rq6_return1__3_i_19/O
                         net (fo=1, unplaced)         0.000    11.927    c4_rq6_return1__3_i_19_n_0
                         CARRY4 (Prop_carry4_S[1]_CO[3])
                                                      0.533    12.460 r  c4_rq6_return1__3_i_4/CO[3]
                         net (fo=1, unplaced)         0.000    12.460    c4_rq6_return1__3_i_4_n_0
                         CARRY4 (Prop_carry4_CI_CO[3])
                                                      0.117    12.577 r  c4_rq6_return1__3_i_3/CO[3]
                         net (fo=1, unplaced)         0.000    12.577    c4_rq6_return1__3_i_3_n_0
                         CARRY4 (Prop_carry4_CI_CO[3])
                                                      0.117    12.694 r  c4_rq6_return1__3_i_2/CO[3]
                         net (fo=1, unplaced)         0.000    12.694    c4_rq6_return1__3_i_2_n_0
                         CARRY4 (Prop_carry4_CI_CO[3])
                                                      0.117    12.811 r  c4_rq6_return1__3_i_1/CO[3]
                         net (fo=1, unplaced)         0.000    12.811    c4_rq6_return1__3_i_1_n_0
                         CARRY4 (Prop_carry4_CI_CO[3])
                                                      0.117    12.928 r  c4_rq6_return1__0_i_5/CO[3]
                         net (fo=1, unplaced)         0.000    12.928    c4_rq6_return1__0_i_5_n_0
                         CARRY4 (Prop_carry4_CI_CO[3])
                                                      0.117    13.045 r  c4_rq6_return1__0_i_4/CO[3]
                         net (fo=1, unplaced)         0.000    13.045    c4_rq6_return1__0_i_4_n_0
                         CARRY4 (Prop_carry4_CI_CO[3])
                                                      0.117    13.162 r  c4_rq6_return1__0_i_3/CO[3]
                         net (fo=1, unplaced)         0.000    13.162    c4_rq6_return1__0_i_3_n_0
                         CARRY4 (Prop_carry4_CI_CO[3])
                                                      0.117    13.279 r  c4_rq6_return1__0_i_2/CO[3]
                         net (fo=1, unplaced)         0.000    13.279    c4_rq6_return1__0_i_2_n_0
                         CARRY4 (Prop_carry4_CI_O[1])
                                                      0.337    13.616 r  c4_rq6_return1__0_i_1/O[1]
                         net (fo=4, unplaced)         0.803    14.419    c4_rq6_return1__0_i_1_n_6
                         DSP48E1 (Prop_dsp48e1_A[16]_PCOUT[47])
                                                      4.215    18.634 r  c4_rq6_return1__0/PCOUT[47]
                         net (fo=1, unplaced)         0.000    18.634    c4_rq6_return1__0_n_106
                         DSP48E1 (Prop_dsp48e1_PCIN[47]_PCOUT[47])
                                                      1.713    20.347 r  c4_rq6_return1__1/PCOUT[47]
                         net (fo=1, unplaced)         0.000    20.347    c4_rq6_return1__1_n_106
                         DSP48E1 (Prop_dsp48e1_PCIN[47]_P[2])
                                                      1.518    21.865 r  c4_rq6_return1__2/P[2]
                         net (fo=2, unplaced)         0.803    22.667    c4_rq6_return1__2_n_103
                         LUT3 (Prop_lut3_I1_O)        0.124    22.791 r  vv_wdata[14]_i_96/O
                         net (fo=2, unplaced)         0.460    23.251    vv_wdata[14]_i_96_n_0
                         LUT4 (Prop_lut4_I3_O)        0.124    23.375 r  vv_wdata[14]_i_100/O
                         net (fo=1, unplaced)         0.000    23.375    vv_wdata[14]_i_100_n_0
                         CARRY4 (Prop_carry4_S[1]_CO[3])
                                                      0.533    23.908 r  vv_wdata_reg[14]_i_76/CO[3]
                         net (fo=1, unplaced)         0.000    23.908    vv_wdata_reg[14]_i_76_n_0
                         CARRY4 (Prop_carry4_CI_CO[3])
                                                      0.117    24.025 r  vv_wdata_reg[14]_i_40/CO[3]
                         net (fo=1, unplaced)         0.000    24.025    vv_wdata_reg[14]_i_40_n_0
                         CARRY4 (Prop_carry4_CI_O[2])
                                                      0.256    24.281 r  vv_wdata_reg[14]_i_21/O[2]
                         net (fo=147, unplaced)       0.561    24.842    c4_rq6_return1__6[63]
                         LUT4 (Prop_lut4_I2_O)        0.293    25.135 r  vv_wdata[0]_i_79/O
                         net (fo=1, unplaced)         0.000    25.135    vv_wdata[0]_i_79_n_0
                         CARRY4 (Prop_carry4_DI[0]_CO[3])
                                                      0.576    25.711 r  vv_wdata_reg[0]_i_57/CO[3]
                         net (fo=1, unplaced)         0.000    25.711    vv_wdata_reg[0]_i_57_n_0
                         CARRY4 (Prop_carry4_CI_CO[3])
                                                      0.117    25.828 r  vv_wdata_reg[0]_i_42/CO[3]
                         net (fo=1, unplaced)         0.000    25.828    vv_wdata_reg[0]_i_42_n_0
                         CARRY4 (Prop_carry4_CI_CO[3])
                                                      0.117    25.945 r  vv_wdata_reg[0]_i_17/CO[3]
                         net (fo=1, unplaced)         0.000    25.945    vv_wdata_reg[0]_i_17_n_0
                         CARRY4 (Prop_carry4_CI_CO[3])
                                                      0.117    26.062 r  vv_wdata_reg[0]_i_8/CO[3]
                         net (fo=1, unplaced)         0.000    26.062    vv_wdata_reg[0]_i_8_n_0
                         CARRY4 (Prop_carry4_CI_CO[1])
                                                      0.179    26.241 r  vv_wdata_reg[0]_i_3/CO[1]
                         net (fo=2, unplaced)         0.536    26.777    vv_wdata_reg[0]_i_3_n_2
                         CARRY4 (Prop_carry4_DI[0]_CO[3])
                                                      0.758    27.535 r  vv_wdata_reg[0]_i_2/CO[3]
                         net (fo=1, unplaced)         0.000    27.535    vv_wdata_reg[0]_i_2_n_0
                         CARRY4 (Prop_carry4_CI_CO[3])
                                                      0.117    27.652 r  vv_wdata_reg[7]_i_4/CO[3]
                         net (fo=1, unplaced)         0.000    27.652    vv_wdata_reg[7]_i_4_n_0
                         CARRY4 (Prop_carry4_CI_CO[3])
                                                      0.117    27.769 r  vv_wdata_reg[10]_i_8/CO[3]
                         net (fo=1, unplaced)         0.000    27.769    vv_wdata_reg[10]_i_8_n_0
                         CARRY4 (Prop_carry4_CI_CO[3])
                                                      0.117    27.886 r  vv_wdata_reg[14]_i_22/CO[3]
                         net (fo=1, unplaced)         0.000    27.886    vv_wdata_reg[14]_i_22_n_0
                         CARRY4 (Prop_carry4_CI_O[2])
                                                      0.256    28.142 f  vv_wdata_reg[14]_i_75/O[2]
                         net (fo=2, unplaced)         0.463    28.605    vv_wdata_reg[14]_i_75_n_5
                         LUT1 (Prop_lut1_I0_O)        0.301    28.906 r  vv_wdata[15]_i_124/O
                         net (fo=1, unplaced)         0.000    28.906    vv_wdata[15]_i_124_n_0
                         CARRY4 (Prop_carry4_S[1]_CO[3])
                                                      0.533    29.439 r  vv_wdata_reg[15]_i_87/CO[3]
                         net (fo=1, unplaced)         0.000    29.439    vv_wdata_reg[15]_i_87_n_0
                         CARRY4 (Prop_carry4_CI_O[2])
                                                      0.256    29.695 r  vv_wdata_reg[15]_i_60/O[2]
                         net (fo=1, unplaced)         0.452    30.147    c4_rq6_return0[23]
                         LUT3 (Prop_lut3_I0_O)        0.293    30.440 r  vv_wdata[15]_i_180/O
                         net (fo=1, unplaced)         0.449    30.889    c4_rq6_return[23]
                         LUT5 (Prop_lut5_I4_O)        0.124    31.013 r  vv_wdata[15]_i_155/O
                         net (fo=4, unplaced)         0.473    31.486    val__0__0[23]
                         LUT6 (Prop_lut6_I5_O)        0.124    31.610 r  vv_wdata[15]_i_112/O
                         net (fo=1, unplaced)         0.474    32.084    vv_wdata[15]_i_112_n_0
                         CARRY4 (Prop_carry4_DI[2]_CO[3])
                                                      0.404    32.488 r  vv_wdata_reg[15]_i_80/CO[3]
                         net (fo=1, unplaced)         0.000    32.488    vv_wdata_reg[15]_i_80_n_0
                         CARRY4 (Prop_carry4_CI_CO[3])
                                                      0.117    32.605 r  vv_wdata_reg[15]_i_55/CO[3]
                         net (fo=1, unplaced)         0.000    32.605    vv_wdata_reg[15]_i_55_n_0
                         CARRY4 (Prop_carry4_CI_CO[3])
                                                      0.117    32.722 r  vv_wdata_reg[15]_i_37/CO[3]
                         net (fo=1, unplaced)         0.000    32.722    vv_wdata_reg[15]_i_37_n_0
                         CARRY4 (Prop_carry4_CI_CO[3])
                                                      0.117    32.839 r  vv_wdata_reg[15]_i_21/CO[3]
                         net (fo=1, unplaced)         0.000    32.839    vv_wdata_reg[15]_i_21_n_0
                         CARRY4 (Prop_carry4_CI_CO[3])
                                                      0.117    32.956 r  vv_wdata_reg[15]_i_8/CO[3]
                         net (fo=1, unplaced)         0.000    32.956    vv_wdata_reg[15]_i_8_n_0
                         CARRY4 (Prop_carry4_CI_CO[2])
                                                      0.252    33.208 r  vv_wdata_reg[15]_i_5/CO[2]
                         net (fo=1, unplaced)         0.452    33.660    c4_sat1__1
                         LUT6 (Prop_lut6_I5_O)        0.310    33.970 r  vv_wdata[15]_i_1/O
                         net (fo=160, unplaced)       0.719    34.689    vv_wdata[15]_i_1_n_0
                         FDSE                                         r  vv_wdata_reg[0]_rep__4/S
  -------------------------------------------------------------------    -------------------

                         (clock clk rise edge)       10.000    10.000 r  <hidden>
                                                      0.000    10.000 r  clk
                         net (fo=42639, unset)        0.924    10.924    clk
                         FDSE                                         r  vv_wdata_reg[0]_rep__4/C
                         clock pessimism              0.000    10.924    <hidden>
                         clock uncertainty           -0.035    10.889    <hidden>
                         FDSE (Setup_fdse_C_S)       -0.557    10.332    vv_wdata_reg[0]_rep__4
  -------------------------------------------------------------------
                         required time                         10.332    <hidden>
                         arrival time                         -34.689    <hidden>
  -------------------------------------------------------------------
                         slack                                -24.357    <hidden>

Slack (VIOLATED) :        -24.357ns  (required time - arrival time)
  Source:                 di_reg[4]/C
                            (rising edge-triggered cell FDCE clocked by clk  {rise@0.000ns fall@5.000ns period=10.000ns})
  Destination:            vv_wdata_reg[0]_rep__5/S
                            (rising edge-triggered cell FDSE clocked by clk  {rise@0.000ns fall@5.000ns period=10.000ns})
  Path Group:             clk
  Path Type:              Setup (Max at Slow Process Corner)
  Requirement:            10.000ns  (clk rise@10.000ns - clk rise@0.000ns)
  Data Path Delay:        33.716ns  (logic 21.888ns (64.918%)  route 11.828ns (35.082%))
  Logic Levels:           48  (CARRY4=31 DSP48E1=4 LUT1=1 LUT2=1 LUT3=2 LUT4=3 LUT5=1 LUT6=5)
  Clock Path Skew:        -0.049ns (DCD - SCD + CPR)
    Destination Clock Delay (DCD):    0.924ns = ( 10.924 - 10.000 ) 
    Source Clock Delay      (SCD):    0.973ns
    Clock Pessimism Removal (CPR):    0.000ns
  Clock Uncertainty:      0.035ns  ((TSJ^2 + TIJ^2)^1/2 + DJ) / 2 + PE
    Total System Jitter     (TSJ):    0.071ns
    Total Input Jitter      (TIJ):    0.000ns
    Discrete Jitter          (DJ):    0.000ns
    Phase Error              (PE):    0.000ns

    Location             Delay type                Incr(ns)  Path(ns)    Netlist Resource(s)
  -------------------------------------------------------------------    -------------------
                         (clock clk rise edge)        0.000     0.000 r  <hidden>
                                                      0.000     0.000 r  clk
                         net (fo=42639, unset)        0.973     0.973    clk
                         FDCE                                         r  di_reg[4]/C
  -------------------------------------------------------------------    -------------------
                         FDCE (Prop_fdce_C_Q)         0.478     1.451 r  di_reg[4]/Q
                         net (fo=134, unplaced)       0.773     2.224    a03_out[4]
                         CARRY4 (Prop_carry4_S[0]_O[2])
                                                      0.839     3.063 r  g0_b0_i_1/O[2]
                         net (fo=402, unplaced)       0.870     3.933    a03_out[6]
                         LUT6 (Prop_lut6_I0_O)        0.301     4.234 r  acc1__1_i_95/O
                         net (fo=2, unplaced)         0.743     4.977    acc1__1_i_95_n_0
                         LUT6 (Prop_lut6_I1_O)        0.124     5.101 r  acc1__1_i_28/O
                         net (fo=2, unplaced)         0.743     5.844    acc1__1_i_28_n_0
                         LUT6 (Prop_lut6_I3_O)        0.124     5.968 r  acc1__1_i_9/O
                         net (fo=1, unplaced)         0.449     6.417    p_0_out__6[7]
                         LUT4 (Prop_lut4_I0_O)        0.124     6.541 r  acc1__1_i_1/O
                         net (fo=22, unplaced)        0.803     7.344    acc1__1_i_1_n_0
                         DSP48E1 (Prop_dsp48e1_B[17]_P[1])
                                                      3.656    11.000 r  val0__3/P[1]
                         net (fo=1, unplaced)         0.803    11.803    val0__3_n_104
                         LUT2 (Prop_lut2_I1_O)        0.124    11.927 r  c4_rq6_return1__3_i_19/O
                         net (fo=1, unplaced)         0.000    11.927    c4_rq6_return1__3_i_19_n_0
                         CARRY4 (Prop_carry4_S[1]_CO[3])
                                                      0.533    12.460 r  c4_rq6_return1__3_i_4/CO[3]
                         net (fo=1, unplaced)         0.000    12.460    c4_rq6_return1__3_i_4_n_0
                         CARRY4 (Prop_carry4_CI_CO[3])
                                                      0.117    12.577 r  c4_rq6_return1__3_i_3/CO[3]
                         net (fo=1, unplaced)         0.000    12.577    c4_rq6_return1__3_i_3_n_0
                         CARRY4 (Prop_carry4_CI_CO[3])
                                                      0.117    12.694 r  c4_rq6_return1__3_i_2/CO[3]
                         net (fo=1, unplaced)         0.000    12.694    c4_rq6_return1__3_i_2_n_0
                         CARRY4 (Prop_carry4_CI_CO[3])
                                                      0.117    12.811 r  c4_rq6_return1__3_i_1/CO[3]
                         net (fo=1, unplaced)         0.000    12.811    c4_rq6_return1__3_i_1_n_0
                         CARRY4 (Prop_carry4_CI_CO[3])
                                                      0.117    12.928 r  c4_rq6_return1__0_i_5/CO[3]
                         net (fo=1, unplaced)         0.000    12.928    c4_rq6_return1__0_i_5_n_0
                         CARRY4 (Prop_carry4_CI_CO[3])
                                                      0.117    13.045 r  c4_rq6_return1__0_i_4/CO[3]
                         net (fo=1, unplaced)         0.000    13.045    c4_rq6_return1__0_i_4_n_0
                         CARRY4 (Prop_carry4_CI_CO[3])
                                                      0.117    13.162 r  c4_rq6_return1__0_i_3/CO[3]
                         net (fo=1, unplaced)         0.000    13.162    c4_rq6_return1__0_i_3_n_0
                         CARRY4 (Prop_carry4_CI_CO[3])
                                                      0.117    13.279 r  c4_rq6_return1__0_i_2/CO[3]
                         net (fo=1, unplaced)         0.000    13.279    c4_rq6_return1__0_i_2_n_0
                         CARRY4 (Prop_carry4_CI_O[1])
                                                      0.337    13.616 r  c4_rq6_return1__0_i_1/O[1]
                         net (fo=4, unplaced)         0.803    14.419    c4_rq6_return1__0_i_1_n_6
                         DSP48E1 (Prop_dsp48e1_A[16]_PCOUT[47])
                                                      4.215    18.634 r  c4_rq6_return1__0/PCOUT[47]
                         net (fo=1, unplaced)         0.000    18.634    c4_rq6_return1__0_n_106
                         DSP48E1 (Prop_dsp48e1_PCIN[47]_PCOUT[47])
                                                      1.713    20.347 r  c4_rq6_return1__1/PCOUT[47]
                         net (fo=1, unplaced)         0.000    20.347    c4_rq6_return1__1_n_106
                         DSP48E1 (Prop_dsp48e1_PCIN[47]_P[2])
                                                      1.518    21.865 r  c4_rq6_return1__2/P[2]
                         net (fo=2, unplaced)         0.803    22.667    c4_rq6_return1__2_n_103
                         LUT3 (Prop_lut3_I1_O)        0.124    22.791 r  vv_wdata[14]_i_96/O
                         net (fo=2, unplaced)         0.460    23.251    vv_wdata[14]_i_96_n_0
                         LUT4 (Prop_lut4_I3_O)        0.124    23.375 r  vv_wdata[14]_i_100/O
                         net (fo=1, unplaced)         0.000    23.375    vv_wdata[14]_i_100_n_0
                         CARRY4 (Prop_carry4_S[1]_CO[3])
                                                      0.533    23.908 r  vv_wdata_reg[14]_i_76/CO[3]
                         net (fo=1, unplaced)         0.000    23.908    vv_wdata_reg[14]_i_76_n_0
                         CARRY4 (Prop_carry4_CI_CO[3])
                                                      0.117    24.025 r  vv_wdata_reg[14]_i_40/CO[3]
                         net (fo=1, unplaced)         0.000    24.025    vv_wdata_reg[14]_i_40_n_0
                         CARRY4 (Prop_carry4_CI_O[2])
                                                      0.256    24.281 r  vv_wdata_reg[14]_i_21/O[2]
                         net (fo=147, unplaced)       0.561    24.842    c4_rq6_return1__6[63]
                         LUT4 (Prop_lut4_I2_O)        0.293    25.135 r  vv_wdata[0]_i_79/O
                         net (fo=1, unplaced)         0.000    25.135    vv_wdata[0]_i_79_n_0
                         CARRY4 (Prop_carry4_DI[0]_CO[3])
                                                      0.576    25.711 r  vv_wdata_reg[0]_i_57/CO[3]
                         net (fo=1, unplaced)         0.000    25.711    vv_wdata_reg[0]_i_57_n_0
                         CARRY4 (Prop_carry4_CI_CO[3])
                                                      0.117    25.828 r  vv_wdata_reg[0]_i_42/CO[3]
                         net (fo=1, unplaced)         0.000    25.828    vv_wdata_reg[0]_i_42_n_0
                         CARRY4 (Prop_carry4_CI_CO[3])
                                                      0.117    25.945 r  vv_wdata_reg[0]_i_17/CO[3]
                         net (fo=1, unplaced)         0.000    25.945    vv_wdata_reg[0]_i_17_n_0
                         CARRY4 (Prop_carry4_CI_CO[3])
                                                      0.117    26.062 r  vv_wdata_reg[0]_i_8/CO[3]
                         net (fo=1, unplaced)         0.000    26.062    vv_wdata_reg[0]_i_8_n_0
                         CARRY4 (Prop_carry4_CI_CO[1])
                                                      0.179    26.241 r  vv_wdata_reg[0]_i_3/CO[1]
                         net (fo=2, unplaced)         0.536    26.777    vv_wdata_reg[0]_i_3_n_2
                         CARRY4 (Prop_carry4_DI[0]_CO[3])
                                                      0.758    27.535 r  vv_wdata_reg[0]_i_2/CO[3]
                         net (fo=1, unplaced)         0.000    27.535    vv_wdata_reg[0]_i_2_n_0
                         CARRY4 (Prop_carry4_CI_CO[3])
                                                      0.117    27.652 r  vv_wdata_reg[7]_i_4/CO[3]
                         net (fo=1, unplaced)         0.000    27.652    vv_wdata_reg[7]_i_4_n_0
                         CARRY4 (Prop_carry4_CI_CO[3])
                                                      0.117    27.769 r  vv_wdata_reg[10]_i_8/CO[3]
                         net (fo=1, unplaced)         0.000    27.769    vv_wdata_reg[10]_i_8_n_0
                         CARRY4 (Prop_carry4_CI_CO[3])
                                                      0.117    27.886 r  vv_wdata_reg[14]_i_22/CO[3]
                         net (fo=1, unplaced)         0.000    27.886    vv_wdata_reg[14]_i_22_n_0
                         CARRY4 (Prop_carry4_CI_O[2])
                                                      0.256    28.142 f  vv_wdata_reg[14]_i_75/O[2]
                         net (fo=2, unplaced)         0.463    28.605    vv_wdata_reg[14]_i_75_n_5
                         LUT1 (Prop_lut1_I0_O)        0.301    28.906 r  vv_wdata[15]_i_124/O
                         net (fo=1, unplaced)         0.000    28.906    vv_wdata[15]_i_124_n_0
                         CARRY4 (Prop_carry4_S[1]_CO[3])
                                                      0.533    29.439 r  vv_wdata_reg[15]_i_87/CO[3]
                         net (fo=1, unplaced)         0.000    29.439    vv_wdata_reg[15]_i_87_n_0
                         CARRY4 (Prop_carry4_CI_O[2])
                                                      0.256    29.695 r  vv_wdata_reg[15]_i_60/O[2]
                         net (fo=1, unplaced)         0.452    30.147    c4_rq6_return0[23]
                         LUT3 (Prop_lut3_I0_O)        0.293    30.440 r  vv_wdata[15]_i_180/O
                         net (fo=1, unplaced)         0.449    30.889    c4_rq6_return[23]
                         LUT5 (Prop_lut5_I4_O)        0.124    31.013 r  vv_wdata[15]_i_155/O
                         net (fo=4, unplaced)         0.473    31.486    val__0__0[23]
                         LUT6 (Prop_lut6_I5_O)        0.124    31.610 r  vv_wdata[15]_i_112/O
                         net (fo=1, unplaced)         0.474    32.084    vv_wdata[15]_i_112_n_0
                         CARRY4 (Prop_carry4_DI[2]_CO[3])
                                                      0.404    32.488 r  vv_wdata_reg[15]_i_80/CO[3]
                         net (fo=1, unplaced)         0.000    32.488    vv_wdata_reg[15]_i_80_n_0
                         CARRY4 (Prop_carry4_CI_CO[3])
                                                      0.117    32.605 r  vv_wdata_reg[15]_i_55/CO[3]
                         net (fo=1, unplaced)         0.000    32.605    vv_wdata_reg[15]_i_55_n_0
                         CARRY4 (Prop_carry4_CI_CO[3])
                                                      0.117    32.722 r  vv_wdata_reg[15]_i_37/CO[3]
                         net (fo=1, unplaced)         0.000    32.722    vv_wdata_reg[15]_i_37_n_0
                         CARRY4 (Prop_carry4_CI_CO[3])
                                                      0.117    32.839 r  vv_wdata_reg[15]_i_21/CO[3]
                         net (fo=1, unplaced)         0.000    32.839    vv_wdata_reg[15]_i_21_n_0
                         CARRY4 (Prop_carry4_CI_CO[3])
                                                      0.117    32.956 r  vv_wdata_reg[15]_i_8/CO[3]
                         net (fo=1, unplaced)         0.000    32.956    vv_wdata_reg[15]_i_8_n_0
                         CARRY4 (Prop_carry4_CI_CO[2])
                                                      0.252    33.208 r  vv_wdata_reg[15]_i_5/CO[2]
                         net (fo=1, unplaced)         0.452    33.660    c4_sat1__1
                         LUT6 (Prop_lut6_I5_O)        0.310    33.970 r  vv_wdata[15]_i_1/O
                         net (fo=160, unplaced)       0.719    34.689    vv_wdata[15]_i_1_n_0
                         FDSE                                         r  vv_wdata_reg[0]_rep__5/S
  -------------------------------------------------------------------    -------------------

                         (clock clk rise edge)       10.000    10.000 r  <hidden>
                                                      0.000    10.000 r  clk
                         net (fo=42639, unset)        0.924    10.924    clk
                         FDSE                                         r  vv_wdata_reg[0]_rep__5/C
                         clock pessimism              0.000    10.924    <hidden>
                         clock uncertainty           -0.035    10.889    <hidden>
                         FDSE (Setup_fdse_C_S)       -0.557    10.332    vv_wdata_reg[0]_rep__5
  -------------------------------------------------------------------
                         required time                         10.332    <hidden>
                         arrival time                         -34.689    <hidden>
  -------------------------------------------------------------------
                         slack                                -24.357    <hidden>

Slack (VIOLATED) :        -24.357ns  (required time - arrival time)
  Source:                 di_reg[4]/C
                            (rising edge-triggered cell FDCE clocked by clk  {rise@0.000ns fall@5.000ns period=10.000ns})
  Destination:            vv_wdata_reg[0]_rep__6/S
                            (rising edge-triggered cell FDSE clocked by clk  {rise@0.000ns fall@5.000ns period=10.000ns})
  Path Group:             clk
  Path Type:              Setup (Max at Slow Process Corner)
  Requirement:            10.000ns  (clk rise@10.000ns - clk rise@0.000ns)
  Data Path Delay:        33.716ns  (logic 21.888ns (64.918%)  route 11.828ns (35.082%))
  Logic Levels:           48  (CARRY4=31 DSP48E1=4 LUT1=1 LUT2=1 LUT3=2 LUT4=3 LUT5=1 LUT6=5)
  Clock Path Skew:        -0.049ns (DCD - SCD + CPR)
    Destination Clock Delay (DCD):    0.924ns = ( 10.924 - 10.000 ) 
    Source Clock Delay      (SCD):    0.973ns
    Clock Pessimism Removal (CPR):    0.000ns
  Clock Uncertainty:      0.035ns  ((TSJ^2 + TIJ^2)^1/2 + DJ) / 2 + PE
    Total System Jitter     (TSJ):    0.071ns
    Total Input Jitter      (TIJ):    0.000ns
    Discrete Jitter          (DJ):    0.000ns
    Phase Error              (PE):    0.000ns

    Location             Delay type                Incr(ns)  Path(ns)    Netlist Resource(s)
  -------------------------------------------------------------------    -------------------
                         (clock clk rise edge)        0.000     0.000 r  <hidden>
                                                      0.000     0.000 r  clk
                         net (fo=42639, unset)        0.973     0.973    clk
                         FDCE                                         r  di_reg[4]/C
  -------------------------------------------------------------------    -------------------
                         FDCE (Prop_fdce_C_Q)         0.478     1.451 r  di_reg[4]/Q
                         net (fo=134, unplaced)       0.773     2.224    a03_out[4]
                         CARRY4 (Prop_carry4_S[0]_O[2])
                                                      0.839     3.063 r  g0_b0_i_1/O[2]
                         net (fo=402, unplaced)       0.870     3.933    a03_out[6]
                         LUT6 (Prop_lut6_I0_O)        0.301     4.234 r  acc1__1_i_95/O
                         net (fo=2, unplaced)         0.743     4.977    acc1__1_i_95_n_0
                         LUT6 (Prop_lut6_I1_O)        0.124     5.101 r  acc1__1_i_28/O
                         net (fo=2, unplaced)         0.743     5.844    acc1__1_i_28_n_0
                         LUT6 (Prop_lut6_I3_O)        0.124     5.968 r  acc1__1_i_9/O
                         net (fo=1, unplaced)         0.449     6.417    p_0_out__6[7]
                         LUT4 (Prop_lut4_I0_O)        0.124     6.541 r  acc1__1_i_1/O
                         net (fo=22, unplaced)        0.803     7.344    acc1__1_i_1_n_0
                         DSP48E1 (Prop_dsp48e1_B[17]_P[1])
                                                      3.656    11.000 r  val0__3/P[1]
                         net (fo=1, unplaced)         0.803    11.803    val0__3_n_104
                         LUT2 (Prop_lut2_I1_O)        0.124    11.927 r  c4_rq6_return1__3_i_19/O
                         net (fo=1, unplaced)         0.000    11.927    c4_rq6_return1__3_i_19_n_0
                         CARRY4 (Prop_carry4_S[1]_CO[3])
                                                      0.533    12.460 r  c4_rq6_return1__3_i_4/CO[3]
                         net (fo=1, unplaced)         0.000    12.460    c4_rq6_return1__3_i_4_n_0
                         CARRY4 (Prop_carry4_CI_CO[3])
                                                      0.117    12.577 r  c4_rq6_return1__3_i_3/CO[3]
                         net (fo=1, unplaced)         0.000    12.577    c4_rq6_return1__3_i_3_n_0
                         CARRY4 (Prop_carry4_CI_CO[3])
                                                      0.117    12.694 r  c4_rq6_return1__3_i_2/CO[3]
                         net (fo=1, unplaced)         0.000    12.694    c4_rq6_return1__3_i_2_n_0
                         CARRY4 (Prop_carry4_CI_CO[3])
                                                      0.117    12.811 r  c4_rq6_return1__3_i_1/CO[3]
                         net (fo=1, unplaced)         0.000    12.811    c4_rq6_return1__3_i_1_n_0
                         CARRY4 (Prop_carry4_CI_CO[3])
                                                      0.117    12.928 r  c4_rq6_return1__0_i_5/CO[3]
                         net (fo=1, unplaced)         0.000    12.928    c4_rq6_return1__0_i_5_n_0
                         CARRY4 (Prop_carry4_CI_CO[3])
                                                      0.117    13.045 r  c4_rq6_return1__0_i_4/CO[3]
                         net (fo=1, unplaced)         0.000    13.045    c4_rq6_return1__0_i_4_n_0
                         CARRY4 (Prop_carry4_CI_CO[3])
                                                      0.117    13.162 r  c4_rq6_return1__0_i_3/CO[3]
                         net (fo=1, unplaced)         0.000    13.162    c4_rq6_return1__0_i_3_n_0
                         CARRY4 (Prop_carry4_CI_CO[3])
                                                      0.117    13.279 r  c4_rq6_return1__0_i_2/CO[3]
                         net (fo=1, unplaced)         0.000    13.279    c4_rq6_return1__0_i_2_n_0
                         CARRY4 (Prop_carry4_CI_O[1])
                                                      0.337    13.616 r  c4_rq6_return1__0_i_1/O[1]
                         net (fo=4, unplaced)         0.803    14.419    c4_rq6_return1__0_i_1_n_6
                         DSP48E1 (Prop_dsp48e1_A[16]_PCOUT[47])
                                                      4.215    18.634 r  c4_rq6_return1__0/PCOUT[47]
                         net (fo=1, unplaced)         0.000    18.634    c4_rq6_return1__0_n_106
                         DSP48E1 (Prop_dsp48e1_PCIN[47]_PCOUT[47])
                                                      1.713    20.347 r  c4_rq6_return1__1/PCOUT[47]
                         net (fo=1, unplaced)         0.000    20.347    c4_rq6_return1__1_n_106
                         DSP48E1 (Prop_dsp48e1_PCIN[47]_P[2])
                                                      1.518    21.865 r  c4_rq6_return1__2/P[2]
                         net (fo=2, unplaced)         0.803    22.667    c4_rq6_return1__2_n_103
                         LUT3 (Prop_lut3_I1_O)        0.124    22.791 r  vv_wdata[14]_i_96/O
                         net (fo=2, unplaced)         0.460    23.251    vv_wdata[14]_i_96_n_0
                         LUT4 (Prop_lut4_I3_O)        0.124    23.375 r  vv_wdata[14]_i_100/O
                         net (fo=1, unplaced)         0.000    23.375    vv_wdata[14]_i_100_n_0
                         CARRY4 (Prop_carry4_S[1]_CO[3])
                                                      0.533    23.908 r  vv_wdata_reg[14]_i_76/CO[3]
                         net (fo=1, unplaced)         0.000    23.908    vv_wdata_reg[14]_i_76_n_0
                         CARRY4 (Prop_carry4_CI_CO[3])
                                                      0.117    24.025 r  vv_wdata_reg[14]_i_40/CO[3]
                         net (fo=1, unplaced)         0.000    24.025    vv_wdata_reg[14]_i_40_n_0
                         CARRY4 (Prop_carry4_CI_O[2])
                                                      0.256    24.281 r  vv_wdata_reg[14]_i_21/O[2]
                         net (fo=147, unplaced)       0.561    24.842    c4_rq6_return1__6[63]
                         LUT4 (Prop_lut4_I2_O)        0.293    25.135 r  vv_wdata[0]_i_79/O
                         net (fo=1, unplaced)         0.000    25.135    vv_wdata[0]_i_79_n_0
                         CARRY4 (Prop_carry4_DI[0]_CO[3])
                                                      0.576    25.711 r  vv_wdata_reg[0]_i_57/CO[3]
                         net (fo=1, unplaced)         0.000    25.711    vv_wdata_reg[0]_i_57_n_0
                         CARRY4 (Prop_carry4_CI_CO[3])
                                                      0.117    25.828 r  vv_wdata_reg[0]_i_42/CO[3]
                         net (fo=1, unplaced)         0.000    25.828    vv_wdata_reg[0]_i_42_n_0
                         CARRY4 (Prop_carry4_CI_CO[3])
                                                      0.117    25.945 r  vv_wdata_reg[0]_i_17/CO[3]
                         net (fo=1, unplaced)         0.000    25.945    vv_wdata_reg[0]_i_17_n_0
                         CARRY4 (Prop_carry4_CI_CO[3])
                                                      0.117    26.062 r  vv_wdata_reg[0]_i_8/CO[3]
                         net (fo=1, unplaced)         0.000    26.062    vv_wdata_reg[0]_i_8_n_0
                         CARRY4 (Prop_carry4_CI_CO[1])
                                                      0.179    26.241 r  vv_wdata_reg[0]_i_3/CO[1]
                         net (fo=2, unplaced)         0.536    26.777    vv_wdata_reg[0]_i_3_n_2
                         CARRY4 (Prop_carry4_DI[0]_CO[3])
                                                      0.758    27.535 r  vv_wdata_reg[0]_i_2/CO[3]
                         net (fo=1, unplaced)         0.000    27.535    vv_wdata_reg[0]_i_2_n_0
                         CARRY4 (Prop_carry4_CI_CO[3])
                                                      0.117    27.652 r  vv_wdata_reg[7]_i_4/CO[3]
                         net (fo=1, unplaced)         0.000    27.652    vv_wdata_reg[7]_i_4_n_0
                         CARRY4 (Prop_carry4_CI_CO[3])
                                                      0.117    27.769 r  vv_wdata_reg[10]_i_8/CO[3]
                         net (fo=1, unplaced)         0.000    27.769    vv_wdata_reg[10]_i_8_n_0
                         CARRY4 (Prop_carry4_CI_CO[3])
                                                      0.117    27.886 r  vv_wdata_reg[14]_i_22/CO[3]
                         net (fo=1, unplaced)         0.000    27.886    vv_wdata_reg[14]_i_22_n_0
                         CARRY4 (Prop_carry4_CI_O[2])
                                                      0.256    28.142 f  vv_wdata_reg[14]_i_75/O[2]
                         net (fo=2, unplaced)         0.463    28.605    vv_wdata_reg[14]_i_75_n_5
                         LUT1 (Prop_lut1_I0_O)        0.301    28.906 r  vv_wdata[15]_i_124/O
                         net (fo=1, unplaced)         0.000    28.906    vv_wdata[15]_i_124_n_0
                         CARRY4 (Prop_carry4_S[1]_CO[3])
                                                      0.533    29.439 r  vv_wdata_reg[15]_i_87/CO[3]
                         net (fo=1, unplaced)         0.000    29.439    vv_wdata_reg[15]_i_87_n_0
                         CARRY4 (Prop_carry4_CI_O[2])
                                                      0.256    29.695 r  vv_wdata_reg[15]_i_60/O[2]
                         net (fo=1, unplaced)         0.452    30.147    c4_rq6_return0[23]
                         LUT3 (Prop_lut3_I0_O)        0.293    30.440 r  vv_wdata[15]_i_180/O
                         net (fo=1, unplaced)         0.449    30.889    c4_rq6_return[23]
                         LUT5 (Prop_lut5_I4_O)        0.124    31.013 r  vv_wdata[15]_i_155/O
                         net (fo=4, unplaced)         0.473    31.486    val__0__0[23]
                         LUT6 (Prop_lut6_I5_O)        0.124    31.610 r  vv_wdata[15]_i_112/O
                         net (fo=1, unplaced)         0.474    32.084    vv_wdata[15]_i_112_n_0
                         CARRY4 (Prop_carry4_DI[2]_CO[3])
                                                      0.404    32.488 r  vv_wdata_reg[15]_i_80/CO[3]
                         net (fo=1, unplaced)         0.000    32.488    vv_wdata_reg[15]_i_80_n_0
                         CARRY4 (Prop_carry4_CI_CO[3])
                                                      0.117    32.605 r  vv_wdata_reg[15]_i_55/CO[3]
                         net (fo=1, unplaced)         0.000    32.605    vv_wdata_reg[15]_i_55_n_0
                         CARRY4 (Prop_carry4_CI_CO[3])
                                                      0.117    32.722 r  vv_wdata_reg[15]_i_37/CO[3]
                         net (fo=1, unplaced)         0.000    32.722    vv_wdata_reg[15]_i_37_n_0
                         CARRY4 (Prop_carry4_CI_CO[3])
                                                      0.117    32.839 r  vv_wdata_reg[15]_i_21/CO[3]
                         net (fo=1, unplaced)         0.000    32.839    vv_wdata_reg[15]_i_21_n_0
                         CARRY4 (Prop_carry4_CI_CO[3])
                                                      0.117    32.956 r  vv_wdata_reg[15]_i_8/CO[3]
                         net (fo=1, unplaced)         0.000    32.956    vv_wdata_reg[15]_i_8_n_0
                         CARRY4 (Prop_carry4_CI_CO[2])
                                                      0.252    33.208 r  vv_wdata_reg[15]_i_5/CO[2]
                         net (fo=1, unplaced)         0.452    33.660    c4_sat1__1
                         LUT6 (Prop_lut6_I5_O)        0.310    33.970 r  vv_wdata[15]_i_1/O
                         net (fo=160, unplaced)       0.719    34.689    vv_wdata[15]_i_1_n_0
                         FDSE                                         r  vv_wdata_reg[0]_rep__6/S
  -------------------------------------------------------------------    -------------------

                         (clock clk rise edge)       10.000    10.000 r  <hidden>
                                                      0.000    10.000 r  clk
                         net (fo=42639, unset)        0.924    10.924    clk
                         FDSE                                         r  vv_wdata_reg[0]_rep__6/C
                         clock pessimism              0.000    10.924    <hidden>
                         clock uncertainty           -0.035    10.889    <hidden>
                         FDSE (Setup_fdse_C_S)       -0.557    10.332    vv_wdata_reg[0]_rep__6
  -------------------------------------------------------------------
                         required time                         10.332    <hidden>
                         arrival time                         -34.689    <hidden>
  -------------------------------------------------------------------
                         slack                                -24.357    <hidden>

Slack (VIOLATED) :        -24.357ns  (required time - arrival time)
  Source:                 di_reg[4]/C
                            (rising edge-triggered cell FDCE clocked by clk  {rise@0.000ns fall@5.000ns period=10.000ns})
  Destination:            vv_wdata_reg[0]_rep__7/S
                            (rising edge-triggered cell FDSE clocked by clk  {rise@0.000ns fall@5.000ns period=10.000ns})
  Path Group:             clk
  Path Type:              Setup (Max at Slow Process Corner)
  Requirement:            10.000ns  (clk rise@10.000ns - clk rise@0.000ns)
  Data Path Delay:        33.716ns  (logic 21.888ns (64.918%)  route 11.828ns (35.082%))
  Logic Levels:           48  (CARRY4=31 DSP48E1=4 LUT1=1 LUT2=1 LUT3=2 LUT4=3 LUT5=1 LUT6=5)
  Clock Path Skew:        -0.049ns (DCD - SCD + CPR)
    Destination Clock Delay (DCD):    0.924ns = ( 10.924 - 10.000 ) 
    Source Clock Delay      (SCD):    0.973ns
    Clock Pessimism Removal (CPR):    0.000ns
  Clock Uncertainty:      0.035ns  ((TSJ^2 + TIJ^2)^1/2 + DJ) / 2 + PE
    Total System Jitter     (TSJ):    0.071ns
    Total Input Jitter      (TIJ):    0.000ns
    Discrete Jitter          (DJ):    0.000ns
    Phase Error              (PE):    0.000ns

    Location             Delay type                Incr(ns)  Path(ns)    Netlist Resource(s)
  -------------------------------------------------------------------    -------------------
                         (clock clk rise edge)        0.000     0.000 r  <hidden>
                                                      0.000     0.000 r  clk
                         net (fo=42639, unset)        0.973     0.973    clk
                         FDCE                                         r  di_reg[4]/C
  -------------------------------------------------------------------    -------------------
                         FDCE (Prop_fdce_C_Q)         0.478     1.451 r  di_reg[4]/Q
                         net (fo=134, unplaced)       0.773     2.224    a03_out[4]
                         CARRY4 (Prop_carry4_S[0]_O[2])
                                                      0.839     3.063 r  g0_b0_i_1/O[2]
                         net (fo=402, unplaced)       0.870     3.933    a03_out[6]
                         LUT6 (Prop_lut6_I0_O)        0.301     4.234 r  acc1__1_i_95/O
                         net (fo=2, unplaced)         0.743     4.977    acc1__1_i_95_n_0
                         LUT6 (Prop_lut6_I1_O)        0.124     5.101 r  acc1__1_i_28/O
                         net (fo=2, unplaced)         0.743     5.844    acc1__1_i_28_n_0
                         LUT6 (Prop_lut6_I3_O)        0.124     5.968 r  acc1__1_i_9/O
                         net (fo=1, unplaced)         0.449     6.417    p_0_out__6[7]
                         LUT4 (Prop_lut4_I0_O)        0.124     6.541 r  acc1__1_i_1/O
                         net (fo=22, unplaced)        0.803     7.344    acc1__1_i_1_n_0
                         DSP48E1 (Prop_dsp48e1_B[17]_P[1])
                                                      3.656    11.000 r  val0__3/P[1]
                         net (fo=1, unplaced)         0.803    11.803    val0__3_n_104
                         LUT2 (Prop_lut2_I1_O)        0.124    11.927 r  c4_rq6_return1__3_i_19/O
                         net (fo=1, unplaced)         0.000    11.927    c4_rq6_return1__3_i_19_n_0
                         CARRY4 (Prop_carry4_S[1]_CO[3])
                                                      0.533    12.460 r  c4_rq6_return1__3_i_4/CO[3]
                         net (fo=1, unplaced)         0.000    12.460    c4_rq6_return1__3_i_4_n_0
                         CARRY4 (Prop_carry4_CI_CO[3])
                                                      0.117    12.577 r  c4_rq6_return1__3_i_3/CO[3]
                         net (fo=1, unplaced)         0.000    12.577    c4_rq6_return1__3_i_3_n_0
                         CARRY4 (Prop_carry4_CI_CO[3])
                                                      0.117    12.694 r  c4_rq6_return1__3_i_2/CO[3]
                         net (fo=1, unplaced)         0.000    12.694    c4_rq6_return1__3_i_2_n_0
                         CARRY4 (Prop_carry4_CI_CO[3])
                                                      0.117    12.811 r  c4_rq6_return1__3_i_1/CO[3]
                         net (fo=1, unplaced)         0.000    12.811    c4_rq6_return1__3_i_1_n_0
                         CARRY4 (Prop_carry4_CI_CO[3])
                                                      0.117    12.928 r  c4_rq6_return1__0_i_5/CO[3]
                         net (fo=1, unplaced)         0.000    12.928    c4_rq6_return1__0_i_5_n_0
                         CARRY4 (Prop_carry4_CI_CO[3])
                                                      0.117    13.045 r  c4_rq6_return1__0_i_4/CO[3]
                         net (fo=1, unplaced)         0.000    13.045    c4_rq6_return1__0_i_4_n_0
                         CARRY4 (Prop_carry4_CI_CO[3])
                                                      0.117    13.162 r  c4_rq6_return1__0_i_3/CO[3]
                         net (fo=1, unplaced)         0.000    13.162    c4_rq6_return1__0_i_3_n_0
                         CARRY4 (Prop_carry4_CI_CO[3])
                                                      0.117    13.279 r  c4_rq6_return1__0_i_2/CO[3]
                         net (fo=1, unplaced)         0.000    13.279    c4_rq6_return1__0_i_2_n_0
                         CARRY4 (Prop_carry4_CI_O[1])
                                                      0.337    13.616 r  c4_rq6_return1__0_i_1/O[1]
                         net (fo=4, unplaced)         0.803    14.419    c4_rq6_return1__0_i_1_n_6
                         DSP48E1 (Prop_dsp48e1_A[16]_PCOUT[47])
                                                      4.215    18.634 r  c4_rq6_return1__0/PCOUT[47]
                         net (fo=1, unplaced)         0.000    18.634    c4_rq6_return1__0_n_106
                         DSP48E1 (Prop_dsp48e1_PCIN[47]_PCOUT[47])
                                                      1.713    20.347 r  c4_rq6_return1__1/PCOUT[47]
                         net (fo=1, unplaced)         0.000    20.347    c4_rq6_return1__1_n_106
                         DSP48E1 (Prop_dsp48e1_PCIN[47]_P[2])
                                                      1.518    21.865 r  c4_rq6_return1__2/P[2]
                         net (fo=2, unplaced)         0.803    22.667    c4_rq6_return1__2_n_103
                         LUT3 (Prop_lut3_I1_O)        0.124    22.791 r  vv_wdata[14]_i_96/O
                         net (fo=2, unplaced)         0.460    23.251    vv_wdata[14]_i_96_n_0
                         LUT4 (Prop_lut4_I3_O)        0.124    23.375 r  vv_wdata[14]_i_100/O
                         net (fo=1, unplaced)         0.000    23.375    vv_wdata[14]_i_100_n_0
                         CARRY4 (Prop_carry4_S[1]_CO[3])
                                                      0.533    23.908 r  vv_wdata_reg[14]_i_76/CO[3]
                         net (fo=1, unplaced)         0.000    23.908    vv_wdata_reg[14]_i_76_n_0
                         CARRY4 (Prop_carry4_CI_CO[3])
                                                      0.117    24.025 r  vv_wdata_reg[14]_i_40/CO[3]
                         net (fo=1, unplaced)         0.000    24.025    vv_wdata_reg[14]_i_40_n_0
                         CARRY4 (Prop_carry4_CI_O[2])
                                                      0.256    24.281 r  vv_wdata_reg[14]_i_21/O[2]
                         net (fo=147, unplaced)       0.561    24.842    c4_rq6_return1__6[63]
                         LUT4 (Prop_lut4_I2_O)        0.293    25.135 r  vv_wdata[0]_i_79/O
                         net (fo=1, unplaced)         0.000    25.135    vv_wdata[0]_i_79_n_0
                         CARRY4 (Prop_carry4_DI[0]_CO[3])
                                                      0.576    25.711 r  vv_wdata_reg[0]_i_57/CO[3]
                         net (fo=1, unplaced)         0.000    25.711    vv_wdata_reg[0]_i_57_n_0
                         CARRY4 (Prop_carry4_CI_CO[3])
                                                      0.117    25.828 r  vv_wdata_reg[0]_i_42/CO[3]
                         net (fo=1, unplaced)         0.000    25.828    vv_wdata_reg[0]_i_42_n_0
                         CARRY4 (Prop_carry4_CI_CO[3])
                                                      0.117    25.945 r  vv_wdata_reg[0]_i_17/CO[3]
                         net (fo=1, unplaced)         0.000    25.945    vv_wdata_reg[0]_i_17_n_0
                         CARRY4 (Prop_carry4_CI_CO[3])
                                                      0.117    26.062 r  vv_wdata_reg[0]_i_8/CO[3]
                         net (fo=1, unplaced)         0.000    26.062    vv_wdata_reg[0]_i_8_n_0
                         CARRY4 (Prop_carry4_CI_CO[1])
                                                      0.179    26.241 r  vv_wdata_reg[0]_i_3/CO[1]
                         net (fo=2, unplaced)         0.536    26.777    vv_wdata_reg[0]_i_3_n_2
                         CARRY4 (Prop_carry4_DI[0]_CO[3])
                                                      0.758    27.535 r  vv_wdata_reg[0]_i_2/CO[3]
                         net (fo=1, unplaced)         0.000    27.535    vv_wdata_reg[0]_i_2_n_0
                         CARRY4 (Prop_carry4_CI_CO[3])
                                                      0.117    27.652 r  vv_wdata_reg[7]_i_4/CO[3]
                         net (fo=1, unplaced)         0.000    27.652    vv_wdata_reg[7]_i_4_n_0
                         CARRY4 (Prop_carry4_CI_CO[3])
                                                      0.117    27.769 r  vv_wdata_reg[10]_i_8/CO[3]
                         net (fo=1, unplaced)         0.000    27.769    vv_wdata_reg[10]_i_8_n_0
                         CARRY4 (Prop_carry4_CI_CO[3])
                                                      0.117    27.886 r  vv_wdata_reg[14]_i_22/CO[3]
                         net (fo=1, unplaced)         0.000    27.886    vv_wdata_reg[14]_i_22_n_0
                         CARRY4 (Prop_carry4_CI_O[2])
                                                      0.256    28.142 f  vv_wdata_reg[14]_i_75/O[2]
                         net (fo=2, unplaced)         0.463    28.605    vv_wdata_reg[14]_i_75_n_5
                         LUT1 (Prop_lut1_I0_O)        0.301    28.906 r  vv_wdata[15]_i_124/O
                         net (fo=1, unplaced)         0.000    28.906    vv_wdata[15]_i_124_n_0
                         CARRY4 (Prop_carry4_S[1]_CO[3])
                                                      0.533    29.439 r  vv_wdata_reg[15]_i_87/CO[3]
                         net (fo=1, unplaced)         0.000    29.439    vv_wdata_reg[15]_i_87_n_0
                         CARRY4 (Prop_carry4_CI_O[2])
                                                      0.256    29.695 r  vv_wdata_reg[15]_i_60/O[2]
                         net (fo=1, unplaced)         0.452    30.147    c4_rq6_return0[23]
                         LUT3 (Prop_lut3_I0_O)        0.293    30.440 r  vv_wdata[15]_i_180/O
                         net (fo=1, unplaced)         0.449    30.889    c4_rq6_return[23]
                         LUT5 (Prop_lut5_I4_O)        0.124    31.013 r  vv_wdata[15]_i_155/O
                         net (fo=4, unplaced)         0.473    31.486    val__0__0[23]
                         LUT6 (Prop_lut6_I5_O)        0.124    31.610 r  vv_wdata[15]_i_112/O
                         net (fo=1, unplaced)         0.474    32.084    vv_wdata[15]_i_112_n_0
                         CARRY4 (Prop_carry4_DI[2]_CO[3])
                                                      0.404    32.488 r  vv_wdata_reg[15]_i_80/CO[3]
                         net (fo=1, unplaced)         0.000    32.488    vv_wdata_reg[15]_i_80_n_0
                         CARRY4 (Prop_carry4_CI_CO[3])
                                                      0.117    32.605 r  vv_wdata_reg[15]_i_55/CO[3]
                         net (fo=1, unplaced)         0.000    32.605    vv_wdata_reg[15]_i_55_n_0
                         CARRY4 (Prop_carry4_CI_CO[3])
                                                      0.117    32.722 r  vv_wdata_reg[15]_i_37/CO[3]
                         net (fo=1, unplaced)         0.000    32.722    vv_wdata_reg[15]_i_37_n_0
                         CARRY4 (Prop_carry4_CI_CO[3])
                                                      0.117    32.839 r  vv_wdata_reg[15]_i_21/CO[3]
                         net (fo=1, unplaced)         0.000    32.839    vv_wdata_reg[15]_i_21_n_0
                         CARRY4 (Prop_carry4_CI_CO[3])
                                                      0.117    32.956 r  vv_wdata_reg[15]_i_8/CO[3]
                         net (fo=1, unplaced)         0.000    32.956    vv_wdata_reg[15]_i_8_n_0
                         CARRY4 (Prop_carry4_CI_CO[2])
                                                      0.252    33.208 r  vv_wdata_reg[15]_i_5/CO[2]
                         net (fo=1, unplaced)         0.452    33.660    c4_sat1__1
                         LUT6 (Prop_lut6_I5_O)        0.310    33.970 r  vv_wdata[15]_i_1/O
                         net (fo=160, unplaced)       0.719    34.689    vv_wdata[15]_i_1_n_0
                         FDSE                                         r  vv_wdata_reg[0]_rep__7/S
  -------------------------------------------------------------------    -------------------

                         (clock clk rise edge)       10.000    10.000 r  <hidden>
                                                      0.000    10.000 r  clk
                         net (fo=42639, unset)        0.924    10.924    clk
                         FDSE                                         r  vv_wdata_reg[0]_rep__7/C
                         clock pessimism              0.000    10.924    <hidden>
                         clock uncertainty           -0.035    10.889    <hidden>
                         FDSE (Setup_fdse_C_S)       -0.557    10.332    vv_wdata_reg[0]_rep__7
  -------------------------------------------------------------------
                         required time                         10.332    <hidden>
                         arrival time                         -34.689    <hidden>
  -------------------------------------------------------------------
                         slack                                -24.357    <hidden>

Slack (VIOLATED) :        -24.357ns  (required time - arrival time)
  Source:                 di_reg[4]/C
                            (rising edge-triggered cell FDCE clocked by clk  {rise@0.000ns fall@5.000ns period=10.000ns})
  Destination:            vv_wdata_reg[10]/S
                            (rising edge-triggered cell FDSE clocked by clk  {rise@0.000ns fall@5.000ns period=10.000ns})
  Path Group:             clk
  Path Type:              Setup (Max at Slow Process Corner)
  Requirement:            10.000ns  (clk rise@10.000ns - clk rise@0.000ns)
  Data Path Delay:        33.716ns  (logic 21.888ns (64.918%)  route 11.828ns (35.082%))
  Logic Levels:           48  (CARRY4=31 DSP48E1=4 LUT1=1 LUT2=1 LUT3=2 LUT4=3 LUT5=1 LUT6=5)
  Clock Path Skew:        -0.049ns (DCD - SCD + CPR)
    Destination Clock Delay (DCD):    0.924ns = ( 10.924 - 10.000 ) 
    Source Clock Delay      (SCD):    0.973ns
    Clock Pessimism Removal (CPR):    0.000ns
  Clock Uncertainty:      0.035ns  ((TSJ^2 + TIJ^2)^1/2 + DJ) / 2 + PE
    Total System Jitter     (TSJ):    0.071ns
    Total Input Jitter      (TIJ):    0.000ns
    Discrete Jitter          (DJ):    0.000ns
    Phase Error              (PE):    0.000ns

    Location             Delay type                Incr(ns)  Path(ns)    Netlist Resource(s)
  -------------------------------------------------------------------    -------------------
                         (clock clk rise edge)        0.000     0.000 r  <hidden>
                                                      0.000     0.000 r  clk
                         net (fo=42639, unset)        0.973     0.973    clk
                         FDCE                                         r  di_reg[4]/C
  -------------------------------------------------------------------    -------------------
                         FDCE (Prop_fdce_C_Q)         0.478     1.451 r  di_reg[4]/Q
                         net (fo=134, unplaced)       0.773     2.224    a03_out[4]
                         CARRY4 (Prop_carry4_S[0]_O[2])
                                                      0.839     3.063 r  g0_b0_i_1/O[2]
                         net (fo=402, unplaced)       0.870     3.933    a03_out[6]
                         LUT6 (Prop_lut6_I0_O)        0.301     4.234 r  acc1__1_i_95/O
                         net (fo=2, unplaced)         0.743     4.977    acc1__1_i_95_n_0
                         LUT6 (Prop_lut6_I1_O)        0.124     5.101 r  acc1__1_i_28/O
                         net (fo=2, unplaced)         0.743     5.844    acc1__1_i_28_n_0
                         LUT6 (Prop_lut6_I3_O)        0.124     5.968 r  acc1__1_i_9/O
                         net (fo=1, unplaced)         0.449     6.417    p_0_out__6[7]
                         LUT4 (Prop_lut4_I0_O)        0.124     6.541 r  acc1__1_i_1/O
                         net (fo=22, unplaced)        0.803     7.344    acc1__1_i_1_n_0
                         DSP48E1 (Prop_dsp48e1_B[17]_P[1])
                                                      3.656    11.000 r  val0__3/P[1]
                         net (fo=1, unplaced)         0.803    11.803    val0__3_n_104
                         LUT2 (Prop_lut2_I1_O)        0.124    11.927 r  c4_rq6_return1__3_i_19/O
                         net (fo=1, unplaced)         0.000    11.927    c4_rq6_return1__3_i_19_n_0
                         CARRY4 (Prop_carry4_S[1]_CO[3])
                                                      0.533    12.460 r  c4_rq6_return1__3_i_4/CO[3]
                         net (fo=1, unplaced)         0.000    12.460    c4_rq6_return1__3_i_4_n_0
                         CARRY4 (Prop_carry4_CI_CO[3])
                                                      0.117    12.577 r  c4_rq6_return1__3_i_3/CO[3]
                         net (fo=1, unplaced)         0.000    12.577    c4_rq6_return1__3_i_3_n_0
                         CARRY4 (Prop_carry4_CI_CO[3])
                                                      0.117    12.694 r  c4_rq6_return1__3_i_2/CO[3]
                         net (fo=1, unplaced)         0.000    12.694    c4_rq6_return1__3_i_2_n_0
                         CARRY4 (Prop_carry4_CI_CO[3])
                                                      0.117    12.811 r  c4_rq6_return1__3_i_1/CO[3]
                         net (fo=1, unplaced)         0.000    12.811    c4_rq6_return1__3_i_1_n_0
                         CARRY4 (Prop_carry4_CI_CO[3])
                                                      0.117    12.928 r  c4_rq6_return1__0_i_5/CO[3]
                         net (fo=1, unplaced)         0.000    12.928    c4_rq6_return1__0_i_5_n_0
                         CARRY4 (Prop_carry4_CI_CO[3])
                                                      0.117    13.045 r  c4_rq6_return1__0_i_4/CO[3]
                         net (fo=1, unplaced)         0.000    13.045    c4_rq6_return1__0_i_4_n_0
                         CARRY4 (Prop_carry4_CI_CO[3])
                                                      0.117    13.162 r  c4_rq6_return1__0_i_3/CO[3]
                         net (fo=1, unplaced)         0.000    13.162    c4_rq6_return1__0_i_3_n_0
                         CARRY4 (Prop_carry4_CI_CO[3])
                                                      0.117    13.279 r  c4_rq6_return1__0_i_2/CO[3]
                         net (fo=1, unplaced)         0.000    13.279    c4_rq6_return1__0_i_2_n_0
                         CARRY4 (Prop_carry4_CI_O[1])
                                                      0.337    13.616 r  c4_rq6_return1__0_i_1/O[1]
                         net (fo=4, unplaced)         0.803    14.419    c4_rq6_return1__0_i_1_n_6
                         DSP48E1 (Prop_dsp48e1_A[16]_PCOUT[47])
                                                      4.215    18.634 r  c4_rq6_return1__0/PCOUT[47]
                         net (fo=1, unplaced)         0.000    18.634    c4_rq6_return1__0_n_106
                         DSP48E1 (Prop_dsp48e1_PCIN[47]_PCOUT[47])
                                                      1.713    20.347 r  c4_rq6_return1__1/PCOUT[47]
                         net (fo=1, unplaced)         0.000    20.347    c4_rq6_return1__1_n_106
                         DSP48E1 (Prop_dsp48e1_PCIN[47]_P[2])
                                                      1.518    21.865 r  c4_rq6_return1__2/P[2]
                         net (fo=2, unplaced)         0.803    22.667    c4_rq6_return1__2_n_103
                         LUT3 (Prop_lut3_I1_O)        0.124    22.791 r  vv_wdata[14]_i_96/O
                         net (fo=2, unplaced)         0.460    23.251    vv_wdata[14]_i_96_n_0
                         LUT4 (Prop_lut4_I3_O)        0.124    23.375 r  vv_wdata[14]_i_100/O
                         net (fo=1, unplaced)         0.000    23.375    vv_wdata[14]_i_100_n_0
                         CARRY4 (Prop_carry4_S[1]_CO[3])
                                                      0.533    23.908 r  vv_wdata_reg[14]_i_76/CO[3]
                         net (fo=1, unplaced)         0.000    23.908    vv_wdata_reg[14]_i_76_n_0
                         CARRY4 (Prop_carry4_CI_CO[3])
                                                      0.117    24.025 r  vv_wdata_reg[14]_i_40/CO[3]
                         net (fo=1, unplaced)         0.000    24.025    vv_wdata_reg[14]_i_40_n_0
                         CARRY4 (Prop_carry4_CI_O[2])
                                                      0.256    24.281 r  vv_wdata_reg[14]_i_21/O[2]
                         net (fo=147, unplaced)       0.561    24.842    c4_rq6_return1__6[63]
                         LUT4 (Prop_lut4_I2_O)        0.293    25.135 r  vv_wdata[0]_i_79/O
                         net (fo=1, unplaced)         0.000    25.135    vv_wdata[0]_i_79_n_0
                         CARRY4 (Prop_carry4_DI[0]_CO[3])
                                                      0.576    25.711 r  vv_wdata_reg[0]_i_57/CO[3]
                         net (fo=1, unplaced)         0.000    25.711    vv_wdata_reg[0]_i_57_n_0
                         CARRY4 (Prop_carry4_CI_CO[3])
                                                      0.117    25.828 r  vv_wdata_reg[0]_i_42/CO[3]
                         net (fo=1, unplaced)         0.000    25.828    vv_wdata_reg[0]_i_42_n_0
                         CARRY4 (Prop_carry4_CI_CO[3])
                                                      0.117    25.945 r  vv_wdata_reg[0]_i_17/CO[3]
                         net (fo=1, unplaced)         0.000    25.945    vv_wdata_reg[0]_i_17_n_0
                         CARRY4 (Prop_carry4_CI_CO[3])
                                                      0.117    26.062 r  vv_wdata_reg[0]_i_8/CO[3]
                         net (fo=1, unplaced)         0.000    26.062    vv_wdata_reg[0]_i_8_n_0
                         CARRY4 (Prop_carry4_CI_CO[1])
                                                      0.179    26.241 r  vv_wdata_reg[0]_i_3/CO[1]
                         net (fo=2, unplaced)         0.536    26.777    vv_wdata_reg[0]_i_3_n_2
                         CARRY4 (Prop_carry4_DI[0]_CO[3])
                                                      0.758    27.535 r  vv_wdata_reg[0]_i_2/CO[3]
                         net (fo=1, unplaced)         0.000    27.535    vv_wdata_reg[0]_i_2_n_0
                         CARRY4 (Prop_carry4_CI_CO[3])
                                                      0.117    27.652 r  vv_wdata_reg[7]_i_4/CO[3]
                         net (fo=1, unplaced)         0.000    27.652    vv_wdata_reg[7]_i_4_n_0
                         CARRY4 (Prop_carry4_CI_CO[3])
                                                      0.117    27.769 r  vv_wdata_reg[10]_i_8/CO[3]
                         net (fo=1, unplaced)         0.000    27.769    vv_wdata_reg[10]_i_8_n_0
                         CARRY4 (Prop_carry4_CI_CO[3])
                                                      0.117    27.886 r  vv_wdata_reg[14]_i_22/CO[3]
                         net (fo=1, unplaced)         0.000    27.886    vv_wdata_reg[14]_i_22_n_0
                         CARRY4 (Prop_carry4_CI_O[2])
                                                      0.256    28.142 f  vv_wdata_reg[14]_i_75/O[2]
                         net (fo=2, unplaced)         0.463    28.605    vv_wdata_reg[14]_i_75_n_5
                         LUT1 (Prop_lut1_I0_O)        0.301    28.906 r  vv_wdata[15]_i_124/O
                         net (fo=1, unplaced)         0.000    28.906    vv_wdata[15]_i_124_n_0
                         CARRY4 (Prop_carry4_S[1]_CO[3])
                                                      0.533    29.439 r  vv_wdata_reg[15]_i_87/CO[3]
                         net (fo=1, unplaced)         0.000    29.439    vv_wdata_reg[15]_i_87_n_0
                         CARRY4 (Prop_carry4_CI_O[2])
                                                      0.256    29.695 r  vv_wdata_reg[15]_i_60/O[2]
                         net (fo=1, unplaced)         0.452    30.147    c4_rq6_return0[23]
                         LUT3 (Prop_lut3_I0_O)        0.293    30.440 r  vv_wdata[15]_i_180/O
                         net (fo=1, unplaced)         0.449    30.889    c4_rq6_return[23]
                         LUT5 (Prop_lut5_I4_O)        0.124    31.013 r  vv_wdata[15]_i_155/O
                         net (fo=4, unplaced)         0.473    31.486    val__0__0[23]
                         LUT6 (Prop_lut6_I5_O)        0.124    31.610 r  vv_wdata[15]_i_112/O
                         net (fo=1, unplaced)         0.474    32.084    vv_wdata[15]_i_112_n_0
                         CARRY4 (Prop_carry4_DI[2]_CO[3])
                                                      0.404    32.488 r  vv_wdata_reg[15]_i_80/CO[3]
                         net (fo=1, unplaced)         0.000    32.488    vv_wdata_reg[15]_i_80_n_0
                         CARRY4 (Prop_carry4_CI_CO[3])
                                                      0.117    32.605 r  vv_wdata_reg[15]_i_55/CO[3]
                         net (fo=1, unplaced)         0.000    32.605    vv_wdata_reg[15]_i_55_n_0
                         CARRY4 (Prop_carry4_CI_CO[3])
                                                      0.117    32.722 r  vv_wdata_reg[15]_i_37/CO[3]
                         net (fo=1, unplaced)         0.000    32.722    vv_wdata_reg[15]_i_37_n_0
                         CARRY4 (Prop_carry4_CI_CO[3])
                                                      0.117    32.839 r  vv_wdata_reg[15]_i_21/CO[3]
                         net (fo=1, unplaced)         0.000    32.839    vv_wdata_reg[15]_i_21_n_0
                         CARRY4 (Prop_carry4_CI_CO[3])
                                                      0.117    32.956 r  vv_wdata_reg[15]_i_8/CO[3]
                         net (fo=1, unplaced)         0.000    32.956    vv_wdata_reg[15]_i_8_n_0
                         CARRY4 (Prop_carry4_CI_CO[2])
                                                      0.252    33.208 r  vv_wdata_reg[15]_i_5/CO[2]
                         net (fo=1, unplaced)         0.452    33.660    c4_sat1__1
                         LUT6 (Prop_lut6_I5_O)        0.310    33.970 r  vv_wdata[15]_i_1/O
                         net (fo=160, unplaced)       0.719    34.689    vv_wdata[15]_i_1_n_0
                         FDSE                                         r  vv_wdata_reg[10]/S
  -------------------------------------------------------------------    -------------------

                         (clock clk rise edge)       10.000    10.000 r  <hidden>
                                                      0.000    10.000 r  clk
                         net (fo=42639, unset)        0.924    10.924    clk
                         FDSE                                         r  vv_wdata_reg[10]/C
                         clock pessimism              0.000    10.924    <hidden>
                         clock uncertainty           -0.035    10.889    <hidden>
                         FDSE (Setup_fdse_C_S)       -0.557    10.332    vv_wdata_reg[10]
  -------------------------------------------------------------------
                         required time                         10.332    <hidden>
                         arrival time                         -34.689    <hidden>
  -------------------------------------------------------------------
                         slack                                -24.357    <hidden>

Slack (VIOLATED) :        -24.357ns  (required time - arrival time)
  Source:                 di_reg[4]/C
                            (rising edge-triggered cell FDCE clocked by clk  {rise@0.000ns fall@5.000ns period=10.000ns})
  Destination:            vv_wdata_reg[10]_rep/S
                            (rising edge-triggered cell FDSE clocked by clk  {rise@0.000ns fall@5.000ns period=10.000ns})
  Path Group:             clk
  Path Type:              Setup (Max at Slow Process Corner)
  Requirement:            10.000ns  (clk rise@10.000ns - clk rise@0.000ns)
  Data Path Delay:        33.716ns  (logic 21.888ns (64.918%)  route 11.828ns (35.082%))
  Logic Levels:           48  (CARRY4=31 DSP48E1=4 LUT1=1 LUT2=1 LUT3=2 LUT4=3 LUT5=1 LUT6=5)
  Clock Path Skew:        -0.049ns (DCD - SCD + CPR)
    Destination Clock Delay (DCD):    0.924ns = ( 10.924 - 10.000 ) 
    Source Clock Delay      (SCD):    0.973ns
    Clock Pessimism Removal (CPR):    0.000ns
  Clock Uncertainty:      0.035ns  ((TSJ^2 + TIJ^2)^1/2 + DJ) / 2 + PE
    Total System Jitter     (TSJ):    0.071ns
    Total Input Jitter      (TIJ):    0.000ns
    Discrete Jitter          (DJ):    0.000ns
    Phase Error              (PE):    0.000ns

    Location             Delay type                Incr(ns)  Path(ns)    Netlist Resource(s)
  -------------------------------------------------------------------    -------------------
                         (clock clk rise edge)        0.000     0.000 r  <hidden>
                                                      0.000     0.000 r  clk
                         net (fo=42639, unset)        0.973     0.973    clk
                         FDCE                                         r  di_reg[4]/C
  -------------------------------------------------------------------    -------------------
                         FDCE (Prop_fdce_C_Q)         0.478     1.451 r  di_reg[4]/Q
                         net (fo=134, unplaced)       0.773     2.224    a03_out[4]
                         CARRY4 (Prop_carry4_S[0]_O[2])
                                                      0.839     3.063 r  g0_b0_i_1/O[2]
                         net (fo=402, unplaced)       0.870     3.933    a03_out[6]
                         LUT6 (Prop_lut6_I0_O)        0.301     4.234 r  acc1__1_i_95/O
                         net (fo=2, unplaced)         0.743     4.977    acc1__1_i_95_n_0
                         LUT6 (Prop_lut6_I1_O)        0.124     5.101 r  acc1__1_i_28/O
                         net (fo=2, unplaced)         0.743     5.844    acc1__1_i_28_n_0
                         LUT6 (Prop_lut6_I3_O)        0.124     5.968 r  acc1__1_i_9/O
                         net (fo=1, unplaced)         0.449     6.417    p_0_out__6[7]
                         LUT4 (Prop_lut4_I0_O)        0.124     6.541 r  acc1__1_i_1/O
                         net (fo=22, unplaced)        0.803     7.344    acc1__1_i_1_n_0
                         DSP48E1 (Prop_dsp48e1_B[17]_P[1])
                                                      3.656    11.000 r  val0__3/P[1]
                         net (fo=1, unplaced)         0.803    11.803    val0__3_n_104
                         LUT2 (Prop_lut2_I1_O)        0.124    11.927 r  c4_rq6_return1__3_i_19/O
                         net (fo=1, unplaced)         0.000    11.927    c4_rq6_return1__3_i_19_n_0
                         CARRY4 (Prop_carry4_S[1]_CO[3])
                                                      0.533    12.460 r  c4_rq6_return1__3_i_4/CO[3]
                         net (fo=1, unplaced)         0.000    12.460    c4_rq6_return1__3_i_4_n_0
                         CARRY4 (Prop_carry4_CI_CO[3])
                                                      0.117    12.577 r  c4_rq6_return1__3_i_3/CO[3]
                         net (fo=1, unplaced)         0.000    12.577    c4_rq6_return1__3_i_3_n_0
                         CARRY4 (Prop_carry4_CI_CO[3])
                                                      0.117    12.694 r  c4_rq6_return1__3_i_2/CO[3]
                         net (fo=1, unplaced)         0.000    12.694    c4_rq6_return1__3_i_2_n_0
                         CARRY4 (Prop_carry4_CI_CO[3])
                                                      0.117    12.811 r  c4_rq6_return1__3_i_1/CO[3]
                         net (fo=1, unplaced)         0.000    12.811    c4_rq6_return1__3_i_1_n_0
                         CARRY4 (Prop_carry4_CI_CO[3])
                                                      0.117    12.928 r  c4_rq6_return1__0_i_5/CO[3]
                         net (fo=1, unplaced)         0.000    12.928    c4_rq6_return1__0_i_5_n_0
                         CARRY4 (Prop_carry4_CI_CO[3])
                                                      0.117    13.045 r  c4_rq6_return1__0_i_4/CO[3]
                         net (fo=1, unplaced)         0.000    13.045    c4_rq6_return1__0_i_4_n_0
                         CARRY4 (Prop_carry4_CI_CO[3])
                                                      0.117    13.162 r  c4_rq6_return1__0_i_3/CO[3]
                         net (fo=1, unplaced)         0.000    13.162    c4_rq6_return1__0_i_3_n_0
                         CARRY4 (Prop_carry4_CI_CO[3])
                                                      0.117    13.279 r  c4_rq6_return1__0_i_2/CO[3]
                         net (fo=1, unplaced)         0.000    13.279    c4_rq6_return1__0_i_2_n_0
                         CARRY4 (Prop_carry4_CI_O[1])
                                                      0.337    13.616 r  c4_rq6_return1__0_i_1/O[1]
                         net (fo=4, unplaced)         0.803    14.419    c4_rq6_return1__0_i_1_n_6
                         DSP48E1 (Prop_dsp48e1_A[16]_PCOUT[47])
                                                      4.215    18.634 r  c4_rq6_return1__0/PCOUT[47]
                         net (fo=1, unplaced)         0.000    18.634    c4_rq6_return1__0_n_106
                         DSP48E1 (Prop_dsp48e1_PCIN[47]_PCOUT[47])
                                                      1.713    20.347 r  c4_rq6_return1__1/PCOUT[47]
                         net (fo=1, unplaced)         0.000    20.347    c4_rq6_return1__1_n_106
                         DSP48E1 (Prop_dsp48e1_PCIN[47]_P[2])
                                                      1.518    21.865 r  c4_rq6_return1__2/P[2]
                         net (fo=2, unplaced)         0.803    22.667    c4_rq6_return1__2_n_103
                         LUT3 (Prop_lut3_I1_O)        0.124    22.791 r  vv_wdata[14]_i_96/O
                         net (fo=2, unplaced)         0.460    23.251    vv_wdata[14]_i_96_n_0
                         LUT4 (Prop_lut4_I3_O)        0.124    23.375 r  vv_wdata[14]_i_100/O
                         net (fo=1, unplaced)         0.000    23.375    vv_wdata[14]_i_100_n_0
                         CARRY4 (Prop_carry4_S[1]_CO[3])
                                                      0.533    23.908 r  vv_wdata_reg[14]_i_76/CO[3]
                         net (fo=1, unplaced)         0.000    23.908    vv_wdata_reg[14]_i_76_n_0
                         CARRY4 (Prop_carry4_CI_CO[3])
                                                      0.117    24.025 r  vv_wdata_reg[14]_i_40/CO[3]
                         net (fo=1, unplaced)         0.000    24.025    vv_wdata_reg[14]_i_40_n_0
                         CARRY4 (Prop_carry4_CI_O[2])
                                                      0.256    24.281 r  vv_wdata_reg[14]_i_21/O[2]
                         net (fo=147, unplaced)       0.561    24.842    c4_rq6_return1__6[63]
                         LUT4 (Prop_lut4_I2_O)        0.293    25.135 r  vv_wdata[0]_i_79/O
                         net (fo=1, unplaced)         0.000    25.135    vv_wdata[0]_i_79_n_0
                         CARRY4 (Prop_carry4_DI[0]_CO[3])
                                                      0.576    25.711 r  vv_wdata_reg[0]_i_57/CO[3]
                         net (fo=1, unplaced)         0.000    25.711    vv_wdata_reg[0]_i_57_n_0
                         CARRY4 (Prop_carry4_CI_CO[3])
                                                      0.117    25.828 r  vv_wdata_reg[0]_i_42/CO[3]
                         net (fo=1, unplaced)         0.000    25.828    vv_wdata_reg[0]_i_42_n_0
                         CARRY4 (Prop_carry4_CI_CO[3])
                                                      0.117    25.945 r  vv_wdata_reg[0]_i_17/CO[3]
                         net (fo=1, unplaced)         0.000    25.945    vv_wdata_reg[0]_i_17_n_0
                         CARRY4 (Prop_carry4_CI_CO[3])
                                                      0.117    26.062 r  vv_wdata_reg[0]_i_8/CO[3]
                         net (fo=1, unplaced)         0.000    26.062    vv_wdata_reg[0]_i_8_n_0
                         CARRY4 (Prop_carry4_CI_CO[1])
                                                      0.179    26.241 r  vv_wdata_reg[0]_i_3/CO[1]
                         net (fo=2, unplaced)         0.536    26.777    vv_wdata_reg[0]_i_3_n_2
                         CARRY4 (Prop_carry4_DI[0]_CO[3])
                                                      0.758    27.535 r  vv_wdata_reg[0]_i_2/CO[3]
                         net (fo=1, unplaced)         0.000    27.535    vv_wdata_reg[0]_i_2_n_0
                         CARRY4 (Prop_carry4_CI_CO[3])
                                                      0.117    27.652 r  vv_wdata_reg[7]_i_4/CO[3]
                         net (fo=1, unplaced)         0.000    27.652    vv_wdata_reg[7]_i_4_n_0
                         CARRY4 (Prop_carry4_CI_CO[3])
                                                      0.117    27.769 r  vv_wdata_reg[10]_i_8/CO[3]
                         net (fo=1, unplaced)         0.000    27.769    vv_wdata_reg[10]_i_8_n_0
                         CARRY4 (Prop_carry4_CI_CO[3])
                                                      0.117    27.886 r  vv_wdata_reg[14]_i_22/CO[3]
                         net (fo=1, unplaced)         0.000    27.886    vv_wdata_reg[14]_i_22_n_0
                         CARRY4 (Prop_carry4_CI_O[2])
                                                      0.256    28.142 f  vv_wdata_reg[14]_i_75/O[2]
                         net (fo=2, unplaced)         0.463    28.605    vv_wdata_reg[14]_i_75_n_5
                         LUT1 (Prop_lut1_I0_O)        0.301    28.906 r  vv_wdata[15]_i_124/O
                         net (fo=1, unplaced)         0.000    28.906    vv_wdata[15]_i_124_n_0
                         CARRY4 (Prop_carry4_S[1]_CO[3])
                                                      0.533    29.439 r  vv_wdata_reg[15]_i_87/CO[3]
                         net (fo=1, unplaced)         0.000    29.439    vv_wdata_reg[15]_i_87_n_0
                         CARRY4 (Prop_carry4_CI_O[2])
                                                      0.256    29.695 r  vv_wdata_reg[15]_i_60/O[2]
                         net (fo=1, unplaced)         0.452    30.147    c4_rq6_return0[23]
                         LUT3 (Prop_lut3_I0_O)        0.293    30.440 r  vv_wdata[15]_i_180/O
                         net (fo=1, unplaced)         0.449    30.889    c4_rq6_return[23]
                         LUT5 (Prop_lut5_I4_O)        0.124    31.013 r  vv_wdata[15]_i_155/O
                         net (fo=4, unplaced)         0.473    31.486    val__0__0[23]
                         LUT6 (Prop_lut6_I5_O)        0.124    31.610 r  vv_wdata[15]_i_112/O
                         net (fo=1, unplaced)         0.474    32.084    vv_wdata[15]_i_112_n_0
                         CARRY4 (Prop_carry4_DI[2]_CO[3])
                                                      0.404    32.488 r  vv_wdata_reg[15]_i_80/CO[3]
                         net (fo=1, unplaced)         0.000    32.488    vv_wdata_reg[15]_i_80_n_0
                         CARRY4 (Prop_carry4_CI_CO[3])
                                                      0.117    32.605 r  vv_wdata_reg[15]_i_55/CO[3]
                         net (fo=1, unplaced)         0.000    32.605    vv_wdata_reg[15]_i_55_n_0
                         CARRY4 (Prop_carry4_CI_CO[3])
                                                      0.117    32.722 r  vv_wdata_reg[15]_i_37/CO[3]
                         net (fo=1, unplaced)         0.000    32.722    vv_wdata_reg[15]_i_37_n_0
                         CARRY4 (Prop_carry4_CI_CO[3])
                                                      0.117    32.839 r  vv_wdata_reg[15]_i_21/CO[3]
                         net (fo=1, unplaced)         0.000    32.839    vv_wdata_reg[15]_i_21_n_0
                         CARRY4 (Prop_carry4_CI_CO[3])
                                                      0.117    32.956 r  vv_wdata_reg[15]_i_8/CO[3]
                         net (fo=1, unplaced)         0.000    32.956    vv_wdata_reg[15]_i_8_n_0
                         CARRY4 (Prop_carry4_CI_CO[2])
                                                      0.252    33.208 r  vv_wdata_reg[15]_i_5/CO[2]
                         net (fo=1, unplaced)         0.452    33.660    c4_sat1__1
                         LUT6 (Prop_lut6_I5_O)        0.310    33.970 r  vv_wdata[15]_i_1/O
                         net (fo=160, unplaced)       0.719    34.689    vv_wdata[15]_i_1_n_0
                         FDSE                                         r  vv_wdata_reg[10]_rep/S
  -------------------------------------------------------------------    -------------------

                         (clock clk rise edge)       10.000    10.000 r  <hidden>
                                                      0.000    10.000 r  clk
                         net (fo=42639, unset)        0.924    10.924    clk
                         FDSE                                         r  vv_wdata_reg[10]_rep/C
                         clock pessimism              0.000    10.924    <hidden>
                         clock uncertainty           -0.035    10.889    <hidden>
                         FDSE (Setup_fdse_C_S)       -0.557    10.332    vv_wdata_reg[10]_rep
  -------------------------------------------------------------------
                         required time                         10.332    <hidden>
                         arrival time                         -34.689    <hidden>
  -------------------------------------------------------------------
                         slack                                -24.357    <hidden>

Slack (VIOLATED) :        -24.357ns  (required time - arrival time)
  Source:                 di_reg[4]/C
                            (rising edge-triggered cell FDCE clocked by clk  {rise@0.000ns fall@5.000ns period=10.000ns})
  Destination:            vv_wdata_reg[10]_rep__0/S
                            (rising edge-triggered cell FDSE clocked by clk  {rise@0.000ns fall@5.000ns period=10.000ns})
  Path Group:             clk
  Path Type:              Setup (Max at Slow Process Corner)
  Requirement:            10.000ns  (clk rise@10.000ns - clk rise@0.000ns)
  Data Path Delay:        33.716ns  (logic 21.888ns (64.918%)  route 11.828ns (35.082%))
  Logic Levels:           48  (CARRY4=31 DSP48E1=4 LUT1=1 LUT2=1 LUT3=2 LUT4=3 LUT5=1 LUT6=5)
  Clock Path Skew:        -0.049ns (DCD - SCD + CPR)
    Destination Clock Delay (DCD):    0.924ns = ( 10.924 - 10.000 ) 
    Source Clock Delay      (SCD):    0.973ns
    Clock Pessimism Removal (CPR):    0.000ns
  Clock Uncertainty:      0.035ns  ((TSJ^2 + TIJ^2)^1/2 + DJ) / 2 + PE
    Total System Jitter     (TSJ):    0.071ns
    Total Input Jitter      (TIJ):    0.000ns
    Discrete Jitter          (DJ):    0.000ns
    Phase Error              (PE):    0.000ns

    Location             Delay type                Incr(ns)  Path(ns)    Netlist Resource(s)
  -------------------------------------------------------------------    -------------------
                         (clock clk rise edge)        0.000     0.000 r  <hidden>
                                                      0.000     0.000 r  clk
                         net (fo=42639, unset)        0.973     0.973    clk
                         FDCE                                         r  di_reg[4]/C
  -------------------------------------------------------------------    -------------------
                         FDCE (Prop_fdce_C_Q)         0.478     1.451 r  di_reg[4]/Q
                         net (fo=134, unplaced)       0.773     2.224    a03_out[4]
                         CARRY4 (Prop_carry4_S[0]_O[2])
                                                      0.839     3.063 r  g0_b0_i_1/O[2]
                         net (fo=402, unplaced)       0.870     3.933    a03_out[6]
                         LUT6 (Prop_lut6_I0_O)        0.301     4.234 r  acc1__1_i_95/O
                         net (fo=2, unplaced)         0.743     4.977    acc1__1_i_95_n_0
                         LUT6 (Prop_lut6_I1_O)        0.124     5.101 r  acc1__1_i_28/O
                         net (fo=2, unplaced)         0.743     5.844    acc1__1_i_28_n_0
                         LUT6 (Prop_lut6_I3_O)        0.124     5.968 r  acc1__1_i_9/O
                         net (fo=1, unplaced)         0.449     6.417    p_0_out__6[7]
                         LUT4 (Prop_lut4_I0_O)        0.124     6.541 r  acc1__1_i_1/O
                         net (fo=22, unplaced)        0.803     7.344    acc1__1_i_1_n_0
                         DSP48E1 (Prop_dsp48e1_B[17]_P[1])
                                                      3.656    11.000 r  val0__3/P[1]
                         net (fo=1, unplaced)         0.803    11.803    val0__3_n_104
                         LUT2 (Prop_lut2_I1_O)        0.124    11.927 r  c4_rq6_return1__3_i_19/O
                         net (fo=1, unplaced)         0.000    11.927    c4_rq6_return1__3_i_19_n_0
                         CARRY4 (Prop_carry4_S[1]_CO[3])
                                                      0.533    12.460 r  c4_rq6_return1__3_i_4/CO[3]
                         net (fo=1, unplaced)         0.000    12.460    c4_rq6_return1__3_i_4_n_0
                         CARRY4 (Prop_carry4_CI_CO[3])
                                                      0.117    12.577 r  c4_rq6_return1__3_i_3/CO[3]
                         net (fo=1, unplaced)         0.000    12.577    c4_rq6_return1__3_i_3_n_0
                         CARRY4 (Prop_carry4_CI_CO[3])
                                                      0.117    12.694 r  c4_rq6_return1__3_i_2/CO[3]
                         net (fo=1, unplaced)         0.000    12.694    c4_rq6_return1__3_i_2_n_0
                         CARRY4 (Prop_carry4_CI_CO[3])
                                                      0.117    12.811 r  c4_rq6_return1__3_i_1/CO[3]
                         net (fo=1, unplaced)         0.000    12.811    c4_rq6_return1__3_i_1_n_0
                         CARRY4 (Prop_carry4_CI_CO[3])
                                                      0.117    12.928 r  c4_rq6_return1__0_i_5/CO[3]
                         net (fo=1, unplaced)         0.000    12.928    c4_rq6_return1__0_i_5_n_0
                         CARRY4 (Prop_carry4_CI_CO[3])
                                                      0.117    13.045 r  c4_rq6_return1__0_i_4/CO[3]
                         net (fo=1, unplaced)         0.000    13.045    c4_rq6_return1__0_i_4_n_0
                         CARRY4 (Prop_carry4_CI_CO[3])
                                                      0.117    13.162 r  c4_rq6_return1__0_i_3/CO[3]
                         net (fo=1, unplaced)         0.000    13.162    c4_rq6_return1__0_i_3_n_0
                         CARRY4 (Prop_carry4_CI_CO[3])
                                                      0.117    13.279 r  c4_rq6_return1__0_i_2/CO[3]
                         net (fo=1, unplaced)         0.000    13.279    c4_rq6_return1__0_i_2_n_0
                         CARRY4 (Prop_carry4_CI_O[1])
                                                      0.337    13.616 r  c4_rq6_return1__0_i_1/O[1]
                         net (fo=4, unplaced)         0.803    14.419    c4_rq6_return1__0_i_1_n_6
                         DSP48E1 (Prop_dsp48e1_A[16]_PCOUT[47])
                                                      4.215    18.634 r  c4_rq6_return1__0/PCOUT[47]
                         net (fo=1, unplaced)         0.000    18.634    c4_rq6_return1__0_n_106
                         DSP48E1 (Prop_dsp48e1_PCIN[47]_PCOUT[47])
                                                      1.713    20.347 r  c4_rq6_return1__1/PCOUT[47]
                         net (fo=1, unplaced)         0.000    20.347    c4_rq6_return1__1_n_106
                         DSP48E1 (Prop_dsp48e1_PCIN[47]_P[2])
                                                      1.518    21.865 r  c4_rq6_return1__2/P[2]
                         net (fo=2, unplaced)         0.803    22.667    c4_rq6_return1__2_n_103
                         LUT3 (Prop_lut3_I1_O)        0.124    22.791 r  vv_wdata[14]_i_96/O
                         net (fo=2, unplaced)         0.460    23.251    vv_wdata[14]_i_96_n_0
                         LUT4 (Prop_lut4_I3_O)        0.124    23.375 r  vv_wdata[14]_i_100/O
                         net (fo=1, unplaced)         0.000    23.375    vv_wdata[14]_i_100_n_0
                         CARRY4 (Prop_carry4_S[1]_CO[3])
                                                      0.533    23.908 r  vv_wdata_reg[14]_i_76/CO[3]
                         net (fo=1, unplaced)         0.000    23.908    vv_wdata_reg[14]_i_76_n_0
                         CARRY4 (Prop_carry4_CI_CO[3])
                                                      0.117    24.025 r  vv_wdata_reg[14]_i_40/CO[3]
                         net (fo=1, unplaced)         0.000    24.025    vv_wdata_reg[14]_i_40_n_0
                         CARRY4 (Prop_carry4_CI_O[2])
                                                      0.256    24.281 r  vv_wdata_reg[14]_i_21/O[2]
                         net (fo=147, unplaced)       0.561    24.842    c4_rq6_return1__6[63]
                         LUT4 (Prop_lut4_I2_O)        0.293    25.135 r  vv_wdata[0]_i_79/O
                         net (fo=1, unplaced)         0.000    25.135    vv_wdata[0]_i_79_n_0
                         CARRY4 (Prop_carry4_DI[0]_CO[3])
                                                      0.576    25.711 r  vv_wdata_reg[0]_i_57/CO[3]
                         net (fo=1, unplaced)         0.000    25.711    vv_wdata_reg[0]_i_57_n_0
                         CARRY4 (Prop_carry4_CI_CO[3])
                                                      0.117    25.828 r  vv_wdata_reg[0]_i_42/CO[3]
                         net (fo=1, unplaced)         0.000    25.828    vv_wdata_reg[0]_i_42_n_0
                         CARRY4 (Prop_carry4_CI_CO[3])
                                                      0.117    25.945 r  vv_wdata_reg[0]_i_17/CO[3]
                         net (fo=1, unplaced)         0.000    25.945    vv_wdata_reg[0]_i_17_n_0
                         CARRY4 (Prop_carry4_CI_CO[3])
                                                      0.117    26.062 r  vv_wdata_reg[0]_i_8/CO[3]
                         net (fo=1, unplaced)         0.000    26.062    vv_wdata_reg[0]_i_8_n_0
                         CARRY4 (Prop_carry4_CI_CO[1])
                                                      0.179    26.241 r  vv_wdata_reg[0]_i_3/CO[1]
                         net (fo=2, unplaced)         0.536    26.777    vv_wdata_reg[0]_i_3_n_2
                         CARRY4 (Prop_carry4_DI[0]_CO[3])
                                                      0.758    27.535 r  vv_wdata_reg[0]_i_2/CO[3]
                         net (fo=1, unplaced)         0.000    27.535    vv_wdata_reg[0]_i_2_n_0
                         CARRY4 (Prop_carry4_CI_CO[3])
                                                      0.117    27.652 r  vv_wdata_reg[7]_i_4/CO[3]
                         net (fo=1, unplaced)         0.000    27.652    vv_wdata_reg[7]_i_4_n_0
                         CARRY4 (Prop_carry4_CI_CO[3])
                                                      0.117    27.769 r  vv_wdata_reg[10]_i_8/CO[3]
                         net (fo=1, unplaced)         0.000    27.769    vv_wdata_reg[10]_i_8_n_0
                         CARRY4 (Prop_carry4_CI_CO[3])
                                                      0.117    27.886 r  vv_wdata_reg[14]_i_22/CO[3]
                         net (fo=1, unplaced)         0.000    27.886    vv_wdata_reg[14]_i_22_n_0
                         CARRY4 (Prop_carry4_CI_O[2])
                                                      0.256    28.142 f  vv_wdata_reg[14]_i_75/O[2]
                         net (fo=2, unplaced)         0.463    28.605    vv_wdata_reg[14]_i_75_n_5
                         LUT1 (Prop_lut1_I0_O)        0.301    28.906 r  vv_wdata[15]_i_124/O
                         net (fo=1, unplaced)         0.000    28.906    vv_wdata[15]_i_124_n_0
                         CARRY4 (Prop_carry4_S[1]_CO[3])
                                                      0.533    29.439 r  vv_wdata_reg[15]_i_87/CO[3]
                         net (fo=1, unplaced)         0.000    29.439    vv_wdata_reg[15]_i_87_n_0
                         CARRY4 (Prop_carry4_CI_O[2])
                                                      0.256    29.695 r  vv_wdata_reg[15]_i_60/O[2]
                         net (fo=1, unplaced)         0.452    30.147    c4_rq6_return0[23]
                         LUT3 (Prop_lut3_I0_O)        0.293    30.440 r  vv_wdata[15]_i_180/O
                         net (fo=1, unplaced)         0.449    30.889    c4_rq6_return[23]
                         LUT5 (Prop_lut5_I4_O)        0.124    31.013 r  vv_wdata[15]_i_155/O
                         net (fo=4, unplaced)         0.473    31.486    val__0__0[23]
                         LUT6 (Prop_lut6_I5_O)        0.124    31.610 r  vv_wdata[15]_i_112/O
                         net (fo=1, unplaced)         0.474    32.084    vv_wdata[15]_i_112_n_0
                         CARRY4 (Prop_carry4_DI[2]_CO[3])
                                                      0.404    32.488 r  vv_wdata_reg[15]_i_80/CO[3]
                         net (fo=1, unplaced)         0.000    32.488    vv_wdata_reg[15]_i_80_n_0
                         CARRY4 (Prop_carry4_CI_CO[3])
                                                      0.117    32.605 r  vv_wdata_reg[15]_i_55/CO[3]
                         net (fo=1, unplaced)         0.000    32.605    vv_wdata_reg[15]_i_55_n_0
                         CARRY4 (Prop_carry4_CI_CO[3])
                                                      0.117    32.722 r  vv_wdata_reg[15]_i_37/CO[3]
                         net (fo=1, unplaced)         0.000    32.722    vv_wdata_reg[15]_i_37_n_0
                         CARRY4 (Prop_carry4_CI_CO[3])
                                                      0.117    32.839 r  vv_wdata_reg[15]_i_21/CO[3]
                         net (fo=1, unplaced)         0.000    32.839    vv_wdata_reg[15]_i_21_n_0
                         CARRY4 (Prop_carry4_CI_CO[3])
                                                      0.117    32.956 r  vv_wdata_reg[15]_i_8/CO[3]
                         net (fo=1, unplaced)         0.000    32.956    vv_wdata_reg[15]_i_8_n_0
                         CARRY4 (Prop_carry4_CI_CO[2])
                                                      0.252    33.208 r  vv_wdata_reg[15]_i_5/CO[2]
                         net (fo=1, unplaced)         0.452    33.660    c4_sat1__1
                         LUT6 (Prop_lut6_I5_O)        0.310    33.970 r  vv_wdata[15]_i_1/O
                         net (fo=160, unplaced)       0.719    34.689    vv_wdata[15]_i_1_n_0
                         FDSE                                         r  vv_wdata_reg[10]_rep__0/S
  -------------------------------------------------------------------    -------------------

                         (clock clk rise edge)       10.000    10.000 r  <hidden>
                                                      0.000    10.000 r  clk
                         net (fo=42639, unset)        0.924    10.924    clk
                         FDSE                                         r  vv_wdata_reg[10]_rep__0/C
                         clock pessimism              0.000    10.924    <hidden>
                         clock uncertainty           -0.035    10.889    <hidden>
                         FDSE (Setup_fdse_C_S)       -0.557    10.332    vv_wdata_reg[10]_rep__0
  -------------------------------------------------------------------
                         required time                         10.332    <hidden>
                         arrival time                         -34.689    <hidden>
  -------------------------------------------------------------------
                         slack                                -24.357    <hidden>

Slack (VIOLATED) :        -24.357ns  (required time - arrival time)
  Source:                 di_reg[4]/C
                            (rising edge-triggered cell FDCE clocked by clk  {rise@0.000ns fall@5.000ns period=10.000ns})
  Destination:            vv_wdata_reg[10]_rep__1/S
                            (rising edge-triggered cell FDSE clocked by clk  {rise@0.000ns fall@5.000ns period=10.000ns})
  Path Group:             clk
  Path Type:              Setup (Max at Slow Process Corner)
  Requirement:            10.000ns  (clk rise@10.000ns - clk rise@0.000ns)
  Data Path Delay:        33.716ns  (logic 21.888ns (64.918%)  route 11.828ns (35.082%))
  Logic Levels:           48  (CARRY4=31 DSP48E1=4 LUT1=1 LUT2=1 LUT3=2 LUT4=3 LUT5=1 LUT6=5)
  Clock Path Skew:        -0.049ns (DCD - SCD + CPR)
    Destination Clock Delay (DCD):    0.924ns = ( 10.924 - 10.000 ) 
    Source Clock Delay      (SCD):    0.973ns
    Clock Pessimism Removal (CPR):    0.000ns
  Clock Uncertainty:      0.035ns  ((TSJ^2 + TIJ^2)^1/2 + DJ) / 2 + PE
    Total System Jitter     (TSJ):    0.071ns
    Total Input Jitter      (TIJ):    0.000ns
    Discrete Jitter          (DJ):    0.000ns
    Phase Error              (PE):    0.000ns

    Location             Delay type                Incr(ns)  Path(ns)    Netlist Resource(s)
  -------------------------------------------------------------------    -------------------
                         (clock clk rise edge)        0.000     0.000 r  <hidden>
                                                      0.000     0.000 r  clk
                         net (fo=42639, unset)        0.973     0.973    clk
                         FDCE                                         r  di_reg[4]/C
  -------------------------------------------------------------------    -------------------
                         FDCE (Prop_fdce_C_Q)         0.478     1.451 r  di_reg[4]/Q
                         net (fo=134, unplaced)       0.773     2.224    a03_out[4]
                         CARRY4 (Prop_carry4_S[0]_O[2])
                                                      0.839     3.063 r  g0_b0_i_1/O[2]
                         net (fo=402, unplaced)       0.870     3.933    a03_out[6]
                         LUT6 (Prop_lut6_I0_O)        0.301     4.234 r  acc1__1_i_95/O
                         net (fo=2, unplaced)         0.743     4.977    acc1__1_i_95_n_0
                         LUT6 (Prop_lut6_I1_O)        0.124     5.101 r  acc1__1_i_28/O
                         net (fo=2, unplaced)         0.743     5.844    acc1__1_i_28_n_0
                         LUT6 (Prop_lut6_I3_O)        0.124     5.968 r  acc1__1_i_9/O
                         net (fo=1, unplaced)         0.449     6.417    p_0_out__6[7]
                         LUT4 (Prop_lut4_I0_O)        0.124     6.541 r  acc1__1_i_1/O
                         net (fo=22, unplaced)        0.803     7.344    acc1__1_i_1_n_0
                         DSP48E1 (Prop_dsp48e1_B[17]_P[1])
                                                      3.656    11.000 r  val0__3/P[1]
                         net (fo=1, unplaced)         0.803    11.803    val0__3_n_104
                         LUT2 (Prop_lut2_I1_O)        0.124    11.927 r  c4_rq6_return1__3_i_19/O
                         net (fo=1, unplaced)         0.000    11.927    c4_rq6_return1__3_i_19_n_0
                         CARRY4 (Prop_carry4_S[1]_CO[3])
                                                      0.533    12.460 r  c4_rq6_return1__3_i_4/CO[3]
                         net (fo=1, unplaced)         0.000    12.460    c4_rq6_return1__3_i_4_n_0
                         CARRY4 (Prop_carry4_CI_CO[3])
                                                      0.117    12.577 r  c4_rq6_return1__3_i_3/CO[3]
                         net (fo=1, unplaced)         0.000    12.577    c4_rq6_return1__3_i_3_n_0
                         CARRY4 (Prop_carry4_CI_CO[3])
                                                      0.117    12.694 r  c4_rq6_return1__3_i_2/CO[3]
                         net (fo=1, unplaced)         0.000    12.694    c4_rq6_return1__3_i_2_n_0
                         CARRY4 (Prop_carry4_CI_CO[3])
                                                      0.117    12.811 r  c4_rq6_return1__3_i_1/CO[3]
                         net (fo=1, unplaced)         0.000    12.811    c4_rq6_return1__3_i_1_n_0
                         CARRY4 (Prop_carry4_CI_CO[3])
                                                      0.117    12.928 r  c4_rq6_return1__0_i_5/CO[3]
                         net (fo=1, unplaced)         0.000    12.928    c4_rq6_return1__0_i_5_n_0
                         CARRY4 (Prop_carry4_CI_CO[3])
                                                      0.117    13.045 r  c4_rq6_return1__0_i_4/CO[3]
                         net (fo=1, unplaced)         0.000    13.045    c4_rq6_return1__0_i_4_n_0
                         CARRY4 (Prop_carry4_CI_CO[3])
                                                      0.117    13.162 r  c4_rq6_return1__0_i_3/CO[3]
                         net (fo=1, unplaced)         0.000    13.162    c4_rq6_return1__0_i_3_n_0
                         CARRY4 (Prop_carry4_CI_CO[3])
                                                      0.117    13.279 r  c4_rq6_return1__0_i_2/CO[3]
                         net (fo=1, unplaced)         0.000    13.279    c4_rq6_return1__0_i_2_n_0
                         CARRY4 (Prop_carry4_CI_O[1])
                                                      0.337    13.616 r  c4_rq6_return1__0_i_1/O[1]
                         net (fo=4, unplaced)         0.803    14.419    c4_rq6_return1__0_i_1_n_6
                         DSP48E1 (Prop_dsp48e1_A[16]_PCOUT[47])
                                                      4.215    18.634 r  c4_rq6_return1__0/PCOUT[47]
                         net (fo=1, unplaced)         0.000    18.634    c4_rq6_return1__0_n_106
                         DSP48E1 (Prop_dsp48e1_PCIN[47]_PCOUT[47])
                                                      1.713    20.347 r  c4_rq6_return1__1/PCOUT[47]
                         net (fo=1, unplaced)         0.000    20.347    c4_rq6_return1__1_n_106
                         DSP48E1 (Prop_dsp48e1_PCIN[47]_P[2])
                                                      1.518    21.865 r  c4_rq6_return1__2/P[2]
                         net (fo=2, unplaced)         0.803    22.667    c4_rq6_return1__2_n_103
                         LUT3 (Prop_lut3_I1_O)        0.124    22.791 r  vv_wdata[14]_i_96/O
                         net (fo=2, unplaced)         0.460    23.251    vv_wdata[14]_i_96_n_0
                         LUT4 (Prop_lut4_I3_O)        0.124    23.375 r  vv_wdata[14]_i_100/O
                         net (fo=1, unplaced)         0.000    23.375    vv_wdata[14]_i_100_n_0
                         CARRY4 (Prop_carry4_S[1]_CO[3])
                                                      0.533    23.908 r  vv_wdata_reg[14]_i_76/CO[3]
                         net (fo=1, unplaced)         0.000    23.908    vv_wdata_reg[14]_i_76_n_0
                         CARRY4 (Prop_carry4_CI_CO[3])
                                                      0.117    24.025 r  vv_wdata_reg[14]_i_40/CO[3]
                         net (fo=1, unplaced)         0.000    24.025    vv_wdata_reg[14]_i_40_n_0
                         CARRY4 (Prop_carry4_CI_O[2])
                                                      0.256    24.281 r  vv_wdata_reg[14]_i_21/O[2]
                         net (fo=147, unplaced)       0.561    24.842    c4_rq6_return1__6[63]
                         LUT4 (Prop_lut4_I2_O)        0.293    25.135 r  vv_wdata[0]_i_79/O
                         net (fo=1, unplaced)         0.000    25.135    vv_wdata[0]_i_79_n_0
                         CARRY4 (Prop_carry4_DI[0]_CO[3])
                                                      0.576    25.711 r  vv_wdata_reg[0]_i_57/CO[3]
                         net (fo=1, unplaced)         0.000    25.711    vv_wdata_reg[0]_i_57_n_0
                         CARRY4 (Prop_carry4_CI_CO[3])
                                                      0.117    25.828 r  vv_wdata_reg[0]_i_42/CO[3]
                         net (fo=1, unplaced)         0.000    25.828    vv_wdata_reg[0]_i_42_n_0
                         CARRY4 (Prop_carry4_CI_CO[3])
                                                      0.117    25.945 r  vv_wdata_reg[0]_i_17/CO[3]
                         net (fo=1, unplaced)         0.000    25.945    vv_wdata_reg[0]_i_17_n_0
                         CARRY4 (Prop_carry4_CI_CO[3])
                                                      0.117    26.062 r  vv_wdata_reg[0]_i_8/CO[3]
                         net (fo=1, unplaced)         0.000    26.062    vv_wdata_reg[0]_i_8_n_0
                         CARRY4 (Prop_carry4_CI_CO[1])
                                                      0.179    26.241 r  vv_wdata_reg[0]_i_3/CO[1]
                         net (fo=2, unplaced)         0.536    26.777    vv_wdata_reg[0]_i_3_n_2
                         CARRY4 (Prop_carry4_DI[0]_CO[3])
                                                      0.758    27.535 r  vv_wdata_reg[0]_i_2/CO[3]
                         net (fo=1, unplaced)         0.000    27.535    vv_wdata_reg[0]_i_2_n_0
                         CARRY4 (Prop_carry4_CI_CO[3])
                                                      0.117    27.652 r  vv_wdata_reg[7]_i_4/CO[3]
                         net (fo=1, unplaced)         0.000    27.652    vv_wdata_reg[7]_i_4_n_0
                         CARRY4 (Prop_carry4_CI_CO[3])
                                                      0.117    27.769 r  vv_wdata_reg[10]_i_8/CO[3]
                         net (fo=1, unplaced)         0.000    27.769    vv_wdata_reg[10]_i_8_n_0
                         CARRY4 (Prop_carry4_CI_CO[3])
                                                      0.117    27.886 r  vv_wdata_reg[14]_i_22/CO[3]
                         net (fo=1, unplaced)         0.000    27.886    vv_wdata_reg[14]_i_22_n_0
                         CARRY4 (Prop_carry4_CI_O[2])
                                                      0.256    28.142 f  vv_wdata_reg[14]_i_75/O[2]
                         net (fo=2, unplaced)         0.463    28.605    vv_wdata_reg[14]_i_75_n_5
                         LUT1 (Prop_lut1_I0_O)        0.301    28.906 r  vv_wdata[15]_i_124/O
                         net (fo=1, unplaced)         0.000    28.906    vv_wdata[15]_i_124_n_0
                         CARRY4 (Prop_carry4_S[1]_CO[3])
                                                      0.533    29.439 r  vv_wdata_reg[15]_i_87/CO[3]
                         net (fo=1, unplaced)         0.000    29.439    vv_wdata_reg[15]_i_87_n_0
                         CARRY4 (Prop_carry4_CI_O[2])
                                                      0.256    29.695 r  vv_wdata_reg[15]_i_60/O[2]
                         net (fo=1, unplaced)         0.452    30.147    c4_rq6_return0[23]
                         LUT3 (Prop_lut3_I0_O)        0.293    30.440 r  vv_wdata[15]_i_180/O
                         net (fo=1, unplaced)         0.449    30.889    c4_rq6_return[23]
                         LUT5 (Prop_lut5_I4_O)        0.124    31.013 r  vv_wdata[15]_i_155/O
                         net (fo=4, unplaced)         0.473    31.486    val__0__0[23]
                         LUT6 (Prop_lut6_I5_O)        0.124    31.610 r  vv_wdata[15]_i_112/O
                         net (fo=1, unplaced)         0.474    32.084    vv_wdata[15]_i_112_n_0
                         CARRY4 (Prop_carry4_DI[2]_CO[3])
                                                      0.404    32.488 r  vv_wdata_reg[15]_i_80/CO[3]
                         net (fo=1, unplaced)         0.000    32.488    vv_wdata_reg[15]_i_80_n_0
                         CARRY4 (Prop_carry4_CI_CO[3])
                                                      0.117    32.605 r  vv_wdata_reg[15]_i_55/CO[3]
                         net (fo=1, unplaced)         0.000    32.605    vv_wdata_reg[15]_i_55_n_0
                         CARRY4 (Prop_carry4_CI_CO[3])
                                                      0.117    32.722 r  vv_wdata_reg[15]_i_37/CO[3]
                         net (fo=1, unplaced)         0.000    32.722    vv_wdata_reg[15]_i_37_n_0
                         CARRY4 (Prop_carry4_CI_CO[3])
                                                      0.117    32.839 r  vv_wdata_reg[15]_i_21/CO[3]
                         net (fo=1, unplaced)         0.000    32.839    vv_wdata_reg[15]_i_21_n_0
                         CARRY4 (Prop_carry4_CI_CO[3])
                                                      0.117    32.956 r  vv_wdata_reg[15]_i_8/CO[3]
                         net (fo=1, unplaced)         0.000    32.956    vv_wdata_reg[15]_i_8_n_0
                         CARRY4 (Prop_carry4_CI_CO[2])
                                                      0.252    33.208 r  vv_wdata_reg[15]_i_5/CO[2]
                         net (fo=1, unplaced)         0.452    33.660    c4_sat1__1
                         LUT6 (Prop_lut6_I5_O)        0.310    33.970 r  vv_wdata[15]_i_1/O
                         net (fo=160, unplaced)       0.719    34.689    vv_wdata[15]_i_1_n_0
                         FDSE                                         r  vv_wdata_reg[10]_rep__1/S
  -------------------------------------------------------------------    -------------------

                         (clock clk rise edge)       10.000    10.000 r  <hidden>
                                                      0.000    10.000 r  clk
                         net (fo=42639, unset)        0.924    10.924    clk
                         FDSE                                         r  vv_wdata_reg[10]_rep__1/C
                         clock pessimism              0.000    10.924    <hidden>
                         clock uncertainty           -0.035    10.889    <hidden>
                         FDSE (Setup_fdse_C_S)       -0.557    10.332    vv_wdata_reg[10]_rep__1
  -------------------------------------------------------------------
                         required time                         10.332    <hidden>
                         arrival time                         -34.689    <hidden>
  -------------------------------------------------------------------
                         slack                                -24.357    <hidden>

Slack (VIOLATED) :        -24.357ns  (required time - arrival time)
  Source:                 di_reg[4]/C
                            (rising edge-triggered cell FDCE clocked by clk  {rise@0.000ns fall@5.000ns period=10.000ns})
  Destination:            vv_wdata_reg[10]_rep__2/S
                            (rising edge-triggered cell FDSE clocked by clk  {rise@0.000ns fall@5.000ns period=10.000ns})
  Path Group:             clk
  Path Type:              Setup (Max at Slow Process Corner)
  Requirement:            10.000ns  (clk rise@10.000ns - clk rise@0.000ns)
  Data Path Delay:        33.716ns  (logic 21.888ns (64.918%)  route 11.828ns (35.082%))
  Logic Levels:           48  (CARRY4=31 DSP48E1=4 LUT1=1 LUT2=1 LUT3=2 LUT4=3 LUT5=1 LUT6=5)
  Clock Path Skew:        -0.049ns (DCD - SCD + CPR)
    Destination Clock Delay (DCD):    0.924ns = ( 10.924 - 10.000 ) 
    Source Clock Delay      (SCD):    0.973ns
    Clock Pessimism Removal (CPR):    0.000ns
  Clock Uncertainty:      0.035ns  ((TSJ^2 + TIJ^2)^1/2 + DJ) / 2 + PE
    Total System Jitter     (TSJ):    0.071ns
    Total Input Jitter      (TIJ):    0.000ns
    Discrete Jitter          (DJ):    0.000ns
    Phase Error              (PE):    0.000ns

    Location             Delay type                Incr(ns)  Path(ns)    Netlist Resource(s)
  -------------------------------------------------------------------    -------------------
                         (clock clk rise edge)        0.000     0.000 r  <hidden>
                                                      0.000     0.000 r  clk
                         net (fo=42639, unset)        0.973     0.973    clk
                         FDCE                                         r  di_reg[4]/C
  -------------------------------------------------------------------    -------------------
                         FDCE (Prop_fdce_C_Q)         0.478     1.451 r  di_reg[4]/Q
                         net (fo=134, unplaced)       0.773     2.224    a03_out[4]
                         CARRY4 (Prop_carry4_S[0]_O[2])
                                                      0.839     3.063 r  g0_b0_i_1/O[2]
                         net (fo=402, unplaced)       0.870     3.933    a03_out[6]
                         LUT6 (Prop_lut6_I0_O)        0.301     4.234 r  acc1__1_i_95/O
                         net (fo=2, unplaced)         0.743     4.977    acc1__1_i_95_n_0
                         LUT6 (Prop_lut6_I1_O)        0.124     5.101 r  acc1__1_i_28/O
                         net (fo=2, unplaced)         0.743     5.844    acc1__1_i_28_n_0
                         LUT6 (Prop_lut6_I3_O)        0.124     5.968 r  acc1__1_i_9/O
                         net (fo=1, unplaced)         0.449     6.417    p_0_out__6[7]
                         LUT4 (Prop_lut4_I0_O)        0.124     6.541 r  acc1__1_i_1/O
                         net (fo=22, unplaced)        0.803     7.344    acc1__1_i_1_n_0
                         DSP48E1 (Prop_dsp48e1_B[17]_P[1])
                                                      3.656    11.000 r  val0__3/P[1]
                         net (fo=1, unplaced)         0.803    11.803    val0__3_n_104
                         LUT2 (Prop_lut2_I1_O)        0.124    11.927 r  c4_rq6_return1__3_i_19/O
                         net (fo=1, unplaced)         0.000    11.927    c4_rq6_return1__3_i_19_n_0
                         CARRY4 (Prop_carry4_S[1]_CO[3])
                                                      0.533    12.460 r  c4_rq6_return1__3_i_4/CO[3]
                         net (fo=1, unplaced)         0.000    12.460    c4_rq6_return1__3_i_4_n_0
                         CARRY4 (Prop_carry4_CI_CO[3])
                                                      0.117    12.577 r  c4_rq6_return1__3_i_3/CO[3]
                         net (fo=1, unplaced)         0.000    12.577    c4_rq6_return1__3_i_3_n_0
                         CARRY4 (Prop_carry4_CI_CO[3])
                                                      0.117    12.694 r  c4_rq6_return1__3_i_2/CO[3]
                         net (fo=1, unplaced)         0.000    12.694    c4_rq6_return1__3_i_2_n_0
                         CARRY4 (Prop_carry4_CI_CO[3])
                                                      0.117    12.811 r  c4_rq6_return1__3_i_1/CO[3]
                         net (fo=1, unplaced)         0.000    12.811    c4_rq6_return1__3_i_1_n_0
                         CARRY4 (Prop_carry4_CI_CO[3])
                                                      0.117    12.928 r  c4_rq6_return1__0_i_5/CO[3]
                         net (fo=1, unplaced)         0.000    12.928    c4_rq6_return1__0_i_5_n_0
                         CARRY4 (Prop_carry4_CI_CO[3])
                                                      0.117    13.045 r  c4_rq6_return1__0_i_4/CO[3]
                         net (fo=1, unplaced)         0.000    13.045    c4_rq6_return1__0_i_4_n_0
                         CARRY4 (Prop_carry4_CI_CO[3])
                                                      0.117    13.162 r  c4_rq6_return1__0_i_3/CO[3]
                         net (fo=1, unplaced)         0.000    13.162    c4_rq6_return1__0_i_3_n_0
                         CARRY4 (Prop_carry4_CI_CO[3])
                                                      0.117    13.279 r  c4_rq6_return1__0_i_2/CO[3]
                         net (fo=1, unplaced)         0.000    13.279    c4_rq6_return1__0_i_2_n_0
                         CARRY4 (Prop_carry4_CI_O[1])
                                                      0.337    13.616 r  c4_rq6_return1__0_i_1/O[1]
                         net (fo=4, unplaced)         0.803    14.419    c4_rq6_return1__0_i_1_n_6
                         DSP48E1 (Prop_dsp48e1_A[16]_PCOUT[47])
                                                      4.215    18.634 r  c4_rq6_return1__0/PCOUT[47]
                         net (fo=1, unplaced)         0.000    18.634    c4_rq6_return1__0_n_106
                         DSP48E1 (Prop_dsp48e1_PCIN[47]_PCOUT[47])
                                                      1.713    20.347 r  c4_rq6_return1__1/PCOUT[47]
                         net (fo=1, unplaced)         0.000    20.347    c4_rq6_return1__1_n_106
                         DSP48E1 (Prop_dsp48e1_PCIN[47]_P[2])
                                                      1.518    21.865 r  c4_rq6_return1__2/P[2]
                         net (fo=2, unplaced)         0.803    22.667    c4_rq6_return1__2_n_103
                         LUT3 (Prop_lut3_I1_O)        0.124    22.791 r  vv_wdata[14]_i_96/O
                         net (fo=2, unplaced)         0.460    23.251    vv_wdata[14]_i_96_n_0
                         LUT4 (Prop_lut4_I3_O)        0.124    23.375 r  vv_wdata[14]_i_100/O
                         net (fo=1, unplaced)         0.000    23.375    vv_wdata[14]_i_100_n_0
                         CARRY4 (Prop_carry4_S[1]_CO[3])
                                                      0.533    23.908 r  vv_wdata_reg[14]_i_76/CO[3]
                         net (fo=1, unplaced)         0.000    23.908    vv_wdata_reg[14]_i_76_n_0
                         CARRY4 (Prop_carry4_CI_CO[3])
                                                      0.117    24.025 r  vv_wdata_reg[14]_i_40/CO[3]
                         net (fo=1, unplaced)         0.000    24.025    vv_wdata_reg[14]_i_40_n_0
                         CARRY4 (Prop_carry4_CI_O[2])
                                                      0.256    24.281 r  vv_wdata_reg[14]_i_21/O[2]
                         net (fo=147, unplaced)       0.561    24.842    c4_rq6_return1__6[63]
                         LUT4 (Prop_lut4_I2_O)        0.293    25.135 r  vv_wdata[0]_i_79/O
                         net (fo=1, unplaced)         0.000    25.135    vv_wdata[0]_i_79_n_0
                         CARRY4 (Prop_carry4_DI[0]_CO[3])
                                                      0.576    25.711 r  vv_wdata_reg[0]_i_57/CO[3]
                         net (fo=1, unplaced)         0.000    25.711    vv_wdata_reg[0]_i_57_n_0
                         CARRY4 (Prop_carry4_CI_CO[3])
                                                      0.117    25.828 r  vv_wdata_reg[0]_i_42/CO[3]
                         net (fo=1, unplaced)         0.000    25.828    vv_wdata_reg[0]_i_42_n_0
                         CARRY4 (Prop_carry4_CI_CO[3])
                                                      0.117    25.945 r  vv_wdata_reg[0]_i_17/CO[3]
                         net (fo=1, unplaced)         0.000    25.945    vv_wdata_reg[0]_i_17_n_0
                         CARRY4 (Prop_carry4_CI_CO[3])
                                                      0.117    26.062 r  vv_wdata_reg[0]_i_8/CO[3]
                         net (fo=1, unplaced)         0.000    26.062    vv_wdata_reg[0]_i_8_n_0
                         CARRY4 (Prop_carry4_CI_CO[1])
                                                      0.179    26.241 r  vv_wdata_reg[0]_i_3/CO[1]
                         net (fo=2, unplaced)         0.536    26.777    vv_wdata_reg[0]_i_3_n_2
                         CARRY4 (Prop_carry4_DI[0]_CO[3])
                                                      0.758    27.535 r  vv_wdata_reg[0]_i_2/CO[3]
                         net (fo=1, unplaced)         0.000    27.535    vv_wdata_reg[0]_i_2_n_0
                         CARRY4 (Prop_carry4_CI_CO[3])
                                                      0.117    27.652 r  vv_wdata_reg[7]_i_4/CO[3]
                         net (fo=1, unplaced)         0.000    27.652    vv_wdata_reg[7]_i_4_n_0
                         CARRY4 (Prop_carry4_CI_CO[3])
                                                      0.117    27.769 r  vv_wdata_reg[10]_i_8/CO[3]
                         net (fo=1, unplaced)         0.000    27.769    vv_wdata_reg[10]_i_8_n_0
                         CARRY4 (Prop_carry4_CI_CO[3])
                                                      0.117    27.886 r  vv_wdata_reg[14]_i_22/CO[3]
                         net (fo=1, unplaced)         0.000    27.886    vv_wdata_reg[14]_i_22_n_0
                         CARRY4 (Prop_carry4_CI_O[2])
                                                      0.256    28.142 f  vv_wdata_reg[14]_i_75/O[2]
                         net (fo=2, unplaced)         0.463    28.605    vv_wdata_reg[14]_i_75_n_5
                         LUT1 (Prop_lut1_I0_O)        0.301    28.906 r  vv_wdata[15]_i_124/O
                         net (fo=1, unplaced)         0.000    28.906    vv_wdata[15]_i_124_n_0
                         CARRY4 (Prop_carry4_S[1]_CO[3])
                                                      0.533    29.439 r  vv_wdata_reg[15]_i_87/CO[3]
                         net (fo=1, unplaced)         0.000    29.439    vv_wdata_reg[15]_i_87_n_0
                         CARRY4 (Prop_carry4_CI_O[2])
                                                      0.256    29.695 r  vv_wdata_reg[15]_i_60/O[2]
                         net (fo=1, unplaced)         0.452    30.147    c4_rq6_return0[23]
                         LUT3 (Prop_lut3_I0_O)        0.293    30.440 r  vv_wdata[15]_i_180/O
                         net (fo=1, unplaced)         0.449    30.889    c4_rq6_return[23]
                         LUT5 (Prop_lut5_I4_O)        0.124    31.013 r  vv_wdata[15]_i_155/O
                         net (fo=4, unplaced)         0.473    31.486    val__0__0[23]
                         LUT6 (Prop_lut6_I5_O)        0.124    31.610 r  vv_wdata[15]_i_112/O
                         net (fo=1, unplaced)         0.474    32.084    vv_wdata[15]_i_112_n_0
                         CARRY4 (Prop_carry4_DI[2]_CO[3])
                                                      0.404    32.488 r  vv_wdata_reg[15]_i_80/CO[3]
                         net (fo=1, unplaced)         0.000    32.488    vv_wdata_reg[15]_i_80_n_0
                         CARRY4 (Prop_carry4_CI_CO[3])
                                                      0.117    32.605 r  vv_wdata_reg[15]_i_55/CO[3]
                         net (fo=1, unplaced)         0.000    32.605    vv_wdata_reg[15]_i_55_n_0
                         CARRY4 (Prop_carry4_CI_CO[3])
                                                      0.117    32.722 r  vv_wdata_reg[15]_i_37/CO[3]
                         net (fo=1, unplaced)         0.000    32.722    vv_wdata_reg[15]_i_37_n_0
                         CARRY4 (Prop_carry4_CI_CO[3])
                                                      0.117    32.839 r  vv_wdata_reg[15]_i_21/CO[3]
                         net (fo=1, unplaced)         0.000    32.839    vv_wdata_reg[15]_i_21_n_0
                         CARRY4 (Prop_carry4_CI_CO[3])
                                                      0.117    32.956 r  vv_wdata_reg[15]_i_8/CO[3]
                         net (fo=1, unplaced)         0.000    32.956    vv_wdata_reg[15]_i_8_n_0
                         CARRY4 (Prop_carry4_CI_CO[2])
                                                      0.252    33.208 r  vv_wdata_reg[15]_i_5/CO[2]
                         net (fo=1, unplaced)         0.452    33.660    c4_sat1__1
                         LUT6 (Prop_lut6_I5_O)        0.310    33.970 r  vv_wdata[15]_i_1/O
                         net (fo=160, unplaced)       0.719    34.689    vv_wdata[15]_i_1_n_0
                         FDSE                                         r  vv_wdata_reg[10]_rep__2/S
  -------------------------------------------------------------------    -------------------

                         (clock clk rise edge)       10.000    10.000 r  <hidden>
                                                      0.000    10.000 r  clk
                         net (fo=42639, unset)        0.924    10.924    clk
                         FDSE                                         r  vv_wdata_reg[10]_rep__2/C
                         clock pessimism              0.000    10.924    <hidden>
                         clock uncertainty           -0.035    10.889    <hidden>
                         FDSE (Setup_fdse_C_S)       -0.557    10.332    vv_wdata_reg[10]_rep__2
  -------------------------------------------------------------------
                         required time                         10.332    <hidden>
                         arrival time                         -34.689    <hidden>
  -------------------------------------------------------------------
                         slack                                -24.357    <hidden>

Slack (VIOLATED) :        -24.357ns  (required time - arrival time)
  Source:                 di_reg[4]/C
                            (rising edge-triggered cell FDCE clocked by clk  {rise@0.000ns fall@5.000ns period=10.000ns})
  Destination:            vv_wdata_reg[10]_rep__3/S
                            (rising edge-triggered cell FDSE clocked by clk  {rise@0.000ns fall@5.000ns period=10.000ns})
  Path Group:             clk
  Path Type:              Setup (Max at Slow Process Corner)
  Requirement:            10.000ns  (clk rise@10.000ns - clk rise@0.000ns)
  Data Path Delay:        33.716ns  (logic 21.888ns (64.918%)  route 11.828ns (35.082%))
  Logic Levels:           48  (CARRY4=31 DSP48E1=4 LUT1=1 LUT2=1 LUT3=2 LUT4=3 LUT5=1 LUT6=5)
  Clock Path Skew:        -0.049ns (DCD - SCD + CPR)
    Destination Clock Delay (DCD):    0.924ns = ( 10.924 - 10.000 ) 
    Source Clock Delay      (SCD):    0.973ns
    Clock Pessimism Removal (CPR):    0.000ns
  Clock Uncertainty:      0.035ns  ((TSJ^2 + TIJ^2)^1/2 + DJ) / 2 + PE
    Total System Jitter     (TSJ):    0.071ns
    Total Input Jitter      (TIJ):    0.000ns
    Discrete Jitter          (DJ):    0.000ns
    Phase Error              (PE):    0.000ns

    Location             Delay type                Incr(ns)  Path(ns)    Netlist Resource(s)
  -------------------------------------------------------------------    -------------------
                         (clock clk rise edge)        0.000     0.000 r  <hidden>
                                                      0.000     0.000 r  clk
                         net (fo=42639, unset)        0.973     0.973    clk
                         FDCE                                         r  di_reg[4]/C
  -------------------------------------------------------------------    -------------------
                         FDCE (Prop_fdce_C_Q)         0.478     1.451 r  di_reg[4]/Q
                         net (fo=134, unplaced)       0.773     2.224    a03_out[4]
                         CARRY4 (Prop_carry4_S[0]_O[2])
                                                      0.839     3.063 r  g0_b0_i_1/O[2]
                         net (fo=402, unplaced)       0.870     3.933    a03_out[6]
                         LUT6 (Prop_lut6_I0_O)        0.301     4.234 r  acc1__1_i_95/O
                         net (fo=2, unplaced)         0.743     4.977    acc1__1_i_95_n_0
                         LUT6 (Prop_lut6_I1_O)        0.124     5.101 r  acc1__1_i_28/O
                         net (fo=2, unplaced)         0.743     5.844    acc1__1_i_28_n_0
                         LUT6 (Prop_lut6_I3_O)        0.124     5.968 r  acc1__1_i_9/O
                         net (fo=1, unplaced)         0.449     6.417    p_0_out__6[7]
                         LUT4 (Prop_lut4_I0_O)        0.124     6.541 r  acc1__1_i_1/O
                         net (fo=22, unplaced)        0.803     7.344    acc1__1_i_1_n_0
                         DSP48E1 (Prop_dsp48e1_B[17]_P[1])
                                                      3.656    11.000 r  val0__3/P[1]
                         net (fo=1, unplaced)         0.803    11.803    val0__3_n_104
                         LUT2 (Prop_lut2_I1_O)        0.124    11.927 r  c4_rq6_return1__3_i_19/O
                         net (fo=1, unplaced)         0.000    11.927    c4_rq6_return1__3_i_19_n_0
                         CARRY4 (Prop_carry4_S[1]_CO[3])
                                                      0.533    12.460 r  c4_rq6_return1__3_i_4/CO[3]
                         net (fo=1, unplaced)         0.000    12.460    c4_rq6_return1__3_i_4_n_0
                         CARRY4 (Prop_carry4_CI_CO[3])
                                                      0.117    12.577 r  c4_rq6_return1__3_i_3/CO[3]
                         net (fo=1, unplaced)         0.000    12.577    c4_rq6_return1__3_i_3_n_0
                         CARRY4 (Prop_carry4_CI_CO[3])
                                                      0.117    12.694 r  c4_rq6_return1__3_i_2/CO[3]
                         net (fo=1, unplaced)         0.000    12.694    c4_rq6_return1__3_i_2_n_0
                         CARRY4 (Prop_carry4_CI_CO[3])
                                                      0.117    12.811 r  c4_rq6_return1__3_i_1/CO[3]
                         net (fo=1, unplaced)         0.000    12.811    c4_rq6_return1__3_i_1_n_0
                         CARRY4 (Prop_carry4_CI_CO[3])
                                                      0.117    12.928 r  c4_rq6_return1__0_i_5/CO[3]
                         net (fo=1, unplaced)         0.000    12.928    c4_rq6_return1__0_i_5_n_0
                         CARRY4 (Prop_carry4_CI_CO[3])
                                                      0.117    13.045 r  c4_rq6_return1__0_i_4/CO[3]
                         net (fo=1, unplaced)         0.000    13.045    c4_rq6_return1__0_i_4_n_0
                         CARRY4 (Prop_carry4_CI_CO[3])
                                                      0.117    13.162 r  c4_rq6_return1__0_i_3/CO[3]
                         net (fo=1, unplaced)         0.000    13.162    c4_rq6_return1__0_i_3_n_0
                         CARRY4 (Prop_carry4_CI_CO[3])
                                                      0.117    13.279 r  c4_rq6_return1__0_i_2/CO[3]
                         net (fo=1, unplaced)         0.000    13.279    c4_rq6_return1__0_i_2_n_0
                         CARRY4 (Prop_carry4_CI_O[1])
                                                      0.337    13.616 r  c4_rq6_return1__0_i_1/O[1]
                         net (fo=4, unplaced)         0.803    14.419    c4_rq6_return1__0_i_1_n_6
                         DSP48E1 (Prop_dsp48e1_A[16]_PCOUT[47])
                                                      4.215    18.634 r  c4_rq6_return1__0/PCOUT[47]
                         net (fo=1, unplaced)         0.000    18.634    c4_rq6_return1__0_n_106
                         DSP48E1 (Prop_dsp48e1_PCIN[47]_PCOUT[47])
                                                      1.713    20.347 r  c4_rq6_return1__1/PCOUT[47]
                         net (fo=1, unplaced)         0.000    20.347    c4_rq6_return1__1_n_106
                         DSP48E1 (Prop_dsp48e1_PCIN[47]_P[2])
                                                      1.518    21.865 r  c4_rq6_return1__2/P[2]
                         net (fo=2, unplaced)         0.803    22.667    c4_rq6_return1__2_n_103
                         LUT3 (Prop_lut3_I1_O)        0.124    22.791 r  vv_wdata[14]_i_96/O
                         net (fo=2, unplaced)         0.460    23.251    vv_wdata[14]_i_96_n_0
                         LUT4 (Prop_lut4_I3_O)        0.124    23.375 r  vv_wdata[14]_i_100/O
                         net (fo=1, unplaced)         0.000    23.375    vv_wdata[14]_i_100_n_0
                         CARRY4 (Prop_carry4_S[1]_CO[3])
                                                      0.533    23.908 r  vv_wdata_reg[14]_i_76/CO[3]
                         net (fo=1, unplaced)         0.000    23.908    vv_wdata_reg[14]_i_76_n_0
                         CARRY4 (Prop_carry4_CI_CO[3])
                                                      0.117    24.025 r  vv_wdata_reg[14]_i_40/CO[3]
                         net (fo=1, unplaced)         0.000    24.025    vv_wdata_reg[14]_i_40_n_0
                         CARRY4 (Prop_carry4_CI_O[2])
                                                      0.256    24.281 r  vv_wdata_reg[14]_i_21/O[2]
                         net (fo=147, unplaced)       0.561    24.842    c4_rq6_return1__6[63]
                         LUT4 (Prop_lut4_I2_O)        0.293    25.135 r  vv_wdata[0]_i_79/O
                         net (fo=1, unplaced)         0.000    25.135    vv_wdata[0]_i_79_n_0
                         CARRY4 (Prop_carry4_DI[0]_CO[3])
                                                      0.576    25.711 r  vv_wdata_reg[0]_i_57/CO[3]
                         net (fo=1, unplaced)         0.000    25.711    vv_wdata_reg[0]_i_57_n_0
                         CARRY4 (Prop_carry4_CI_CO[3])
                                                      0.117    25.828 r  vv_wdata_reg[0]_i_42/CO[3]
                         net (fo=1, unplaced)         0.000    25.828    vv_wdata_reg[0]_i_42_n_0
                         CARRY4 (Prop_carry4_CI_CO[3])
                                                      0.117    25.945 r  vv_wdata_reg[0]_i_17/CO[3]
                         net (fo=1, unplaced)         0.000    25.945    vv_wdata_reg[0]_i_17_n_0
                         CARRY4 (Prop_carry4_CI_CO[3])
                                                      0.117    26.062 r  vv_wdata_reg[0]_i_8/CO[3]
                         net (fo=1, unplaced)         0.000    26.062    vv_wdata_reg[0]_i_8_n_0
                         CARRY4 (Prop_carry4_CI_CO[1])
                                                      0.179    26.241 r  vv_wdata_reg[0]_i_3/CO[1]
                         net (fo=2, unplaced)         0.536    26.777    vv_wdata_reg[0]_i_3_n_2
                         CARRY4 (Prop_carry4_DI[0]_CO[3])
                                                      0.758    27.535 r  vv_wdata_reg[0]_i_2/CO[3]
                         net (fo=1, unplaced)         0.000    27.535    vv_wdata_reg[0]_i_2_n_0
                         CARRY4 (Prop_carry4_CI_CO[3])
                                                      0.117    27.652 r  vv_wdata_reg[7]_i_4/CO[3]
                         net (fo=1, unplaced)         0.000    27.652    vv_wdata_reg[7]_i_4_n_0
                         CARRY4 (Prop_carry4_CI_CO[3])
                                                      0.117    27.769 r  vv_wdata_reg[10]_i_8/CO[3]
                         net (fo=1, unplaced)         0.000    27.769    vv_wdata_reg[10]_i_8_n_0
                         CARRY4 (Prop_carry4_CI_CO[3])
                                                      0.117    27.886 r  vv_wdata_reg[14]_i_22/CO[3]
                         net (fo=1, unplaced)         0.000    27.886    vv_wdata_reg[14]_i_22_n_0
                         CARRY4 (Prop_carry4_CI_O[2])
                                                      0.256    28.142 f  vv_wdata_reg[14]_i_75/O[2]
                         net (fo=2, unplaced)         0.463    28.605    vv_wdata_reg[14]_i_75_n_5
                         LUT1 (Prop_lut1_I0_O)        0.301    28.906 r  vv_wdata[15]_i_124/O
                         net (fo=1, unplaced)         0.000    28.906    vv_wdata[15]_i_124_n_0
                         CARRY4 (Prop_carry4_S[1]_CO[3])
                                                      0.533    29.439 r  vv_wdata_reg[15]_i_87/CO[3]
                         net (fo=1, unplaced)         0.000    29.439    vv_wdata_reg[15]_i_87_n_0
                         CARRY4 (Prop_carry4_CI_O[2])
                                                      0.256    29.695 r  vv_wdata_reg[15]_i_60/O[2]
                         net (fo=1, unplaced)         0.452    30.147    c4_rq6_return0[23]
                         LUT3 (Prop_lut3_I0_O)        0.293    30.440 r  vv_wdata[15]_i_180/O
                         net (fo=1, unplaced)         0.449    30.889    c4_rq6_return[23]
                         LUT5 (Prop_lut5_I4_O)        0.124    31.013 r  vv_wdata[15]_i_155/O
                         net (fo=4, unplaced)         0.473    31.486    val__0__0[23]
                         LUT6 (Prop_lut6_I5_O)        0.124    31.610 r  vv_wdata[15]_i_112/O
                         net (fo=1, unplaced)         0.474    32.084    vv_wdata[15]_i_112_n_0
                         CARRY4 (Prop_carry4_DI[2]_CO[3])
                                                      0.404    32.488 r  vv_wdata_reg[15]_i_80/CO[3]
                         net (fo=1, unplaced)         0.000    32.488    vv_wdata_reg[15]_i_80_n_0
                         CARRY4 (Prop_carry4_CI_CO[3])
                                                      0.117    32.605 r  vv_wdata_reg[15]_i_55/CO[3]
                         net (fo=1, unplaced)         0.000    32.605    vv_wdata_reg[15]_i_55_n_0
                         CARRY4 (Prop_carry4_CI_CO[3])
                                                      0.117    32.722 r  vv_wdata_reg[15]_i_37/CO[3]
                         net (fo=1, unplaced)         0.000    32.722    vv_wdata_reg[15]_i_37_n_0
                         CARRY4 (Prop_carry4_CI_CO[3])
                                                      0.117    32.839 r  vv_wdata_reg[15]_i_21/CO[3]
                         net (fo=1, unplaced)         0.000    32.839    vv_wdata_reg[15]_i_21_n_0
                         CARRY4 (Prop_carry4_CI_CO[3])
                                                      0.117    32.956 r  vv_wdata_reg[15]_i_8/CO[3]
                         net (fo=1, unplaced)         0.000    32.956    vv_wdata_reg[15]_i_8_n_0
                         CARRY4 (Prop_carry4_CI_CO[2])
                                                      0.252    33.208 r  vv_wdata_reg[15]_i_5/CO[2]
                         net (fo=1, unplaced)         0.452    33.660    c4_sat1__1
                         LUT6 (Prop_lut6_I5_O)        0.310    33.970 r  vv_wdata[15]_i_1/O
                         net (fo=160, unplaced)       0.719    34.689    vv_wdata[15]_i_1_n_0
                         FDSE                                         r  vv_wdata_reg[10]_rep__3/S
  -------------------------------------------------------------------    -------------------

                         (clock clk rise edge)       10.000    10.000 r  <hidden>
                                                      0.000    10.000 r  clk
                         net (fo=42639, unset)        0.924    10.924    clk
                         FDSE                                         r  vv_wdata_reg[10]_rep__3/C
                         clock pessimism              0.000    10.924    <hidden>
                         clock uncertainty           -0.035    10.889    <hidden>
                         FDSE (Setup_fdse_C_S)       -0.557    10.332    vv_wdata_reg[10]_rep__3
  -------------------------------------------------------------------
                         required time                         10.332    <hidden>
                         arrival time                         -34.689    <hidden>
  -------------------------------------------------------------------
                         slack                                -24.357    <hidden>

Slack (VIOLATED) :        -24.357ns  (required time - arrival time)
  Source:                 di_reg[4]/C
                            (rising edge-triggered cell FDCE clocked by clk  {rise@0.000ns fall@5.000ns period=10.000ns})
  Destination:            vv_wdata_reg[10]_rep__4/S
                            (rising edge-triggered cell FDSE clocked by clk  {rise@0.000ns fall@5.000ns period=10.000ns})
  Path Group:             clk
  Path Type:              Setup (Max at Slow Process Corner)
  Requirement:            10.000ns  (clk rise@10.000ns - clk rise@0.000ns)
  Data Path Delay:        33.716ns  (logic 21.888ns (64.918%)  route 11.828ns (35.082%))
  Logic Levels:           48  (CARRY4=31 DSP48E1=4 LUT1=1 LUT2=1 LUT3=2 LUT4=3 LUT5=1 LUT6=5)
  Clock Path Skew:        -0.049ns (DCD - SCD + CPR)
    Destination Clock Delay (DCD):    0.924ns = ( 10.924 - 10.000 ) 
    Source Clock Delay      (SCD):    0.973ns
    Clock Pessimism Removal (CPR):    0.000ns
  Clock Uncertainty:      0.035ns  ((TSJ^2 + TIJ^2)^1/2 + DJ) / 2 + PE
    Total System Jitter     (TSJ):    0.071ns
    Total Input Jitter      (TIJ):    0.000ns
    Discrete Jitter          (DJ):    0.000ns
    Phase Error              (PE):    0.000ns

    Location             Delay type                Incr(ns)  Path(ns)    Netlist Resource(s)
  -------------------------------------------------------------------    -------------------
                         (clock clk rise edge)        0.000     0.000 r  <hidden>
                                                      0.000     0.000 r  clk
                         net (fo=42639, unset)        0.973     0.973    clk
                         FDCE                                         r  di_reg[4]/C
  -------------------------------------------------------------------    -------------------
                         FDCE (Prop_fdce_C_Q)         0.478     1.451 r  di_reg[4]/Q
                         net (fo=134, unplaced)       0.773     2.224    a03_out[4]
                         CARRY4 (Prop_carry4_S[0]_O[2])
                                                      0.839     3.063 r  g0_b0_i_1/O[2]
                         net (fo=402, unplaced)       0.870     3.933    a03_out[6]
                         LUT6 (Prop_lut6_I0_O)        0.301     4.234 r  acc1__1_i_95/O
                         net (fo=2, unplaced)         0.743     4.977    acc1__1_i_95_n_0
                         LUT6 (Prop_lut6_I1_O)        0.124     5.101 r  acc1__1_i_28/O
                         net (fo=2, unplaced)         0.743     5.844    acc1__1_i_28_n_0
                         LUT6 (Prop_lut6_I3_O)        0.124     5.968 r  acc1__1_i_9/O
                         net (fo=1, unplaced)         0.449     6.417    p_0_out__6[7]
                         LUT4 (Prop_lut4_I0_O)        0.124     6.541 r  acc1__1_i_1/O
                         net (fo=22, unplaced)        0.803     7.344    acc1__1_i_1_n_0
                         DSP48E1 (Prop_dsp48e1_B[17]_P[1])
                                                      3.656    11.000 r  val0__3/P[1]
                         net (fo=1, unplaced)         0.803    11.803    val0__3_n_104
                         LUT2 (Prop_lut2_I1_O)        0.124    11.927 r  c4_rq6_return1__3_i_19/O
                         net (fo=1, unplaced)         0.000    11.927    c4_rq6_return1__3_i_19_n_0
                         CARRY4 (Prop_carry4_S[1]_CO[3])
                                                      0.533    12.460 r  c4_rq6_return1__3_i_4/CO[3]
                         net (fo=1, unplaced)         0.000    12.460    c4_rq6_return1__3_i_4_n_0
                         CARRY4 (Prop_carry4_CI_CO[3])
                                                      0.117    12.577 r  c4_rq6_return1__3_i_3/CO[3]
                         net (fo=1, unplaced)         0.000    12.577    c4_rq6_return1__3_i_3_n_0
                         CARRY4 (Prop_carry4_CI_CO[3])
                                                      0.117    12.694 r  c4_rq6_return1__3_i_2/CO[3]
                         net (fo=1, unplaced)         0.000    12.694    c4_rq6_return1__3_i_2_n_0
                         CARRY4 (Prop_carry4_CI_CO[3])
                                                      0.117    12.811 r  c4_rq6_return1__3_i_1/CO[3]
                         net (fo=1, unplaced)         0.000    12.811    c4_rq6_return1__3_i_1_n_0
                         CARRY4 (Prop_carry4_CI_CO[3])
                                                      0.117    12.928 r  c4_rq6_return1__0_i_5/CO[3]
                         net (fo=1, unplaced)         0.000    12.928    c4_rq6_return1__0_i_5_n_0
                         CARRY4 (Prop_carry4_CI_CO[3])
                                                      0.117    13.045 r  c4_rq6_return1__0_i_4/CO[3]
                         net (fo=1, unplaced)         0.000    13.045    c4_rq6_return1__0_i_4_n_0
                         CARRY4 (Prop_carry4_CI_CO[3])
                                                      0.117    13.162 r  c4_rq6_return1__0_i_3/CO[3]
                         net (fo=1, unplaced)         0.000    13.162    c4_rq6_return1__0_i_3_n_0
                         CARRY4 (Prop_carry4_CI_CO[3])
                                                      0.117    13.279 r  c4_rq6_return1__0_i_2/CO[3]
                         net (fo=1, unplaced)         0.000    13.279    c4_rq6_return1__0_i_2_n_0
                         CARRY4 (Prop_carry4_CI_O[1])
                                                      0.337    13.616 r  c4_rq6_return1__0_i_1/O[1]
                         net (fo=4, unplaced)         0.803    14.419    c4_rq6_return1__0_i_1_n_6
                         DSP48E1 (Prop_dsp48e1_A[16]_PCOUT[47])
                                                      4.215    18.634 r  c4_rq6_return1__0/PCOUT[47]
                         net (fo=1, unplaced)         0.000    18.634    c4_rq6_return1__0_n_106
                         DSP48E1 (Prop_dsp48e1_PCIN[47]_PCOUT[47])
                                                      1.713    20.347 r  c4_rq6_return1__1/PCOUT[47]
                         net (fo=1, unplaced)         0.000    20.347    c4_rq6_return1__1_n_106
                         DSP48E1 (Prop_dsp48e1_PCIN[47]_P[2])
                                                      1.518    21.865 r  c4_rq6_return1__2/P[2]
                         net (fo=2, unplaced)         0.803    22.667    c4_rq6_return1__2_n_103
                         LUT3 (Prop_lut3_I1_O)        0.124    22.791 r  vv_wdata[14]_i_96/O
                         net (fo=2, unplaced)         0.460    23.251    vv_wdata[14]_i_96_n_0
                         LUT4 (Prop_lut4_I3_O)        0.124    23.375 r  vv_wdata[14]_i_100/O
                         net (fo=1, unplaced)         0.000    23.375    vv_wdata[14]_i_100_n_0
                         CARRY4 (Prop_carry4_S[1]_CO[3])
                                                      0.533    23.908 r  vv_wdata_reg[14]_i_76/CO[3]
                         net (fo=1, unplaced)         0.000    23.908    vv_wdata_reg[14]_i_76_n_0
                         CARRY4 (Prop_carry4_CI_CO[3])
                                                      0.117    24.025 r  vv_wdata_reg[14]_i_40/CO[3]
                         net (fo=1, unplaced)         0.000    24.025    vv_wdata_reg[14]_i_40_n_0
                         CARRY4 (Prop_carry4_CI_O[2])
                                                      0.256    24.281 r  vv_wdata_reg[14]_i_21/O[2]
                         net (fo=147, unplaced)       0.561    24.842    c4_rq6_return1__6[63]
                         LUT4 (Prop_lut4_I2_O)        0.293    25.135 r  vv_wdata[0]_i_79/O
                         net (fo=1, unplaced)         0.000    25.135    vv_wdata[0]_i_79_n_0
                         CARRY4 (Prop_carry4_DI[0]_CO[3])
                                                      0.576    25.711 r  vv_wdata_reg[0]_i_57/CO[3]
                         net (fo=1, unplaced)         0.000    25.711    vv_wdata_reg[0]_i_57_n_0
                         CARRY4 (Prop_carry4_CI_CO[3])
                                                      0.117    25.828 r  vv_wdata_reg[0]_i_42/CO[3]
                         net (fo=1, unplaced)         0.000    25.828    vv_wdata_reg[0]_i_42_n_0
                         CARRY4 (Prop_carry4_CI_CO[3])
                                                      0.117    25.945 r  vv_wdata_reg[0]_i_17/CO[3]
                         net (fo=1, unplaced)         0.000    25.945    vv_wdata_reg[0]_i_17_n_0
                         CARRY4 (Prop_carry4_CI_CO[3])
                                                      0.117    26.062 r  vv_wdata_reg[0]_i_8/CO[3]
                         net (fo=1, unplaced)         0.000    26.062    vv_wdata_reg[0]_i_8_n_0
                         CARRY4 (Prop_carry4_CI_CO[1])
                                                      0.179    26.241 r  vv_wdata_reg[0]_i_3/CO[1]
                         net (fo=2, unplaced)         0.536    26.777    vv_wdata_reg[0]_i_3_n_2
                         CARRY4 (Prop_carry4_DI[0]_CO[3])
                                                      0.758    27.535 r  vv_wdata_reg[0]_i_2/CO[3]
                         net (fo=1, unplaced)         0.000    27.535    vv_wdata_reg[0]_i_2_n_0
                         CARRY4 (Prop_carry4_CI_CO[3])
                                                      0.117    27.652 r  vv_wdata_reg[7]_i_4/CO[3]
                         net (fo=1, unplaced)         0.000    27.652    vv_wdata_reg[7]_i_4_n_0
                         CARRY4 (Prop_carry4_CI_CO[3])
                                                      0.117    27.769 r  vv_wdata_reg[10]_i_8/CO[3]
                         net (fo=1, unplaced)         0.000    27.769    vv_wdata_reg[10]_i_8_n_0
                         CARRY4 (Prop_carry4_CI_CO[3])
                                                      0.117    27.886 r  vv_wdata_reg[14]_i_22/CO[3]
                         net (fo=1, unplaced)         0.000    27.886    vv_wdata_reg[14]_i_22_n_0
                         CARRY4 (Prop_carry4_CI_O[2])
                                                      0.256    28.142 f  vv_wdata_reg[14]_i_75/O[2]
                         net (fo=2, unplaced)         0.463    28.605    vv_wdata_reg[14]_i_75_n_5
                         LUT1 (Prop_lut1_I0_O)        0.301    28.906 r  vv_wdata[15]_i_124/O
                         net (fo=1, unplaced)         0.000    28.906    vv_wdata[15]_i_124_n_0
                         CARRY4 (Prop_carry4_S[1]_CO[3])
                                                      0.533    29.439 r  vv_wdata_reg[15]_i_87/CO[3]
                         net (fo=1, unplaced)         0.000    29.439    vv_wdata_reg[15]_i_87_n_0
                         CARRY4 (Prop_carry4_CI_O[2])
                                                      0.256    29.695 r  vv_wdata_reg[15]_i_60/O[2]
                         net (fo=1, unplaced)         0.452    30.147    c4_rq6_return0[23]
                         LUT3 (Prop_lut3_I0_O)        0.293    30.440 r  vv_wdata[15]_i_180/O
                         net (fo=1, unplaced)         0.449    30.889    c4_rq6_return[23]
                         LUT5 (Prop_lut5_I4_O)        0.124    31.013 r  vv_wdata[15]_i_155/O
                         net (fo=4, unplaced)         0.473    31.486    val__0__0[23]
                         LUT6 (Prop_lut6_I5_O)        0.124    31.610 r  vv_wdata[15]_i_112/O
                         net (fo=1, unplaced)         0.474    32.084    vv_wdata[15]_i_112_n_0
                         CARRY4 (Prop_carry4_DI[2]_CO[3])
                                                      0.404    32.488 r  vv_wdata_reg[15]_i_80/CO[3]
                         net (fo=1, unplaced)         0.000    32.488    vv_wdata_reg[15]_i_80_n_0
                         CARRY4 (Prop_carry4_CI_CO[3])
                                                      0.117    32.605 r  vv_wdata_reg[15]_i_55/CO[3]
                         net (fo=1, unplaced)         0.000    32.605    vv_wdata_reg[15]_i_55_n_0
                         CARRY4 (Prop_carry4_CI_CO[3])
                                                      0.117    32.722 r  vv_wdata_reg[15]_i_37/CO[3]
                         net (fo=1, unplaced)         0.000    32.722    vv_wdata_reg[15]_i_37_n_0
                         CARRY4 (Prop_carry4_CI_CO[3])
                                                      0.117    32.839 r  vv_wdata_reg[15]_i_21/CO[3]
                         net (fo=1, unplaced)         0.000    32.839    vv_wdata_reg[15]_i_21_n_0
                         CARRY4 (Prop_carry4_CI_CO[3])
                                                      0.117    32.956 r  vv_wdata_reg[15]_i_8/CO[3]
                         net (fo=1, unplaced)         0.000    32.956    vv_wdata_reg[15]_i_8_n_0
                         CARRY4 (Prop_carry4_CI_CO[2])
                                                      0.252    33.208 r  vv_wdata_reg[15]_i_5/CO[2]
                         net (fo=1, unplaced)         0.452    33.660    c4_sat1__1
                         LUT6 (Prop_lut6_I5_O)        0.310    33.970 r  vv_wdata[15]_i_1/O
                         net (fo=160, unplaced)       0.719    34.689    vv_wdata[15]_i_1_n_0
                         FDSE                                         r  vv_wdata_reg[10]_rep__4/S
  -------------------------------------------------------------------    -------------------

                         (clock clk rise edge)       10.000    10.000 r  <hidden>
                                                      0.000    10.000 r  clk
                         net (fo=42639, unset)        0.924    10.924    clk
                         FDSE                                         r  vv_wdata_reg[10]_rep__4/C
                         clock pessimism              0.000    10.924    <hidden>
                         clock uncertainty           -0.035    10.889    <hidden>
                         FDSE (Setup_fdse_C_S)       -0.557    10.332    vv_wdata_reg[10]_rep__4
  -------------------------------------------------------------------
                         required time                         10.332    <hidden>
                         arrival time                         -34.689    <hidden>
  -------------------------------------------------------------------
                         slack                                -24.357    <hidden>

Slack (VIOLATED) :        -24.357ns  (required time - arrival time)
  Source:                 di_reg[4]/C
                            (rising edge-triggered cell FDCE clocked by clk  {rise@0.000ns fall@5.000ns period=10.000ns})
  Destination:            vv_wdata_reg[10]_rep__5/S
                            (rising edge-triggered cell FDSE clocked by clk  {rise@0.000ns fall@5.000ns period=10.000ns})
  Path Group:             clk
  Path Type:              Setup (Max at Slow Process Corner)
  Requirement:            10.000ns  (clk rise@10.000ns - clk rise@0.000ns)
  Data Path Delay:        33.716ns  (logic 21.888ns (64.918%)  route 11.828ns (35.082%))
  Logic Levels:           48  (CARRY4=31 DSP48E1=4 LUT1=1 LUT2=1 LUT3=2 LUT4=3 LUT5=1 LUT6=5)
  Clock Path Skew:        -0.049ns (DCD - SCD + CPR)
    Destination Clock Delay (DCD):    0.924ns = ( 10.924 - 10.000 ) 
    Source Clock Delay      (SCD):    0.973ns
    Clock Pessimism Removal (CPR):    0.000ns
  Clock Uncertainty:      0.035ns  ((TSJ^2 + TIJ^2)^1/2 + DJ) / 2 + PE
    Total System Jitter     (TSJ):    0.071ns
    Total Input Jitter      (TIJ):    0.000ns
    Discrete Jitter          (DJ):    0.000ns
    Phase Error              (PE):    0.000ns

    Location             Delay type                Incr(ns)  Path(ns)    Netlist Resource(s)
  -------------------------------------------------------------------    -------------------
                         (clock clk rise edge)        0.000     0.000 r  <hidden>
                                                      0.000     0.000 r  clk
                         net (fo=42639, unset)        0.973     0.973    clk
                         FDCE                                         r  di_reg[4]/C
  -------------------------------------------------------------------    -------------------
                         FDCE (Prop_fdce_C_Q)         0.478     1.451 r  di_reg[4]/Q
                         net (fo=134, unplaced)       0.773     2.224    a03_out[4]
                         CARRY4 (Prop_carry4_S[0]_O[2])
                                                      0.839     3.063 r  g0_b0_i_1/O[2]
                         net (fo=402, unplaced)       0.870     3.933    a03_out[6]
                         LUT6 (Prop_lut6_I0_O)        0.301     4.234 r  acc1__1_i_95/O
                         net (fo=2, unplaced)         0.743     4.977    acc1__1_i_95_n_0
                         LUT6 (Prop_lut6_I1_O)        0.124     5.101 r  acc1__1_i_28/O
                         net (fo=2, unplaced)         0.743     5.844    acc1__1_i_28_n_0
                         LUT6 (Prop_lut6_I3_O)        0.124     5.968 r  acc1__1_i_9/O
                         net (fo=1, unplaced)         0.449     6.417    p_0_out__6[7]
                         LUT4 (Prop_lut4_I0_O)        0.124     6.541 r  acc1__1_i_1/O
                         net (fo=22, unplaced)        0.803     7.344    acc1__1_i_1_n_0
                         DSP48E1 (Prop_dsp48e1_B[17]_P[1])
                                                      3.656    11.000 r  val0__3/P[1]
                         net (fo=1, unplaced)         0.803    11.803    val0__3_n_104
                         LUT2 (Prop_lut2_I1_O)        0.124    11.927 r  c4_rq6_return1__3_i_19/O
                         net (fo=1, unplaced)         0.000    11.927    c4_rq6_return1__3_i_19_n_0
                         CARRY4 (Prop_carry4_S[1]_CO[3])
                                                      0.533    12.460 r  c4_rq6_return1__3_i_4/CO[3]
                         net (fo=1, unplaced)         0.000    12.460    c4_rq6_return1__3_i_4_n_0
                         CARRY4 (Prop_carry4_CI_CO[3])
                                                      0.117    12.577 r  c4_rq6_return1__3_i_3/CO[3]
                         net (fo=1, unplaced)         0.000    12.577    c4_rq6_return1__3_i_3_n_0
                         CARRY4 (Prop_carry4_CI_CO[3])
                                                      0.117    12.694 r  c4_rq6_return1__3_i_2/CO[3]
                         net (fo=1, unplaced)         0.000    12.694    c4_rq6_return1__3_i_2_n_0
                         CARRY4 (Prop_carry4_CI_CO[3])
                                                      0.117    12.811 r  c4_rq6_return1__3_i_1/CO[3]
                         net (fo=1, unplaced)         0.000    12.811    c4_rq6_return1__3_i_1_n_0
                         CARRY4 (Prop_carry4_CI_CO[3])
                                                      0.117    12.928 r  c4_rq6_return1__0_i_5/CO[3]
                         net (fo=1, unplaced)         0.000    12.928    c4_rq6_return1__0_i_5_n_0
                         CARRY4 (Prop_carry4_CI_CO[3])
                                                      0.117    13.045 r  c4_rq6_return1__0_i_4/CO[3]
                         net (fo=1, unplaced)         0.000    13.045    c4_rq6_return1__0_i_4_n_0
                         CARRY4 (Prop_carry4_CI_CO[3])
                                                      0.117    13.162 r  c4_rq6_return1__0_i_3/CO[3]
                         net (fo=1, unplaced)         0.000    13.162    c4_rq6_return1__0_i_3_n_0
                         CARRY4 (Prop_carry4_CI_CO[3])
                                                      0.117    13.279 r  c4_rq6_return1__0_i_2/CO[3]
                         net (fo=1, unplaced)         0.000    13.279    c4_rq6_return1__0_i_2_n_0
                         CARRY4 (Prop_carry4_CI_O[1])
                                                      0.337    13.616 r  c4_rq6_return1__0_i_1/O[1]
                         net (fo=4, unplaced)         0.803    14.419    c4_rq6_return1__0_i_1_n_6
                         DSP48E1 (Prop_dsp48e1_A[16]_PCOUT[47])
                                                      4.215    18.634 r  c4_rq6_return1__0/PCOUT[47]
                         net (fo=1, unplaced)         0.000    18.634    c4_rq6_return1__0_n_106
                         DSP48E1 (Prop_dsp48e1_PCIN[47]_PCOUT[47])
                                                      1.713    20.347 r  c4_rq6_return1__1/PCOUT[47]
                         net (fo=1, unplaced)         0.000    20.347    c4_rq6_return1__1_n_106
                         DSP48E1 (Prop_dsp48e1_PCIN[47]_P[2])
                                                      1.518    21.865 r  c4_rq6_return1__2/P[2]
                         net (fo=2, unplaced)         0.803    22.667    c4_rq6_return1__2_n_103
                         LUT3 (Prop_lut3_I1_O)        0.124    22.791 r  vv_wdata[14]_i_96/O
                         net (fo=2, unplaced)         0.460    23.251    vv_wdata[14]_i_96_n_0
                         LUT4 (Prop_lut4_I3_O)        0.124    23.375 r  vv_wdata[14]_i_100/O
                         net (fo=1, unplaced)         0.000    23.375    vv_wdata[14]_i_100_n_0
                         CARRY4 (Prop_carry4_S[1]_CO[3])
                                                      0.533    23.908 r  vv_wdata_reg[14]_i_76/CO[3]
                         net (fo=1, unplaced)         0.000    23.908    vv_wdata_reg[14]_i_76_n_0
                         CARRY4 (Prop_carry4_CI_CO[3])
                                                      0.117    24.025 r  vv_wdata_reg[14]_i_40/CO[3]
                         net (fo=1, unplaced)         0.000    24.025    vv_wdata_reg[14]_i_40_n_0
                         CARRY4 (Prop_carry4_CI_O[2])
                                                      0.256    24.281 r  vv_wdata_reg[14]_i_21/O[2]
                         net (fo=147, unplaced)       0.561    24.842    c4_rq6_return1__6[63]
                         LUT4 (Prop_lut4_I2_O)        0.293    25.135 r  vv_wdata[0]_i_79/O
                         net (fo=1, unplaced)         0.000    25.135    vv_wdata[0]_i_79_n_0
                         CARRY4 (Prop_carry4_DI[0]_CO[3])
                                                      0.576    25.711 r  vv_wdata_reg[0]_i_57/CO[3]
                         net (fo=1, unplaced)         0.000    25.711    vv_wdata_reg[0]_i_57_n_0
                         CARRY4 (Prop_carry4_CI_CO[3])
                                                      0.117    25.828 r  vv_wdata_reg[0]_i_42/CO[3]
                         net (fo=1, unplaced)         0.000    25.828    vv_wdata_reg[0]_i_42_n_0
                         CARRY4 (Prop_carry4_CI_CO[3])
                                                      0.117    25.945 r  vv_wdata_reg[0]_i_17/CO[3]
                         net (fo=1, unplaced)         0.000    25.945    vv_wdata_reg[0]_i_17_n_0
                         CARRY4 (Prop_carry4_CI_CO[3])
                                                      0.117    26.062 r  vv_wdata_reg[0]_i_8/CO[3]
                         net (fo=1, unplaced)         0.000    26.062    vv_wdata_reg[0]_i_8_n_0
                         CARRY4 (Prop_carry4_CI_CO[1])
                                                      0.179    26.241 r  vv_wdata_reg[0]_i_3/CO[1]
                         net (fo=2, unplaced)         0.536    26.777    vv_wdata_reg[0]_i_3_n_2
                         CARRY4 (Prop_carry4_DI[0]_CO[3])
                                                      0.758    27.535 r  vv_wdata_reg[0]_i_2/CO[3]
                         net (fo=1, unplaced)         0.000    27.535    vv_wdata_reg[0]_i_2_n_0
                         CARRY4 (Prop_carry4_CI_CO[3])
                                                      0.117    27.652 r  vv_wdata_reg[7]_i_4/CO[3]
                         net (fo=1, unplaced)         0.000    27.652    vv_wdata_reg[7]_i_4_n_0
                         CARRY4 (Prop_carry4_CI_CO[3])
                                                      0.117    27.769 r  vv_wdata_reg[10]_i_8/CO[3]
                         net (fo=1, unplaced)         0.000    27.769    vv_wdata_reg[10]_i_8_n_0
                         CARRY4 (Prop_carry4_CI_CO[3])
                                                      0.117    27.886 r  vv_wdata_reg[14]_i_22/CO[3]
                         net (fo=1, unplaced)         0.000    27.886    vv_wdata_reg[14]_i_22_n_0
                         CARRY4 (Prop_carry4_CI_O[2])
                                                      0.256    28.142 f  vv_wdata_reg[14]_i_75/O[2]
                         net (fo=2, unplaced)         0.463    28.605    vv_wdata_reg[14]_i_75_n_5
                         LUT1 (Prop_lut1_I0_O)        0.301    28.906 r  vv_wdata[15]_i_124/O
                         net (fo=1, unplaced)         0.000    28.906    vv_wdata[15]_i_124_n_0
                         CARRY4 (Prop_carry4_S[1]_CO[3])
                                                      0.533    29.439 r  vv_wdata_reg[15]_i_87/CO[3]
                         net (fo=1, unplaced)         0.000    29.439    vv_wdata_reg[15]_i_87_n_0
                         CARRY4 (Prop_carry4_CI_O[2])
                                                      0.256    29.695 r  vv_wdata_reg[15]_i_60/O[2]
                         net (fo=1, unplaced)         0.452    30.147    c4_rq6_return0[23]
                         LUT3 (Prop_lut3_I0_O)        0.293    30.440 r  vv_wdata[15]_i_180/O
                         net (fo=1, unplaced)         0.449    30.889    c4_rq6_return[23]
                         LUT5 (Prop_lut5_I4_O)        0.124    31.013 r  vv_wdata[15]_i_155/O
                         net (fo=4, unplaced)         0.473    31.486    val__0__0[23]
                         LUT6 (Prop_lut6_I5_O)        0.124    31.610 r  vv_wdata[15]_i_112/O
                         net (fo=1, unplaced)         0.474    32.084    vv_wdata[15]_i_112_n_0
                         CARRY4 (Prop_carry4_DI[2]_CO[3])
                                                      0.404    32.488 r  vv_wdata_reg[15]_i_80/CO[3]
                         net (fo=1, unplaced)         0.000    32.488    vv_wdata_reg[15]_i_80_n_0
                         CARRY4 (Prop_carry4_CI_CO[3])
                                                      0.117    32.605 r  vv_wdata_reg[15]_i_55/CO[3]
                         net (fo=1, unplaced)         0.000    32.605    vv_wdata_reg[15]_i_55_n_0
                         CARRY4 (Prop_carry4_CI_CO[3])
                                                      0.117    32.722 r  vv_wdata_reg[15]_i_37/CO[3]
                         net (fo=1, unplaced)         0.000    32.722    vv_wdata_reg[15]_i_37_n_0
                         CARRY4 (Prop_carry4_CI_CO[3])
                                                      0.117    32.839 r  vv_wdata_reg[15]_i_21/CO[3]
                         net (fo=1, unplaced)         0.000    32.839    vv_wdata_reg[15]_i_21_n_0
                         CARRY4 (Prop_carry4_CI_CO[3])
                                                      0.117    32.956 r  vv_wdata_reg[15]_i_8/CO[3]
                         net (fo=1, unplaced)         0.000    32.956    vv_wdata_reg[15]_i_8_n_0
                         CARRY4 (Prop_carry4_CI_CO[2])
                                                      0.252    33.208 r  vv_wdata_reg[15]_i_5/CO[2]
                         net (fo=1, unplaced)         0.452    33.660    c4_sat1__1
                         LUT6 (Prop_lut6_I5_O)        0.310    33.970 r  vv_wdata[15]_i_1/O
                         net (fo=160, unplaced)       0.719    34.689    vv_wdata[15]_i_1_n_0
                         FDSE                                         r  vv_wdata_reg[10]_rep__5/S
  -------------------------------------------------------------------    -------------------

                         (clock clk rise edge)       10.000    10.000 r  <hidden>
                                                      0.000    10.000 r  clk
                         net (fo=42639, unset)        0.924    10.924    clk
                         FDSE                                         r  vv_wdata_reg[10]_rep__5/C
                         clock pessimism              0.000    10.924    <hidden>
                         clock uncertainty           -0.035    10.889    <hidden>
                         FDSE (Setup_fdse_C_S)       -0.557    10.332    vv_wdata_reg[10]_rep__5
  -------------------------------------------------------------------
                         required time                         10.332    <hidden>
                         arrival time                         -34.689    <hidden>
  -------------------------------------------------------------------
                         slack                                -24.357    <hidden>

Slack (VIOLATED) :        -24.357ns  (required time - arrival time)
  Source:                 di_reg[4]/C
                            (rising edge-triggered cell FDCE clocked by clk  {rise@0.000ns fall@5.000ns period=10.000ns})
  Destination:            vv_wdata_reg[10]_rep__6/S
                            (rising edge-triggered cell FDSE clocked by clk  {rise@0.000ns fall@5.000ns period=10.000ns})
  Path Group:             clk
  Path Type:              Setup (Max at Slow Process Corner)
  Requirement:            10.000ns  (clk rise@10.000ns - clk rise@0.000ns)
  Data Path Delay:        33.716ns  (logic 21.888ns (64.918%)  route 11.828ns (35.082%))
  Logic Levels:           48  (CARRY4=31 DSP48E1=4 LUT1=1 LUT2=1 LUT3=2 LUT4=3 LUT5=1 LUT6=5)
  Clock Path Skew:        -0.049ns (DCD - SCD + CPR)
    Destination Clock Delay (DCD):    0.924ns = ( 10.924 - 10.000 ) 
    Source Clock Delay      (SCD):    0.973ns
    Clock Pessimism Removal (CPR):    0.000ns
  Clock Uncertainty:      0.035ns  ((TSJ^2 + TIJ^2)^1/2 + DJ) / 2 + PE
    Total System Jitter     (TSJ):    0.071ns
    Total Input Jitter      (TIJ):    0.000ns
    Discrete Jitter          (DJ):    0.000ns
    Phase Error              (PE):    0.000ns

    Location             Delay type                Incr(ns)  Path(ns)    Netlist Resource(s)
  -------------------------------------------------------------------    -------------------
                         (clock clk rise edge)        0.000     0.000 r  <hidden>
                                                      0.000     0.000 r  clk
                         net (fo=42639, unset)        0.973     0.973    clk
                         FDCE                                         r  di_reg[4]/C
  -------------------------------------------------------------------    -------------------
                         FDCE (Prop_fdce_C_Q)         0.478     1.451 r  di_reg[4]/Q
                         net (fo=134, unplaced)       0.773     2.224    a03_out[4]
                         CARRY4 (Prop_carry4_S[0]_O[2])
                                                      0.839     3.063 r  g0_b0_i_1/O[2]
                         net (fo=402, unplaced)       0.870     3.933    a03_out[6]
                         LUT6 (Prop_lut6_I0_O)        0.301     4.234 r  acc1__1_i_95/O
                         net (fo=2, unplaced)         0.743     4.977    acc1__1_i_95_n_0
                         LUT6 (Prop_lut6_I1_O)        0.124     5.101 r  acc1__1_i_28/O
                         net (fo=2, unplaced)         0.743     5.844    acc1__1_i_28_n_0
                         LUT6 (Prop_lut6_I3_O)        0.124     5.968 r  acc1__1_i_9/O
                         net (fo=1, unplaced)         0.449     6.417    p_0_out__6[7]
                         LUT4 (Prop_lut4_I0_O)        0.124     6.541 r  acc1__1_i_1/O
                         net (fo=22, unplaced)        0.803     7.344    acc1__1_i_1_n_0
                         DSP48E1 (Prop_dsp48e1_B[17]_P[1])
                                                      3.656    11.000 r  val0__3/P[1]
                         net (fo=1, unplaced)         0.803    11.803    val0__3_n_104
                         LUT2 (Prop_lut2_I1_O)        0.124    11.927 r  c4_rq6_return1__3_i_19/O
                         net (fo=1, unplaced)         0.000    11.927    c4_rq6_return1__3_i_19_n_0
                         CARRY4 (Prop_carry4_S[1]_CO[3])
                                                      0.533    12.460 r  c4_rq6_return1__3_i_4/CO[3]
                         net (fo=1, unplaced)         0.000    12.460    c4_rq6_return1__3_i_4_n_0
                         CARRY4 (Prop_carry4_CI_CO[3])
                                                      0.117    12.577 r  c4_rq6_return1__3_i_3/CO[3]
                         net (fo=1, unplaced)         0.000    12.577    c4_rq6_return1__3_i_3_n_0
                         CARRY4 (Prop_carry4_CI_CO[3])
                                                      0.117    12.694 r  c4_rq6_return1__3_i_2/CO[3]
                         net (fo=1, unplaced)         0.000    12.694    c4_rq6_return1__3_i_2_n_0
                         CARRY4 (Prop_carry4_CI_CO[3])
                                                      0.117    12.811 r  c4_rq6_return1__3_i_1/CO[3]
                         net (fo=1, unplaced)         0.000    12.811    c4_rq6_return1__3_i_1_n_0
                         CARRY4 (Prop_carry4_CI_CO[3])
                                                      0.117    12.928 r  c4_rq6_return1__0_i_5/CO[3]
                         net (fo=1, unplaced)         0.000    12.928    c4_rq6_return1__0_i_5_n_0
                         CARRY4 (Prop_carry4_CI_CO[3])
                                                      0.117    13.045 r  c4_rq6_return1__0_i_4/CO[3]
                         net (fo=1, unplaced)         0.000    13.045    c4_rq6_return1__0_i_4_n_0
                         CARRY4 (Prop_carry4_CI_CO[3])
                                                      0.117    13.162 r  c4_rq6_return1__0_i_3/CO[3]
                         net (fo=1, unplaced)         0.000    13.162    c4_rq6_return1__0_i_3_n_0
                         CARRY4 (Prop_carry4_CI_CO[3])
                                                      0.117    13.279 r  c4_rq6_return1__0_i_2/CO[3]
                         net (fo=1, unplaced)         0.000    13.279    c4_rq6_return1__0_i_2_n_0
                         CARRY4 (Prop_carry4_CI_O[1])
                                                      0.337    13.616 r  c4_rq6_return1__0_i_1/O[1]
                         net (fo=4, unplaced)         0.803    14.419    c4_rq6_return1__0_i_1_n_6
                         DSP48E1 (Prop_dsp48e1_A[16]_PCOUT[47])
                                                      4.215    18.634 r  c4_rq6_return1__0/PCOUT[47]
                         net (fo=1, unplaced)         0.000    18.634    c4_rq6_return1__0_n_106
                         DSP48E1 (Prop_dsp48e1_PCIN[47]_PCOUT[47])
                                                      1.713    20.347 r  c4_rq6_return1__1/PCOUT[47]
                         net (fo=1, unplaced)         0.000    20.347    c4_rq6_return1__1_n_106
                         DSP48E1 (Prop_dsp48e1_PCIN[47]_P[2])
                                                      1.518    21.865 r  c4_rq6_return1__2/P[2]
                         net (fo=2, unplaced)         0.803    22.667    c4_rq6_return1__2_n_103
                         LUT3 (Prop_lut3_I1_O)        0.124    22.791 r  vv_wdata[14]_i_96/O
                         net (fo=2, unplaced)         0.460    23.251    vv_wdata[14]_i_96_n_0
                         LUT4 (Prop_lut4_I3_O)        0.124    23.375 r  vv_wdata[14]_i_100/O
                         net (fo=1, unplaced)         0.000    23.375    vv_wdata[14]_i_100_n_0
                         CARRY4 (Prop_carry4_S[1]_CO[3])
                                                      0.533    23.908 r  vv_wdata_reg[14]_i_76/CO[3]
                         net (fo=1, unplaced)         0.000    23.908    vv_wdata_reg[14]_i_76_n_0
                         CARRY4 (Prop_carry4_CI_CO[3])
                                                      0.117    24.025 r  vv_wdata_reg[14]_i_40/CO[3]
                         net (fo=1, unplaced)         0.000    24.025    vv_wdata_reg[14]_i_40_n_0
                         CARRY4 (Prop_carry4_CI_O[2])
                                                      0.256    24.281 r  vv_wdata_reg[14]_i_21/O[2]
                         net (fo=147, unplaced)       0.561    24.842    c4_rq6_return1__6[63]
                         LUT4 (Prop_lut4_I2_O)        0.293    25.135 r  vv_wdata[0]_i_79/O
                         net (fo=1, unplaced)         0.000    25.135    vv_wdata[0]_i_79_n_0
                         CARRY4 (Prop_carry4_DI[0]_CO[3])
                                                      0.576    25.711 r  vv_wdata_reg[0]_i_57/CO[3]
                         net (fo=1, unplaced)         0.000    25.711    vv_wdata_reg[0]_i_57_n_0
                         CARRY4 (Prop_carry4_CI_CO[3])
                                                      0.117    25.828 r  vv_wdata_reg[0]_i_42/CO[3]
                         net (fo=1, unplaced)         0.000    25.828    vv_wdata_reg[0]_i_42_n_0
                         CARRY4 (Prop_carry4_CI_CO[3])
                                                      0.117    25.945 r  vv_wdata_reg[0]_i_17/CO[3]
                         net (fo=1, unplaced)         0.000    25.945    vv_wdata_reg[0]_i_17_n_0
                         CARRY4 (Prop_carry4_CI_CO[3])
                                                      0.117    26.062 r  vv_wdata_reg[0]_i_8/CO[3]
                         net (fo=1, unplaced)         0.000    26.062    vv_wdata_reg[0]_i_8_n_0
                         CARRY4 (Prop_carry4_CI_CO[1])
                                                      0.179    26.241 r  vv_wdata_reg[0]_i_3/CO[1]
                         net (fo=2, unplaced)         0.536    26.777    vv_wdata_reg[0]_i_3_n_2
                         CARRY4 (Prop_carry4_DI[0]_CO[3])
                                                      0.758    27.535 r  vv_wdata_reg[0]_i_2/CO[3]
                         net (fo=1, unplaced)         0.000    27.535    vv_wdata_reg[0]_i_2_n_0
                         CARRY4 (Prop_carry4_CI_CO[3])
                                                      0.117    27.652 r  vv_wdata_reg[7]_i_4/CO[3]
                         net (fo=1, unplaced)         0.000    27.652    vv_wdata_reg[7]_i_4_n_0
                         CARRY4 (Prop_carry4_CI_CO[3])
                                                      0.117    27.769 r  vv_wdata_reg[10]_i_8/CO[3]
                         net (fo=1, unplaced)         0.000    27.769    vv_wdata_reg[10]_i_8_n_0
                         CARRY4 (Prop_carry4_CI_CO[3])
                                                      0.117    27.886 r  vv_wdata_reg[14]_i_22/CO[3]
                         net (fo=1, unplaced)         0.000    27.886    vv_wdata_reg[14]_i_22_n_0
                         CARRY4 (Prop_carry4_CI_O[2])
                                                      0.256    28.142 f  vv_wdata_reg[14]_i_75/O[2]
                         net (fo=2, unplaced)         0.463    28.605    vv_wdata_reg[14]_i_75_n_5
                         LUT1 (Prop_lut1_I0_O)        0.301    28.906 r  vv_wdata[15]_i_124/O
                         net (fo=1, unplaced)         0.000    28.906    vv_wdata[15]_i_124_n_0
                         CARRY4 (Prop_carry4_S[1]_CO[3])
                                                      0.533    29.439 r  vv_wdata_reg[15]_i_87/CO[3]
                         net (fo=1, unplaced)         0.000    29.439    vv_wdata_reg[15]_i_87_n_0
                         CARRY4 (Prop_carry4_CI_O[2])
                                                      0.256    29.695 r  vv_wdata_reg[15]_i_60/O[2]
                         net (fo=1, unplaced)         0.452    30.147    c4_rq6_return0[23]
                         LUT3 (Prop_lut3_I0_O)        0.293    30.440 r  vv_wdata[15]_i_180/O
                         net (fo=1, unplaced)         0.449    30.889    c4_rq6_return[23]
                         LUT5 (Prop_lut5_I4_O)        0.124    31.013 r  vv_wdata[15]_i_155/O
                         net (fo=4, unplaced)         0.473    31.486    val__0__0[23]
                         LUT6 (Prop_lut6_I5_O)        0.124    31.610 r  vv_wdata[15]_i_112/O
                         net (fo=1, unplaced)         0.474    32.084    vv_wdata[15]_i_112_n_0
                         CARRY4 (Prop_carry4_DI[2]_CO[3])
                                                      0.404    32.488 r  vv_wdata_reg[15]_i_80/CO[3]
                         net (fo=1, unplaced)         0.000    32.488    vv_wdata_reg[15]_i_80_n_0
                         CARRY4 (Prop_carry4_CI_CO[3])
                                                      0.117    32.605 r  vv_wdata_reg[15]_i_55/CO[3]
                         net (fo=1, unplaced)         0.000    32.605    vv_wdata_reg[15]_i_55_n_0
                         CARRY4 (Prop_carry4_CI_CO[3])
                                                      0.117    32.722 r  vv_wdata_reg[15]_i_37/CO[3]
                         net (fo=1, unplaced)         0.000    32.722    vv_wdata_reg[15]_i_37_n_0
                         CARRY4 (Prop_carry4_CI_CO[3])
                                                      0.117    32.839 r  vv_wdata_reg[15]_i_21/CO[3]
                         net (fo=1, unplaced)         0.000    32.839    vv_wdata_reg[15]_i_21_n_0
                         CARRY4 (Prop_carry4_CI_CO[3])
                                                      0.117    32.956 r  vv_wdata_reg[15]_i_8/CO[3]
                         net (fo=1, unplaced)         0.000    32.956    vv_wdata_reg[15]_i_8_n_0
                         CARRY4 (Prop_carry4_CI_CO[2])
                                                      0.252    33.208 r  vv_wdata_reg[15]_i_5/CO[2]
                         net (fo=1, unplaced)         0.452    33.660    c4_sat1__1
                         LUT6 (Prop_lut6_I5_O)        0.310    33.970 r  vv_wdata[15]_i_1/O
                         net (fo=160, unplaced)       0.719    34.689    vv_wdata[15]_i_1_n_0
                         FDSE                                         r  vv_wdata_reg[10]_rep__6/S
  -------------------------------------------------------------------    -------------------

                         (clock clk rise edge)       10.000    10.000 r  <hidden>
                                                      0.000    10.000 r  clk
                         net (fo=42639, unset)        0.924    10.924    clk
                         FDSE                                         r  vv_wdata_reg[10]_rep__6/C
                         clock pessimism              0.000    10.924    <hidden>
                         clock uncertainty           -0.035    10.889    <hidden>
                         FDSE (Setup_fdse_C_S)       -0.557    10.332    vv_wdata_reg[10]_rep__6
  -------------------------------------------------------------------
                         required time                         10.332    <hidden>
                         arrival time                         -34.689    <hidden>
  -------------------------------------------------------------------
                         slack                                -24.357    <hidden>

Slack (VIOLATED) :        -24.357ns  (required time - arrival time)
  Source:                 di_reg[4]/C
                            (rising edge-triggered cell FDCE clocked by clk  {rise@0.000ns fall@5.000ns period=10.000ns})
  Destination:            vv_wdata_reg[10]_rep__7/S
                            (rising edge-triggered cell FDSE clocked by clk  {rise@0.000ns fall@5.000ns period=10.000ns})
  Path Group:             clk
  Path Type:              Setup (Max at Slow Process Corner)
  Requirement:            10.000ns  (clk rise@10.000ns - clk rise@0.000ns)
  Data Path Delay:        33.716ns  (logic 21.888ns (64.918%)  route 11.828ns (35.082%))
  Logic Levels:           48  (CARRY4=31 DSP48E1=4 LUT1=1 LUT2=1 LUT3=2 LUT4=3 LUT5=1 LUT6=5)
  Clock Path Skew:        -0.049ns (DCD - SCD + CPR)
    Destination Clock Delay (DCD):    0.924ns = ( 10.924 - 10.000 ) 
    Source Clock Delay      (SCD):    0.973ns
    Clock Pessimism Removal (CPR):    0.000ns
  Clock Uncertainty:      0.035ns  ((TSJ^2 + TIJ^2)^1/2 + DJ) / 2 + PE
    Total System Jitter     (TSJ):    0.071ns
    Total Input Jitter      (TIJ):    0.000ns
    Discrete Jitter          (DJ):    0.000ns
    Phase Error              (PE):    0.000ns

    Location             Delay type                Incr(ns)  Path(ns)    Netlist Resource(s)
  -------------------------------------------------------------------    -------------------
                         (clock clk rise edge)        0.000     0.000 r  <hidden>
                                                      0.000     0.000 r  clk
                         net (fo=42639, unset)        0.973     0.973    clk
                         FDCE                                         r  di_reg[4]/C
  -------------------------------------------------------------------    -------------------
                         FDCE (Prop_fdce_C_Q)         0.478     1.451 r  di_reg[4]/Q
                         net (fo=134, unplaced)       0.773     2.224    a03_out[4]
                         CARRY4 (Prop_carry4_S[0]_O[2])
                                                      0.839     3.063 r  g0_b0_i_1/O[2]
                         net (fo=402, unplaced)       0.870     3.933    a03_out[6]
                         LUT6 (Prop_lut6_I0_O)        0.301     4.234 r  acc1__1_i_95/O
                         net (fo=2, unplaced)         0.743     4.977    acc1__1_i_95_n_0
                         LUT6 (Prop_lut6_I1_O)        0.124     5.101 r  acc1__1_i_28/O
                         net (fo=2, unplaced)         0.743     5.844    acc1__1_i_28_n_0
                         LUT6 (Prop_lut6_I3_O)        0.124     5.968 r  acc1__1_i_9/O
                         net (fo=1, unplaced)         0.449     6.417    p_0_out__6[7]
                         LUT4 (Prop_lut4_I0_O)        0.124     6.541 r  acc1__1_i_1/O
                         net (fo=22, unplaced)        0.803     7.344    acc1__1_i_1_n_0
                         DSP48E1 (Prop_dsp48e1_B[17]_P[1])
                                                      3.656    11.000 r  val0__3/P[1]
                         net (fo=1, unplaced)         0.803    11.803    val0__3_n_104
                         LUT2 (Prop_lut2_I1_O)        0.124    11.927 r  c4_rq6_return1__3_i_19/O
                         net (fo=1, unplaced)         0.000    11.927    c4_rq6_return1__3_i_19_n_0
                         CARRY4 (Prop_carry4_S[1]_CO[3])
                                                      0.533    12.460 r  c4_rq6_return1__3_i_4/CO[3]
                         net (fo=1, unplaced)         0.000    12.460    c4_rq6_return1__3_i_4_n_0
                         CARRY4 (Prop_carry4_CI_CO[3])
                                                      0.117    12.577 r  c4_rq6_return1__3_i_3/CO[3]
                         net (fo=1, unplaced)         0.000    12.577    c4_rq6_return1__3_i_3_n_0
                         CARRY4 (Prop_carry4_CI_CO[3])
                                                      0.117    12.694 r  c4_rq6_return1__3_i_2/CO[3]
                         net (fo=1, unplaced)         0.000    12.694    c4_rq6_return1__3_i_2_n_0
                         CARRY4 (Prop_carry4_CI_CO[3])
                                                      0.117    12.811 r  c4_rq6_return1__3_i_1/CO[3]
                         net (fo=1, unplaced)         0.000    12.811    c4_rq6_return1__3_i_1_n_0
                         CARRY4 (Prop_carry4_CI_CO[3])
                                                      0.117    12.928 r  c4_rq6_return1__0_i_5/CO[3]
                         net (fo=1, unplaced)         0.000    12.928    c4_rq6_return1__0_i_5_n_0
                         CARRY4 (Prop_carry4_CI_CO[3])
                                                      0.117    13.045 r  c4_rq6_return1__0_i_4/CO[3]
                         net (fo=1, unplaced)         0.000    13.045    c4_rq6_return1__0_i_4_n_0
                         CARRY4 (Prop_carry4_CI_CO[3])
                                                      0.117    13.162 r  c4_rq6_return1__0_i_3/CO[3]
                         net (fo=1, unplaced)         0.000    13.162    c4_rq6_return1__0_i_3_n_0
                         CARRY4 (Prop_carry4_CI_CO[3])
                                                      0.117    13.279 r  c4_rq6_return1__0_i_2/CO[3]
                         net (fo=1, unplaced)         0.000    13.279    c4_rq6_return1__0_i_2_n_0
                         CARRY4 (Prop_carry4_CI_O[1])
                                                      0.337    13.616 r  c4_rq6_return1__0_i_1/O[1]
                         net (fo=4, unplaced)         0.803    14.419    c4_rq6_return1__0_i_1_n_6
                         DSP48E1 (Prop_dsp48e1_A[16]_PCOUT[47])
                                                      4.215    18.634 r  c4_rq6_return1__0/PCOUT[47]
                         net (fo=1, unplaced)         0.000    18.634    c4_rq6_return1__0_n_106
                         DSP48E1 (Prop_dsp48e1_PCIN[47]_PCOUT[47])
                                                      1.713    20.347 r  c4_rq6_return1__1/PCOUT[47]
                         net (fo=1, unplaced)         0.000    20.347    c4_rq6_return1__1_n_106
                         DSP48E1 (Prop_dsp48e1_PCIN[47]_P[2])
                                                      1.518    21.865 r  c4_rq6_return1__2/P[2]
                         net (fo=2, unplaced)         0.803    22.667    c4_rq6_return1__2_n_103
                         LUT3 (Prop_lut3_I1_O)        0.124    22.791 r  vv_wdata[14]_i_96/O
                         net (fo=2, unplaced)         0.460    23.251    vv_wdata[14]_i_96_n_0
                         LUT4 (Prop_lut4_I3_O)        0.124    23.375 r  vv_wdata[14]_i_100/O
                         net (fo=1, unplaced)         0.000    23.375    vv_wdata[14]_i_100_n_0
                         CARRY4 (Prop_carry4_S[1]_CO[3])
                                                      0.533    23.908 r  vv_wdata_reg[14]_i_76/CO[3]
                         net (fo=1, unplaced)         0.000    23.908    vv_wdata_reg[14]_i_76_n_0
                         CARRY4 (Prop_carry4_CI_CO[3])
                                                      0.117    24.025 r  vv_wdata_reg[14]_i_40/CO[3]
                         net (fo=1, unplaced)         0.000    24.025    vv_wdata_reg[14]_i_40_n_0
                         CARRY4 (Prop_carry4_CI_O[2])
                                                      0.256    24.281 r  vv_wdata_reg[14]_i_21/O[2]
                         net (fo=147, unplaced)       0.561    24.842    c4_rq6_return1__6[63]
                         LUT4 (Prop_lut4_I2_O)        0.293    25.135 r  vv_wdata[0]_i_79/O
                         net (fo=1, unplaced)         0.000    25.135    vv_wdata[0]_i_79_n_0
                         CARRY4 (Prop_carry4_DI[0]_CO[3])
                                                      0.576    25.711 r  vv_wdata_reg[0]_i_57/CO[3]
                         net (fo=1, unplaced)         0.000    25.711    vv_wdata_reg[0]_i_57_n_0
                         CARRY4 (Prop_carry4_CI_CO[3])
                                                      0.117    25.828 r  vv_wdata_reg[0]_i_42/CO[3]
                         net (fo=1, unplaced)         0.000    25.828    vv_wdata_reg[0]_i_42_n_0
                         CARRY4 (Prop_carry4_CI_CO[3])
                                                      0.117    25.945 r  vv_wdata_reg[0]_i_17/CO[3]
                         net (fo=1, unplaced)         0.000    25.945    vv_wdata_reg[0]_i_17_n_0
                         CARRY4 (Prop_carry4_CI_CO[3])
                                                      0.117    26.062 r  vv_wdata_reg[0]_i_8/CO[3]
                         net (fo=1, unplaced)         0.000    26.062    vv_wdata_reg[0]_i_8_n_0
                         CARRY4 (Prop_carry4_CI_CO[1])
                                                      0.179    26.241 r  vv_wdata_reg[0]_i_3/CO[1]
                         net (fo=2, unplaced)         0.536    26.777    vv_wdata_reg[0]_i_3_n_2
                         CARRY4 (Prop_carry4_DI[0]_CO[3])
                                                      0.758    27.535 r  vv_wdata_reg[0]_i_2/CO[3]
                         net (fo=1, unplaced)         0.000    27.535    vv_wdata_reg[0]_i_2_n_0
                         CARRY4 (Prop_carry4_CI_CO[3])
                                                      0.117    27.652 r  vv_wdata_reg[7]_i_4/CO[3]
                         net (fo=1, unplaced)         0.000    27.652    vv_wdata_reg[7]_i_4_n_0
                         CARRY4 (Prop_carry4_CI_CO[3])
                                                      0.117    27.769 r  vv_wdata_reg[10]_i_8/CO[3]
                         net (fo=1, unplaced)         0.000    27.769    vv_wdata_reg[10]_i_8_n_0
                         CARRY4 (Prop_carry4_CI_CO[3])
                                                      0.117    27.886 r  vv_wdata_reg[14]_i_22/CO[3]
                         net (fo=1, unplaced)         0.000    27.886    vv_wdata_reg[14]_i_22_n_0
                         CARRY4 (Prop_carry4_CI_O[2])
                                                      0.256    28.142 f  vv_wdata_reg[14]_i_75/O[2]
                         net (fo=2, unplaced)         0.463    28.605    vv_wdata_reg[14]_i_75_n_5
                         LUT1 (Prop_lut1_I0_O)        0.301    28.906 r  vv_wdata[15]_i_124/O
                         net (fo=1, unplaced)         0.000    28.906    vv_wdata[15]_i_124_n_0
                         CARRY4 (Prop_carry4_S[1]_CO[3])
                                                      0.533    29.439 r  vv_wdata_reg[15]_i_87/CO[3]
                         net (fo=1, unplaced)         0.000    29.439    vv_wdata_reg[15]_i_87_n_0
                         CARRY4 (Prop_carry4_CI_O[2])
                                                      0.256    29.695 r  vv_wdata_reg[15]_i_60/O[2]
                         net (fo=1, unplaced)         0.452    30.147    c4_rq6_return0[23]
                         LUT3 (Prop_lut3_I0_O)        0.293    30.440 r  vv_wdata[15]_i_180/O
                         net (fo=1, unplaced)         0.449    30.889    c4_rq6_return[23]
                         LUT5 (Prop_lut5_I4_O)        0.124    31.013 r  vv_wdata[15]_i_155/O
                         net (fo=4, unplaced)         0.473    31.486    val__0__0[23]
                         LUT6 (Prop_lut6_I5_O)        0.124    31.610 r  vv_wdata[15]_i_112/O
                         net (fo=1, unplaced)         0.474    32.084    vv_wdata[15]_i_112_n_0
                         CARRY4 (Prop_carry4_DI[2]_CO[3])
                                                      0.404    32.488 r  vv_wdata_reg[15]_i_80/CO[3]
                         net (fo=1, unplaced)         0.000    32.488    vv_wdata_reg[15]_i_80_n_0
                         CARRY4 (Prop_carry4_CI_CO[3])
                                                      0.117    32.605 r  vv_wdata_reg[15]_i_55/CO[3]
                         net (fo=1, unplaced)         0.000    32.605    vv_wdata_reg[15]_i_55_n_0
                         CARRY4 (Prop_carry4_CI_CO[3])
                                                      0.117    32.722 r  vv_wdata_reg[15]_i_37/CO[3]
                         net (fo=1, unplaced)         0.000    32.722    vv_wdata_reg[15]_i_37_n_0
                         CARRY4 (Prop_carry4_CI_CO[3])
                                                      0.117    32.839 r  vv_wdata_reg[15]_i_21/CO[3]
                         net (fo=1, unplaced)         0.000    32.839    vv_wdata_reg[15]_i_21_n_0
                         CARRY4 (Prop_carry4_CI_CO[3])
                                                      0.117    32.956 r  vv_wdata_reg[15]_i_8/CO[3]
                         net (fo=1, unplaced)         0.000    32.956    vv_wdata_reg[15]_i_8_n_0
                         CARRY4 (Prop_carry4_CI_CO[2])
                                                      0.252    33.208 r  vv_wdata_reg[15]_i_5/CO[2]
                         net (fo=1, unplaced)         0.452    33.660    c4_sat1__1
                         LUT6 (Prop_lut6_I5_O)        0.310    33.970 r  vv_wdata[15]_i_1/O
                         net (fo=160, unplaced)       0.719    34.689    vv_wdata[15]_i_1_n_0
                         FDSE                                         r  vv_wdata_reg[10]_rep__7/S
  -------------------------------------------------------------------    -------------------

                         (clock clk rise edge)       10.000    10.000 r  <hidden>
                                                      0.000    10.000 r  clk
                         net (fo=42639, unset)        0.924    10.924    clk
                         FDSE                                         r  vv_wdata_reg[10]_rep__7/C
                         clock pessimism              0.000    10.924    <hidden>
                         clock uncertainty           -0.035    10.889    <hidden>
                         FDSE (Setup_fdse_C_S)       -0.557    10.332    vv_wdata_reg[10]_rep__7
  -------------------------------------------------------------------
                         required time                         10.332    <hidden>
                         arrival time                         -34.689    <hidden>
  -------------------------------------------------------------------
                         slack                                -24.357    <hidden>




