Copyright 1986-2022 Xilinx, Inc. All Rights Reserved. Copyright 2022-2026 Advanced Micro Devices, Inc. All Rights Reserved.
------------------------------------------------------------------------------------------------------------------------------------------------------------------------------------------------------------------------------------------
| Tool Version : Vivado v.2026.1 (win64) Build 6511674 Tue Jun 16 11:02:23 MDT 2026
| Date         : Wed Sep  9 21:45:26 2026
| Host         : laptop-Quan running 64-bit major release  (build 9200)
| Command      : report_timing -delay_type max -max_paths 20 -nworst 1 -sort_by slack -file D:/FPGA/FPGG_ART_Y_ASTRA_NATIVE_V1_RESEARCH/results/A7-NATIVE-GRAPH/ASTRA-FINAL-C4-C7-20260909/26_C4_D32_BITEXACT_PHYSICAL/timing_n20_e3g.rpt
| Design       : a7ng_astra_c4_lm06_d32_fr_v2
| Device       : 7a100t-csg324
| Speed File   : -1  PRODUCTION 1.23 2018-06-13
| Design State : Synthesized
------------------------------------------------------------------------------------------------------------------------------------------------------------------------------------------------------------------------------------------

Timing Report

Slack (VIOLATED) :        -22.718ns  (required time - arrival time)
  Source:                 di_reg[4]_rep__5/C
                            (rising edge-triggered cell FDCE clocked by clk  {rise@0.000ns fall@5.000ns period=10.000ns})
  Destination:            kv_wdata_reg[0]/D
                            (rising edge-triggered cell FDRE clocked by clk  {rise@0.000ns fall@5.000ns period=10.000ns})
  Path Group:             clk
  Path Type:              Setup (Max at Slow Process Corner)
  Requirement:            10.000ns  (clk rise@10.000ns - clk rise@0.000ns)
  Data Path Delay:        32.678ns  (logic 21.759ns (66.585%)  route 10.919ns (33.415%))
  Logic Levels:           48  (CARRY4=31 DSP48E1=4 LUT1=1 LUT2=1 LUT3=1 LUT4=3 LUT5=1 LUT6=5 MUXF7=1)
  Clock Path Skew:        -0.049ns (DCD - SCD + CPR)
    Destination Clock Delay (DCD):    0.924ns = ( 10.924 - 10.000 ) 
    Source Clock Delay      (SCD):    0.973ns
    Clock Pessimism Removal (CPR):    0.000ns
  Clock Uncertainty:      0.035ns  ((TSJ^2 + TIJ^2)^1/2 + DJ) / 2 + PE
    Total System Jitter     (TSJ):    0.071ns
    Total Input Jitter      (TIJ):    0.000ns
    Discrete Jitter          (DJ):    0.000ns
    Phase Error              (PE):    0.000ns

    Location             Delay type                Incr(ns)  Path(ns)    Netlist Resource(s)
  -------------------------------------------------------------------    -------------------
                         (clock clk rise edge)        0.000     0.000 r  <hidden>
                                                      0.000     0.000 r  clk
                         net (fo=43012, unset)        0.973     0.973    clk
                         FDCE                                         r  di_reg[4]_rep__5/C
  -------------------------------------------------------------------    -------------------
                         FDCE (Prop_fdce_C_Q)         0.478     1.451 r  di_reg[4]_rep__5/Q
                         net (fo=118, unplaced)       0.770     2.221    di_reg[4]_rep__5_n_0
                         CARRY4 (Prop_carry4_S[0]_O[1])
                                                      0.722     2.943 r  g0_b0_i_2/O[1]
                         net (fo=723, unplaced)       0.751     3.694    a03_out[5]
                         LUT6 (Prop_lut6_I5_O)        0.306     4.000 r  g6_b7__1__0/O
                         net (fo=2, unplaced)         0.743     4.743    g6_b7__1__0_n_0
                         LUT6 (Prop_lut6_I1_O)        0.124     4.867 r  acc1__0_i_81/O
                         net (fo=1, unplaced)         0.000     4.867    acc1__0_i_81_n_0
                         MUXF7 (Prop_muxf7_I1_O)      0.247     5.114 r  acc1__0_i_26/O
                         net (fo=1, unplaced)         0.735     5.849    acc1__0_i_26_n_0
                         LUT6 (Prop_lut6_I2_O)        0.298     6.147 r  acc1__0_i_1/O
                         net (fo=22, unplaced)        0.803     6.950    acc1__0_i_1_n_0
                         DSP48E1 (Prop_dsp48e1_B[17]_P[1])
                                                      3.656    10.606 r  val0__1__0/P[1]
                         net (fo=1, unplaced)         0.803    11.409    val0__1__0_n_104
                         LUT2 (Prop_lut2_I1_O)        0.124    11.533 r  c4_rq4_return1__3_i_19/O
                         net (fo=1, unplaced)         0.000    11.533    c4_rq4_return1__3_i_19_n_0
                         CARRY4 (Prop_carry4_S[1]_CO[3])
                                                      0.533    12.066 r  c4_rq4_return1__3_i_4/CO[3]
                         net (fo=1, unplaced)         0.000    12.066    c4_rq4_return1__3_i_4_n_0
                         CARRY4 (Prop_carry4_CI_CO[3])
                                                      0.117    12.183 r  c4_rq4_return1__3_i_3/CO[3]
                         net (fo=1, unplaced)         0.000    12.183    c4_rq4_return1__3_i_3_n_0
                         CARRY4 (Prop_carry4_CI_CO[3])
                                                      0.117    12.300 r  c4_rq4_return1__3_i_2/CO[3]
                         net (fo=1, unplaced)         0.000    12.300    c4_rq4_return1__3_i_2_n_0
                         CARRY4 (Prop_carry4_CI_CO[3])
                                                      0.117    12.417 r  c4_rq4_return1__3_i_1/CO[3]
                         net (fo=1, unplaced)         0.000    12.417    c4_rq4_return1__3_i_1_n_0
                         CARRY4 (Prop_carry4_CI_CO[3])
                                                      0.117    12.534 r  c4_rq4_return1__0_i_5/CO[3]
                         net (fo=1, unplaced)         0.000    12.534    c4_rq4_return1__0_i_5_n_0
                         CARRY4 (Prop_carry4_CI_CO[3])
                                                      0.117    12.651 r  c4_rq4_return1__0_i_4/CO[3]
                         net (fo=1, unplaced)         0.000    12.651    c4_rq4_return1__0_i_4_n_0
                         CARRY4 (Prop_carry4_CI_CO[3])
                                                      0.117    12.768 r  c4_rq4_return1__0_i_3/CO[3]
                         net (fo=1, unplaced)         0.000    12.768    c4_rq4_return1__0_i_3_n_0
                         CARRY4 (Prop_carry4_CI_CO[3])
                                                      0.117    12.885 r  c4_rq4_return1__0_i_2/CO[3]
                         net (fo=1, unplaced)         0.000    12.885    c4_rq4_return1__0_i_2_n_0
                         CARRY4 (Prop_carry4_CI_O[1])
                                                      0.337    13.222 r  c4_rq4_return1__0_i_1/O[1]
                         net (fo=4, unplaced)         0.803    14.025    c4_rq4_return1__0_i_1_n_6
                         DSP48E1 (Prop_dsp48e1_A[16]_PCOUT[47])
                                                      4.215    18.240 r  c4_rq3_return1__0/PCOUT[47]
                         net (fo=1, unplaced)         0.000    18.240    c4_rq3_return1__0_n_106
                         DSP48E1 (Prop_dsp48e1_PCIN[47]_PCOUT[47])
                                                      1.713    19.953 r  c4_rq3_return1__1/PCOUT[47]
                         net (fo=1, unplaced)         0.000    19.953    c4_rq3_return1__1_n_106
                         DSP48E1 (Prop_dsp48e1_PCIN[47]_P[1])
                                                      1.518    21.471 r  c4_rq3_return1__2/P[1]
                         net (fo=3, unplaced)         0.803    22.273    c4_rq3_return1__2_n_104
                         LUT3 (Prop_lut3_I1_O)        0.149    22.422 r  kv_wdata[15]_i_121/O
                         net (fo=2, unplaced)         0.459    22.881    kv_wdata[15]_i_121_n_0
                         LUT4 (Prop_lut4_I3_O)        0.355    23.236 r  kv_wdata[15]_i_125/O
                         net (fo=1, unplaced)         0.000    23.236    kv_wdata[15]_i_125_n_0
                         CARRY4 (Prop_carry4_S[0]_CO[3])
                                                      0.513    23.749 r  kv_wdata_reg[15]_i_70/CO[3]
                         net (fo=1, unplaced)         0.000    23.749    kv_wdata_reg[15]_i_70_n_0
                         CARRY4 (Prop_carry4_CI_CO[3])
                                                      0.117    23.866 r  kv_wdata_reg[15]_i_29/CO[3]
                         net (fo=1, unplaced)         0.000    23.866    kv_wdata_reg[15]_i_29_n_0
                         CARRY4 (Prop_carry4_CI_O[2])
                                                      0.256    24.122 r  kv_wdata_reg[15]_i_8/O[2]
                         net (fo=152, unplaced)       0.562    24.684    c4_rq3_return1__6[63]
                         LUT4 (Prop_lut4_I2_O)        0.293    24.977 r  kv_wdata[0]_i_178/O
                         net (fo=1, unplaced)         0.000    24.977    kv_wdata[0]_i_178_n_0
                         CARRY4 (Prop_carry4_DI[0]_CO[3])
                                                      0.576    25.553 r  kv_wdata_reg[0]_i_137/CO[3]
                         net (fo=1, unplaced)         0.000    25.553    kv_wdata_reg[0]_i_137_n_0
                         CARRY4 (Prop_carry4_CI_CO[3])
                                                      0.117    25.670 r  kv_wdata_reg[0]_i_93/CO[3]
                         net (fo=1, unplaced)         0.000    25.670    kv_wdata_reg[0]_i_93_n_0
                         CARRY4 (Prop_carry4_CI_CO[3])
                                                      0.117    25.787 r  kv_wdata_reg[0]_i_37/CO[3]
                         net (fo=1, unplaced)         0.000    25.787    kv_wdata_reg[0]_i_37_n_0
                         CARRY4 (Prop_carry4_CI_CO[3])
                                                      0.117    25.904 r  kv_wdata_reg[0]_i_14/CO[3]
                         net (fo=1, unplaced)         0.000    25.904    kv_wdata_reg[0]_i_14_n_0
                         CARRY4 (Prop_carry4_CI_CO[3])
                                                      0.117    26.021 r  kv_wdata_reg[0]_i_4/CO[3]
                         net (fo=2, unplaced)         0.759    26.780    kv_wdata_reg[0]_i_4_n_0
                         LUT4 (Prop_lut4_I3_O)        0.124    26.904 r  kv_wdata[0]_i_8/O
                         net (fo=1, unplaced)         0.000    26.904    kv_wdata[0]_i_8_n_0
                         CARRY4 (Prop_carry4_S[0]_CO[3])
                                                      0.513    27.417 r  kv_wdata_reg[0]_i_2/CO[3]
                         net (fo=1, unplaced)         0.000    27.417    kv_wdata_reg[0]_i_2_n_0
                         CARRY4 (Prop_carry4_CI_CO[3])
                                                      0.117    27.534 r  kv_wdata_reg[7]_i_4/CO[3]
                         net (fo=1, unplaced)         0.000    27.534    kv_wdata_reg[7]_i_4_n_0
                         CARRY4 (Prop_carry4_CI_CO[3])
                                                      0.117    27.651 r  kv_wdata_reg[11]_i_4/CO[3]
                         net (fo=1, unplaced)         0.000    27.651    kv_wdata_reg[11]_i_4_n_0
                         CARRY4 (Prop_carry4_CI_CO[3])
                                                      0.117    27.768 r  kv_wdata_reg[15]_i_9/CO[3]
                         net (fo=1, unplaced)         0.000    27.768    kv_wdata_reg[15]_i_9_n_0
                         CARRY4 (Prop_carry4_CI_CO[3])
                                                      0.117    27.885 r  kv_wdata_reg[15]_i_69/CO[3]
                         net (fo=1, unplaced)         0.000    27.885    kv_wdata_reg[15]_i_69_n_0
                         CARRY4 (Prop_carry4_CI_O[2])
                                                      0.256    28.141 f  kv_wdata_reg[15]_i_212/O[2]
                         net (fo=2, unplaced)         0.463    28.604    kv_wdata_reg[15]_i_212_n_5
                         LUT1 (Prop_lut1_I0_O)        0.301    28.905 r  kv_wdata[15]_i_182/O
                         net (fo=1, unplaced)         0.000    28.905    kv_wdata[15]_i_182_n_0
                         CARRY4 (Prop_carry4_S[1]_CO[3])
                                                      0.533    29.438 r  kv_wdata_reg[15]_i_107/CO[3]
                         net (fo=1, unplaced)         0.000    29.438    kv_wdata_reg[15]_i_107_n_0
                         CARRY4 (Prop_carry4_CI_CO[1])
                                                      0.179    29.617 r  kv_wdata_reg[15]_i_63/CO[1]
                         net (fo=58, unplaced)        0.697    30.314    kv_wdata_reg[15]_i_63_n_2
                         LUT6 (Prop_lut6_I1_O)        0.332    30.646 f  kv_wdata[15]_i_237/O
                         net (fo=4, unplaced)         0.473    31.119    kv_wdata[15]_i_237_n_0
                         LUT6 (Prop_lut6_I0_O)        0.124    31.243 r  kv_wdata[15]_i_195/O
                         net (fo=1, unplaced)         0.469    31.712    kv_wdata[15]_i_195_n_0
                         CARRY4 (Prop_carry4_DI[1]_CO[3])
                                                      0.520    32.232 r  kv_wdata_reg[15]_i_164/CO[3]
                         net (fo=1, unplaced)         0.000    32.232    kv_wdata_reg[15]_i_164_n_0
                         CARRY4 (Prop_carry4_CI_CO[3])
                                                      0.117    32.349 r  kv_wdata_reg[15]_i_95/CO[3]
                         net (fo=1, unplaced)         0.000    32.349    kv_wdata_reg[15]_i_95_n_0
                         CARRY4 (Prop_carry4_CI_CO[3])
                                                      0.117    32.466 r  kv_wdata_reg[15]_i_53/CO[3]
                         net (fo=1, unplaced)         0.000    32.466    kv_wdata_reg[15]_i_53_n_0
                         CARRY4 (Prop_carry4_CI_CO[3])
                                                      0.117    32.583 r  kv_wdata_reg[15]_i_13/CO[3]
                         net (fo=1, unplaced)         0.000    32.583    kv_wdata_reg[15]_i_13_n_0
                         CARRY4 (Prop_carry4_CI_CO[3])
                                                      0.117    32.700 r  kv_wdata_reg[15]_i_5/CO[3]
                         net (fo=128, unplaced)       0.827    33.527    kv_wdata_reg[15]_i_5_n_0
                         LUT5 (Prop_lut5_I4_O)        0.124    33.651 r  kv_wdata[0]_i_1/O
                         net (fo=1, unplaced)         0.000    33.651    kv_wdata[0]_i_1_n_0
                         FDRE                                         r  kv_wdata_reg[0]/D
  -------------------------------------------------------------------    -------------------

                         (clock clk rise edge)       10.000    10.000 r  <hidden>
                                                      0.000    10.000 r  clk
                         net (fo=43012, unset)        0.924    10.924    clk
                         FDRE                                         r  kv_wdata_reg[0]/C
                         clock pessimism              0.000    10.924    <hidden>
                         clock uncertainty           -0.035    10.889    <hidden>
                         FDRE (Setup_fdre_C_D)        0.044    10.933    kv_wdata_reg[0]
  -------------------------------------------------------------------
                         required time                         10.933    <hidden>
                         arrival time                         -33.651    <hidden>
  -------------------------------------------------------------------
                         slack                                -22.718    <hidden>

Slack (VIOLATED) :        -22.718ns  (required time - arrival time)
  Source:                 di_reg[4]_rep__5/C
                            (rising edge-triggered cell FDCE clocked by clk  {rise@0.000ns fall@5.000ns period=10.000ns})
  Destination:            kv_wdata_reg[0]_rep/D
                            (rising edge-triggered cell FDRE clocked by clk  {rise@0.000ns fall@5.000ns period=10.000ns})
  Path Group:             clk
  Path Type:              Setup (Max at Slow Process Corner)
  Requirement:            10.000ns  (clk rise@10.000ns - clk rise@0.000ns)
  Data Path Delay:        32.678ns  (logic 21.759ns (66.585%)  route 10.919ns (33.415%))
  Logic Levels:           48  (CARRY4=31 DSP48E1=4 LUT1=1 LUT2=1 LUT3=1 LUT4=3 LUT5=1 LUT6=5 MUXF7=1)
  Clock Path Skew:        -0.049ns (DCD - SCD + CPR)
    Destination Clock Delay (DCD):    0.924ns = ( 10.924 - 10.000 ) 
    Source Clock Delay      (SCD):    0.973ns
    Clock Pessimism Removal (CPR):    0.000ns
  Clock Uncertainty:      0.035ns  ((TSJ^2 + TIJ^2)^1/2 + DJ) / 2 + PE
    Total System Jitter     (TSJ):    0.071ns
    Total Input Jitter      (TIJ):    0.000ns
    Discrete Jitter          (DJ):    0.000ns
    Phase Error              (PE):    0.000ns

    Location             Delay type                Incr(ns)  Path(ns)    Netlist Resource(s)
  -------------------------------------------------------------------    -------------------
                         (clock clk rise edge)        0.000     0.000 r  <hidden>
                                                      0.000     0.000 r  clk
                         net (fo=43012, unset)        0.973     0.973    clk
                         FDCE                                         r  di_reg[4]_rep__5/C
  -------------------------------------------------------------------    -------------------
                         FDCE (Prop_fdce_C_Q)         0.478     1.451 r  di_reg[4]_rep__5/Q
                         net (fo=118, unplaced)       0.770     2.221    di_reg[4]_rep__5_n_0
                         CARRY4 (Prop_carry4_S[0]_O[1])
                                                      0.722     2.943 r  g0_b0_i_2/O[1]
                         net (fo=723, unplaced)       0.751     3.694    a03_out[5]
                         LUT6 (Prop_lut6_I5_O)        0.306     4.000 r  g6_b7__1__0/O
                         net (fo=2, unplaced)         0.743     4.743    g6_b7__1__0_n_0
                         LUT6 (Prop_lut6_I1_O)        0.124     4.867 r  acc1__0_i_81/O
                         net (fo=1, unplaced)         0.000     4.867    acc1__0_i_81_n_0
                         MUXF7 (Prop_muxf7_I1_O)      0.247     5.114 r  acc1__0_i_26/O
                         net (fo=1, unplaced)         0.735     5.849    acc1__0_i_26_n_0
                         LUT6 (Prop_lut6_I2_O)        0.298     6.147 r  acc1__0_i_1/O
                         net (fo=22, unplaced)        0.803     6.950    acc1__0_i_1_n_0
                         DSP48E1 (Prop_dsp48e1_B[17]_P[1])
                                                      3.656    10.606 r  val0__1__0/P[1]
                         net (fo=1, unplaced)         0.803    11.409    val0__1__0_n_104
                         LUT2 (Prop_lut2_I1_O)        0.124    11.533 r  c4_rq4_return1__3_i_19/O
                         net (fo=1, unplaced)         0.000    11.533    c4_rq4_return1__3_i_19_n_0
                         CARRY4 (Prop_carry4_S[1]_CO[3])
                                                      0.533    12.066 r  c4_rq4_return1__3_i_4/CO[3]
                         net (fo=1, unplaced)         0.000    12.066    c4_rq4_return1__3_i_4_n_0
                         CARRY4 (Prop_carry4_CI_CO[3])
                                                      0.117    12.183 r  c4_rq4_return1__3_i_3/CO[3]
                         net (fo=1, unplaced)         0.000    12.183    c4_rq4_return1__3_i_3_n_0
                         CARRY4 (Prop_carry4_CI_CO[3])
                                                      0.117    12.300 r  c4_rq4_return1__3_i_2/CO[3]
                         net (fo=1, unplaced)         0.000    12.300    c4_rq4_return1__3_i_2_n_0
                         CARRY4 (Prop_carry4_CI_CO[3])
                                                      0.117    12.417 r  c4_rq4_return1__3_i_1/CO[3]
                         net (fo=1, unplaced)         0.000    12.417    c4_rq4_return1__3_i_1_n_0
                         CARRY4 (Prop_carry4_CI_CO[3])
                                                      0.117    12.534 r  c4_rq4_return1__0_i_5/CO[3]
                         net (fo=1, unplaced)         0.000    12.534    c4_rq4_return1__0_i_5_n_0
                         CARRY4 (Prop_carry4_CI_CO[3])
                                                      0.117    12.651 r  c4_rq4_return1__0_i_4/CO[3]
                         net (fo=1, unplaced)         0.000    12.651    c4_rq4_return1__0_i_4_n_0
                         CARRY4 (Prop_carry4_CI_CO[3])
                                                      0.117    12.768 r  c4_rq4_return1__0_i_3/CO[3]
                         net (fo=1, unplaced)         0.000    12.768    c4_rq4_return1__0_i_3_n_0
                         CARRY4 (Prop_carry4_CI_CO[3])
                                                      0.117    12.885 r  c4_rq4_return1__0_i_2/CO[3]
                         net (fo=1, unplaced)         0.000    12.885    c4_rq4_return1__0_i_2_n_0
                         CARRY4 (Prop_carry4_CI_O[1])
                                                      0.337    13.222 r  c4_rq4_return1__0_i_1/O[1]
                         net (fo=4, unplaced)         0.803    14.025    c4_rq4_return1__0_i_1_n_6
                         DSP48E1 (Prop_dsp48e1_A[16]_PCOUT[47])
                                                      4.215    18.240 r  c4_rq3_return1__0/PCOUT[47]
                         net (fo=1, unplaced)         0.000    18.240    c4_rq3_return1__0_n_106
                         DSP48E1 (Prop_dsp48e1_PCIN[47]_PCOUT[47])
                                                      1.713    19.953 r  c4_rq3_return1__1/PCOUT[47]
                         net (fo=1, unplaced)         0.000    19.953    c4_rq3_return1__1_n_106
                         DSP48E1 (Prop_dsp48e1_PCIN[47]_P[1])
                                                      1.518    21.471 r  c4_rq3_return1__2/P[1]
                         net (fo=3, unplaced)         0.803    22.273    c4_rq3_return1__2_n_104
                         LUT3 (Prop_lut3_I1_O)        0.149    22.422 r  kv_wdata[15]_i_121/O
                         net (fo=2, unplaced)         0.459    22.881    kv_wdata[15]_i_121_n_0
                         LUT4 (Prop_lut4_I3_O)        0.355    23.236 r  kv_wdata[15]_i_125/O
                         net (fo=1, unplaced)         0.000    23.236    kv_wdata[15]_i_125_n_0
                         CARRY4 (Prop_carry4_S[0]_CO[3])
                                                      0.513    23.749 r  kv_wdata_reg[15]_i_70/CO[3]
                         net (fo=1, unplaced)         0.000    23.749    kv_wdata_reg[15]_i_70_n_0
                         CARRY4 (Prop_carry4_CI_CO[3])
                                                      0.117    23.866 r  kv_wdata_reg[15]_i_29/CO[3]
                         net (fo=1, unplaced)         0.000    23.866    kv_wdata_reg[15]_i_29_n_0
                         CARRY4 (Prop_carry4_CI_O[2])
                                                      0.256    24.122 r  kv_wdata_reg[15]_i_8/O[2]
                         net (fo=152, unplaced)       0.562    24.684    c4_rq3_return1__6[63]
                         LUT4 (Prop_lut4_I2_O)        0.293    24.977 r  kv_wdata[0]_i_178/O
                         net (fo=1, unplaced)         0.000    24.977    kv_wdata[0]_i_178_n_0
                         CARRY4 (Prop_carry4_DI[0]_CO[3])
                                                      0.576    25.553 r  kv_wdata_reg[0]_i_137/CO[3]
                         net (fo=1, unplaced)         0.000    25.553    kv_wdata_reg[0]_i_137_n_0
                         CARRY4 (Prop_carry4_CI_CO[3])
                                                      0.117    25.670 r  kv_wdata_reg[0]_i_93/CO[3]
                         net (fo=1, unplaced)         0.000    25.670    kv_wdata_reg[0]_i_93_n_0
                         CARRY4 (Prop_carry4_CI_CO[3])
                                                      0.117    25.787 r  kv_wdata_reg[0]_i_37/CO[3]
                         net (fo=1, unplaced)         0.000    25.787    kv_wdata_reg[0]_i_37_n_0
                         CARRY4 (Prop_carry4_CI_CO[3])
                                                      0.117    25.904 r  kv_wdata_reg[0]_i_14/CO[3]
                         net (fo=1, unplaced)         0.000    25.904    kv_wdata_reg[0]_i_14_n_0
                         CARRY4 (Prop_carry4_CI_CO[3])
                                                      0.117    26.021 r  kv_wdata_reg[0]_i_4/CO[3]
                         net (fo=2, unplaced)         0.759    26.780    kv_wdata_reg[0]_i_4_n_0
                         LUT4 (Prop_lut4_I3_O)        0.124    26.904 r  kv_wdata[0]_i_8/O
                         net (fo=1, unplaced)         0.000    26.904    kv_wdata[0]_i_8_n_0
                         CARRY4 (Prop_carry4_S[0]_CO[3])
                                                      0.513    27.417 r  kv_wdata_reg[0]_i_2/CO[3]
                         net (fo=1, unplaced)         0.000    27.417    kv_wdata_reg[0]_i_2_n_0
                         CARRY4 (Prop_carry4_CI_CO[3])
                                                      0.117    27.534 r  kv_wdata_reg[7]_i_4/CO[3]
                         net (fo=1, unplaced)         0.000    27.534    kv_wdata_reg[7]_i_4_n_0
                         CARRY4 (Prop_carry4_CI_CO[3])
                                                      0.117    27.651 r  kv_wdata_reg[11]_i_4/CO[3]
                         net (fo=1, unplaced)         0.000    27.651    kv_wdata_reg[11]_i_4_n_0
                         CARRY4 (Prop_carry4_CI_CO[3])
                                                      0.117    27.768 r  kv_wdata_reg[15]_i_9/CO[3]
                         net (fo=1, unplaced)         0.000    27.768    kv_wdata_reg[15]_i_9_n_0
                         CARRY4 (Prop_carry4_CI_CO[3])
                                                      0.117    27.885 r  kv_wdata_reg[15]_i_69/CO[3]
                         net (fo=1, unplaced)         0.000    27.885    kv_wdata_reg[15]_i_69_n_0
                         CARRY4 (Prop_carry4_CI_O[2])
                                                      0.256    28.141 f  kv_wdata_reg[15]_i_212/O[2]
                         net (fo=2, unplaced)         0.463    28.604    kv_wdata_reg[15]_i_212_n_5
                         LUT1 (Prop_lut1_I0_O)        0.301    28.905 r  kv_wdata[15]_i_182/O
                         net (fo=1, unplaced)         0.000    28.905    kv_wdata[15]_i_182_n_0
                         CARRY4 (Prop_carry4_S[1]_CO[3])
                                                      0.533    29.438 r  kv_wdata_reg[15]_i_107/CO[3]
                         net (fo=1, unplaced)         0.000    29.438    kv_wdata_reg[15]_i_107_n_0
                         CARRY4 (Prop_carry4_CI_CO[1])
                                                      0.179    29.617 r  kv_wdata_reg[15]_i_63/CO[1]
                         net (fo=58, unplaced)        0.697    30.314    kv_wdata_reg[15]_i_63_n_2
                         LUT6 (Prop_lut6_I1_O)        0.332    30.646 f  kv_wdata[15]_i_237/O
                         net (fo=4, unplaced)         0.473    31.119    kv_wdata[15]_i_237_n_0
                         LUT6 (Prop_lut6_I0_O)        0.124    31.243 r  kv_wdata[15]_i_195/O
                         net (fo=1, unplaced)         0.469    31.712    kv_wdata[15]_i_195_n_0
                         CARRY4 (Prop_carry4_DI[1]_CO[3])
                                                      0.520    32.232 r  kv_wdata_reg[15]_i_164/CO[3]
                         net (fo=1, unplaced)         0.000    32.232    kv_wdata_reg[15]_i_164_n_0
                         CARRY4 (Prop_carry4_CI_CO[3])
                                                      0.117    32.349 r  kv_wdata_reg[15]_i_95/CO[3]
                         net (fo=1, unplaced)         0.000    32.349    kv_wdata_reg[15]_i_95_n_0
                         CARRY4 (Prop_carry4_CI_CO[3])
                                                      0.117    32.466 r  kv_wdata_reg[15]_i_53/CO[3]
                         net (fo=1, unplaced)         0.000    32.466    kv_wdata_reg[15]_i_53_n_0
                         CARRY4 (Prop_carry4_CI_CO[3])
                                                      0.117    32.583 r  kv_wdata_reg[15]_i_13/CO[3]
                         net (fo=1, unplaced)         0.000    32.583    kv_wdata_reg[15]_i_13_n_0
                         CARRY4 (Prop_carry4_CI_CO[3])
                                                      0.117    32.700 r  kv_wdata_reg[15]_i_5/CO[3]
                         net (fo=128, unplaced)       0.827    33.527    kv_wdata_reg[15]_i_5_n_0
                         LUT5 (Prop_lut5_I4_O)        0.124    33.651 r  kv_wdata[0]_rep_i_1/O
                         net (fo=1, unplaced)         0.000    33.651    kv_wdata[0]_rep_i_1_n_0
                         FDRE                                         r  kv_wdata_reg[0]_rep/D
  -------------------------------------------------------------------    -------------------

                         (clock clk rise edge)       10.000    10.000 r  <hidden>
                                                      0.000    10.000 r  clk
                         net (fo=43012, unset)        0.924    10.924    clk
                         FDRE                                         r  kv_wdata_reg[0]_rep/C
                         clock pessimism              0.000    10.924    <hidden>
                         clock uncertainty           -0.035    10.889    <hidden>
                         FDRE (Setup_fdre_C_D)        0.044    10.933    kv_wdata_reg[0]_rep
  -------------------------------------------------------------------
                         required time                         10.933    <hidden>
                         arrival time                         -33.651    <hidden>
  -------------------------------------------------------------------
                         slack                                -22.718    <hidden>

Slack (VIOLATED) :        -22.718ns  (required time - arrival time)
  Source:                 di_reg[4]_rep__5/C
                            (rising edge-triggered cell FDCE clocked by clk  {rise@0.000ns fall@5.000ns period=10.000ns})
  Destination:            kv_wdata_reg[0]_rep__0/D
                            (rising edge-triggered cell FDRE clocked by clk  {rise@0.000ns fall@5.000ns period=10.000ns})
  Path Group:             clk
  Path Type:              Setup (Max at Slow Process Corner)
  Requirement:            10.000ns  (clk rise@10.000ns - clk rise@0.000ns)
  Data Path Delay:        32.678ns  (logic 21.759ns (66.585%)  route 10.919ns (33.415%))
  Logic Levels:           48  (CARRY4=31 DSP48E1=4 LUT1=1 LUT2=1 LUT3=1 LUT4=3 LUT5=1 LUT6=5 MUXF7=1)
  Clock Path Skew:        -0.049ns (DCD - SCD + CPR)
    Destination Clock Delay (DCD):    0.924ns = ( 10.924 - 10.000 ) 
    Source Clock Delay      (SCD):    0.973ns
    Clock Pessimism Removal (CPR):    0.000ns
  Clock Uncertainty:      0.035ns  ((TSJ^2 + TIJ^2)^1/2 + DJ) / 2 + PE
    Total System Jitter     (TSJ):    0.071ns
    Total Input Jitter      (TIJ):    0.000ns
    Discrete Jitter          (DJ):    0.000ns
    Phase Error              (PE):    0.000ns

    Location             Delay type                Incr(ns)  Path(ns)    Netlist Resource(s)
  -------------------------------------------------------------------    -------------------
                         (clock clk rise edge)        0.000     0.000 r  <hidden>
                                                      0.000     0.000 r  clk
                         net (fo=43012, unset)        0.973     0.973    clk
                         FDCE                                         r  di_reg[4]_rep__5/C
  -------------------------------------------------------------------    -------------------
                         FDCE (Prop_fdce_C_Q)         0.478     1.451 r  di_reg[4]_rep__5/Q
                         net (fo=118, unplaced)       0.770     2.221    di_reg[4]_rep__5_n_0
                         CARRY4 (Prop_carry4_S[0]_O[1])
                                                      0.722     2.943 r  g0_b0_i_2/O[1]
                         net (fo=723, unplaced)       0.751     3.694    a03_out[5]
                         LUT6 (Prop_lut6_I5_O)        0.306     4.000 r  g6_b7__1__0/O
                         net (fo=2, unplaced)         0.743     4.743    g6_b7__1__0_n_0
                         LUT6 (Prop_lut6_I1_O)        0.124     4.867 r  acc1__0_i_81/O
                         net (fo=1, unplaced)         0.000     4.867    acc1__0_i_81_n_0
                         MUXF7 (Prop_muxf7_I1_O)      0.247     5.114 r  acc1__0_i_26/O
                         net (fo=1, unplaced)         0.735     5.849    acc1__0_i_26_n_0
                         LUT6 (Prop_lut6_I2_O)        0.298     6.147 r  acc1__0_i_1/O
                         net (fo=22, unplaced)        0.803     6.950    acc1__0_i_1_n_0
                         DSP48E1 (Prop_dsp48e1_B[17]_P[1])
                                                      3.656    10.606 r  val0__1__0/P[1]
                         net (fo=1, unplaced)         0.803    11.409    val0__1__0_n_104
                         LUT2 (Prop_lut2_I1_O)        0.124    11.533 r  c4_rq4_return1__3_i_19/O
                         net (fo=1, unplaced)         0.000    11.533    c4_rq4_return1__3_i_19_n_0
                         CARRY4 (Prop_carry4_S[1]_CO[3])
                                                      0.533    12.066 r  c4_rq4_return1__3_i_4/CO[3]
                         net (fo=1, unplaced)         0.000    12.066    c4_rq4_return1__3_i_4_n_0
                         CARRY4 (Prop_carry4_CI_CO[3])
                                                      0.117    12.183 r  c4_rq4_return1__3_i_3/CO[3]
                         net (fo=1, unplaced)         0.000    12.183    c4_rq4_return1__3_i_3_n_0
                         CARRY4 (Prop_carry4_CI_CO[3])
                                                      0.117    12.300 r  c4_rq4_return1__3_i_2/CO[3]
                         net (fo=1, unplaced)         0.000    12.300    c4_rq4_return1__3_i_2_n_0
                         CARRY4 (Prop_carry4_CI_CO[3])
                                                      0.117    12.417 r  c4_rq4_return1__3_i_1/CO[3]
                         net (fo=1, unplaced)         0.000    12.417    c4_rq4_return1__3_i_1_n_0
                         CARRY4 (Prop_carry4_CI_CO[3])
                                                      0.117    12.534 r  c4_rq4_return1__0_i_5/CO[3]
                         net (fo=1, unplaced)         0.000    12.534    c4_rq4_return1__0_i_5_n_0
                         CARRY4 (Prop_carry4_CI_CO[3])
                                                      0.117    12.651 r  c4_rq4_return1__0_i_4/CO[3]
                         net (fo=1, unplaced)         0.000    12.651    c4_rq4_return1__0_i_4_n_0
                         CARRY4 (Prop_carry4_CI_CO[3])
                                                      0.117    12.768 r  c4_rq4_return1__0_i_3/CO[3]
                         net (fo=1, unplaced)         0.000    12.768    c4_rq4_return1__0_i_3_n_0
                         CARRY4 (Prop_carry4_CI_CO[3])
                                                      0.117    12.885 r  c4_rq4_return1__0_i_2/CO[3]
                         net (fo=1, unplaced)         0.000    12.885    c4_rq4_return1__0_i_2_n_0
                         CARRY4 (Prop_carry4_CI_O[1])
                                                      0.337    13.222 r  c4_rq4_return1__0_i_1/O[1]
                         net (fo=4, unplaced)         0.803    14.025    c4_rq4_return1__0_i_1_n_6
                         DSP48E1 (Prop_dsp48e1_A[16]_PCOUT[47])
                                                      4.215    18.240 r  c4_rq3_return1__0/PCOUT[47]
                         net (fo=1, unplaced)         0.000    18.240    c4_rq3_return1__0_n_106
                         DSP48E1 (Prop_dsp48e1_PCIN[47]_PCOUT[47])
                                                      1.713    19.953 r  c4_rq3_return1__1/PCOUT[47]
                         net (fo=1, unplaced)         0.000    19.953    c4_rq3_return1__1_n_106
                         DSP48E1 (Prop_dsp48e1_PCIN[47]_P[1])
                                                      1.518    21.471 r  c4_rq3_return1__2/P[1]
                         net (fo=3, unplaced)         0.803    22.273    c4_rq3_return1__2_n_104
                         LUT3 (Prop_lut3_I1_O)        0.149    22.422 r  kv_wdata[15]_i_121/O
                         net (fo=2, unplaced)         0.459    22.881    kv_wdata[15]_i_121_n_0
                         LUT4 (Prop_lut4_I3_O)        0.355    23.236 r  kv_wdata[15]_i_125/O
                         net (fo=1, unplaced)         0.000    23.236    kv_wdata[15]_i_125_n_0
                         CARRY4 (Prop_carry4_S[0]_CO[3])
                                                      0.513    23.749 r  kv_wdata_reg[15]_i_70/CO[3]
                         net (fo=1, unplaced)         0.000    23.749    kv_wdata_reg[15]_i_70_n_0
                         CARRY4 (Prop_carry4_CI_CO[3])
                                                      0.117    23.866 r  kv_wdata_reg[15]_i_29/CO[3]
                         net (fo=1, unplaced)         0.000    23.866    kv_wdata_reg[15]_i_29_n_0
                         CARRY4 (Prop_carry4_CI_O[2])
                                                      0.256    24.122 r  kv_wdata_reg[15]_i_8/O[2]
                         net (fo=152, unplaced)       0.562    24.684    c4_rq3_return1__6[63]
                         LUT4 (Prop_lut4_I2_O)        0.293    24.977 r  kv_wdata[0]_i_178/O
                         net (fo=1, unplaced)         0.000    24.977    kv_wdata[0]_i_178_n_0
                         CARRY4 (Prop_carry4_DI[0]_CO[3])
                                                      0.576    25.553 r  kv_wdata_reg[0]_i_137/CO[3]
                         net (fo=1, unplaced)         0.000    25.553    kv_wdata_reg[0]_i_137_n_0
                         CARRY4 (Prop_carry4_CI_CO[3])
                                                      0.117    25.670 r  kv_wdata_reg[0]_i_93/CO[3]
                         net (fo=1, unplaced)         0.000    25.670    kv_wdata_reg[0]_i_93_n_0
                         CARRY4 (Prop_carry4_CI_CO[3])
                                                      0.117    25.787 r  kv_wdata_reg[0]_i_37/CO[3]
                         net (fo=1, unplaced)         0.000    25.787    kv_wdata_reg[0]_i_37_n_0
                         CARRY4 (Prop_carry4_CI_CO[3])
                                                      0.117    25.904 r  kv_wdata_reg[0]_i_14/CO[3]
                         net (fo=1, unplaced)         0.000    25.904    kv_wdata_reg[0]_i_14_n_0
                         CARRY4 (Prop_carry4_CI_CO[3])
                                                      0.117    26.021 r  kv_wdata_reg[0]_i_4/CO[3]
                         net (fo=2, unplaced)         0.759    26.780    kv_wdata_reg[0]_i_4_n_0
                         LUT4 (Prop_lut4_I3_O)        0.124    26.904 r  kv_wdata[0]_i_8/O
                         net (fo=1, unplaced)         0.000    26.904    kv_wdata[0]_i_8_n_0
                         CARRY4 (Prop_carry4_S[0]_CO[3])
                                                      0.513    27.417 r  kv_wdata_reg[0]_i_2/CO[3]
                         net (fo=1, unplaced)         0.000    27.417    kv_wdata_reg[0]_i_2_n_0
                         CARRY4 (Prop_carry4_CI_CO[3])
                                                      0.117    27.534 r  kv_wdata_reg[7]_i_4/CO[3]
                         net (fo=1, unplaced)         0.000    27.534    kv_wdata_reg[7]_i_4_n_0
                         CARRY4 (Prop_carry4_CI_CO[3])
                                                      0.117    27.651 r  kv_wdata_reg[11]_i_4/CO[3]
                         net (fo=1, unplaced)         0.000    27.651    kv_wdata_reg[11]_i_4_n_0
                         CARRY4 (Prop_carry4_CI_CO[3])
                                                      0.117    27.768 r  kv_wdata_reg[15]_i_9/CO[3]
                         net (fo=1, unplaced)         0.000    27.768    kv_wdata_reg[15]_i_9_n_0
                         CARRY4 (Prop_carry4_CI_CO[3])
                                                      0.117    27.885 r  kv_wdata_reg[15]_i_69/CO[3]
                         net (fo=1, unplaced)         0.000    27.885    kv_wdata_reg[15]_i_69_n_0
                         CARRY4 (Prop_carry4_CI_O[2])
                                                      0.256    28.141 f  kv_wdata_reg[15]_i_212/O[2]
                         net (fo=2, unplaced)         0.463    28.604    kv_wdata_reg[15]_i_212_n_5
                         LUT1 (Prop_lut1_I0_O)        0.301    28.905 r  kv_wdata[15]_i_182/O
                         net (fo=1, unplaced)         0.000    28.905    kv_wdata[15]_i_182_n_0
                         CARRY4 (Prop_carry4_S[1]_CO[3])
                                                      0.533    29.438 r  kv_wdata_reg[15]_i_107/CO[3]
                         net (fo=1, unplaced)         0.000    29.438    kv_wdata_reg[15]_i_107_n_0
                         CARRY4 (Prop_carry4_CI_CO[1])
                                                      0.179    29.617 r  kv_wdata_reg[15]_i_63/CO[1]
                         net (fo=58, unplaced)        0.697    30.314    kv_wdata_reg[15]_i_63_n_2
                         LUT6 (Prop_lut6_I1_O)        0.332    30.646 f  kv_wdata[15]_i_237/O
                         net (fo=4, unplaced)         0.473    31.119    kv_wdata[15]_i_237_n_0
                         LUT6 (Prop_lut6_I0_O)        0.124    31.243 r  kv_wdata[15]_i_195/O
                         net (fo=1, unplaced)         0.469    31.712    kv_wdata[15]_i_195_n_0
                         CARRY4 (Prop_carry4_DI[1]_CO[3])
                                                      0.520    32.232 r  kv_wdata_reg[15]_i_164/CO[3]
                         net (fo=1, unplaced)         0.000    32.232    kv_wdata_reg[15]_i_164_n_0
                         CARRY4 (Prop_carry4_CI_CO[3])
                                                      0.117    32.349 r  kv_wdata_reg[15]_i_95/CO[3]
                         net (fo=1, unplaced)         0.000    32.349    kv_wdata_reg[15]_i_95_n_0
                         CARRY4 (Prop_carry4_CI_CO[3])
                                                      0.117    32.466 r  kv_wdata_reg[15]_i_53/CO[3]
                         net (fo=1, unplaced)         0.000    32.466    kv_wdata_reg[15]_i_53_n_0
                         CARRY4 (Prop_carry4_CI_CO[3])
                                                      0.117    32.583 r  kv_wdata_reg[15]_i_13/CO[3]
                         net (fo=1, unplaced)         0.000    32.583    kv_wdata_reg[15]_i_13_n_0
                         CARRY4 (Prop_carry4_CI_CO[3])
                                                      0.117    32.700 r  kv_wdata_reg[15]_i_5/CO[3]
                         net (fo=128, unplaced)       0.827    33.527    kv_wdata_reg[15]_i_5_n_0
                         LUT5 (Prop_lut5_I4_O)        0.124    33.651 r  kv_wdata[0]_rep_i_1__0/O
                         net (fo=1, unplaced)         0.000    33.651    kv_wdata[0]_rep_i_1__0_n_0
                         FDRE                                         r  kv_wdata_reg[0]_rep__0/D
  -------------------------------------------------------------------    -------------------

                         (clock clk rise edge)       10.000    10.000 r  <hidden>
                                                      0.000    10.000 r  clk
                         net (fo=43012, unset)        0.924    10.924    clk
                         FDRE                                         r  kv_wdata_reg[0]_rep__0/C
                         clock pessimism              0.000    10.924    <hidden>
                         clock uncertainty           -0.035    10.889    <hidden>
                         FDRE (Setup_fdre_C_D)        0.044    10.933    kv_wdata_reg[0]_rep__0
  -------------------------------------------------------------------
                         required time                         10.933    <hidden>
                         arrival time                         -33.651    <hidden>
  -------------------------------------------------------------------
                         slack                                -22.718    <hidden>

Slack (VIOLATED) :        -22.718ns  (required time - arrival time)
  Source:                 di_reg[4]_rep__5/C
                            (rising edge-triggered cell FDCE clocked by clk  {rise@0.000ns fall@5.000ns period=10.000ns})
  Destination:            kv_wdata_reg[0]_rep__1/D
                            (rising edge-triggered cell FDRE clocked by clk  {rise@0.000ns fall@5.000ns period=10.000ns})
  Path Group:             clk
  Path Type:              Setup (Max at Slow Process Corner)
  Requirement:            10.000ns  (clk rise@10.000ns - clk rise@0.000ns)
  Data Path Delay:        32.678ns  (logic 21.759ns (66.585%)  route 10.919ns (33.415%))
  Logic Levels:           48  (CARRY4=31 DSP48E1=4 LUT1=1 LUT2=1 LUT3=1 LUT4=3 LUT5=1 LUT6=5 MUXF7=1)
  Clock Path Skew:        -0.049ns (DCD - SCD + CPR)
    Destination Clock Delay (DCD):    0.924ns = ( 10.924 - 10.000 ) 
    Source Clock Delay      (SCD):    0.973ns
    Clock Pessimism Removal (CPR):    0.000ns
  Clock Uncertainty:      0.035ns  ((TSJ^2 + TIJ^2)^1/2 + DJ) / 2 + PE
    Total System Jitter     (TSJ):    0.071ns
    Total Input Jitter      (TIJ):    0.000ns
    Discrete Jitter          (DJ):    0.000ns
    Phase Error              (PE):    0.000ns

    Location             Delay type                Incr(ns)  Path(ns)    Netlist Resource(s)
  -------------------------------------------------------------------    -------------------
                         (clock clk rise edge)        0.000     0.000 r  <hidden>
                                                      0.000     0.000 r  clk
                         net (fo=43012, unset)        0.973     0.973    clk
                         FDCE                                         r  di_reg[4]_rep__5/C
  -------------------------------------------------------------------    -------------------
                         FDCE (Prop_fdce_C_Q)         0.478     1.451 r  di_reg[4]_rep__5/Q
                         net (fo=118, unplaced)       0.770     2.221    di_reg[4]_rep__5_n_0
                         CARRY4 (Prop_carry4_S[0]_O[1])
                                                      0.722     2.943 r  g0_b0_i_2/O[1]
                         net (fo=723, unplaced)       0.751     3.694    a03_out[5]
                         LUT6 (Prop_lut6_I5_O)        0.306     4.000 r  g6_b7__1__0/O
                         net (fo=2, unplaced)         0.743     4.743    g6_b7__1__0_n_0
                         LUT6 (Prop_lut6_I1_O)        0.124     4.867 r  acc1__0_i_81/O
                         net (fo=1, unplaced)         0.000     4.867    acc1__0_i_81_n_0
                         MUXF7 (Prop_muxf7_I1_O)      0.247     5.114 r  acc1__0_i_26/O
                         net (fo=1, unplaced)         0.735     5.849    acc1__0_i_26_n_0
                         LUT6 (Prop_lut6_I2_O)        0.298     6.147 r  acc1__0_i_1/O
                         net (fo=22, unplaced)        0.803     6.950    acc1__0_i_1_n_0
                         DSP48E1 (Prop_dsp48e1_B[17]_P[1])
                                                      3.656    10.606 r  val0__1__0/P[1]
                         net (fo=1, unplaced)         0.803    11.409    val0__1__0_n_104
                         LUT2 (Prop_lut2_I1_O)        0.124    11.533 r  c4_rq4_return1__3_i_19/O
                         net (fo=1, unplaced)         0.000    11.533    c4_rq4_return1__3_i_19_n_0
                         CARRY4 (Prop_carry4_S[1]_CO[3])
                                                      0.533    12.066 r  c4_rq4_return1__3_i_4/CO[3]
                         net (fo=1, unplaced)         0.000    12.066    c4_rq4_return1__3_i_4_n_0
                         CARRY4 (Prop_carry4_CI_CO[3])
                                                      0.117    12.183 r  c4_rq4_return1__3_i_3/CO[3]
                         net (fo=1, unplaced)         0.000    12.183    c4_rq4_return1__3_i_3_n_0
                         CARRY4 (Prop_carry4_CI_CO[3])
                                                      0.117    12.300 r  c4_rq4_return1__3_i_2/CO[3]
                         net (fo=1, unplaced)         0.000    12.300    c4_rq4_return1__3_i_2_n_0
                         CARRY4 (Prop_carry4_CI_CO[3])
                                                      0.117    12.417 r  c4_rq4_return1__3_i_1/CO[3]
                         net (fo=1, unplaced)         0.000    12.417    c4_rq4_return1__3_i_1_n_0
                         CARRY4 (Prop_carry4_CI_CO[3])
                                                      0.117    12.534 r  c4_rq4_return1__0_i_5/CO[3]
                         net (fo=1, unplaced)         0.000    12.534    c4_rq4_return1__0_i_5_n_0
                         CARRY4 (Prop_carry4_CI_CO[3])
                                                      0.117    12.651 r  c4_rq4_return1__0_i_4/CO[3]
                         net (fo=1, unplaced)         0.000    12.651    c4_rq4_return1__0_i_4_n_0
                         CARRY4 (Prop_carry4_CI_CO[3])
                                                      0.117    12.768 r  c4_rq4_return1__0_i_3/CO[3]
                         net (fo=1, unplaced)         0.000    12.768    c4_rq4_return1__0_i_3_n_0
                         CARRY4 (Prop_carry4_CI_CO[3])
                                                      0.117    12.885 r  c4_rq4_return1__0_i_2/CO[3]
                         net (fo=1, unplaced)         0.000    12.885    c4_rq4_return1__0_i_2_n_0
                         CARRY4 (Prop_carry4_CI_O[1])
                                                      0.337    13.222 r  c4_rq4_return1__0_i_1/O[1]
                         net (fo=4, unplaced)         0.803    14.025    c4_rq4_return1__0_i_1_n_6
                         DSP48E1 (Prop_dsp48e1_A[16]_PCOUT[47])
                                                      4.215    18.240 r  c4_rq3_return1__0/PCOUT[47]
                         net (fo=1, unplaced)         0.000    18.240    c4_rq3_return1__0_n_106
                         DSP48E1 (Prop_dsp48e1_PCIN[47]_PCOUT[47])
                                                      1.713    19.953 r  c4_rq3_return1__1/PCOUT[47]
                         net (fo=1, unplaced)         0.000    19.953    c4_rq3_return1__1_n_106
                         DSP48E1 (Prop_dsp48e1_PCIN[47]_P[1])
                                                      1.518    21.471 r  c4_rq3_return1__2/P[1]
                         net (fo=3, unplaced)         0.803    22.273    c4_rq3_return1__2_n_104
                         LUT3 (Prop_lut3_I1_O)        0.149    22.422 r  kv_wdata[15]_i_121/O
                         net (fo=2, unplaced)         0.459    22.881    kv_wdata[15]_i_121_n_0
                         LUT4 (Prop_lut4_I3_O)        0.355    23.236 r  kv_wdata[15]_i_125/O
                         net (fo=1, unplaced)         0.000    23.236    kv_wdata[15]_i_125_n_0
                         CARRY4 (Prop_carry4_S[0]_CO[3])
                                                      0.513    23.749 r  kv_wdata_reg[15]_i_70/CO[3]
                         net (fo=1, unplaced)         0.000    23.749    kv_wdata_reg[15]_i_70_n_0
                         CARRY4 (Prop_carry4_CI_CO[3])
                                                      0.117    23.866 r  kv_wdata_reg[15]_i_29/CO[3]
                         net (fo=1, unplaced)         0.000    23.866    kv_wdata_reg[15]_i_29_n_0
                         CARRY4 (Prop_carry4_CI_O[2])
                                                      0.256    24.122 r  kv_wdata_reg[15]_i_8/O[2]
                         net (fo=152, unplaced)       0.562    24.684    c4_rq3_return1__6[63]
                         LUT4 (Prop_lut4_I2_O)        0.293    24.977 r  kv_wdata[0]_i_178/O
                         net (fo=1, unplaced)         0.000    24.977    kv_wdata[0]_i_178_n_0
                         CARRY4 (Prop_carry4_DI[0]_CO[3])
                                                      0.576    25.553 r  kv_wdata_reg[0]_i_137/CO[3]
                         net (fo=1, unplaced)         0.000    25.553    kv_wdata_reg[0]_i_137_n_0
                         CARRY4 (Prop_carry4_CI_CO[3])
                                                      0.117    25.670 r  kv_wdata_reg[0]_i_93/CO[3]
                         net (fo=1, unplaced)         0.000    25.670    kv_wdata_reg[0]_i_93_n_0
                         CARRY4 (Prop_carry4_CI_CO[3])
                                                      0.117    25.787 r  kv_wdata_reg[0]_i_37/CO[3]
                         net (fo=1, unplaced)         0.000    25.787    kv_wdata_reg[0]_i_37_n_0
                         CARRY4 (Prop_carry4_CI_CO[3])
                                                      0.117    25.904 r  kv_wdata_reg[0]_i_14/CO[3]
                         net (fo=1, unplaced)         0.000    25.904    kv_wdata_reg[0]_i_14_n_0
                         CARRY4 (Prop_carry4_CI_CO[3])
                                                      0.117    26.021 r  kv_wdata_reg[0]_i_4/CO[3]
                         net (fo=2, unplaced)         0.759    26.780    kv_wdata_reg[0]_i_4_n_0
                         LUT4 (Prop_lut4_I3_O)        0.124    26.904 r  kv_wdata[0]_i_8/O
                         net (fo=1, unplaced)         0.000    26.904    kv_wdata[0]_i_8_n_0
                         CARRY4 (Prop_carry4_S[0]_CO[3])
                                                      0.513    27.417 r  kv_wdata_reg[0]_i_2/CO[3]
                         net (fo=1, unplaced)         0.000    27.417    kv_wdata_reg[0]_i_2_n_0
                         CARRY4 (Prop_carry4_CI_CO[3])
                                                      0.117    27.534 r  kv_wdata_reg[7]_i_4/CO[3]
                         net (fo=1, unplaced)         0.000    27.534    kv_wdata_reg[7]_i_4_n_0
                         CARRY4 (Prop_carry4_CI_CO[3])
                                                      0.117    27.651 r  kv_wdata_reg[11]_i_4/CO[3]
                         net (fo=1, unplaced)         0.000    27.651    kv_wdata_reg[11]_i_4_n_0
                         CARRY4 (Prop_carry4_CI_CO[3])
                                                      0.117    27.768 r  kv_wdata_reg[15]_i_9/CO[3]
                         net (fo=1, unplaced)         0.000    27.768    kv_wdata_reg[15]_i_9_n_0
                         CARRY4 (Prop_carry4_CI_CO[3])
                                                      0.117    27.885 r  kv_wdata_reg[15]_i_69/CO[3]
                         net (fo=1, unplaced)         0.000    27.885    kv_wdata_reg[15]_i_69_n_0
                         CARRY4 (Prop_carry4_CI_O[2])
                                                      0.256    28.141 f  kv_wdata_reg[15]_i_212/O[2]
                         net (fo=2, unplaced)         0.463    28.604    kv_wdata_reg[15]_i_212_n_5
                         LUT1 (Prop_lut1_I0_O)        0.301    28.905 r  kv_wdata[15]_i_182/O
                         net (fo=1, unplaced)         0.000    28.905    kv_wdata[15]_i_182_n_0
                         CARRY4 (Prop_carry4_S[1]_CO[3])
                                                      0.533    29.438 r  kv_wdata_reg[15]_i_107/CO[3]
                         net (fo=1, unplaced)         0.000    29.438    kv_wdata_reg[15]_i_107_n_0
                         CARRY4 (Prop_carry4_CI_CO[1])
                                                      0.179    29.617 r  kv_wdata_reg[15]_i_63/CO[1]
                         net (fo=58, unplaced)        0.697    30.314    kv_wdata_reg[15]_i_63_n_2
                         LUT6 (Prop_lut6_I1_O)        0.332    30.646 f  kv_wdata[15]_i_237/O
                         net (fo=4, unplaced)         0.473    31.119    kv_wdata[15]_i_237_n_0
                         LUT6 (Prop_lut6_I0_O)        0.124    31.243 r  kv_wdata[15]_i_195/O
                         net (fo=1, unplaced)         0.469    31.712    kv_wdata[15]_i_195_n_0
                         CARRY4 (Prop_carry4_DI[1]_CO[3])
                                                      0.520    32.232 r  kv_wdata_reg[15]_i_164/CO[3]
                         net (fo=1, unplaced)         0.000    32.232    kv_wdata_reg[15]_i_164_n_0
                         CARRY4 (Prop_carry4_CI_CO[3])
                                                      0.117    32.349 r  kv_wdata_reg[15]_i_95/CO[3]
                         net (fo=1, unplaced)         0.000    32.349    kv_wdata_reg[15]_i_95_n_0
                         CARRY4 (Prop_carry4_CI_CO[3])
                                                      0.117    32.466 r  kv_wdata_reg[15]_i_53/CO[3]
                         net (fo=1, unplaced)         0.000    32.466    kv_wdata_reg[15]_i_53_n_0
                         CARRY4 (Prop_carry4_CI_CO[3])
                                                      0.117    32.583 r  kv_wdata_reg[15]_i_13/CO[3]
                         net (fo=1, unplaced)         0.000    32.583    kv_wdata_reg[15]_i_13_n_0
                         CARRY4 (Prop_carry4_CI_CO[3])
                                                      0.117    32.700 r  kv_wdata_reg[15]_i_5/CO[3]
                         net (fo=128, unplaced)       0.827    33.527    kv_wdata_reg[15]_i_5_n_0
                         LUT5 (Prop_lut5_I4_O)        0.124    33.651 r  kv_wdata[0]_rep_i_1__1/O
                         net (fo=1, unplaced)         0.000    33.651    kv_wdata[0]_rep_i_1__1_n_0
                         FDRE                                         r  kv_wdata_reg[0]_rep__1/D
  -------------------------------------------------------------------    -------------------

                         (clock clk rise edge)       10.000    10.000 r  <hidden>
                                                      0.000    10.000 r  clk
                         net (fo=43012, unset)        0.924    10.924    clk
                         FDRE                                         r  kv_wdata_reg[0]_rep__1/C
                         clock pessimism              0.000    10.924    <hidden>
                         clock uncertainty           -0.035    10.889    <hidden>
                         FDRE (Setup_fdre_C_D)        0.044    10.933    kv_wdata_reg[0]_rep__1
  -------------------------------------------------------------------
                         required time                         10.933    <hidden>
                         arrival time                         -33.651    <hidden>
  -------------------------------------------------------------------
                         slack                                -22.718    <hidden>

Slack (VIOLATED) :        -22.718ns  (required time - arrival time)
  Source:                 di_reg[4]_rep__5/C
                            (rising edge-triggered cell FDCE clocked by clk  {rise@0.000ns fall@5.000ns period=10.000ns})
  Destination:            kv_wdata_reg[0]_rep__2/D
                            (rising edge-triggered cell FDRE clocked by clk  {rise@0.000ns fall@5.000ns period=10.000ns})
  Path Group:             clk
  Path Type:              Setup (Max at Slow Process Corner)
  Requirement:            10.000ns  (clk rise@10.000ns - clk rise@0.000ns)
  Data Path Delay:        32.678ns  (logic 21.759ns (66.585%)  route 10.919ns (33.415%))
  Logic Levels:           48  (CARRY4=31 DSP48E1=4 LUT1=1 LUT2=1 LUT3=1 LUT4=3 LUT5=1 LUT6=5 MUXF7=1)
  Clock Path Skew:        -0.049ns (DCD - SCD + CPR)
    Destination Clock Delay (DCD):    0.924ns = ( 10.924 - 10.000 ) 
    Source Clock Delay      (SCD):    0.973ns
    Clock Pessimism Removal (CPR):    0.000ns
  Clock Uncertainty:      0.035ns  ((TSJ^2 + TIJ^2)^1/2 + DJ) / 2 + PE
    Total System Jitter     (TSJ):    0.071ns
    Total Input Jitter      (TIJ):    0.000ns
    Discrete Jitter          (DJ):    0.000ns
    Phase Error              (PE):    0.000ns

    Location             Delay type                Incr(ns)  Path(ns)    Netlist Resource(s)
  -------------------------------------------------------------------    -------------------
                         (clock clk rise edge)        0.000     0.000 r  <hidden>
                                                      0.000     0.000 r  clk
                         net (fo=43012, unset)        0.973     0.973    clk
                         FDCE                                         r  di_reg[4]_rep__5/C
  -------------------------------------------------------------------    -------------------
                         FDCE (Prop_fdce_C_Q)         0.478     1.451 r  di_reg[4]_rep__5/Q
                         net (fo=118, unplaced)       0.770     2.221    di_reg[4]_rep__5_n_0
                         CARRY4 (Prop_carry4_S[0]_O[1])
                                                      0.722     2.943 r  g0_b0_i_2/O[1]
                         net (fo=723, unplaced)       0.751     3.694    a03_out[5]
                         LUT6 (Prop_lut6_I5_O)        0.306     4.000 r  g6_b7__1__0/O
                         net (fo=2, unplaced)         0.743     4.743    g6_b7__1__0_n_0
                         LUT6 (Prop_lut6_I1_O)        0.124     4.867 r  acc1__0_i_81/O
                         net (fo=1, unplaced)         0.000     4.867    acc1__0_i_81_n_0
                         MUXF7 (Prop_muxf7_I1_O)      0.247     5.114 r  acc1__0_i_26/O
                         net (fo=1, unplaced)         0.735     5.849    acc1__0_i_26_n_0
                         LUT6 (Prop_lut6_I2_O)        0.298     6.147 r  acc1__0_i_1/O
                         net (fo=22, unplaced)        0.803     6.950    acc1__0_i_1_n_0
                         DSP48E1 (Prop_dsp48e1_B[17]_P[1])
                                                      3.656    10.606 r  val0__1__0/P[1]
                         net (fo=1, unplaced)         0.803    11.409    val0__1__0_n_104
                         LUT2 (Prop_lut2_I1_O)        0.124    11.533 r  c4_rq4_return1__3_i_19/O
                         net (fo=1, unplaced)         0.000    11.533    c4_rq4_return1__3_i_19_n_0
                         CARRY4 (Prop_carry4_S[1]_CO[3])
                                                      0.533    12.066 r  c4_rq4_return1__3_i_4/CO[3]
                         net (fo=1, unplaced)         0.000    12.066    c4_rq4_return1__3_i_4_n_0
                         CARRY4 (Prop_carry4_CI_CO[3])
                                                      0.117    12.183 r  c4_rq4_return1__3_i_3/CO[3]
                         net (fo=1, unplaced)         0.000    12.183    c4_rq4_return1__3_i_3_n_0
                         CARRY4 (Prop_carry4_CI_CO[3])
                                                      0.117    12.300 r  c4_rq4_return1__3_i_2/CO[3]
                         net (fo=1, unplaced)         0.000    12.300    c4_rq4_return1__3_i_2_n_0
                         CARRY4 (Prop_carry4_CI_CO[3])
                                                      0.117    12.417 r  c4_rq4_return1__3_i_1/CO[3]
                         net (fo=1, unplaced)         0.000    12.417    c4_rq4_return1__3_i_1_n_0
                         CARRY4 (Prop_carry4_CI_CO[3])
                                                      0.117    12.534 r  c4_rq4_return1__0_i_5/CO[3]
                         net (fo=1, unplaced)         0.000    12.534    c4_rq4_return1__0_i_5_n_0
                         CARRY4 (Prop_carry4_CI_CO[3])
                                                      0.117    12.651 r  c4_rq4_return1__0_i_4/CO[3]
                         net (fo=1, unplaced)         0.000    12.651    c4_rq4_return1__0_i_4_n_0
                         CARRY4 (Prop_carry4_CI_CO[3])
                                                      0.117    12.768 r  c4_rq4_return1__0_i_3/CO[3]
                         net (fo=1, unplaced)         0.000    12.768    c4_rq4_return1__0_i_3_n_0
                         CARRY4 (Prop_carry4_CI_CO[3])
                                                      0.117    12.885 r  c4_rq4_return1__0_i_2/CO[3]
                         net (fo=1, unplaced)         0.000    12.885    c4_rq4_return1__0_i_2_n_0
                         CARRY4 (Prop_carry4_CI_O[1])
                                                      0.337    13.222 r  c4_rq4_return1__0_i_1/O[1]
                         net (fo=4, unplaced)         0.803    14.025    c4_rq4_return1__0_i_1_n_6
                         DSP48E1 (Prop_dsp48e1_A[16]_PCOUT[47])
                                                      4.215    18.240 r  c4_rq3_return1__0/PCOUT[47]
                         net (fo=1, unplaced)         0.000    18.240    c4_rq3_return1__0_n_106
                         DSP48E1 (Prop_dsp48e1_PCIN[47]_PCOUT[47])
                                                      1.713    19.953 r  c4_rq3_return1__1/PCOUT[47]
                         net (fo=1, unplaced)         0.000    19.953    c4_rq3_return1__1_n_106
                         DSP48E1 (Prop_dsp48e1_PCIN[47]_P[1])
                                                      1.518    21.471 r  c4_rq3_return1__2/P[1]
                         net (fo=3, unplaced)         0.803    22.273    c4_rq3_return1__2_n_104
                         LUT3 (Prop_lut3_I1_O)        0.149    22.422 r  kv_wdata[15]_i_121/O
                         net (fo=2, unplaced)         0.459    22.881    kv_wdata[15]_i_121_n_0
                         LUT4 (Prop_lut4_I3_O)        0.355    23.236 r  kv_wdata[15]_i_125/O
                         net (fo=1, unplaced)         0.000    23.236    kv_wdata[15]_i_125_n_0
                         CARRY4 (Prop_carry4_S[0]_CO[3])
                                                      0.513    23.749 r  kv_wdata_reg[15]_i_70/CO[3]
                         net (fo=1, unplaced)         0.000    23.749    kv_wdata_reg[15]_i_70_n_0
                         CARRY4 (Prop_carry4_CI_CO[3])
                                                      0.117    23.866 r  kv_wdata_reg[15]_i_29/CO[3]
                         net (fo=1, unplaced)         0.000    23.866    kv_wdata_reg[15]_i_29_n_0
                         CARRY4 (Prop_carry4_CI_O[2])
                                                      0.256    24.122 r  kv_wdata_reg[15]_i_8/O[2]
                         net (fo=152, unplaced)       0.562    24.684    c4_rq3_return1__6[63]
                         LUT4 (Prop_lut4_I2_O)        0.293    24.977 r  kv_wdata[0]_i_178/O
                         net (fo=1, unplaced)         0.000    24.977    kv_wdata[0]_i_178_n_0
                         CARRY4 (Prop_carry4_DI[0]_CO[3])
                                                      0.576    25.553 r  kv_wdata_reg[0]_i_137/CO[3]
                         net (fo=1, unplaced)         0.000    25.553    kv_wdata_reg[0]_i_137_n_0
                         CARRY4 (Prop_carry4_CI_CO[3])
                                                      0.117    25.670 r  kv_wdata_reg[0]_i_93/CO[3]
                         net (fo=1, unplaced)         0.000    25.670    kv_wdata_reg[0]_i_93_n_0
                         CARRY4 (Prop_carry4_CI_CO[3])
                                                      0.117    25.787 r  kv_wdata_reg[0]_i_37/CO[3]
                         net (fo=1, unplaced)         0.000    25.787    kv_wdata_reg[0]_i_37_n_0
                         CARRY4 (Prop_carry4_CI_CO[3])
                                                      0.117    25.904 r  kv_wdata_reg[0]_i_14/CO[3]
                         net (fo=1, unplaced)         0.000    25.904    kv_wdata_reg[0]_i_14_n_0
                         CARRY4 (Prop_carry4_CI_CO[3])
                                                      0.117    26.021 r  kv_wdata_reg[0]_i_4/CO[3]
                         net (fo=2, unplaced)         0.759    26.780    kv_wdata_reg[0]_i_4_n_0
                         LUT4 (Prop_lut4_I3_O)        0.124    26.904 r  kv_wdata[0]_i_8/O
                         net (fo=1, unplaced)         0.000    26.904    kv_wdata[0]_i_8_n_0
                         CARRY4 (Prop_carry4_S[0]_CO[3])
                                                      0.513    27.417 r  kv_wdata_reg[0]_i_2/CO[3]
                         net (fo=1, unplaced)         0.000    27.417    kv_wdata_reg[0]_i_2_n_0
                         CARRY4 (Prop_carry4_CI_CO[3])
                                                      0.117    27.534 r  kv_wdata_reg[7]_i_4/CO[3]
                         net (fo=1, unplaced)         0.000    27.534    kv_wdata_reg[7]_i_4_n_0
                         CARRY4 (Prop_carry4_CI_CO[3])
                                                      0.117    27.651 r  kv_wdata_reg[11]_i_4/CO[3]
                         net (fo=1, unplaced)         0.000    27.651    kv_wdata_reg[11]_i_4_n_0
                         CARRY4 (Prop_carry4_CI_CO[3])
                                                      0.117    27.768 r  kv_wdata_reg[15]_i_9/CO[3]
                         net (fo=1, unplaced)         0.000    27.768    kv_wdata_reg[15]_i_9_n_0
                         CARRY4 (Prop_carry4_CI_CO[3])
                                                      0.117    27.885 r  kv_wdata_reg[15]_i_69/CO[3]
                         net (fo=1, unplaced)         0.000    27.885    kv_wdata_reg[15]_i_69_n_0
                         CARRY4 (Prop_carry4_CI_O[2])
                                                      0.256    28.141 f  kv_wdata_reg[15]_i_212/O[2]
                         net (fo=2, unplaced)         0.463    28.604    kv_wdata_reg[15]_i_212_n_5
                         LUT1 (Prop_lut1_I0_O)        0.301    28.905 r  kv_wdata[15]_i_182/O
                         net (fo=1, unplaced)         0.000    28.905    kv_wdata[15]_i_182_n_0
                         CARRY4 (Prop_carry4_S[1]_CO[3])
                                                      0.533    29.438 r  kv_wdata_reg[15]_i_107/CO[3]
                         net (fo=1, unplaced)         0.000    29.438    kv_wdata_reg[15]_i_107_n_0
                         CARRY4 (Prop_carry4_CI_CO[1])
                                                      0.179    29.617 r  kv_wdata_reg[15]_i_63/CO[1]
                         net (fo=58, unplaced)        0.697    30.314    kv_wdata_reg[15]_i_63_n_2
                         LUT6 (Prop_lut6_I1_O)        0.332    30.646 f  kv_wdata[15]_i_237/O
                         net (fo=4, unplaced)         0.473    31.119    kv_wdata[15]_i_237_n_0
                         LUT6 (Prop_lut6_I0_O)        0.124    31.243 r  kv_wdata[15]_i_195/O
                         net (fo=1, unplaced)         0.469    31.712    kv_wdata[15]_i_195_n_0
                         CARRY4 (Prop_carry4_DI[1]_CO[3])
                                                      0.520    32.232 r  kv_wdata_reg[15]_i_164/CO[3]
                         net (fo=1, unplaced)         0.000    32.232    kv_wdata_reg[15]_i_164_n_0
                         CARRY4 (Prop_carry4_CI_CO[3])
                                                      0.117    32.349 r  kv_wdata_reg[15]_i_95/CO[3]
                         net (fo=1, unplaced)         0.000    32.349    kv_wdata_reg[15]_i_95_n_0
                         CARRY4 (Prop_carry4_CI_CO[3])
                                                      0.117    32.466 r  kv_wdata_reg[15]_i_53/CO[3]
                         net (fo=1, unplaced)         0.000    32.466    kv_wdata_reg[15]_i_53_n_0
                         CARRY4 (Prop_carry4_CI_CO[3])
                                                      0.117    32.583 r  kv_wdata_reg[15]_i_13/CO[3]
                         net (fo=1, unplaced)         0.000    32.583    kv_wdata_reg[15]_i_13_n_0
                         CARRY4 (Prop_carry4_CI_CO[3])
                                                      0.117    32.700 r  kv_wdata_reg[15]_i_5/CO[3]
                         net (fo=128, unplaced)       0.827    33.527    kv_wdata_reg[15]_i_5_n_0
                         LUT5 (Prop_lut5_I4_O)        0.124    33.651 r  kv_wdata[0]_rep_i_1__2/O
                         net (fo=1, unplaced)         0.000    33.651    kv_wdata[0]_rep_i_1__2_n_0
                         FDRE                                         r  kv_wdata_reg[0]_rep__2/D
  -------------------------------------------------------------------    -------------------

                         (clock clk rise edge)       10.000    10.000 r  <hidden>
                                                      0.000    10.000 r  clk
                         net (fo=43012, unset)        0.924    10.924    clk
                         FDRE                                         r  kv_wdata_reg[0]_rep__2/C
                         clock pessimism              0.000    10.924    <hidden>
                         clock uncertainty           -0.035    10.889    <hidden>
                         FDRE (Setup_fdre_C_D)        0.044    10.933    kv_wdata_reg[0]_rep__2
  -------------------------------------------------------------------
                         required time                         10.933    <hidden>
                         arrival time                         -33.651    <hidden>
  -------------------------------------------------------------------
                         slack                                -22.718    <hidden>

Slack (VIOLATED) :        -22.718ns  (required time - arrival time)
  Source:                 di_reg[4]_rep__5/C
                            (rising edge-triggered cell FDCE clocked by clk  {rise@0.000ns fall@5.000ns period=10.000ns})
  Destination:            kv_wdata_reg[0]_rep__3/D
                            (rising edge-triggered cell FDRE clocked by clk  {rise@0.000ns fall@5.000ns period=10.000ns})
  Path Group:             clk
  Path Type:              Setup (Max at Slow Process Corner)
  Requirement:            10.000ns  (clk rise@10.000ns - clk rise@0.000ns)
  Data Path Delay:        32.678ns  (logic 21.759ns (66.585%)  route 10.919ns (33.415%))
  Logic Levels:           48  (CARRY4=31 DSP48E1=4 LUT1=1 LUT2=1 LUT3=1 LUT4=3 LUT5=1 LUT6=5 MUXF7=1)
  Clock Path Skew:        -0.049ns (DCD - SCD + CPR)
    Destination Clock Delay (DCD):    0.924ns = ( 10.924 - 10.000 ) 
    Source Clock Delay      (SCD):    0.973ns
    Clock Pessimism Removal (CPR):    0.000ns
  Clock Uncertainty:      0.035ns  ((TSJ^2 + TIJ^2)^1/2 + DJ) / 2 + PE
    Total System Jitter     (TSJ):    0.071ns
    Total Input Jitter      (TIJ):    0.000ns
    Discrete Jitter          (DJ):    0.000ns
    Phase Error              (PE):    0.000ns

    Location             Delay type                Incr(ns)  Path(ns)    Netlist Resource(s)
  -------------------------------------------------------------------    -------------------
                         (clock clk rise edge)        0.000     0.000 r  <hidden>
                                                      0.000     0.000 r  clk
                         net (fo=43012, unset)        0.973     0.973    clk
                         FDCE                                         r  di_reg[4]_rep__5/C
  -------------------------------------------------------------------    -------------------
                         FDCE (Prop_fdce_C_Q)         0.478     1.451 r  di_reg[4]_rep__5/Q
                         net (fo=118, unplaced)       0.770     2.221    di_reg[4]_rep__5_n_0
                         CARRY4 (Prop_carry4_S[0]_O[1])
                                                      0.722     2.943 r  g0_b0_i_2/O[1]
                         net (fo=723, unplaced)       0.751     3.694    a03_out[5]
                         LUT6 (Prop_lut6_I5_O)        0.306     4.000 r  g6_b7__1__0/O
                         net (fo=2, unplaced)         0.743     4.743    g6_b7__1__0_n_0
                         LUT6 (Prop_lut6_I1_O)        0.124     4.867 r  acc1__0_i_81/O
                         net (fo=1, unplaced)         0.000     4.867    acc1__0_i_81_n_0
                         MUXF7 (Prop_muxf7_I1_O)      0.247     5.114 r  acc1__0_i_26/O
                         net (fo=1, unplaced)         0.735     5.849    acc1__0_i_26_n_0
                         LUT6 (Prop_lut6_I2_O)        0.298     6.147 r  acc1__0_i_1/O
                         net (fo=22, unplaced)        0.803     6.950    acc1__0_i_1_n_0
                         DSP48E1 (Prop_dsp48e1_B[17]_P[1])
                                                      3.656    10.606 r  val0__1__0/P[1]
                         net (fo=1, unplaced)         0.803    11.409    val0__1__0_n_104
                         LUT2 (Prop_lut2_I1_O)        0.124    11.533 r  c4_rq4_return1__3_i_19/O
                         net (fo=1, unplaced)         0.000    11.533    c4_rq4_return1__3_i_19_n_0
                         CARRY4 (Prop_carry4_S[1]_CO[3])
                                                      0.533    12.066 r  c4_rq4_return1__3_i_4/CO[3]
                         net (fo=1, unplaced)         0.000    12.066    c4_rq4_return1__3_i_4_n_0
                         CARRY4 (Prop_carry4_CI_CO[3])
                                                      0.117    12.183 r  c4_rq4_return1__3_i_3/CO[3]
                         net (fo=1, unplaced)         0.000    12.183    c4_rq4_return1__3_i_3_n_0
                         CARRY4 (Prop_carry4_CI_CO[3])
                                                      0.117    12.300 r  c4_rq4_return1__3_i_2/CO[3]
                         net (fo=1, unplaced)         0.000    12.300    c4_rq4_return1__3_i_2_n_0
                         CARRY4 (Prop_carry4_CI_CO[3])
                                                      0.117    12.417 r  c4_rq4_return1__3_i_1/CO[3]
                         net (fo=1, unplaced)         0.000    12.417    c4_rq4_return1__3_i_1_n_0
                         CARRY4 (Prop_carry4_CI_CO[3])
                                                      0.117    12.534 r  c4_rq4_return1__0_i_5/CO[3]
                         net (fo=1, unplaced)         0.000    12.534    c4_rq4_return1__0_i_5_n_0
                         CARRY4 (Prop_carry4_CI_CO[3])
                                                      0.117    12.651 r  c4_rq4_return1__0_i_4/CO[3]
                         net (fo=1, unplaced)         0.000    12.651    c4_rq4_return1__0_i_4_n_0
                         CARRY4 (Prop_carry4_CI_CO[3])
                                                      0.117    12.768 r  c4_rq4_return1__0_i_3/CO[3]
                         net (fo=1, unplaced)         0.000    12.768    c4_rq4_return1__0_i_3_n_0
                         CARRY4 (Prop_carry4_CI_CO[3])
                                                      0.117    12.885 r  c4_rq4_return1__0_i_2/CO[3]
                         net (fo=1, unplaced)         0.000    12.885    c4_rq4_return1__0_i_2_n_0
                         CARRY4 (Prop_carry4_CI_O[1])
                                                      0.337    13.222 r  c4_rq4_return1__0_i_1/O[1]
                         net (fo=4, unplaced)         0.803    14.025    c4_rq4_return1__0_i_1_n_6
                         DSP48E1 (Prop_dsp48e1_A[16]_PCOUT[47])
                                                      4.215    18.240 r  c4_rq3_return1__0/PCOUT[47]
                         net (fo=1, unplaced)         0.000    18.240    c4_rq3_return1__0_n_106
                         DSP48E1 (Prop_dsp48e1_PCIN[47]_PCOUT[47])
                                                      1.713    19.953 r  c4_rq3_return1__1/PCOUT[47]
                         net (fo=1, unplaced)         0.000    19.953    c4_rq3_return1__1_n_106
                         DSP48E1 (Prop_dsp48e1_PCIN[47]_P[1])
                                                      1.518    21.471 r  c4_rq3_return1__2/P[1]
                         net (fo=3, unplaced)         0.803    22.273    c4_rq3_return1__2_n_104
                         LUT3 (Prop_lut3_I1_O)        0.149    22.422 r  kv_wdata[15]_i_121/O
                         net (fo=2, unplaced)         0.459    22.881    kv_wdata[15]_i_121_n_0
                         LUT4 (Prop_lut4_I3_O)        0.355    23.236 r  kv_wdata[15]_i_125/O
                         net (fo=1, unplaced)         0.000    23.236    kv_wdata[15]_i_125_n_0
                         CARRY4 (Prop_carry4_S[0]_CO[3])
                                                      0.513    23.749 r  kv_wdata_reg[15]_i_70/CO[3]
                         net (fo=1, unplaced)         0.000    23.749    kv_wdata_reg[15]_i_70_n_0
                         CARRY4 (Prop_carry4_CI_CO[3])
                                                      0.117    23.866 r  kv_wdata_reg[15]_i_29/CO[3]
                         net (fo=1, unplaced)         0.000    23.866    kv_wdata_reg[15]_i_29_n_0
                         CARRY4 (Prop_carry4_CI_O[2])
                                                      0.256    24.122 r  kv_wdata_reg[15]_i_8/O[2]
                         net (fo=152, unplaced)       0.562    24.684    c4_rq3_return1__6[63]
                         LUT4 (Prop_lut4_I2_O)        0.293    24.977 r  kv_wdata[0]_i_178/O
                         net (fo=1, unplaced)         0.000    24.977    kv_wdata[0]_i_178_n_0
                         CARRY4 (Prop_carry4_DI[0]_CO[3])
                                                      0.576    25.553 r  kv_wdata_reg[0]_i_137/CO[3]
                         net (fo=1, unplaced)         0.000    25.553    kv_wdata_reg[0]_i_137_n_0
                         CARRY4 (Prop_carry4_CI_CO[3])
                                                      0.117    25.670 r  kv_wdata_reg[0]_i_93/CO[3]
                         net (fo=1, unplaced)         0.000    25.670    kv_wdata_reg[0]_i_93_n_0
                         CARRY4 (Prop_carry4_CI_CO[3])
                                                      0.117    25.787 r  kv_wdata_reg[0]_i_37/CO[3]
                         net (fo=1, unplaced)         0.000    25.787    kv_wdata_reg[0]_i_37_n_0
                         CARRY4 (Prop_carry4_CI_CO[3])
                                                      0.117    25.904 r  kv_wdata_reg[0]_i_14/CO[3]
                         net (fo=1, unplaced)         0.000    25.904    kv_wdata_reg[0]_i_14_n_0
                         CARRY4 (Prop_carry4_CI_CO[3])
                                                      0.117    26.021 r  kv_wdata_reg[0]_i_4/CO[3]
                         net (fo=2, unplaced)         0.759    26.780    kv_wdata_reg[0]_i_4_n_0
                         LUT4 (Prop_lut4_I3_O)        0.124    26.904 r  kv_wdata[0]_i_8/O
                         net (fo=1, unplaced)         0.000    26.904    kv_wdata[0]_i_8_n_0
                         CARRY4 (Prop_carry4_S[0]_CO[3])
                                                      0.513    27.417 r  kv_wdata_reg[0]_i_2/CO[3]
                         net (fo=1, unplaced)         0.000    27.417    kv_wdata_reg[0]_i_2_n_0
                         CARRY4 (Prop_carry4_CI_CO[3])
                                                      0.117    27.534 r  kv_wdata_reg[7]_i_4/CO[3]
                         net (fo=1, unplaced)         0.000    27.534    kv_wdata_reg[7]_i_4_n_0
                         CARRY4 (Prop_carry4_CI_CO[3])
                                                      0.117    27.651 r  kv_wdata_reg[11]_i_4/CO[3]
                         net (fo=1, unplaced)         0.000    27.651    kv_wdata_reg[11]_i_4_n_0
                         CARRY4 (Prop_carry4_CI_CO[3])
                                                      0.117    27.768 r  kv_wdata_reg[15]_i_9/CO[3]
                         net (fo=1, unplaced)         0.000    27.768    kv_wdata_reg[15]_i_9_n_0
                         CARRY4 (Prop_carry4_CI_CO[3])
                                                      0.117    27.885 r  kv_wdata_reg[15]_i_69/CO[3]
                         net (fo=1, unplaced)         0.000    27.885    kv_wdata_reg[15]_i_69_n_0
                         CARRY4 (Prop_carry4_CI_O[2])
                                                      0.256    28.141 f  kv_wdata_reg[15]_i_212/O[2]
                         net (fo=2, unplaced)         0.463    28.604    kv_wdata_reg[15]_i_212_n_5
                         LUT1 (Prop_lut1_I0_O)        0.301    28.905 r  kv_wdata[15]_i_182/O
                         net (fo=1, unplaced)         0.000    28.905    kv_wdata[15]_i_182_n_0
                         CARRY4 (Prop_carry4_S[1]_CO[3])
                                                      0.533    29.438 r  kv_wdata_reg[15]_i_107/CO[3]
                         net (fo=1, unplaced)         0.000    29.438    kv_wdata_reg[15]_i_107_n_0
                         CARRY4 (Prop_carry4_CI_CO[1])
                                                      0.179    29.617 r  kv_wdata_reg[15]_i_63/CO[1]
                         net (fo=58, unplaced)        0.697    30.314    kv_wdata_reg[15]_i_63_n_2
                         LUT6 (Prop_lut6_I1_O)        0.332    30.646 f  kv_wdata[15]_i_237/O
                         net (fo=4, unplaced)         0.473    31.119    kv_wdata[15]_i_237_n_0
                         LUT6 (Prop_lut6_I0_O)        0.124    31.243 r  kv_wdata[15]_i_195/O
                         net (fo=1, unplaced)         0.469    31.712    kv_wdata[15]_i_195_n_0
                         CARRY4 (Prop_carry4_DI[1]_CO[3])
                                                      0.520    32.232 r  kv_wdata_reg[15]_i_164/CO[3]
                         net (fo=1, unplaced)         0.000    32.232    kv_wdata_reg[15]_i_164_n_0
                         CARRY4 (Prop_carry4_CI_CO[3])
                                                      0.117    32.349 r  kv_wdata_reg[15]_i_95/CO[3]
                         net (fo=1, unplaced)         0.000    32.349    kv_wdata_reg[15]_i_95_n_0
                         CARRY4 (Prop_carry4_CI_CO[3])
                                                      0.117    32.466 r  kv_wdata_reg[15]_i_53/CO[3]
                         net (fo=1, unplaced)         0.000    32.466    kv_wdata_reg[15]_i_53_n_0
                         CARRY4 (Prop_carry4_CI_CO[3])
                                                      0.117    32.583 r  kv_wdata_reg[15]_i_13/CO[3]
                         net (fo=1, unplaced)         0.000    32.583    kv_wdata_reg[15]_i_13_n_0
                         CARRY4 (Prop_carry4_CI_CO[3])
                                                      0.117    32.700 r  kv_wdata_reg[15]_i_5/CO[3]
                         net (fo=128, unplaced)       0.827    33.527    kv_wdata_reg[15]_i_5_n_0
                         LUT5 (Prop_lut5_I4_O)        0.124    33.651 r  kv_wdata[0]_rep_i_1__3/O
                         net (fo=1, unplaced)         0.000    33.651    kv_wdata[0]_rep_i_1__3_n_0
                         FDRE                                         r  kv_wdata_reg[0]_rep__3/D
  -------------------------------------------------------------------    -------------------

                         (clock clk rise edge)       10.000    10.000 r  <hidden>
                                                      0.000    10.000 r  clk
                         net (fo=43012, unset)        0.924    10.924    clk
                         FDRE                                         r  kv_wdata_reg[0]_rep__3/C
                         clock pessimism              0.000    10.924    <hidden>
                         clock uncertainty           -0.035    10.889    <hidden>
                         FDRE (Setup_fdre_C_D)        0.044    10.933    kv_wdata_reg[0]_rep__3
  -------------------------------------------------------------------
                         required time                         10.933    <hidden>
                         arrival time                         -33.651    <hidden>
  -------------------------------------------------------------------
                         slack                                -22.718    <hidden>

Slack (VIOLATED) :        -22.718ns  (required time - arrival time)
  Source:                 di_reg[4]_rep__5/C
                            (rising edge-triggered cell FDCE clocked by clk  {rise@0.000ns fall@5.000ns period=10.000ns})
  Destination:            kv_wdata_reg[0]_rep__4/D
                            (rising edge-triggered cell FDRE clocked by clk  {rise@0.000ns fall@5.000ns period=10.000ns})
  Path Group:             clk
  Path Type:              Setup (Max at Slow Process Corner)
  Requirement:            10.000ns  (clk rise@10.000ns - clk rise@0.000ns)
  Data Path Delay:        32.678ns  (logic 21.759ns (66.585%)  route 10.919ns (33.415%))
  Logic Levels:           48  (CARRY4=31 DSP48E1=4 LUT1=1 LUT2=1 LUT3=1 LUT4=3 LUT5=1 LUT6=5 MUXF7=1)
  Clock Path Skew:        -0.049ns (DCD - SCD + CPR)
    Destination Clock Delay (DCD):    0.924ns = ( 10.924 - 10.000 ) 
    Source Clock Delay      (SCD):    0.973ns
    Clock Pessimism Removal (CPR):    0.000ns
  Clock Uncertainty:      0.035ns  ((TSJ^2 + TIJ^2)^1/2 + DJ) / 2 + PE
    Total System Jitter     (TSJ):    0.071ns
    Total Input Jitter      (TIJ):    0.000ns
    Discrete Jitter          (DJ):    0.000ns
    Phase Error              (PE):    0.000ns

    Location             Delay type                Incr(ns)  Path(ns)    Netlist Resource(s)
  -------------------------------------------------------------------    -------------------
                         (clock clk rise edge)        0.000     0.000 r  <hidden>
                                                      0.000     0.000 r  clk
                         net (fo=43012, unset)        0.973     0.973    clk
                         FDCE                                         r  di_reg[4]_rep__5/C
  -------------------------------------------------------------------    -------------------
                         FDCE (Prop_fdce_C_Q)         0.478     1.451 r  di_reg[4]_rep__5/Q
                         net (fo=118, unplaced)       0.770     2.221    di_reg[4]_rep__5_n_0
                         CARRY4 (Prop_carry4_S[0]_O[1])
                                                      0.722     2.943 r  g0_b0_i_2/O[1]
                         net (fo=723, unplaced)       0.751     3.694    a03_out[5]
                         LUT6 (Prop_lut6_I5_O)        0.306     4.000 r  g6_b7__1__0/O
                         net (fo=2, unplaced)         0.743     4.743    g6_b7__1__0_n_0
                         LUT6 (Prop_lut6_I1_O)        0.124     4.867 r  acc1__0_i_81/O
                         net (fo=1, unplaced)         0.000     4.867    acc1__0_i_81_n_0
                         MUXF7 (Prop_muxf7_I1_O)      0.247     5.114 r  acc1__0_i_26/O
                         net (fo=1, unplaced)         0.735     5.849    acc1__0_i_26_n_0
                         LUT6 (Prop_lut6_I2_O)        0.298     6.147 r  acc1__0_i_1/O
                         net (fo=22, unplaced)        0.803     6.950    acc1__0_i_1_n_0
                         DSP48E1 (Prop_dsp48e1_B[17]_P[1])
                                                      3.656    10.606 r  val0__1__0/P[1]
                         net (fo=1, unplaced)         0.803    11.409    val0__1__0_n_104
                         LUT2 (Prop_lut2_I1_O)        0.124    11.533 r  c4_rq4_return1__3_i_19/O
                         net (fo=1, unplaced)         0.000    11.533    c4_rq4_return1__3_i_19_n_0
                         CARRY4 (Prop_carry4_S[1]_CO[3])
                                                      0.533    12.066 r  c4_rq4_return1__3_i_4/CO[3]
                         net (fo=1, unplaced)         0.000    12.066    c4_rq4_return1__3_i_4_n_0
                         CARRY4 (Prop_carry4_CI_CO[3])
                                                      0.117    12.183 r  c4_rq4_return1__3_i_3/CO[3]
                         net (fo=1, unplaced)         0.000    12.183    c4_rq4_return1__3_i_3_n_0
                         CARRY4 (Prop_carry4_CI_CO[3])
                                                      0.117    12.300 r  c4_rq4_return1__3_i_2/CO[3]
                         net (fo=1, unplaced)         0.000    12.300    c4_rq4_return1__3_i_2_n_0
                         CARRY4 (Prop_carry4_CI_CO[3])
                                                      0.117    12.417 r  c4_rq4_return1__3_i_1/CO[3]
                         net (fo=1, unplaced)         0.000    12.417    c4_rq4_return1__3_i_1_n_0
                         CARRY4 (Prop_carry4_CI_CO[3])
                                                      0.117    12.534 r  c4_rq4_return1__0_i_5/CO[3]
                         net (fo=1, unplaced)         0.000    12.534    c4_rq4_return1__0_i_5_n_0
                         CARRY4 (Prop_carry4_CI_CO[3])
                                                      0.117    12.651 r  c4_rq4_return1__0_i_4/CO[3]
                         net (fo=1, unplaced)         0.000    12.651    c4_rq4_return1__0_i_4_n_0
                         CARRY4 (Prop_carry4_CI_CO[3])
                                                      0.117    12.768 r  c4_rq4_return1__0_i_3/CO[3]
                         net (fo=1, unplaced)         0.000    12.768    c4_rq4_return1__0_i_3_n_0
                         CARRY4 (Prop_carry4_CI_CO[3])
                                                      0.117    12.885 r  c4_rq4_return1__0_i_2/CO[3]
                         net (fo=1, unplaced)         0.000    12.885    c4_rq4_return1__0_i_2_n_0
                         CARRY4 (Prop_carry4_CI_O[1])
                                                      0.337    13.222 r  c4_rq4_return1__0_i_1/O[1]
                         net (fo=4, unplaced)         0.803    14.025    c4_rq4_return1__0_i_1_n_6
                         DSP48E1 (Prop_dsp48e1_A[16]_PCOUT[47])
                                                      4.215    18.240 r  c4_rq3_return1__0/PCOUT[47]
                         net (fo=1, unplaced)         0.000    18.240    c4_rq3_return1__0_n_106
                         DSP48E1 (Prop_dsp48e1_PCIN[47]_PCOUT[47])
                                                      1.713    19.953 r  c4_rq3_return1__1/PCOUT[47]
                         net (fo=1, unplaced)         0.000    19.953    c4_rq3_return1__1_n_106
                         DSP48E1 (Prop_dsp48e1_PCIN[47]_P[1])
                                                      1.518    21.471 r  c4_rq3_return1__2/P[1]
                         net (fo=3, unplaced)         0.803    22.273    c4_rq3_return1__2_n_104
                         LUT3 (Prop_lut3_I1_O)        0.149    22.422 r  kv_wdata[15]_i_121/O
                         net (fo=2, unplaced)         0.459    22.881    kv_wdata[15]_i_121_n_0
                         LUT4 (Prop_lut4_I3_O)        0.355    23.236 r  kv_wdata[15]_i_125/O
                         net (fo=1, unplaced)         0.000    23.236    kv_wdata[15]_i_125_n_0
                         CARRY4 (Prop_carry4_S[0]_CO[3])
                                                      0.513    23.749 r  kv_wdata_reg[15]_i_70/CO[3]
                         net (fo=1, unplaced)         0.000    23.749    kv_wdata_reg[15]_i_70_n_0
                         CARRY4 (Prop_carry4_CI_CO[3])
                                                      0.117    23.866 r  kv_wdata_reg[15]_i_29/CO[3]
                         net (fo=1, unplaced)         0.000    23.866    kv_wdata_reg[15]_i_29_n_0
                         CARRY4 (Prop_carry4_CI_O[2])
                                                      0.256    24.122 r  kv_wdata_reg[15]_i_8/O[2]
                         net (fo=152, unplaced)       0.562    24.684    c4_rq3_return1__6[63]
                         LUT4 (Prop_lut4_I2_O)        0.293    24.977 r  kv_wdata[0]_i_178/O
                         net (fo=1, unplaced)         0.000    24.977    kv_wdata[0]_i_178_n_0
                         CARRY4 (Prop_carry4_DI[0]_CO[3])
                                                      0.576    25.553 r  kv_wdata_reg[0]_i_137/CO[3]
                         net (fo=1, unplaced)         0.000    25.553    kv_wdata_reg[0]_i_137_n_0
                         CARRY4 (Prop_carry4_CI_CO[3])
                                                      0.117    25.670 r  kv_wdata_reg[0]_i_93/CO[3]
                         net (fo=1, unplaced)         0.000    25.670    kv_wdata_reg[0]_i_93_n_0
                         CARRY4 (Prop_carry4_CI_CO[3])
                                                      0.117    25.787 r  kv_wdata_reg[0]_i_37/CO[3]
                         net (fo=1, unplaced)         0.000    25.787    kv_wdata_reg[0]_i_37_n_0
                         CARRY4 (Prop_carry4_CI_CO[3])
                                                      0.117    25.904 r  kv_wdata_reg[0]_i_14/CO[3]
                         net (fo=1, unplaced)         0.000    25.904    kv_wdata_reg[0]_i_14_n_0
                         CARRY4 (Prop_carry4_CI_CO[3])
                                                      0.117    26.021 r  kv_wdata_reg[0]_i_4/CO[3]
                         net (fo=2, unplaced)         0.759    26.780    kv_wdata_reg[0]_i_4_n_0
                         LUT4 (Prop_lut4_I3_O)        0.124    26.904 r  kv_wdata[0]_i_8/O
                         net (fo=1, unplaced)         0.000    26.904    kv_wdata[0]_i_8_n_0
                         CARRY4 (Prop_carry4_S[0]_CO[3])
                                                      0.513    27.417 r  kv_wdata_reg[0]_i_2/CO[3]
                         net (fo=1, unplaced)         0.000    27.417    kv_wdata_reg[0]_i_2_n_0
                         CARRY4 (Prop_carry4_CI_CO[3])
                                                      0.117    27.534 r  kv_wdata_reg[7]_i_4/CO[3]
                         net (fo=1, unplaced)         0.000    27.534    kv_wdata_reg[7]_i_4_n_0
                         CARRY4 (Prop_carry4_CI_CO[3])
                                                      0.117    27.651 r  kv_wdata_reg[11]_i_4/CO[3]
                         net (fo=1, unplaced)         0.000    27.651    kv_wdata_reg[11]_i_4_n_0
                         CARRY4 (Prop_carry4_CI_CO[3])
                                                      0.117    27.768 r  kv_wdata_reg[15]_i_9/CO[3]
                         net (fo=1, unplaced)         0.000    27.768    kv_wdata_reg[15]_i_9_n_0
                         CARRY4 (Prop_carry4_CI_CO[3])
                                                      0.117    27.885 r  kv_wdata_reg[15]_i_69/CO[3]
                         net (fo=1, unplaced)         0.000    27.885    kv_wdata_reg[15]_i_69_n_0
                         CARRY4 (Prop_carry4_CI_O[2])
                                                      0.256    28.141 f  kv_wdata_reg[15]_i_212/O[2]
                         net (fo=2, unplaced)         0.463    28.604    kv_wdata_reg[15]_i_212_n_5
                         LUT1 (Prop_lut1_I0_O)        0.301    28.905 r  kv_wdata[15]_i_182/O
                         net (fo=1, unplaced)         0.000    28.905    kv_wdata[15]_i_182_n_0
                         CARRY4 (Prop_carry4_S[1]_CO[3])
                                                      0.533    29.438 r  kv_wdata_reg[15]_i_107/CO[3]
                         net (fo=1, unplaced)         0.000    29.438    kv_wdata_reg[15]_i_107_n_0
                         CARRY4 (Prop_carry4_CI_CO[1])
                                                      0.179    29.617 r  kv_wdata_reg[15]_i_63/CO[1]
                         net (fo=58, unplaced)        0.697    30.314    kv_wdata_reg[15]_i_63_n_2
                         LUT6 (Prop_lut6_I1_O)        0.332    30.646 f  kv_wdata[15]_i_237/O
                         net (fo=4, unplaced)         0.473    31.119    kv_wdata[15]_i_237_n_0
                         LUT6 (Prop_lut6_I0_O)        0.124    31.243 r  kv_wdata[15]_i_195/O
                         net (fo=1, unplaced)         0.469    31.712    kv_wdata[15]_i_195_n_0
                         CARRY4 (Prop_carry4_DI[1]_CO[3])
                                                      0.520    32.232 r  kv_wdata_reg[15]_i_164/CO[3]
                         net (fo=1, unplaced)         0.000    32.232    kv_wdata_reg[15]_i_164_n_0
                         CARRY4 (Prop_carry4_CI_CO[3])
                                                      0.117    32.349 r  kv_wdata_reg[15]_i_95/CO[3]
                         net (fo=1, unplaced)         0.000    32.349    kv_wdata_reg[15]_i_95_n_0
                         CARRY4 (Prop_carry4_CI_CO[3])
                                                      0.117    32.466 r  kv_wdata_reg[15]_i_53/CO[3]
                         net (fo=1, unplaced)         0.000    32.466    kv_wdata_reg[15]_i_53_n_0
                         CARRY4 (Prop_carry4_CI_CO[3])
                                                      0.117    32.583 r  kv_wdata_reg[15]_i_13/CO[3]
                         net (fo=1, unplaced)         0.000    32.583    kv_wdata_reg[15]_i_13_n_0
                         CARRY4 (Prop_carry4_CI_CO[3])
                                                      0.117    32.700 r  kv_wdata_reg[15]_i_5/CO[3]
                         net (fo=128, unplaced)       0.827    33.527    kv_wdata_reg[15]_i_5_n_0
                         LUT5 (Prop_lut5_I4_O)        0.124    33.651 r  kv_wdata[0]_rep_i_1__4/O
                         net (fo=1, unplaced)         0.000    33.651    kv_wdata[0]_rep_i_1__4_n_0
                         FDRE                                         r  kv_wdata_reg[0]_rep__4/D
  -------------------------------------------------------------------    -------------------

                         (clock clk rise edge)       10.000    10.000 r  <hidden>
                                                      0.000    10.000 r  clk
                         net (fo=43012, unset)        0.924    10.924    clk
                         FDRE                                         r  kv_wdata_reg[0]_rep__4/C
                         clock pessimism              0.000    10.924    <hidden>
                         clock uncertainty           -0.035    10.889    <hidden>
                         FDRE (Setup_fdre_C_D)        0.044    10.933    kv_wdata_reg[0]_rep__4
  -------------------------------------------------------------------
                         required time                         10.933    <hidden>
                         arrival time                         -33.651    <hidden>
  -------------------------------------------------------------------
                         slack                                -22.718    <hidden>

Slack (VIOLATED) :        -22.718ns  (required time - arrival time)
  Source:                 di_reg[4]_rep__5/C
                            (rising edge-triggered cell FDCE clocked by clk  {rise@0.000ns fall@5.000ns period=10.000ns})
  Destination:            kv_wdata_reg[0]_rep__5/D
                            (rising edge-triggered cell FDRE clocked by clk  {rise@0.000ns fall@5.000ns period=10.000ns})
  Path Group:             clk
  Path Type:              Setup (Max at Slow Process Corner)
  Requirement:            10.000ns  (clk rise@10.000ns - clk rise@0.000ns)
  Data Path Delay:        32.678ns  (logic 21.759ns (66.585%)  route 10.919ns (33.415%))
  Logic Levels:           48  (CARRY4=31 DSP48E1=4 LUT1=1 LUT2=1 LUT3=1 LUT4=3 LUT5=1 LUT6=5 MUXF7=1)
  Clock Path Skew:        -0.049ns (DCD - SCD + CPR)
    Destination Clock Delay (DCD):    0.924ns = ( 10.924 - 10.000 ) 
    Source Clock Delay      (SCD):    0.973ns
    Clock Pessimism Removal (CPR):    0.000ns
  Clock Uncertainty:      0.035ns  ((TSJ^2 + TIJ^2)^1/2 + DJ) / 2 + PE
    Total System Jitter     (TSJ):    0.071ns
    Total Input Jitter      (TIJ):    0.000ns
    Discrete Jitter          (DJ):    0.000ns
    Phase Error              (PE):    0.000ns

    Location             Delay type                Incr(ns)  Path(ns)    Netlist Resource(s)
  -------------------------------------------------------------------    -------------------
                         (clock clk rise edge)        0.000     0.000 r  <hidden>
                                                      0.000     0.000 r  clk
                         net (fo=43012, unset)        0.973     0.973    clk
                         FDCE                                         r  di_reg[4]_rep__5/C
  -------------------------------------------------------------------    -------------------
                         FDCE (Prop_fdce_C_Q)         0.478     1.451 r  di_reg[4]_rep__5/Q
                         net (fo=118, unplaced)       0.770     2.221    di_reg[4]_rep__5_n_0
                         CARRY4 (Prop_carry4_S[0]_O[1])
                                                      0.722     2.943 r  g0_b0_i_2/O[1]
                         net (fo=723, unplaced)       0.751     3.694    a03_out[5]
                         LUT6 (Prop_lut6_I5_O)        0.306     4.000 r  g6_b7__1__0/O
                         net (fo=2, unplaced)         0.743     4.743    g6_b7__1__0_n_0
                         LUT6 (Prop_lut6_I1_O)        0.124     4.867 r  acc1__0_i_81/O
                         net (fo=1, unplaced)         0.000     4.867    acc1__0_i_81_n_0
                         MUXF7 (Prop_muxf7_I1_O)      0.247     5.114 r  acc1__0_i_26/O
                         net (fo=1, unplaced)         0.735     5.849    acc1__0_i_26_n_0
                         LUT6 (Prop_lut6_I2_O)        0.298     6.147 r  acc1__0_i_1/O
                         net (fo=22, unplaced)        0.803     6.950    acc1__0_i_1_n_0
                         DSP48E1 (Prop_dsp48e1_B[17]_P[1])
                                                      3.656    10.606 r  val0__1__0/P[1]
                         net (fo=1, unplaced)         0.803    11.409    val0__1__0_n_104
                         LUT2 (Prop_lut2_I1_O)        0.124    11.533 r  c4_rq4_return1__3_i_19/O
                         net (fo=1, unplaced)         0.000    11.533    c4_rq4_return1__3_i_19_n_0
                         CARRY4 (Prop_carry4_S[1]_CO[3])
                                                      0.533    12.066 r  c4_rq4_return1__3_i_4/CO[3]
                         net (fo=1, unplaced)         0.000    12.066    c4_rq4_return1__3_i_4_n_0
                         CARRY4 (Prop_carry4_CI_CO[3])
                                                      0.117    12.183 r  c4_rq4_return1__3_i_3/CO[3]
                         net (fo=1, unplaced)         0.000    12.183    c4_rq4_return1__3_i_3_n_0
                         CARRY4 (Prop_carry4_CI_CO[3])
                                                      0.117    12.300 r  c4_rq4_return1__3_i_2/CO[3]
                         net (fo=1, unplaced)         0.000    12.300    c4_rq4_return1__3_i_2_n_0
                         CARRY4 (Prop_carry4_CI_CO[3])
                                                      0.117    12.417 r  c4_rq4_return1__3_i_1/CO[3]
                         net (fo=1, unplaced)         0.000    12.417    c4_rq4_return1__3_i_1_n_0
                         CARRY4 (Prop_carry4_CI_CO[3])
                                                      0.117    12.534 r  c4_rq4_return1__0_i_5/CO[3]
                         net (fo=1, unplaced)         0.000    12.534    c4_rq4_return1__0_i_5_n_0
                         CARRY4 (Prop_carry4_CI_CO[3])
                                                      0.117    12.651 r  c4_rq4_return1__0_i_4/CO[3]
                         net (fo=1, unplaced)         0.000    12.651    c4_rq4_return1__0_i_4_n_0
                         CARRY4 (Prop_carry4_CI_CO[3])
                                                      0.117    12.768 r  c4_rq4_return1__0_i_3/CO[3]
                         net (fo=1, unplaced)         0.000    12.768    c4_rq4_return1__0_i_3_n_0
                         CARRY4 (Prop_carry4_CI_CO[3])
                                                      0.117    12.885 r  c4_rq4_return1__0_i_2/CO[3]
                         net (fo=1, unplaced)         0.000    12.885    c4_rq4_return1__0_i_2_n_0
                         CARRY4 (Prop_carry4_CI_O[1])
                                                      0.337    13.222 r  c4_rq4_return1__0_i_1/O[1]
                         net (fo=4, unplaced)         0.803    14.025    c4_rq4_return1__0_i_1_n_6
                         DSP48E1 (Prop_dsp48e1_A[16]_PCOUT[47])
                                                      4.215    18.240 r  c4_rq3_return1__0/PCOUT[47]
                         net (fo=1, unplaced)         0.000    18.240    c4_rq3_return1__0_n_106
                         DSP48E1 (Prop_dsp48e1_PCIN[47]_PCOUT[47])
                                                      1.713    19.953 r  c4_rq3_return1__1/PCOUT[47]
                         net (fo=1, unplaced)         0.000    19.953    c4_rq3_return1__1_n_106
                         DSP48E1 (Prop_dsp48e1_PCIN[47]_P[1])
                                                      1.518    21.471 r  c4_rq3_return1__2/P[1]
                         net (fo=3, unplaced)         0.803    22.273    c4_rq3_return1__2_n_104
                         LUT3 (Prop_lut3_I1_O)        0.149    22.422 r  kv_wdata[15]_i_121/O
                         net (fo=2, unplaced)         0.459    22.881    kv_wdata[15]_i_121_n_0
                         LUT4 (Prop_lut4_I3_O)        0.355    23.236 r  kv_wdata[15]_i_125/O
                         net (fo=1, unplaced)         0.000    23.236    kv_wdata[15]_i_125_n_0
                         CARRY4 (Prop_carry4_S[0]_CO[3])
                                                      0.513    23.749 r  kv_wdata_reg[15]_i_70/CO[3]
                         net (fo=1, unplaced)         0.000    23.749    kv_wdata_reg[15]_i_70_n_0
                         CARRY4 (Prop_carry4_CI_CO[3])
                                                      0.117    23.866 r  kv_wdata_reg[15]_i_29/CO[3]
                         net (fo=1, unplaced)         0.000    23.866    kv_wdata_reg[15]_i_29_n_0
                         CARRY4 (Prop_carry4_CI_O[2])
                                                      0.256    24.122 r  kv_wdata_reg[15]_i_8/O[2]
                         net (fo=152, unplaced)       0.562    24.684    c4_rq3_return1__6[63]
                         LUT4 (Prop_lut4_I2_O)        0.293    24.977 r  kv_wdata[0]_i_178/O
                         net (fo=1, unplaced)         0.000    24.977    kv_wdata[0]_i_178_n_0
                         CARRY4 (Prop_carry4_DI[0]_CO[3])
                                                      0.576    25.553 r  kv_wdata_reg[0]_i_137/CO[3]
                         net (fo=1, unplaced)         0.000    25.553    kv_wdata_reg[0]_i_137_n_0
                         CARRY4 (Prop_carry4_CI_CO[3])
                                                      0.117    25.670 r  kv_wdata_reg[0]_i_93/CO[3]
                         net (fo=1, unplaced)         0.000    25.670    kv_wdata_reg[0]_i_93_n_0
                         CARRY4 (Prop_carry4_CI_CO[3])
                                                      0.117    25.787 r  kv_wdata_reg[0]_i_37/CO[3]
                         net (fo=1, unplaced)         0.000    25.787    kv_wdata_reg[0]_i_37_n_0
                         CARRY4 (Prop_carry4_CI_CO[3])
                                                      0.117    25.904 r  kv_wdata_reg[0]_i_14/CO[3]
                         net (fo=1, unplaced)         0.000    25.904    kv_wdata_reg[0]_i_14_n_0
                         CARRY4 (Prop_carry4_CI_CO[3])
                                                      0.117    26.021 r  kv_wdata_reg[0]_i_4/CO[3]
                         net (fo=2, unplaced)         0.759    26.780    kv_wdata_reg[0]_i_4_n_0
                         LUT4 (Prop_lut4_I3_O)        0.124    26.904 r  kv_wdata[0]_i_8/O
                         net (fo=1, unplaced)         0.000    26.904    kv_wdata[0]_i_8_n_0
                         CARRY4 (Prop_carry4_S[0]_CO[3])
                                                      0.513    27.417 r  kv_wdata_reg[0]_i_2/CO[3]
                         net (fo=1, unplaced)         0.000    27.417    kv_wdata_reg[0]_i_2_n_0
                         CARRY4 (Prop_carry4_CI_CO[3])
                                                      0.117    27.534 r  kv_wdata_reg[7]_i_4/CO[3]
                         net (fo=1, unplaced)         0.000    27.534    kv_wdata_reg[7]_i_4_n_0
                         CARRY4 (Prop_carry4_CI_CO[3])
                                                      0.117    27.651 r  kv_wdata_reg[11]_i_4/CO[3]
                         net (fo=1, unplaced)         0.000    27.651    kv_wdata_reg[11]_i_4_n_0
                         CARRY4 (Prop_carry4_CI_CO[3])
                                                      0.117    27.768 r  kv_wdata_reg[15]_i_9/CO[3]
                         net (fo=1, unplaced)         0.000    27.768    kv_wdata_reg[15]_i_9_n_0
                         CARRY4 (Prop_carry4_CI_CO[3])
                                                      0.117    27.885 r  kv_wdata_reg[15]_i_69/CO[3]
                         net (fo=1, unplaced)         0.000    27.885    kv_wdata_reg[15]_i_69_n_0
                         CARRY4 (Prop_carry4_CI_O[2])
                                                      0.256    28.141 f  kv_wdata_reg[15]_i_212/O[2]
                         net (fo=2, unplaced)         0.463    28.604    kv_wdata_reg[15]_i_212_n_5
                         LUT1 (Prop_lut1_I0_O)        0.301    28.905 r  kv_wdata[15]_i_182/O
                         net (fo=1, unplaced)         0.000    28.905    kv_wdata[15]_i_182_n_0
                         CARRY4 (Prop_carry4_S[1]_CO[3])
                                                      0.533    29.438 r  kv_wdata_reg[15]_i_107/CO[3]
                         net (fo=1, unplaced)         0.000    29.438    kv_wdata_reg[15]_i_107_n_0
                         CARRY4 (Prop_carry4_CI_CO[1])
                                                      0.179    29.617 r  kv_wdata_reg[15]_i_63/CO[1]
                         net (fo=58, unplaced)        0.697    30.314    kv_wdata_reg[15]_i_63_n_2
                         LUT6 (Prop_lut6_I1_O)        0.332    30.646 f  kv_wdata[15]_i_237/O
                         net (fo=4, unplaced)         0.473    31.119    kv_wdata[15]_i_237_n_0
                         LUT6 (Prop_lut6_I0_O)        0.124    31.243 r  kv_wdata[15]_i_195/O
                         net (fo=1, unplaced)         0.469    31.712    kv_wdata[15]_i_195_n_0
                         CARRY4 (Prop_carry4_DI[1]_CO[3])
                                                      0.520    32.232 r  kv_wdata_reg[15]_i_164/CO[3]
                         net (fo=1, unplaced)         0.000    32.232    kv_wdata_reg[15]_i_164_n_0
                         CARRY4 (Prop_carry4_CI_CO[3])
                                                      0.117    32.349 r  kv_wdata_reg[15]_i_95/CO[3]
                         net (fo=1, unplaced)         0.000    32.349    kv_wdata_reg[15]_i_95_n_0
                         CARRY4 (Prop_carry4_CI_CO[3])
                                                      0.117    32.466 r  kv_wdata_reg[15]_i_53/CO[3]
                         net (fo=1, unplaced)         0.000    32.466    kv_wdata_reg[15]_i_53_n_0
                         CARRY4 (Prop_carry4_CI_CO[3])
                                                      0.117    32.583 r  kv_wdata_reg[15]_i_13/CO[3]
                         net (fo=1, unplaced)         0.000    32.583    kv_wdata_reg[15]_i_13_n_0
                         CARRY4 (Prop_carry4_CI_CO[3])
                                                      0.117    32.700 r  kv_wdata_reg[15]_i_5/CO[3]
                         net (fo=128, unplaced)       0.827    33.527    kv_wdata_reg[15]_i_5_n_0
                         LUT5 (Prop_lut5_I4_O)        0.124    33.651 r  kv_wdata[0]_rep_i_1__5/O
                         net (fo=1, unplaced)         0.000    33.651    kv_wdata[0]_rep_i_1__5_n_0
                         FDRE                                         r  kv_wdata_reg[0]_rep__5/D
  -------------------------------------------------------------------    -------------------

                         (clock clk rise edge)       10.000    10.000 r  <hidden>
                                                      0.000    10.000 r  clk
                         net (fo=43012, unset)        0.924    10.924    clk
                         FDRE                                         r  kv_wdata_reg[0]_rep__5/C
                         clock pessimism              0.000    10.924    <hidden>
                         clock uncertainty           -0.035    10.889    <hidden>
                         FDRE (Setup_fdre_C_D)        0.044    10.933    kv_wdata_reg[0]_rep__5
  -------------------------------------------------------------------
                         required time                         10.933    <hidden>
                         arrival time                         -33.651    <hidden>
  -------------------------------------------------------------------
                         slack                                -22.718    <hidden>

Slack (VIOLATED) :        -22.718ns  (required time - arrival time)
  Source:                 di_reg[4]_rep__5/C
                            (rising edge-triggered cell FDCE clocked by clk  {rise@0.000ns fall@5.000ns period=10.000ns})
  Destination:            kv_wdata_reg[10]/D
                            (rising edge-triggered cell FDRE clocked by clk  {rise@0.000ns fall@5.000ns period=10.000ns})
  Path Group:             clk
  Path Type:              Setup (Max at Slow Process Corner)
  Requirement:            10.000ns  (clk rise@10.000ns - clk rise@0.000ns)
  Data Path Delay:        32.678ns  (logic 21.759ns (66.585%)  route 10.919ns (33.415%))
  Logic Levels:           48  (CARRY4=31 DSP48E1=4 LUT1=1 LUT2=1 LUT3=1 LUT4=3 LUT5=1 LUT6=5 MUXF7=1)
  Clock Path Skew:        -0.049ns (DCD - SCD + CPR)
    Destination Clock Delay (DCD):    0.924ns = ( 10.924 - 10.000 ) 
    Source Clock Delay      (SCD):    0.973ns
    Clock Pessimism Removal (CPR):    0.000ns
  Clock Uncertainty:      0.035ns  ((TSJ^2 + TIJ^2)^1/2 + DJ) / 2 + PE
    Total System Jitter     (TSJ):    0.071ns
    Total Input Jitter      (TIJ):    0.000ns
    Discrete Jitter          (DJ):    0.000ns
    Phase Error              (PE):    0.000ns

    Location             Delay type                Incr(ns)  Path(ns)    Netlist Resource(s)
  -------------------------------------------------------------------    -------------------
                         (clock clk rise edge)        0.000     0.000 r  <hidden>
                                                      0.000     0.000 r  clk
                         net (fo=43012, unset)        0.973     0.973    clk
                         FDCE                                         r  di_reg[4]_rep__5/C
  -------------------------------------------------------------------    -------------------
                         FDCE (Prop_fdce_C_Q)         0.478     1.451 r  di_reg[4]_rep__5/Q
                         net (fo=118, unplaced)       0.770     2.221    di_reg[4]_rep__5_n_0
                         CARRY4 (Prop_carry4_S[0]_O[1])
                                                      0.722     2.943 r  g0_b0_i_2/O[1]
                         net (fo=723, unplaced)       0.751     3.694    a03_out[5]
                         LUT6 (Prop_lut6_I5_O)        0.306     4.000 r  g6_b7__1__0/O
                         net (fo=2, unplaced)         0.743     4.743    g6_b7__1__0_n_0
                         LUT6 (Prop_lut6_I1_O)        0.124     4.867 r  acc1__0_i_81/O
                         net (fo=1, unplaced)         0.000     4.867    acc1__0_i_81_n_0
                         MUXF7 (Prop_muxf7_I1_O)      0.247     5.114 r  acc1__0_i_26/O
                         net (fo=1, unplaced)         0.735     5.849    acc1__0_i_26_n_0
                         LUT6 (Prop_lut6_I2_O)        0.298     6.147 r  acc1__0_i_1/O
                         net (fo=22, unplaced)        0.803     6.950    acc1__0_i_1_n_0
                         DSP48E1 (Prop_dsp48e1_B[17]_P[1])
                                                      3.656    10.606 r  val0__1__0/P[1]
                         net (fo=1, unplaced)         0.803    11.409    val0__1__0_n_104
                         LUT2 (Prop_lut2_I1_O)        0.124    11.533 r  c4_rq4_return1__3_i_19/O
                         net (fo=1, unplaced)         0.000    11.533    c4_rq4_return1__3_i_19_n_0
                         CARRY4 (Prop_carry4_S[1]_CO[3])
                                                      0.533    12.066 r  c4_rq4_return1__3_i_4/CO[3]
                         net (fo=1, unplaced)         0.000    12.066    c4_rq4_return1__3_i_4_n_0
                         CARRY4 (Prop_carry4_CI_CO[3])
                                                      0.117    12.183 r  c4_rq4_return1__3_i_3/CO[3]
                         net (fo=1, unplaced)         0.000    12.183    c4_rq4_return1__3_i_3_n_0
                         CARRY4 (Prop_carry4_CI_CO[3])
                                                      0.117    12.300 r  c4_rq4_return1__3_i_2/CO[3]
                         net (fo=1, unplaced)         0.000    12.300    c4_rq4_return1__3_i_2_n_0
                         CARRY4 (Prop_carry4_CI_CO[3])
                                                      0.117    12.417 r  c4_rq4_return1__3_i_1/CO[3]
                         net (fo=1, unplaced)         0.000    12.417    c4_rq4_return1__3_i_1_n_0
                         CARRY4 (Prop_carry4_CI_CO[3])
                                                      0.117    12.534 r  c4_rq4_return1__0_i_5/CO[3]
                         net (fo=1, unplaced)         0.000    12.534    c4_rq4_return1__0_i_5_n_0
                         CARRY4 (Prop_carry4_CI_CO[3])
                                                      0.117    12.651 r  c4_rq4_return1__0_i_4/CO[3]
                         net (fo=1, unplaced)         0.000    12.651    c4_rq4_return1__0_i_4_n_0
                         CARRY4 (Prop_carry4_CI_CO[3])
                                                      0.117    12.768 r  c4_rq4_return1__0_i_3/CO[3]
                         net (fo=1, unplaced)         0.000    12.768    c4_rq4_return1__0_i_3_n_0
                         CARRY4 (Prop_carry4_CI_CO[3])
                                                      0.117    12.885 r  c4_rq4_return1__0_i_2/CO[3]
                         net (fo=1, unplaced)         0.000    12.885    c4_rq4_return1__0_i_2_n_0
                         CARRY4 (Prop_carry4_CI_O[1])
                                                      0.337    13.222 r  c4_rq4_return1__0_i_1/O[1]
                         net (fo=4, unplaced)         0.803    14.025    c4_rq4_return1__0_i_1_n_6
                         DSP48E1 (Prop_dsp48e1_A[16]_PCOUT[47])
                                                      4.215    18.240 r  c4_rq3_return1__0/PCOUT[47]
                         net (fo=1, unplaced)         0.000    18.240    c4_rq3_return1__0_n_106
                         DSP48E1 (Prop_dsp48e1_PCIN[47]_PCOUT[47])
                                                      1.713    19.953 r  c4_rq3_return1__1/PCOUT[47]
                         net (fo=1, unplaced)         0.000    19.953    c4_rq3_return1__1_n_106
                         DSP48E1 (Prop_dsp48e1_PCIN[47]_P[1])
                                                      1.518    21.471 r  c4_rq3_return1__2/P[1]
                         net (fo=3, unplaced)         0.803    22.273    c4_rq3_return1__2_n_104
                         LUT3 (Prop_lut3_I1_O)        0.149    22.422 r  kv_wdata[15]_i_121/O
                         net (fo=2, unplaced)         0.459    22.881    kv_wdata[15]_i_121_n_0
                         LUT4 (Prop_lut4_I3_O)        0.355    23.236 r  kv_wdata[15]_i_125/O
                         net (fo=1, unplaced)         0.000    23.236    kv_wdata[15]_i_125_n_0
                         CARRY4 (Prop_carry4_S[0]_CO[3])
                                                      0.513    23.749 r  kv_wdata_reg[15]_i_70/CO[3]
                         net (fo=1, unplaced)         0.000    23.749    kv_wdata_reg[15]_i_70_n_0
                         CARRY4 (Prop_carry4_CI_CO[3])
                                                      0.117    23.866 r  kv_wdata_reg[15]_i_29/CO[3]
                         net (fo=1, unplaced)         0.000    23.866    kv_wdata_reg[15]_i_29_n_0
                         CARRY4 (Prop_carry4_CI_O[2])
                                                      0.256    24.122 r  kv_wdata_reg[15]_i_8/O[2]
                         net (fo=152, unplaced)       0.562    24.684    c4_rq3_return1__6[63]
                         LUT4 (Prop_lut4_I2_O)        0.293    24.977 r  kv_wdata[0]_i_178/O
                         net (fo=1, unplaced)         0.000    24.977    kv_wdata[0]_i_178_n_0
                         CARRY4 (Prop_carry4_DI[0]_CO[3])
                                                      0.576    25.553 r  kv_wdata_reg[0]_i_137/CO[3]
                         net (fo=1, unplaced)         0.000    25.553    kv_wdata_reg[0]_i_137_n_0
                         CARRY4 (Prop_carry4_CI_CO[3])
                                                      0.117    25.670 r  kv_wdata_reg[0]_i_93/CO[3]
                         net (fo=1, unplaced)         0.000    25.670    kv_wdata_reg[0]_i_93_n_0
                         CARRY4 (Prop_carry4_CI_CO[3])
                                                      0.117    25.787 r  kv_wdata_reg[0]_i_37/CO[3]
                         net (fo=1, unplaced)         0.000    25.787    kv_wdata_reg[0]_i_37_n_0
                         CARRY4 (Prop_carry4_CI_CO[3])
                                                      0.117    25.904 r  kv_wdata_reg[0]_i_14/CO[3]
                         net (fo=1, unplaced)         0.000    25.904    kv_wdata_reg[0]_i_14_n_0
                         CARRY4 (Prop_carry4_CI_CO[3])
                                                      0.117    26.021 r  kv_wdata_reg[0]_i_4/CO[3]
                         net (fo=2, unplaced)         0.759    26.780    kv_wdata_reg[0]_i_4_n_0
                         LUT4 (Prop_lut4_I3_O)        0.124    26.904 r  kv_wdata[0]_i_8/O
                         net (fo=1, unplaced)         0.000    26.904    kv_wdata[0]_i_8_n_0
                         CARRY4 (Prop_carry4_S[0]_CO[3])
                                                      0.513    27.417 r  kv_wdata_reg[0]_i_2/CO[3]
                         net (fo=1, unplaced)         0.000    27.417    kv_wdata_reg[0]_i_2_n_0
                         CARRY4 (Prop_carry4_CI_CO[3])
                                                      0.117    27.534 r  kv_wdata_reg[7]_i_4/CO[3]
                         net (fo=1, unplaced)         0.000    27.534    kv_wdata_reg[7]_i_4_n_0
                         CARRY4 (Prop_carry4_CI_CO[3])
                                                      0.117    27.651 r  kv_wdata_reg[11]_i_4/CO[3]
                         net (fo=1, unplaced)         0.000    27.651    kv_wdata_reg[11]_i_4_n_0
                         CARRY4 (Prop_carry4_CI_CO[3])
                                                      0.117    27.768 r  kv_wdata_reg[15]_i_9/CO[3]
                         net (fo=1, unplaced)         0.000    27.768    kv_wdata_reg[15]_i_9_n_0
                         CARRY4 (Prop_carry4_CI_CO[3])
                                                      0.117    27.885 r  kv_wdata_reg[15]_i_69/CO[3]
                         net (fo=1, unplaced)         0.000    27.885    kv_wdata_reg[15]_i_69_n_0
                         CARRY4 (Prop_carry4_CI_O[2])
                                                      0.256    28.141 f  kv_wdata_reg[15]_i_212/O[2]
                         net (fo=2, unplaced)         0.463    28.604    kv_wdata_reg[15]_i_212_n_5
                         LUT1 (Prop_lut1_I0_O)        0.301    28.905 r  kv_wdata[15]_i_182/O
                         net (fo=1, unplaced)         0.000    28.905    kv_wdata[15]_i_182_n_0
                         CARRY4 (Prop_carry4_S[1]_CO[3])
                                                      0.533    29.438 r  kv_wdata_reg[15]_i_107/CO[3]
                         net (fo=1, unplaced)         0.000    29.438    kv_wdata_reg[15]_i_107_n_0
                         CARRY4 (Prop_carry4_CI_CO[1])
                                                      0.179    29.617 r  kv_wdata_reg[15]_i_63/CO[1]
                         net (fo=58, unplaced)        0.697    30.314    kv_wdata_reg[15]_i_63_n_2
                         LUT6 (Prop_lut6_I1_O)        0.332    30.646 f  kv_wdata[15]_i_237/O
                         net (fo=4, unplaced)         0.473    31.119    kv_wdata[15]_i_237_n_0
                         LUT6 (Prop_lut6_I0_O)        0.124    31.243 r  kv_wdata[15]_i_195/O
                         net (fo=1, unplaced)         0.469    31.712    kv_wdata[15]_i_195_n_0
                         CARRY4 (Prop_carry4_DI[1]_CO[3])
                                                      0.520    32.232 r  kv_wdata_reg[15]_i_164/CO[3]
                         net (fo=1, unplaced)         0.000    32.232    kv_wdata_reg[15]_i_164_n_0
                         CARRY4 (Prop_carry4_CI_CO[3])
                                                      0.117    32.349 r  kv_wdata_reg[15]_i_95/CO[3]
                         net (fo=1, unplaced)         0.000    32.349    kv_wdata_reg[15]_i_95_n_0
                         CARRY4 (Prop_carry4_CI_CO[3])
                                                      0.117    32.466 r  kv_wdata_reg[15]_i_53/CO[3]
                         net (fo=1, unplaced)         0.000    32.466    kv_wdata_reg[15]_i_53_n_0
                         CARRY4 (Prop_carry4_CI_CO[3])
                                                      0.117    32.583 r  kv_wdata_reg[15]_i_13/CO[3]
                         net (fo=1, unplaced)         0.000    32.583    kv_wdata_reg[15]_i_13_n_0
                         CARRY4 (Prop_carry4_CI_CO[3])
                                                      0.117    32.700 f  kv_wdata_reg[15]_i_5/CO[3]
                         net (fo=128, unplaced)       0.827    33.527    kv_wdata_reg[15]_i_5_n_0
                         LUT5 (Prop_lut5_I1_O)        0.124    33.651 r  kv_wdata[10]_i_1/O
                         net (fo=1, unplaced)         0.000    33.651    kv_wdata[10]_i_1_n_0
                         FDRE                                         r  kv_wdata_reg[10]/D
  -------------------------------------------------------------------    -------------------

                         (clock clk rise edge)       10.000    10.000 r  <hidden>
                                                      0.000    10.000 r  clk
                         net (fo=43012, unset)        0.924    10.924    clk
                         FDRE                                         r  kv_wdata_reg[10]/C
                         clock pessimism              0.000    10.924    <hidden>
                         clock uncertainty           -0.035    10.889    <hidden>
                         FDRE (Setup_fdre_C_D)        0.044    10.933    kv_wdata_reg[10]
  -------------------------------------------------------------------
                         required time                         10.933    <hidden>
                         arrival time                         -33.651    <hidden>
  -------------------------------------------------------------------
                         slack                                -22.718    <hidden>

Slack (VIOLATED) :        -22.718ns  (required time - arrival time)
  Source:                 di_reg[4]_rep__5/C
                            (rising edge-triggered cell FDCE clocked by clk  {rise@0.000ns fall@5.000ns period=10.000ns})
  Destination:            kv_wdata_reg[10]_rep/D
                            (rising edge-triggered cell FDRE clocked by clk  {rise@0.000ns fall@5.000ns period=10.000ns})
  Path Group:             clk
  Path Type:              Setup (Max at Slow Process Corner)
  Requirement:            10.000ns  (clk rise@10.000ns - clk rise@0.000ns)
  Data Path Delay:        32.678ns  (logic 21.759ns (66.585%)  route 10.919ns (33.415%))
  Logic Levels:           48  (CARRY4=31 DSP48E1=4 LUT1=1 LUT2=1 LUT3=1 LUT4=3 LUT5=1 LUT6=5 MUXF7=1)
  Clock Path Skew:        -0.049ns (DCD - SCD + CPR)
    Destination Clock Delay (DCD):    0.924ns = ( 10.924 - 10.000 ) 
    Source Clock Delay      (SCD):    0.973ns
    Clock Pessimism Removal (CPR):    0.000ns
  Clock Uncertainty:      0.035ns  ((TSJ^2 + TIJ^2)^1/2 + DJ) / 2 + PE
    Total System Jitter     (TSJ):    0.071ns
    Total Input Jitter      (TIJ):    0.000ns
    Discrete Jitter          (DJ):    0.000ns
    Phase Error              (PE):    0.000ns

    Location             Delay type                Incr(ns)  Path(ns)    Netlist Resource(s)
  -------------------------------------------------------------------    -------------------
                         (clock clk rise edge)        0.000     0.000 r  <hidden>
                                                      0.000     0.000 r  clk
                         net (fo=43012, unset)        0.973     0.973    clk
                         FDCE                                         r  di_reg[4]_rep__5/C
  -------------------------------------------------------------------    -------------------
                         FDCE (Prop_fdce_C_Q)         0.478     1.451 r  di_reg[4]_rep__5/Q
                         net (fo=118, unplaced)       0.770     2.221    di_reg[4]_rep__5_n_0
                         CARRY4 (Prop_carry4_S[0]_O[1])
                                                      0.722     2.943 r  g0_b0_i_2/O[1]
                         net (fo=723, unplaced)       0.751     3.694    a03_out[5]
                         LUT6 (Prop_lut6_I5_O)        0.306     4.000 r  g6_b7__1__0/O
                         net (fo=2, unplaced)         0.743     4.743    g6_b7__1__0_n_0
                         LUT6 (Prop_lut6_I1_O)        0.124     4.867 r  acc1__0_i_81/O
                         net (fo=1, unplaced)         0.000     4.867    acc1__0_i_81_n_0
                         MUXF7 (Prop_muxf7_I1_O)      0.247     5.114 r  acc1__0_i_26/O
                         net (fo=1, unplaced)         0.735     5.849    acc1__0_i_26_n_0
                         LUT6 (Prop_lut6_I2_O)        0.298     6.147 r  acc1__0_i_1/O
                         net (fo=22, unplaced)        0.803     6.950    acc1__0_i_1_n_0
                         DSP48E1 (Prop_dsp48e1_B[17]_P[1])
                                                      3.656    10.606 r  val0__1__0/P[1]
                         net (fo=1, unplaced)         0.803    11.409    val0__1__0_n_104
                         LUT2 (Prop_lut2_I1_O)        0.124    11.533 r  c4_rq4_return1__3_i_19/O
                         net (fo=1, unplaced)         0.000    11.533    c4_rq4_return1__3_i_19_n_0
                         CARRY4 (Prop_carry4_S[1]_CO[3])
                                                      0.533    12.066 r  c4_rq4_return1__3_i_4/CO[3]
                         net (fo=1, unplaced)         0.000    12.066    c4_rq4_return1__3_i_4_n_0
                         CARRY4 (Prop_carry4_CI_CO[3])
                                                      0.117    12.183 r  c4_rq4_return1__3_i_3/CO[3]
                         net (fo=1, unplaced)         0.000    12.183    c4_rq4_return1__3_i_3_n_0
                         CARRY4 (Prop_carry4_CI_CO[3])
                                                      0.117    12.300 r  c4_rq4_return1__3_i_2/CO[3]
                         net (fo=1, unplaced)         0.000    12.300    c4_rq4_return1__3_i_2_n_0
                         CARRY4 (Prop_carry4_CI_CO[3])
                                                      0.117    12.417 r  c4_rq4_return1__3_i_1/CO[3]
                         net (fo=1, unplaced)         0.000    12.417    c4_rq4_return1__3_i_1_n_0
                         CARRY4 (Prop_carry4_CI_CO[3])
                                                      0.117    12.534 r  c4_rq4_return1__0_i_5/CO[3]
                         net (fo=1, unplaced)         0.000    12.534    c4_rq4_return1__0_i_5_n_0
                         CARRY4 (Prop_carry4_CI_CO[3])
                                                      0.117    12.651 r  c4_rq4_return1__0_i_4/CO[3]
                         net (fo=1, unplaced)         0.000    12.651    c4_rq4_return1__0_i_4_n_0
                         CARRY4 (Prop_carry4_CI_CO[3])
                                                      0.117    12.768 r  c4_rq4_return1__0_i_3/CO[3]
                         net (fo=1, unplaced)         0.000    12.768    c4_rq4_return1__0_i_3_n_0
                         CARRY4 (Prop_carry4_CI_CO[3])
                                                      0.117    12.885 r  c4_rq4_return1__0_i_2/CO[3]
                         net (fo=1, unplaced)         0.000    12.885    c4_rq4_return1__0_i_2_n_0
                         CARRY4 (Prop_carry4_CI_O[1])
                                                      0.337    13.222 r  c4_rq4_return1__0_i_1/O[1]
                         net (fo=4, unplaced)         0.803    14.025    c4_rq4_return1__0_i_1_n_6
                         DSP48E1 (Prop_dsp48e1_A[16]_PCOUT[47])
                                                      4.215    18.240 r  c4_rq3_return1__0/PCOUT[47]
                         net (fo=1, unplaced)         0.000    18.240    c4_rq3_return1__0_n_106
                         DSP48E1 (Prop_dsp48e1_PCIN[47]_PCOUT[47])
                                                      1.713    19.953 r  c4_rq3_return1__1/PCOUT[47]
                         net (fo=1, unplaced)         0.000    19.953    c4_rq3_return1__1_n_106
                         DSP48E1 (Prop_dsp48e1_PCIN[47]_P[1])
                                                      1.518    21.471 r  c4_rq3_return1__2/P[1]
                         net (fo=3, unplaced)         0.803    22.273    c4_rq3_return1__2_n_104
                         LUT3 (Prop_lut3_I1_O)        0.149    22.422 r  kv_wdata[15]_i_121/O
                         net (fo=2, unplaced)         0.459    22.881    kv_wdata[15]_i_121_n_0
                         LUT4 (Prop_lut4_I3_O)        0.355    23.236 r  kv_wdata[15]_i_125/O
                         net (fo=1, unplaced)         0.000    23.236    kv_wdata[15]_i_125_n_0
                         CARRY4 (Prop_carry4_S[0]_CO[3])
                                                      0.513    23.749 r  kv_wdata_reg[15]_i_70/CO[3]
                         net (fo=1, unplaced)         0.000    23.749    kv_wdata_reg[15]_i_70_n_0
                         CARRY4 (Prop_carry4_CI_CO[3])
                                                      0.117    23.866 r  kv_wdata_reg[15]_i_29/CO[3]
                         net (fo=1, unplaced)         0.000    23.866    kv_wdata_reg[15]_i_29_n_0
                         CARRY4 (Prop_carry4_CI_O[2])
                                                      0.256    24.122 r  kv_wdata_reg[15]_i_8/O[2]
                         net (fo=152, unplaced)       0.562    24.684    c4_rq3_return1__6[63]
                         LUT4 (Prop_lut4_I2_O)        0.293    24.977 r  kv_wdata[0]_i_178/O
                         net (fo=1, unplaced)         0.000    24.977    kv_wdata[0]_i_178_n_0
                         CARRY4 (Prop_carry4_DI[0]_CO[3])
                                                      0.576    25.553 r  kv_wdata_reg[0]_i_137/CO[3]
                         net (fo=1, unplaced)         0.000    25.553    kv_wdata_reg[0]_i_137_n_0
                         CARRY4 (Prop_carry4_CI_CO[3])
                                                      0.117    25.670 r  kv_wdata_reg[0]_i_93/CO[3]
                         net (fo=1, unplaced)         0.000    25.670    kv_wdata_reg[0]_i_93_n_0
                         CARRY4 (Prop_carry4_CI_CO[3])
                                                      0.117    25.787 r  kv_wdata_reg[0]_i_37/CO[3]
                         net (fo=1, unplaced)         0.000    25.787    kv_wdata_reg[0]_i_37_n_0
                         CARRY4 (Prop_carry4_CI_CO[3])
                                                      0.117    25.904 r  kv_wdata_reg[0]_i_14/CO[3]
                         net (fo=1, unplaced)         0.000    25.904    kv_wdata_reg[0]_i_14_n_0
                         CARRY4 (Prop_carry4_CI_CO[3])
                                                      0.117    26.021 r  kv_wdata_reg[0]_i_4/CO[3]
                         net (fo=2, unplaced)         0.759    26.780    kv_wdata_reg[0]_i_4_n_0
                         LUT4 (Prop_lut4_I3_O)        0.124    26.904 r  kv_wdata[0]_i_8/O
                         net (fo=1, unplaced)         0.000    26.904    kv_wdata[0]_i_8_n_0
                         CARRY4 (Prop_carry4_S[0]_CO[3])
                                                      0.513    27.417 r  kv_wdata_reg[0]_i_2/CO[3]
                         net (fo=1, unplaced)         0.000    27.417    kv_wdata_reg[0]_i_2_n_0
                         CARRY4 (Prop_carry4_CI_CO[3])
                                                      0.117    27.534 r  kv_wdata_reg[7]_i_4/CO[3]
                         net (fo=1, unplaced)         0.000    27.534    kv_wdata_reg[7]_i_4_n_0
                         CARRY4 (Prop_carry4_CI_CO[3])
                                                      0.117    27.651 r  kv_wdata_reg[11]_i_4/CO[3]
                         net (fo=1, unplaced)         0.000    27.651    kv_wdata_reg[11]_i_4_n_0
                         CARRY4 (Prop_carry4_CI_CO[3])
                                                      0.117    27.768 r  kv_wdata_reg[15]_i_9/CO[3]
                         net (fo=1, unplaced)         0.000    27.768    kv_wdata_reg[15]_i_9_n_0
                         CARRY4 (Prop_carry4_CI_CO[3])
                                                      0.117    27.885 r  kv_wdata_reg[15]_i_69/CO[3]
                         net (fo=1, unplaced)         0.000    27.885    kv_wdata_reg[15]_i_69_n_0
                         CARRY4 (Prop_carry4_CI_O[2])
                                                      0.256    28.141 f  kv_wdata_reg[15]_i_212/O[2]
                         net (fo=2, unplaced)         0.463    28.604    kv_wdata_reg[15]_i_212_n_5
                         LUT1 (Prop_lut1_I0_O)        0.301    28.905 r  kv_wdata[15]_i_182/O
                         net (fo=1, unplaced)         0.000    28.905    kv_wdata[15]_i_182_n_0
                         CARRY4 (Prop_carry4_S[1]_CO[3])
                                                      0.533    29.438 r  kv_wdata_reg[15]_i_107/CO[3]
                         net (fo=1, unplaced)         0.000    29.438    kv_wdata_reg[15]_i_107_n_0
                         CARRY4 (Prop_carry4_CI_CO[1])
                                                      0.179    29.617 r  kv_wdata_reg[15]_i_63/CO[1]
                         net (fo=58, unplaced)        0.697    30.314    kv_wdata_reg[15]_i_63_n_2
                         LUT6 (Prop_lut6_I1_O)        0.332    30.646 f  kv_wdata[15]_i_237/O
                         net (fo=4, unplaced)         0.473    31.119    kv_wdata[15]_i_237_n_0
                         LUT6 (Prop_lut6_I0_O)        0.124    31.243 r  kv_wdata[15]_i_195/O
                         net (fo=1, unplaced)         0.469    31.712    kv_wdata[15]_i_195_n_0
                         CARRY4 (Prop_carry4_DI[1]_CO[3])
                                                      0.520    32.232 r  kv_wdata_reg[15]_i_164/CO[3]
                         net (fo=1, unplaced)         0.000    32.232    kv_wdata_reg[15]_i_164_n_0
                         CARRY4 (Prop_carry4_CI_CO[3])
                                                      0.117    32.349 r  kv_wdata_reg[15]_i_95/CO[3]
                         net (fo=1, unplaced)         0.000    32.349    kv_wdata_reg[15]_i_95_n_0
                         CARRY4 (Prop_carry4_CI_CO[3])
                                                      0.117    32.466 r  kv_wdata_reg[15]_i_53/CO[3]
                         net (fo=1, unplaced)         0.000    32.466    kv_wdata_reg[15]_i_53_n_0
                         CARRY4 (Prop_carry4_CI_CO[3])
                                                      0.117    32.583 r  kv_wdata_reg[15]_i_13/CO[3]
                         net (fo=1, unplaced)         0.000    32.583    kv_wdata_reg[15]_i_13_n_0
                         CARRY4 (Prop_carry4_CI_CO[3])
                                                      0.117    32.700 f  kv_wdata_reg[15]_i_5/CO[3]
                         net (fo=128, unplaced)       0.827    33.527    kv_wdata_reg[15]_i_5_n_0
                         LUT5 (Prop_lut5_I1_O)        0.124    33.651 r  kv_wdata[10]_rep_i_1/O
                         net (fo=1, unplaced)         0.000    33.651    kv_wdata[10]_rep_i_1_n_0
                         FDRE                                         r  kv_wdata_reg[10]_rep/D
  -------------------------------------------------------------------    -------------------

                         (clock clk rise edge)       10.000    10.000 r  <hidden>
                                                      0.000    10.000 r  clk
                         net (fo=43012, unset)        0.924    10.924    clk
                         FDRE                                         r  kv_wdata_reg[10]_rep/C
                         clock pessimism              0.000    10.924    <hidden>
                         clock uncertainty           -0.035    10.889    <hidden>
                         FDRE (Setup_fdre_C_D)        0.044    10.933    kv_wdata_reg[10]_rep
  -------------------------------------------------------------------
                         required time                         10.933    <hidden>
                         arrival time                         -33.651    <hidden>
  -------------------------------------------------------------------
                         slack                                -22.718    <hidden>

Slack (VIOLATED) :        -22.718ns  (required time - arrival time)
  Source:                 di_reg[4]_rep__5/C
                            (rising edge-triggered cell FDCE clocked by clk  {rise@0.000ns fall@5.000ns period=10.000ns})
  Destination:            kv_wdata_reg[10]_rep__0/D
                            (rising edge-triggered cell FDRE clocked by clk  {rise@0.000ns fall@5.000ns period=10.000ns})
  Path Group:             clk
  Path Type:              Setup (Max at Slow Process Corner)
  Requirement:            10.000ns  (clk rise@10.000ns - clk rise@0.000ns)
  Data Path Delay:        32.678ns  (logic 21.759ns (66.585%)  route 10.919ns (33.415%))
  Logic Levels:           48  (CARRY4=31 DSP48E1=4 LUT1=1 LUT2=1 LUT3=1 LUT4=3 LUT5=1 LUT6=5 MUXF7=1)
  Clock Path Skew:        -0.049ns (DCD - SCD + CPR)
    Destination Clock Delay (DCD):    0.924ns = ( 10.924 - 10.000 ) 
    Source Clock Delay      (SCD):    0.973ns
    Clock Pessimism Removal (CPR):    0.000ns
  Clock Uncertainty:      0.035ns  ((TSJ^2 + TIJ^2)^1/2 + DJ) / 2 + PE
    Total System Jitter     (TSJ):    0.071ns
    Total Input Jitter      (TIJ):    0.000ns
    Discrete Jitter          (DJ):    0.000ns
    Phase Error              (PE):    0.000ns

    Location             Delay type                Incr(ns)  Path(ns)    Netlist Resource(s)
  -------------------------------------------------------------------    -------------------
                         (clock clk rise edge)        0.000     0.000 r  <hidden>
                                                      0.000     0.000 r  clk
                         net (fo=43012, unset)        0.973     0.973    clk
                         FDCE                                         r  di_reg[4]_rep__5/C
  -------------------------------------------------------------------    -------------------
                         FDCE (Prop_fdce_C_Q)         0.478     1.451 r  di_reg[4]_rep__5/Q
                         net (fo=118, unplaced)       0.770     2.221    di_reg[4]_rep__5_n_0
                         CARRY4 (Prop_carry4_S[0]_O[1])
                                                      0.722     2.943 r  g0_b0_i_2/O[1]
                         net (fo=723, unplaced)       0.751     3.694    a03_out[5]
                         LUT6 (Prop_lut6_I5_O)        0.306     4.000 r  g6_b7__1__0/O
                         net (fo=2, unplaced)         0.743     4.743    g6_b7__1__0_n_0
                         LUT6 (Prop_lut6_I1_O)        0.124     4.867 r  acc1__0_i_81/O
                         net (fo=1, unplaced)         0.000     4.867    acc1__0_i_81_n_0
                         MUXF7 (Prop_muxf7_I1_O)      0.247     5.114 r  acc1__0_i_26/O
                         net (fo=1, unplaced)         0.735     5.849    acc1__0_i_26_n_0
                         LUT6 (Prop_lut6_I2_O)        0.298     6.147 r  acc1__0_i_1/O
                         net (fo=22, unplaced)        0.803     6.950    acc1__0_i_1_n_0
                         DSP48E1 (Prop_dsp48e1_B[17]_P[1])
                                                      3.656    10.606 r  val0__1__0/P[1]
                         net (fo=1, unplaced)         0.803    11.409    val0__1__0_n_104
                         LUT2 (Prop_lut2_I1_O)        0.124    11.533 r  c4_rq4_return1__3_i_19/O
                         net (fo=1, unplaced)         0.000    11.533    c4_rq4_return1__3_i_19_n_0
                         CARRY4 (Prop_carry4_S[1]_CO[3])
                                                      0.533    12.066 r  c4_rq4_return1__3_i_4/CO[3]
                         net (fo=1, unplaced)         0.000    12.066    c4_rq4_return1__3_i_4_n_0
                         CARRY4 (Prop_carry4_CI_CO[3])
                                                      0.117    12.183 r  c4_rq4_return1__3_i_3/CO[3]
                         net (fo=1, unplaced)         0.000    12.183    c4_rq4_return1__3_i_3_n_0
                         CARRY4 (Prop_carry4_CI_CO[3])
                                                      0.117    12.300 r  c4_rq4_return1__3_i_2/CO[3]
                         net (fo=1, unplaced)         0.000    12.300    c4_rq4_return1__3_i_2_n_0
                         CARRY4 (Prop_carry4_CI_CO[3])
                                                      0.117    12.417 r  c4_rq4_return1__3_i_1/CO[3]
                         net (fo=1, unplaced)         0.000    12.417    c4_rq4_return1__3_i_1_n_0
                         CARRY4 (Prop_carry4_CI_CO[3])
                                                      0.117    12.534 r  c4_rq4_return1__0_i_5/CO[3]
                         net (fo=1, unplaced)         0.000    12.534    c4_rq4_return1__0_i_5_n_0
                         CARRY4 (Prop_carry4_CI_CO[3])
                                                      0.117    12.651 r  c4_rq4_return1__0_i_4/CO[3]
                         net (fo=1, unplaced)         0.000    12.651    c4_rq4_return1__0_i_4_n_0
                         CARRY4 (Prop_carry4_CI_CO[3])
                                                      0.117    12.768 r  c4_rq4_return1__0_i_3/CO[3]
                         net (fo=1, unplaced)         0.000    12.768    c4_rq4_return1__0_i_3_n_0
                         CARRY4 (Prop_carry4_CI_CO[3])
                                                      0.117    12.885 r  c4_rq4_return1__0_i_2/CO[3]
                         net (fo=1, unplaced)         0.000    12.885    c4_rq4_return1__0_i_2_n_0
                         CARRY4 (Prop_carry4_CI_O[1])
                                                      0.337    13.222 r  c4_rq4_return1__0_i_1/O[1]
                         net (fo=4, unplaced)         0.803    14.025    c4_rq4_return1__0_i_1_n_6
                         DSP48E1 (Prop_dsp48e1_A[16]_PCOUT[47])
                                                      4.215    18.240 r  c4_rq3_return1__0/PCOUT[47]
                         net (fo=1, unplaced)         0.000    18.240    c4_rq3_return1__0_n_106
                         DSP48E1 (Prop_dsp48e1_PCIN[47]_PCOUT[47])
                                                      1.713    19.953 r  c4_rq3_return1__1/PCOUT[47]
                         net (fo=1, unplaced)         0.000    19.953    c4_rq3_return1__1_n_106
                         DSP48E1 (Prop_dsp48e1_PCIN[47]_P[1])
                                                      1.518    21.471 r  c4_rq3_return1__2/P[1]
                         net (fo=3, unplaced)         0.803    22.273    c4_rq3_return1__2_n_104
                         LUT3 (Prop_lut3_I1_O)        0.149    22.422 r  kv_wdata[15]_i_121/O
                         net (fo=2, unplaced)         0.459    22.881    kv_wdata[15]_i_121_n_0
                         LUT4 (Prop_lut4_I3_O)        0.355    23.236 r  kv_wdata[15]_i_125/O
                         net (fo=1, unplaced)         0.000    23.236    kv_wdata[15]_i_125_n_0
                         CARRY4 (Prop_carry4_S[0]_CO[3])
                                                      0.513    23.749 r  kv_wdata_reg[15]_i_70/CO[3]
                         net (fo=1, unplaced)         0.000    23.749    kv_wdata_reg[15]_i_70_n_0
                         CARRY4 (Prop_carry4_CI_CO[3])
                                                      0.117    23.866 r  kv_wdata_reg[15]_i_29/CO[3]
                         net (fo=1, unplaced)         0.000    23.866    kv_wdata_reg[15]_i_29_n_0
                         CARRY4 (Prop_carry4_CI_O[2])
                                                      0.256    24.122 r  kv_wdata_reg[15]_i_8/O[2]
                         net (fo=152, unplaced)       0.562    24.684    c4_rq3_return1__6[63]
                         LUT4 (Prop_lut4_I2_O)        0.293    24.977 r  kv_wdata[0]_i_178/O
                         net (fo=1, unplaced)         0.000    24.977    kv_wdata[0]_i_178_n_0
                         CARRY4 (Prop_carry4_DI[0]_CO[3])
                                                      0.576    25.553 r  kv_wdata_reg[0]_i_137/CO[3]
                         net (fo=1, unplaced)         0.000    25.553    kv_wdata_reg[0]_i_137_n_0
                         CARRY4 (Prop_carry4_CI_CO[3])
                                                      0.117    25.670 r  kv_wdata_reg[0]_i_93/CO[3]
                         net (fo=1, unplaced)         0.000    25.670    kv_wdata_reg[0]_i_93_n_0
                         CARRY4 (Prop_carry4_CI_CO[3])
                                                      0.117    25.787 r  kv_wdata_reg[0]_i_37/CO[3]
                         net (fo=1, unplaced)         0.000    25.787    kv_wdata_reg[0]_i_37_n_0
                         CARRY4 (Prop_carry4_CI_CO[3])
                                                      0.117    25.904 r  kv_wdata_reg[0]_i_14/CO[3]
                         net (fo=1, unplaced)         0.000    25.904    kv_wdata_reg[0]_i_14_n_0
                         CARRY4 (Prop_carry4_CI_CO[3])
                                                      0.117    26.021 r  kv_wdata_reg[0]_i_4/CO[3]
                         net (fo=2, unplaced)         0.759    26.780    kv_wdata_reg[0]_i_4_n_0
                         LUT4 (Prop_lut4_I3_O)        0.124    26.904 r  kv_wdata[0]_i_8/O
                         net (fo=1, unplaced)         0.000    26.904    kv_wdata[0]_i_8_n_0
                         CARRY4 (Prop_carry4_S[0]_CO[3])
                                                      0.513    27.417 r  kv_wdata_reg[0]_i_2/CO[3]
                         net (fo=1, unplaced)         0.000    27.417    kv_wdata_reg[0]_i_2_n_0
                         CARRY4 (Prop_carry4_CI_CO[3])
                                                      0.117    27.534 r  kv_wdata_reg[7]_i_4/CO[3]
                         net (fo=1, unplaced)         0.000    27.534    kv_wdata_reg[7]_i_4_n_0
                         CARRY4 (Prop_carry4_CI_CO[3])
                                                      0.117    27.651 r  kv_wdata_reg[11]_i_4/CO[3]
                         net (fo=1, unplaced)         0.000    27.651    kv_wdata_reg[11]_i_4_n_0
                         CARRY4 (Prop_carry4_CI_CO[3])
                                                      0.117    27.768 r  kv_wdata_reg[15]_i_9/CO[3]
                         net (fo=1, unplaced)         0.000    27.768    kv_wdata_reg[15]_i_9_n_0
                         CARRY4 (Prop_carry4_CI_CO[3])
                                                      0.117    27.885 r  kv_wdata_reg[15]_i_69/CO[3]
                         net (fo=1, unplaced)         0.000    27.885    kv_wdata_reg[15]_i_69_n_0
                         CARRY4 (Prop_carry4_CI_O[2])
                                                      0.256    28.141 f  kv_wdata_reg[15]_i_212/O[2]
                         net (fo=2, unplaced)         0.463    28.604    kv_wdata_reg[15]_i_212_n_5
                         LUT1 (Prop_lut1_I0_O)        0.301    28.905 r  kv_wdata[15]_i_182/O
                         net (fo=1, unplaced)         0.000    28.905    kv_wdata[15]_i_182_n_0
                         CARRY4 (Prop_carry4_S[1]_CO[3])
                                                      0.533    29.438 r  kv_wdata_reg[15]_i_107/CO[3]
                         net (fo=1, unplaced)         0.000    29.438    kv_wdata_reg[15]_i_107_n_0
                         CARRY4 (Prop_carry4_CI_CO[1])
                                                      0.179    29.617 r  kv_wdata_reg[15]_i_63/CO[1]
                         net (fo=58, unplaced)        0.697    30.314    kv_wdata_reg[15]_i_63_n_2
                         LUT6 (Prop_lut6_I1_O)        0.332    30.646 f  kv_wdata[15]_i_237/O
                         net (fo=4, unplaced)         0.473    31.119    kv_wdata[15]_i_237_n_0
                         LUT6 (Prop_lut6_I0_O)        0.124    31.243 r  kv_wdata[15]_i_195/O
                         net (fo=1, unplaced)         0.469    31.712    kv_wdata[15]_i_195_n_0
                         CARRY4 (Prop_carry4_DI[1]_CO[3])
                                                      0.520    32.232 r  kv_wdata_reg[15]_i_164/CO[3]
                         net (fo=1, unplaced)         0.000    32.232    kv_wdata_reg[15]_i_164_n_0
                         CARRY4 (Prop_carry4_CI_CO[3])
                                                      0.117    32.349 r  kv_wdata_reg[15]_i_95/CO[3]
                         net (fo=1, unplaced)         0.000    32.349    kv_wdata_reg[15]_i_95_n_0
                         CARRY4 (Prop_carry4_CI_CO[3])
                                                      0.117    32.466 r  kv_wdata_reg[15]_i_53/CO[3]
                         net (fo=1, unplaced)         0.000    32.466    kv_wdata_reg[15]_i_53_n_0
                         CARRY4 (Prop_carry4_CI_CO[3])
                                                      0.117    32.583 r  kv_wdata_reg[15]_i_13/CO[3]
                         net (fo=1, unplaced)         0.000    32.583    kv_wdata_reg[15]_i_13_n_0
                         CARRY4 (Prop_carry4_CI_CO[3])
                                                      0.117    32.700 f  kv_wdata_reg[15]_i_5/CO[3]
                         net (fo=128, unplaced)       0.827    33.527    kv_wdata_reg[15]_i_5_n_0
                         LUT5 (Prop_lut5_I1_O)        0.124    33.651 r  kv_wdata[10]_rep_i_1__0/O
                         net (fo=1, unplaced)         0.000    33.651    kv_wdata[10]_rep_i_1__0_n_0
                         FDRE                                         r  kv_wdata_reg[10]_rep__0/D
  -------------------------------------------------------------------    -------------------

                         (clock clk rise edge)       10.000    10.000 r  <hidden>
                                                      0.000    10.000 r  clk
                         net (fo=43012, unset)        0.924    10.924    clk
                         FDRE                                         r  kv_wdata_reg[10]_rep__0/C
                         clock pessimism              0.000    10.924    <hidden>
                         clock uncertainty           -0.035    10.889    <hidden>
                         FDRE (Setup_fdre_C_D)        0.044    10.933    kv_wdata_reg[10]_rep__0
  -------------------------------------------------------------------
                         required time                         10.933    <hidden>
                         arrival time                         -33.651    <hidden>
  -------------------------------------------------------------------
                         slack                                -22.718    <hidden>

Slack (VIOLATED) :        -22.718ns  (required time - arrival time)
  Source:                 di_reg[4]_rep__5/C
                            (rising edge-triggered cell FDCE clocked by clk  {rise@0.000ns fall@5.000ns period=10.000ns})
  Destination:            kv_wdata_reg[10]_rep__1/D
                            (rising edge-triggered cell FDRE clocked by clk  {rise@0.000ns fall@5.000ns period=10.000ns})
  Path Group:             clk
  Path Type:              Setup (Max at Slow Process Corner)
  Requirement:            10.000ns  (clk rise@10.000ns - clk rise@0.000ns)
  Data Path Delay:        32.678ns  (logic 21.759ns (66.585%)  route 10.919ns (33.415%))
  Logic Levels:           48  (CARRY4=31 DSP48E1=4 LUT1=1 LUT2=1 LUT3=1 LUT4=3 LUT5=1 LUT6=5 MUXF7=1)
  Clock Path Skew:        -0.049ns (DCD - SCD + CPR)
    Destination Clock Delay (DCD):    0.924ns = ( 10.924 - 10.000 ) 
    Source Clock Delay      (SCD):    0.973ns
    Clock Pessimism Removal (CPR):    0.000ns
  Clock Uncertainty:      0.035ns  ((TSJ^2 + TIJ^2)^1/2 + DJ) / 2 + PE
    Total System Jitter     (TSJ):    0.071ns
    Total Input Jitter      (TIJ):    0.000ns
    Discrete Jitter          (DJ):    0.000ns
    Phase Error              (PE):    0.000ns

    Location             Delay type                Incr(ns)  Path(ns)    Netlist Resource(s)
  -------------------------------------------------------------------    -------------------
                         (clock clk rise edge)        0.000     0.000 r  <hidden>
                                                      0.000     0.000 r  clk
                         net (fo=43012, unset)        0.973     0.973    clk
                         FDCE                                         r  di_reg[4]_rep__5/C
  -------------------------------------------------------------------    -------------------
                         FDCE (Prop_fdce_C_Q)         0.478     1.451 r  di_reg[4]_rep__5/Q
                         net (fo=118, unplaced)       0.770     2.221    di_reg[4]_rep__5_n_0
                         CARRY4 (Prop_carry4_S[0]_O[1])
                                                      0.722     2.943 r  g0_b0_i_2/O[1]
                         net (fo=723, unplaced)       0.751     3.694    a03_out[5]
                         LUT6 (Prop_lut6_I5_O)        0.306     4.000 r  g6_b7__1__0/O
                         net (fo=2, unplaced)         0.743     4.743    g6_b7__1__0_n_0
                         LUT6 (Prop_lut6_I1_O)        0.124     4.867 r  acc1__0_i_81/O
                         net (fo=1, unplaced)         0.000     4.867    acc1__0_i_81_n_0
                         MUXF7 (Prop_muxf7_I1_O)      0.247     5.114 r  acc1__0_i_26/O
                         net (fo=1, unplaced)         0.735     5.849    acc1__0_i_26_n_0
                         LUT6 (Prop_lut6_I2_O)        0.298     6.147 r  acc1__0_i_1/O
                         net (fo=22, unplaced)        0.803     6.950    acc1__0_i_1_n_0
                         DSP48E1 (Prop_dsp48e1_B[17]_P[1])
                                                      3.656    10.606 r  val0__1__0/P[1]
                         net (fo=1, unplaced)         0.803    11.409    val0__1__0_n_104
                         LUT2 (Prop_lut2_I1_O)        0.124    11.533 r  c4_rq4_return1__3_i_19/O
                         net (fo=1, unplaced)         0.000    11.533    c4_rq4_return1__3_i_19_n_0
                         CARRY4 (Prop_carry4_S[1]_CO[3])
                                                      0.533    12.066 r  c4_rq4_return1__3_i_4/CO[3]
                         net (fo=1, unplaced)         0.000    12.066    c4_rq4_return1__3_i_4_n_0
                         CARRY4 (Prop_carry4_CI_CO[3])
                                                      0.117    12.183 r  c4_rq4_return1__3_i_3/CO[3]
                         net (fo=1, unplaced)         0.000    12.183    c4_rq4_return1__3_i_3_n_0
                         CARRY4 (Prop_carry4_CI_CO[3])
                                                      0.117    12.300 r  c4_rq4_return1__3_i_2/CO[3]
                         net (fo=1, unplaced)         0.000    12.300    c4_rq4_return1__3_i_2_n_0
                         CARRY4 (Prop_carry4_CI_CO[3])
                                                      0.117    12.417 r  c4_rq4_return1__3_i_1/CO[3]
                         net (fo=1, unplaced)         0.000    12.417    c4_rq4_return1__3_i_1_n_0
                         CARRY4 (Prop_carry4_CI_CO[3])
                                                      0.117    12.534 r  c4_rq4_return1__0_i_5/CO[3]
                         net (fo=1, unplaced)         0.000    12.534    c4_rq4_return1__0_i_5_n_0
                         CARRY4 (Prop_carry4_CI_CO[3])
                                                      0.117    12.651 r  c4_rq4_return1__0_i_4/CO[3]
                         net (fo=1, unplaced)         0.000    12.651    c4_rq4_return1__0_i_4_n_0
                         CARRY4 (Prop_carry4_CI_CO[3])
                                                      0.117    12.768 r  c4_rq4_return1__0_i_3/CO[3]
                         net (fo=1, unplaced)         0.000    12.768    c4_rq4_return1__0_i_3_n_0
                         CARRY4 (Prop_carry4_CI_CO[3])
                                                      0.117    12.885 r  c4_rq4_return1__0_i_2/CO[3]
                         net (fo=1, unplaced)         0.000    12.885    c4_rq4_return1__0_i_2_n_0
                         CARRY4 (Prop_carry4_CI_O[1])
                                                      0.337    13.222 r  c4_rq4_return1__0_i_1/O[1]
                         net (fo=4, unplaced)         0.803    14.025    c4_rq4_return1__0_i_1_n_6
                         DSP48E1 (Prop_dsp48e1_A[16]_PCOUT[47])
                                                      4.215    18.240 r  c4_rq3_return1__0/PCOUT[47]
                         net (fo=1, unplaced)         0.000    18.240    c4_rq3_return1__0_n_106
                         DSP48E1 (Prop_dsp48e1_PCIN[47]_PCOUT[47])
                                                      1.713    19.953 r  c4_rq3_return1__1/PCOUT[47]
                         net (fo=1, unplaced)         0.000    19.953    c4_rq3_return1__1_n_106
                         DSP48E1 (Prop_dsp48e1_PCIN[47]_P[1])
                                                      1.518    21.471 r  c4_rq3_return1__2/P[1]
                         net (fo=3, unplaced)         0.803    22.273    c4_rq3_return1__2_n_104
                         LUT3 (Prop_lut3_I1_O)        0.149    22.422 r  kv_wdata[15]_i_121/O
                         net (fo=2, unplaced)         0.459    22.881    kv_wdata[15]_i_121_n_0
                         LUT4 (Prop_lut4_I3_O)        0.355    23.236 r  kv_wdata[15]_i_125/O
                         net (fo=1, unplaced)         0.000    23.236    kv_wdata[15]_i_125_n_0
                         CARRY4 (Prop_carry4_S[0]_CO[3])
                                                      0.513    23.749 r  kv_wdata_reg[15]_i_70/CO[3]
                         net (fo=1, unplaced)         0.000    23.749    kv_wdata_reg[15]_i_70_n_0
                         CARRY4 (Prop_carry4_CI_CO[3])
                                                      0.117    23.866 r  kv_wdata_reg[15]_i_29/CO[3]
                         net (fo=1, unplaced)         0.000    23.866    kv_wdata_reg[15]_i_29_n_0
                         CARRY4 (Prop_carry4_CI_O[2])
                                                      0.256    24.122 r  kv_wdata_reg[15]_i_8/O[2]
                         net (fo=152, unplaced)       0.562    24.684    c4_rq3_return1__6[63]
                         LUT4 (Prop_lut4_I2_O)        0.293    24.977 r  kv_wdata[0]_i_178/O
                         net (fo=1, unplaced)         0.000    24.977    kv_wdata[0]_i_178_n_0
                         CARRY4 (Prop_carry4_DI[0]_CO[3])
                                                      0.576    25.553 r  kv_wdata_reg[0]_i_137/CO[3]
                         net (fo=1, unplaced)         0.000    25.553    kv_wdata_reg[0]_i_137_n_0
                         CARRY4 (Prop_carry4_CI_CO[3])
                                                      0.117    25.670 r  kv_wdata_reg[0]_i_93/CO[3]
                         net (fo=1, unplaced)         0.000    25.670    kv_wdata_reg[0]_i_93_n_0
                         CARRY4 (Prop_carry4_CI_CO[3])
                                                      0.117    25.787 r  kv_wdata_reg[0]_i_37/CO[3]
                         net (fo=1, unplaced)         0.000    25.787    kv_wdata_reg[0]_i_37_n_0
                         CARRY4 (Prop_carry4_CI_CO[3])
                                                      0.117    25.904 r  kv_wdata_reg[0]_i_14/CO[3]
                         net (fo=1, unplaced)         0.000    25.904    kv_wdata_reg[0]_i_14_n_0
                         CARRY4 (Prop_carry4_CI_CO[3])
                                                      0.117    26.021 r  kv_wdata_reg[0]_i_4/CO[3]
                         net (fo=2, unplaced)         0.759    26.780    kv_wdata_reg[0]_i_4_n_0
                         LUT4 (Prop_lut4_I3_O)        0.124    26.904 r  kv_wdata[0]_i_8/O
                         net (fo=1, unplaced)         0.000    26.904    kv_wdata[0]_i_8_n_0
                         CARRY4 (Prop_carry4_S[0]_CO[3])
                                                      0.513    27.417 r  kv_wdata_reg[0]_i_2/CO[3]
                         net (fo=1, unplaced)         0.000    27.417    kv_wdata_reg[0]_i_2_n_0
                         CARRY4 (Prop_carry4_CI_CO[3])
                                                      0.117    27.534 r  kv_wdata_reg[7]_i_4/CO[3]
                         net (fo=1, unplaced)         0.000    27.534    kv_wdata_reg[7]_i_4_n_0
                         CARRY4 (Prop_carry4_CI_CO[3])
                                                      0.117    27.651 r  kv_wdata_reg[11]_i_4/CO[3]
                         net (fo=1, unplaced)         0.000    27.651    kv_wdata_reg[11]_i_4_n_0
                         CARRY4 (Prop_carry4_CI_CO[3])
                                                      0.117    27.768 r  kv_wdata_reg[15]_i_9/CO[3]
                         net (fo=1, unplaced)         0.000    27.768    kv_wdata_reg[15]_i_9_n_0
                         CARRY4 (Prop_carry4_CI_CO[3])
                                                      0.117    27.885 r  kv_wdata_reg[15]_i_69/CO[3]
                         net (fo=1, unplaced)         0.000    27.885    kv_wdata_reg[15]_i_69_n_0
                         CARRY4 (Prop_carry4_CI_O[2])
                                                      0.256    28.141 f  kv_wdata_reg[15]_i_212/O[2]
                         net (fo=2, unplaced)         0.463    28.604    kv_wdata_reg[15]_i_212_n_5
                         LUT1 (Prop_lut1_I0_O)        0.301    28.905 r  kv_wdata[15]_i_182/O
                         net (fo=1, unplaced)         0.000    28.905    kv_wdata[15]_i_182_n_0
                         CARRY4 (Prop_carry4_S[1]_CO[3])
                                                      0.533    29.438 r  kv_wdata_reg[15]_i_107/CO[3]
                         net (fo=1, unplaced)         0.000    29.438    kv_wdata_reg[15]_i_107_n_0
                         CARRY4 (Prop_carry4_CI_CO[1])
                                                      0.179    29.617 r  kv_wdata_reg[15]_i_63/CO[1]
                         net (fo=58, unplaced)        0.697    30.314    kv_wdata_reg[15]_i_63_n_2
                         LUT6 (Prop_lut6_I1_O)        0.332    30.646 f  kv_wdata[15]_i_237/O
                         net (fo=4, unplaced)         0.473    31.119    kv_wdata[15]_i_237_n_0
                         LUT6 (Prop_lut6_I0_O)        0.124    31.243 r  kv_wdata[15]_i_195/O
                         net (fo=1, unplaced)         0.469    31.712    kv_wdata[15]_i_195_n_0
                         CARRY4 (Prop_carry4_DI[1]_CO[3])
                                                      0.520    32.232 r  kv_wdata_reg[15]_i_164/CO[3]
                         net (fo=1, unplaced)         0.000    32.232    kv_wdata_reg[15]_i_164_n_0
                         CARRY4 (Prop_carry4_CI_CO[3])
                                                      0.117    32.349 r  kv_wdata_reg[15]_i_95/CO[3]
                         net (fo=1, unplaced)         0.000    32.349    kv_wdata_reg[15]_i_95_n_0
                         CARRY4 (Prop_carry4_CI_CO[3])
                                                      0.117    32.466 r  kv_wdata_reg[15]_i_53/CO[3]
                         net (fo=1, unplaced)         0.000    32.466    kv_wdata_reg[15]_i_53_n_0
                         CARRY4 (Prop_carry4_CI_CO[3])
                                                      0.117    32.583 r  kv_wdata_reg[15]_i_13/CO[3]
                         net (fo=1, unplaced)         0.000    32.583    kv_wdata_reg[15]_i_13_n_0
                         CARRY4 (Prop_carry4_CI_CO[3])
                                                      0.117    32.700 f  kv_wdata_reg[15]_i_5/CO[3]
                         net (fo=128, unplaced)       0.827    33.527    kv_wdata_reg[15]_i_5_n_0
                         LUT5 (Prop_lut5_I1_O)        0.124    33.651 r  kv_wdata[10]_rep_i_1__1/O
                         net (fo=1, unplaced)         0.000    33.651    kv_wdata[10]_rep_i_1__1_n_0
                         FDRE                                         r  kv_wdata_reg[10]_rep__1/D
  -------------------------------------------------------------------    -------------------

                         (clock clk rise edge)       10.000    10.000 r  <hidden>
                                                      0.000    10.000 r  clk
                         net (fo=43012, unset)        0.924    10.924    clk
                         FDRE                                         r  kv_wdata_reg[10]_rep__1/C
                         clock pessimism              0.000    10.924    <hidden>
                         clock uncertainty           -0.035    10.889    <hidden>
                         FDRE (Setup_fdre_C_D)        0.044    10.933    kv_wdata_reg[10]_rep__1
  -------------------------------------------------------------------
                         required time                         10.933    <hidden>
                         arrival time                         -33.651    <hidden>
  -------------------------------------------------------------------
                         slack                                -22.718    <hidden>

Slack (VIOLATED) :        -22.718ns  (required time - arrival time)
  Source:                 di_reg[4]_rep__5/C
                            (rising edge-triggered cell FDCE clocked by clk  {rise@0.000ns fall@5.000ns period=10.000ns})
  Destination:            kv_wdata_reg[10]_rep__2/D
                            (rising edge-triggered cell FDRE clocked by clk  {rise@0.000ns fall@5.000ns period=10.000ns})
  Path Group:             clk
  Path Type:              Setup (Max at Slow Process Corner)
  Requirement:            10.000ns  (clk rise@10.000ns - clk rise@0.000ns)
  Data Path Delay:        32.678ns  (logic 21.759ns (66.585%)  route 10.919ns (33.415%))
  Logic Levels:           48  (CARRY4=31 DSP48E1=4 LUT1=1 LUT2=1 LUT3=1 LUT4=3 LUT5=1 LUT6=5 MUXF7=1)
  Clock Path Skew:        -0.049ns (DCD - SCD + CPR)
    Destination Clock Delay (DCD):    0.924ns = ( 10.924 - 10.000 ) 
    Source Clock Delay      (SCD):    0.973ns
    Clock Pessimism Removal (CPR):    0.000ns
  Clock Uncertainty:      0.035ns  ((TSJ^2 + TIJ^2)^1/2 + DJ) / 2 + PE
    Total System Jitter     (TSJ):    0.071ns
    Total Input Jitter      (TIJ):    0.000ns
    Discrete Jitter          (DJ):    0.000ns
    Phase Error              (PE):    0.000ns

    Location             Delay type                Incr(ns)  Path(ns)    Netlist Resource(s)
  -------------------------------------------------------------------    -------------------
                         (clock clk rise edge)        0.000     0.000 r  <hidden>
                                                      0.000     0.000 r  clk
                         net (fo=43012, unset)        0.973     0.973    clk
                         FDCE                                         r  di_reg[4]_rep__5/C
  -------------------------------------------------------------------    -------------------
                         FDCE (Prop_fdce_C_Q)         0.478     1.451 r  di_reg[4]_rep__5/Q
                         net (fo=118, unplaced)       0.770     2.221    di_reg[4]_rep__5_n_0
                         CARRY4 (Prop_carry4_S[0]_O[1])
                                                      0.722     2.943 r  g0_b0_i_2/O[1]
                         net (fo=723, unplaced)       0.751     3.694    a03_out[5]
                         LUT6 (Prop_lut6_I5_O)        0.306     4.000 r  g6_b7__1__0/O
                         net (fo=2, unplaced)         0.743     4.743    g6_b7__1__0_n_0
                         LUT6 (Prop_lut6_I1_O)        0.124     4.867 r  acc1__0_i_81/O
                         net (fo=1, unplaced)         0.000     4.867    acc1__0_i_81_n_0
                         MUXF7 (Prop_muxf7_I1_O)      0.247     5.114 r  acc1__0_i_26/O
                         net (fo=1, unplaced)         0.735     5.849    acc1__0_i_26_n_0
                         LUT6 (Prop_lut6_I2_O)        0.298     6.147 r  acc1__0_i_1/O
                         net (fo=22, unplaced)        0.803     6.950    acc1__0_i_1_n_0
                         DSP48E1 (Prop_dsp48e1_B[17]_P[1])
                                                      3.656    10.606 r  val0__1__0/P[1]
                         net (fo=1, unplaced)         0.803    11.409    val0__1__0_n_104
                         LUT2 (Prop_lut2_I1_O)        0.124    11.533 r  c4_rq4_return1__3_i_19/O
                         net (fo=1, unplaced)         0.000    11.533    c4_rq4_return1__3_i_19_n_0
                         CARRY4 (Prop_carry4_S[1]_CO[3])
                                                      0.533    12.066 r  c4_rq4_return1__3_i_4/CO[3]
                         net (fo=1, unplaced)         0.000    12.066    c4_rq4_return1__3_i_4_n_0
                         CARRY4 (Prop_carry4_CI_CO[3])
                                                      0.117    12.183 r  c4_rq4_return1__3_i_3/CO[3]
                         net (fo=1, unplaced)         0.000    12.183    c4_rq4_return1__3_i_3_n_0
                         CARRY4 (Prop_carry4_CI_CO[3])
                                                      0.117    12.300 r  c4_rq4_return1__3_i_2/CO[3]
                         net (fo=1, unplaced)         0.000    12.300    c4_rq4_return1__3_i_2_n_0
                         CARRY4 (Prop_carry4_CI_CO[3])
                                                      0.117    12.417 r  c4_rq4_return1__3_i_1/CO[3]
                         net (fo=1, unplaced)         0.000    12.417    c4_rq4_return1__3_i_1_n_0
                         CARRY4 (Prop_carry4_CI_CO[3])
                                                      0.117    12.534 r  c4_rq4_return1__0_i_5/CO[3]
                         net (fo=1, unplaced)         0.000    12.534    c4_rq4_return1__0_i_5_n_0
                         CARRY4 (Prop_carry4_CI_CO[3])
                                                      0.117    12.651 r  c4_rq4_return1__0_i_4/CO[3]
                         net (fo=1, unplaced)         0.000    12.651    c4_rq4_return1__0_i_4_n_0
                         CARRY4 (Prop_carry4_CI_CO[3])
                                                      0.117    12.768 r  c4_rq4_return1__0_i_3/CO[3]
                         net (fo=1, unplaced)         0.000    12.768    c4_rq4_return1__0_i_3_n_0
                         CARRY4 (Prop_carry4_CI_CO[3])
                                                      0.117    12.885 r  c4_rq4_return1__0_i_2/CO[3]
                         net (fo=1, unplaced)         0.000    12.885    c4_rq4_return1__0_i_2_n_0
                         CARRY4 (Prop_carry4_CI_O[1])
                                                      0.337    13.222 r  c4_rq4_return1__0_i_1/O[1]
                         net (fo=4, unplaced)         0.803    14.025    c4_rq4_return1__0_i_1_n_6
                         DSP48E1 (Prop_dsp48e1_A[16]_PCOUT[47])
                                                      4.215    18.240 r  c4_rq3_return1__0/PCOUT[47]
                         net (fo=1, unplaced)         0.000    18.240    c4_rq3_return1__0_n_106
                         DSP48E1 (Prop_dsp48e1_PCIN[47]_PCOUT[47])
                                                      1.713    19.953 r  c4_rq3_return1__1/PCOUT[47]
                         net (fo=1, unplaced)         0.000    19.953    c4_rq3_return1__1_n_106
                         DSP48E1 (Prop_dsp48e1_PCIN[47]_P[1])
                                                      1.518    21.471 r  c4_rq3_return1__2/P[1]
                         net (fo=3, unplaced)         0.803    22.273    c4_rq3_return1__2_n_104
                         LUT3 (Prop_lut3_I1_O)        0.149    22.422 r  kv_wdata[15]_i_121/O
                         net (fo=2, unplaced)         0.459    22.881    kv_wdata[15]_i_121_n_0
                         LUT4 (Prop_lut4_I3_O)        0.355    23.236 r  kv_wdata[15]_i_125/O
                         net (fo=1, unplaced)         0.000    23.236    kv_wdata[15]_i_125_n_0
                         CARRY4 (Prop_carry4_S[0]_CO[3])
                                                      0.513    23.749 r  kv_wdata_reg[15]_i_70/CO[3]
                         net (fo=1, unplaced)         0.000    23.749    kv_wdata_reg[15]_i_70_n_0
                         CARRY4 (Prop_carry4_CI_CO[3])
                                                      0.117    23.866 r  kv_wdata_reg[15]_i_29/CO[3]
                         net (fo=1, unplaced)         0.000    23.866    kv_wdata_reg[15]_i_29_n_0
                         CARRY4 (Prop_carry4_CI_O[2])
                                                      0.256    24.122 r  kv_wdata_reg[15]_i_8/O[2]
                         net (fo=152, unplaced)       0.562    24.684    c4_rq3_return1__6[63]
                         LUT4 (Prop_lut4_I2_O)        0.293    24.977 r  kv_wdata[0]_i_178/O
                         net (fo=1, unplaced)         0.000    24.977    kv_wdata[0]_i_178_n_0
                         CARRY4 (Prop_carry4_DI[0]_CO[3])
                                                      0.576    25.553 r  kv_wdata_reg[0]_i_137/CO[3]
                         net (fo=1, unplaced)         0.000    25.553    kv_wdata_reg[0]_i_137_n_0
                         CARRY4 (Prop_carry4_CI_CO[3])
                                                      0.117    25.670 r  kv_wdata_reg[0]_i_93/CO[3]
                         net (fo=1, unplaced)         0.000    25.670    kv_wdata_reg[0]_i_93_n_0
                         CARRY4 (Prop_carry4_CI_CO[3])
                                                      0.117    25.787 r  kv_wdata_reg[0]_i_37/CO[3]
                         net (fo=1, unplaced)         0.000    25.787    kv_wdata_reg[0]_i_37_n_0
                         CARRY4 (Prop_carry4_CI_CO[3])
                                                      0.117    25.904 r  kv_wdata_reg[0]_i_14/CO[3]
                         net (fo=1, unplaced)         0.000    25.904    kv_wdata_reg[0]_i_14_n_0
                         CARRY4 (Prop_carry4_CI_CO[3])
                                                      0.117    26.021 r  kv_wdata_reg[0]_i_4/CO[3]
                         net (fo=2, unplaced)         0.759    26.780    kv_wdata_reg[0]_i_4_n_0
                         LUT4 (Prop_lut4_I3_O)        0.124    26.904 r  kv_wdata[0]_i_8/O
                         net (fo=1, unplaced)         0.000    26.904    kv_wdata[0]_i_8_n_0
                         CARRY4 (Prop_carry4_S[0]_CO[3])
                                                      0.513    27.417 r  kv_wdata_reg[0]_i_2/CO[3]
                         net (fo=1, unplaced)         0.000    27.417    kv_wdata_reg[0]_i_2_n_0
                         CARRY4 (Prop_carry4_CI_CO[3])
                                                      0.117    27.534 r  kv_wdata_reg[7]_i_4/CO[3]
                         net (fo=1, unplaced)         0.000    27.534    kv_wdata_reg[7]_i_4_n_0
                         CARRY4 (Prop_carry4_CI_CO[3])
                                                      0.117    27.651 r  kv_wdata_reg[11]_i_4/CO[3]
                         net (fo=1, unplaced)         0.000    27.651    kv_wdata_reg[11]_i_4_n_0
                         CARRY4 (Prop_carry4_CI_CO[3])
                                                      0.117    27.768 r  kv_wdata_reg[15]_i_9/CO[3]
                         net (fo=1, unplaced)         0.000    27.768    kv_wdata_reg[15]_i_9_n_0
                         CARRY4 (Prop_carry4_CI_CO[3])
                                                      0.117    27.885 r  kv_wdata_reg[15]_i_69/CO[3]
                         net (fo=1, unplaced)         0.000    27.885    kv_wdata_reg[15]_i_69_n_0
                         CARRY4 (Prop_carry4_CI_O[2])
                                                      0.256    28.141 f  kv_wdata_reg[15]_i_212/O[2]
                         net (fo=2, unplaced)         0.463    28.604    kv_wdata_reg[15]_i_212_n_5
                         LUT1 (Prop_lut1_I0_O)        0.301    28.905 r  kv_wdata[15]_i_182/O
                         net (fo=1, unplaced)         0.000    28.905    kv_wdata[15]_i_182_n_0
                         CARRY4 (Prop_carry4_S[1]_CO[3])
                                                      0.533    29.438 r  kv_wdata_reg[15]_i_107/CO[3]
                         net (fo=1, unplaced)         0.000    29.438    kv_wdata_reg[15]_i_107_n_0
                         CARRY4 (Prop_carry4_CI_CO[1])
                                                      0.179    29.617 r  kv_wdata_reg[15]_i_63/CO[1]
                         net (fo=58, unplaced)        0.697    30.314    kv_wdata_reg[15]_i_63_n_2
                         LUT6 (Prop_lut6_I1_O)        0.332    30.646 f  kv_wdata[15]_i_237/O
                         net (fo=4, unplaced)         0.473    31.119    kv_wdata[15]_i_237_n_0
                         LUT6 (Prop_lut6_I0_O)        0.124    31.243 r  kv_wdata[15]_i_195/O
                         net (fo=1, unplaced)         0.469    31.712    kv_wdata[15]_i_195_n_0
                         CARRY4 (Prop_carry4_DI[1]_CO[3])
                                                      0.520    32.232 r  kv_wdata_reg[15]_i_164/CO[3]
                         net (fo=1, unplaced)         0.000    32.232    kv_wdata_reg[15]_i_164_n_0
                         CARRY4 (Prop_carry4_CI_CO[3])
                                                      0.117    32.349 r  kv_wdata_reg[15]_i_95/CO[3]
                         net (fo=1, unplaced)         0.000    32.349    kv_wdata_reg[15]_i_95_n_0
                         CARRY4 (Prop_carry4_CI_CO[3])
                                                      0.117    32.466 r  kv_wdata_reg[15]_i_53/CO[3]
                         net (fo=1, unplaced)         0.000    32.466    kv_wdata_reg[15]_i_53_n_0
                         CARRY4 (Prop_carry4_CI_CO[3])
                                                      0.117    32.583 r  kv_wdata_reg[15]_i_13/CO[3]
                         net (fo=1, unplaced)         0.000    32.583    kv_wdata_reg[15]_i_13_n_0
                         CARRY4 (Prop_carry4_CI_CO[3])
                                                      0.117    32.700 f  kv_wdata_reg[15]_i_5/CO[3]
                         net (fo=128, unplaced)       0.827    33.527    kv_wdata_reg[15]_i_5_n_0
                         LUT5 (Prop_lut5_I1_O)        0.124    33.651 r  kv_wdata[10]_rep_i_1__2/O
                         net (fo=1, unplaced)         0.000    33.651    kv_wdata[10]_rep_i_1__2_n_0
                         FDRE                                         r  kv_wdata_reg[10]_rep__2/D
  -------------------------------------------------------------------    -------------------

                         (clock clk rise edge)       10.000    10.000 r  <hidden>
                                                      0.000    10.000 r  clk
                         net (fo=43012, unset)        0.924    10.924    clk
                         FDRE                                         r  kv_wdata_reg[10]_rep__2/C
                         clock pessimism              0.000    10.924    <hidden>
                         clock uncertainty           -0.035    10.889    <hidden>
                         FDRE (Setup_fdre_C_D)        0.044    10.933    kv_wdata_reg[10]_rep__2
  -------------------------------------------------------------------
                         required time                         10.933    <hidden>
                         arrival time                         -33.651    <hidden>
  -------------------------------------------------------------------
                         slack                                -22.718    <hidden>

Slack (VIOLATED) :        -22.718ns  (required time - arrival time)
  Source:                 di_reg[4]_rep__5/C
                            (rising edge-triggered cell FDCE clocked by clk  {rise@0.000ns fall@5.000ns period=10.000ns})
  Destination:            kv_wdata_reg[10]_rep__3/D
                            (rising edge-triggered cell FDRE clocked by clk  {rise@0.000ns fall@5.000ns period=10.000ns})
  Path Group:             clk
  Path Type:              Setup (Max at Slow Process Corner)
  Requirement:            10.000ns  (clk rise@10.000ns - clk rise@0.000ns)
  Data Path Delay:        32.678ns  (logic 21.759ns (66.585%)  route 10.919ns (33.415%))
  Logic Levels:           48  (CARRY4=31 DSP48E1=4 LUT1=1 LUT2=1 LUT3=1 LUT4=3 LUT5=1 LUT6=5 MUXF7=1)
  Clock Path Skew:        -0.049ns (DCD - SCD + CPR)
    Destination Clock Delay (DCD):    0.924ns = ( 10.924 - 10.000 ) 
    Source Clock Delay      (SCD):    0.973ns
    Clock Pessimism Removal (CPR):    0.000ns
  Clock Uncertainty:      0.035ns  ((TSJ^2 + TIJ^2)^1/2 + DJ) / 2 + PE
    Total System Jitter     (TSJ):    0.071ns
    Total Input Jitter      (TIJ):    0.000ns
    Discrete Jitter          (DJ):    0.000ns
    Phase Error              (PE):    0.000ns

    Location             Delay type                Incr(ns)  Path(ns)    Netlist Resource(s)
  -------------------------------------------------------------------    -------------------
                         (clock clk rise edge)        0.000     0.000 r  <hidden>
                                                      0.000     0.000 r  clk
                         net (fo=43012, unset)        0.973     0.973    clk
                         FDCE                                         r  di_reg[4]_rep__5/C
  -------------------------------------------------------------------    -------------------
                         FDCE (Prop_fdce_C_Q)         0.478     1.451 r  di_reg[4]_rep__5/Q
                         net (fo=118, unplaced)       0.770     2.221    di_reg[4]_rep__5_n_0
                         CARRY4 (Prop_carry4_S[0]_O[1])
                                                      0.722     2.943 r  g0_b0_i_2/O[1]
                         net (fo=723, unplaced)       0.751     3.694    a03_out[5]
                         LUT6 (Prop_lut6_I5_O)        0.306     4.000 r  g6_b7__1__0/O
                         net (fo=2, unplaced)         0.743     4.743    g6_b7__1__0_n_0
                         LUT6 (Prop_lut6_I1_O)        0.124     4.867 r  acc1__0_i_81/O
                         net (fo=1, unplaced)         0.000     4.867    acc1__0_i_81_n_0
                         MUXF7 (Prop_muxf7_I1_O)      0.247     5.114 r  acc1__0_i_26/O
                         net (fo=1, unplaced)         0.735     5.849    acc1__0_i_26_n_0
                         LUT6 (Prop_lut6_I2_O)        0.298     6.147 r  acc1__0_i_1/O
                         net (fo=22, unplaced)        0.803     6.950    acc1__0_i_1_n_0
                         DSP48E1 (Prop_dsp48e1_B[17]_P[1])
                                                      3.656    10.606 r  val0__1__0/P[1]
                         net (fo=1, unplaced)         0.803    11.409    val0__1__0_n_104
                         LUT2 (Prop_lut2_I1_O)        0.124    11.533 r  c4_rq4_return1__3_i_19/O
                         net (fo=1, unplaced)         0.000    11.533    c4_rq4_return1__3_i_19_n_0
                         CARRY4 (Prop_carry4_S[1]_CO[3])
                                                      0.533    12.066 r  c4_rq4_return1__3_i_4/CO[3]
                         net (fo=1, unplaced)         0.000    12.066    c4_rq4_return1__3_i_4_n_0
                         CARRY4 (Prop_carry4_CI_CO[3])
                                                      0.117    12.183 r  c4_rq4_return1__3_i_3/CO[3]
                         net (fo=1, unplaced)         0.000    12.183    c4_rq4_return1__3_i_3_n_0
                         CARRY4 (Prop_carry4_CI_CO[3])
                                                      0.117    12.300 r  c4_rq4_return1__3_i_2/CO[3]
                         net (fo=1, unplaced)         0.000    12.300    c4_rq4_return1__3_i_2_n_0
                         CARRY4 (Prop_carry4_CI_CO[3])
                                                      0.117    12.417 r  c4_rq4_return1__3_i_1/CO[3]
                         net (fo=1, unplaced)         0.000    12.417    c4_rq4_return1__3_i_1_n_0
                         CARRY4 (Prop_carry4_CI_CO[3])
                                                      0.117    12.534 r  c4_rq4_return1__0_i_5/CO[3]
                         net (fo=1, unplaced)         0.000    12.534    c4_rq4_return1__0_i_5_n_0
                         CARRY4 (Prop_carry4_CI_CO[3])
                                                      0.117    12.651 r  c4_rq4_return1__0_i_4/CO[3]
                         net (fo=1, unplaced)         0.000    12.651    c4_rq4_return1__0_i_4_n_0
                         CARRY4 (Prop_carry4_CI_CO[3])
                                                      0.117    12.768 r  c4_rq4_return1__0_i_3/CO[3]
                         net (fo=1, unplaced)         0.000    12.768    c4_rq4_return1__0_i_3_n_0
                         CARRY4 (Prop_carry4_CI_CO[3])
                                                      0.117    12.885 r  c4_rq4_return1__0_i_2/CO[3]
                         net (fo=1, unplaced)         0.000    12.885    c4_rq4_return1__0_i_2_n_0
                         CARRY4 (Prop_carry4_CI_O[1])
                                                      0.337    13.222 r  c4_rq4_return1__0_i_1/O[1]
                         net (fo=4, unplaced)         0.803    14.025    c4_rq4_return1__0_i_1_n_6
                         DSP48E1 (Prop_dsp48e1_A[16]_PCOUT[47])
                                                      4.215    18.240 r  c4_rq3_return1__0/PCOUT[47]
                         net (fo=1, unplaced)         0.000    18.240    c4_rq3_return1__0_n_106
                         DSP48E1 (Prop_dsp48e1_PCIN[47]_PCOUT[47])
                                                      1.713    19.953 r  c4_rq3_return1__1/PCOUT[47]
                         net (fo=1, unplaced)         0.000    19.953    c4_rq3_return1__1_n_106
                         DSP48E1 (Prop_dsp48e1_PCIN[47]_P[1])
                                                      1.518    21.471 r  c4_rq3_return1__2/P[1]
                         net (fo=3, unplaced)         0.803    22.273    c4_rq3_return1__2_n_104
                         LUT3 (Prop_lut3_I1_O)        0.149    22.422 r  kv_wdata[15]_i_121/O
                         net (fo=2, unplaced)         0.459    22.881    kv_wdata[15]_i_121_n_0
                         LUT4 (Prop_lut4_I3_O)        0.355    23.236 r  kv_wdata[15]_i_125/O
                         net (fo=1, unplaced)         0.000    23.236    kv_wdata[15]_i_125_n_0
                         CARRY4 (Prop_carry4_S[0]_CO[3])
                                                      0.513    23.749 r  kv_wdata_reg[15]_i_70/CO[3]
                         net (fo=1, unplaced)         0.000    23.749    kv_wdata_reg[15]_i_70_n_0
                         CARRY4 (Prop_carry4_CI_CO[3])
                                                      0.117    23.866 r  kv_wdata_reg[15]_i_29/CO[3]
                         net (fo=1, unplaced)         0.000    23.866    kv_wdata_reg[15]_i_29_n_0
                         CARRY4 (Prop_carry4_CI_O[2])
                                                      0.256    24.122 r  kv_wdata_reg[15]_i_8/O[2]
                         net (fo=152, unplaced)       0.562    24.684    c4_rq3_return1__6[63]
                         LUT4 (Prop_lut4_I2_O)        0.293    24.977 r  kv_wdata[0]_i_178/O
                         net (fo=1, unplaced)         0.000    24.977    kv_wdata[0]_i_178_n_0
                         CARRY4 (Prop_carry4_DI[0]_CO[3])
                                                      0.576    25.553 r  kv_wdata_reg[0]_i_137/CO[3]
                         net (fo=1, unplaced)         0.000    25.553    kv_wdata_reg[0]_i_137_n_0
                         CARRY4 (Prop_carry4_CI_CO[3])
                                                      0.117    25.670 r  kv_wdata_reg[0]_i_93/CO[3]
                         net (fo=1, unplaced)         0.000    25.670    kv_wdata_reg[0]_i_93_n_0
                         CARRY4 (Prop_carry4_CI_CO[3])
                                                      0.117    25.787 r  kv_wdata_reg[0]_i_37/CO[3]
                         net (fo=1, unplaced)         0.000    25.787    kv_wdata_reg[0]_i_37_n_0
                         CARRY4 (Prop_carry4_CI_CO[3])
                                                      0.117    25.904 r  kv_wdata_reg[0]_i_14/CO[3]
                         net (fo=1, unplaced)         0.000    25.904    kv_wdata_reg[0]_i_14_n_0
                         CARRY4 (Prop_carry4_CI_CO[3])
                                                      0.117    26.021 r  kv_wdata_reg[0]_i_4/CO[3]
                         net (fo=2, unplaced)         0.759    26.780    kv_wdata_reg[0]_i_4_n_0
                         LUT4 (Prop_lut4_I3_O)        0.124    26.904 r  kv_wdata[0]_i_8/O
                         net (fo=1, unplaced)         0.000    26.904    kv_wdata[0]_i_8_n_0
                         CARRY4 (Prop_carry4_S[0]_CO[3])
                                                      0.513    27.417 r  kv_wdata_reg[0]_i_2/CO[3]
                         net (fo=1, unplaced)         0.000    27.417    kv_wdata_reg[0]_i_2_n_0
                         CARRY4 (Prop_carry4_CI_CO[3])
                                                      0.117    27.534 r  kv_wdata_reg[7]_i_4/CO[3]
                         net (fo=1, unplaced)         0.000    27.534    kv_wdata_reg[7]_i_4_n_0
                         CARRY4 (Prop_carry4_CI_CO[3])
                                                      0.117    27.651 r  kv_wdata_reg[11]_i_4/CO[3]
                         net (fo=1, unplaced)         0.000    27.651    kv_wdata_reg[11]_i_4_n_0
                         CARRY4 (Prop_carry4_CI_CO[3])
                                                      0.117    27.768 r  kv_wdata_reg[15]_i_9/CO[3]
                         net (fo=1, unplaced)         0.000    27.768    kv_wdata_reg[15]_i_9_n_0
                         CARRY4 (Prop_carry4_CI_CO[3])
                                                      0.117    27.885 r  kv_wdata_reg[15]_i_69/CO[3]
                         net (fo=1, unplaced)         0.000    27.885    kv_wdata_reg[15]_i_69_n_0
                         CARRY4 (Prop_carry4_CI_O[2])
                                                      0.256    28.141 f  kv_wdata_reg[15]_i_212/O[2]
                         net (fo=2, unplaced)         0.463    28.604    kv_wdata_reg[15]_i_212_n_5
                         LUT1 (Prop_lut1_I0_O)        0.301    28.905 r  kv_wdata[15]_i_182/O
                         net (fo=1, unplaced)         0.000    28.905    kv_wdata[15]_i_182_n_0
                         CARRY4 (Prop_carry4_S[1]_CO[3])
                                                      0.533    29.438 r  kv_wdata_reg[15]_i_107/CO[3]
                         net (fo=1, unplaced)         0.000    29.438    kv_wdata_reg[15]_i_107_n_0
                         CARRY4 (Prop_carry4_CI_CO[1])
                                                      0.179    29.617 r  kv_wdata_reg[15]_i_63/CO[1]
                         net (fo=58, unplaced)        0.697    30.314    kv_wdata_reg[15]_i_63_n_2
                         LUT6 (Prop_lut6_I1_O)        0.332    30.646 f  kv_wdata[15]_i_237/O
                         net (fo=4, unplaced)         0.473    31.119    kv_wdata[15]_i_237_n_0
                         LUT6 (Prop_lut6_I0_O)        0.124    31.243 r  kv_wdata[15]_i_195/O
                         net (fo=1, unplaced)         0.469    31.712    kv_wdata[15]_i_195_n_0
                         CARRY4 (Prop_carry4_DI[1]_CO[3])
                                                      0.520    32.232 r  kv_wdata_reg[15]_i_164/CO[3]
                         net (fo=1, unplaced)         0.000    32.232    kv_wdata_reg[15]_i_164_n_0
                         CARRY4 (Prop_carry4_CI_CO[3])
                                                      0.117    32.349 r  kv_wdata_reg[15]_i_95/CO[3]
                         net (fo=1, unplaced)         0.000    32.349    kv_wdata_reg[15]_i_95_n_0
                         CARRY4 (Prop_carry4_CI_CO[3])
                                                      0.117    32.466 r  kv_wdata_reg[15]_i_53/CO[3]
                         net (fo=1, unplaced)         0.000    32.466    kv_wdata_reg[15]_i_53_n_0
                         CARRY4 (Prop_carry4_CI_CO[3])
                                                      0.117    32.583 r  kv_wdata_reg[15]_i_13/CO[3]
                         net (fo=1, unplaced)         0.000    32.583    kv_wdata_reg[15]_i_13_n_0
                         CARRY4 (Prop_carry4_CI_CO[3])
                                                      0.117    32.700 f  kv_wdata_reg[15]_i_5/CO[3]
                         net (fo=128, unplaced)       0.827    33.527    kv_wdata_reg[15]_i_5_n_0
                         LUT5 (Prop_lut5_I1_O)        0.124    33.651 r  kv_wdata[10]_rep_i_1__3/O
                         net (fo=1, unplaced)         0.000    33.651    kv_wdata[10]_rep_i_1__3_n_0
                         FDRE                                         r  kv_wdata_reg[10]_rep__3/D
  -------------------------------------------------------------------    -------------------

                         (clock clk rise edge)       10.000    10.000 r  <hidden>
                                                      0.000    10.000 r  clk
                         net (fo=43012, unset)        0.924    10.924    clk
                         FDRE                                         r  kv_wdata_reg[10]_rep__3/C
                         clock pessimism              0.000    10.924    <hidden>
                         clock uncertainty           -0.035    10.889    <hidden>
                         FDRE (Setup_fdre_C_D)        0.044    10.933    kv_wdata_reg[10]_rep__3
  -------------------------------------------------------------------
                         required time                         10.933    <hidden>
                         arrival time                         -33.651    <hidden>
  -------------------------------------------------------------------
                         slack                                -22.718    <hidden>

Slack (VIOLATED) :        -22.718ns  (required time - arrival time)
  Source:                 di_reg[4]_rep__5/C
                            (rising edge-triggered cell FDCE clocked by clk  {rise@0.000ns fall@5.000ns period=10.000ns})
  Destination:            kv_wdata_reg[10]_rep__4/D
                            (rising edge-triggered cell FDRE clocked by clk  {rise@0.000ns fall@5.000ns period=10.000ns})
  Path Group:             clk
  Path Type:              Setup (Max at Slow Process Corner)
  Requirement:            10.000ns  (clk rise@10.000ns - clk rise@0.000ns)
  Data Path Delay:        32.678ns  (logic 21.759ns (66.585%)  route 10.919ns (33.415%))
  Logic Levels:           48  (CARRY4=31 DSP48E1=4 LUT1=1 LUT2=1 LUT3=1 LUT4=3 LUT5=1 LUT6=5 MUXF7=1)
  Clock Path Skew:        -0.049ns (DCD - SCD + CPR)
    Destination Clock Delay (DCD):    0.924ns = ( 10.924 - 10.000 ) 
    Source Clock Delay      (SCD):    0.973ns
    Clock Pessimism Removal (CPR):    0.000ns
  Clock Uncertainty:      0.035ns  ((TSJ^2 + TIJ^2)^1/2 + DJ) / 2 + PE
    Total System Jitter     (TSJ):    0.071ns
    Total Input Jitter      (TIJ):    0.000ns
    Discrete Jitter          (DJ):    0.000ns
    Phase Error              (PE):    0.000ns

    Location             Delay type                Incr(ns)  Path(ns)    Netlist Resource(s)
  -------------------------------------------------------------------    -------------------
                         (clock clk rise edge)        0.000     0.000 r  <hidden>
                                                      0.000     0.000 r  clk
                         net (fo=43012, unset)        0.973     0.973    clk
                         FDCE                                         r  di_reg[4]_rep__5/C
  -------------------------------------------------------------------    -------------------
                         FDCE (Prop_fdce_C_Q)         0.478     1.451 r  di_reg[4]_rep__5/Q
                         net (fo=118, unplaced)       0.770     2.221    di_reg[4]_rep__5_n_0
                         CARRY4 (Prop_carry4_S[0]_O[1])
                                                      0.722     2.943 r  g0_b0_i_2/O[1]
                         net (fo=723, unplaced)       0.751     3.694    a03_out[5]
                         LUT6 (Prop_lut6_I5_O)        0.306     4.000 r  g6_b7__1__0/O
                         net (fo=2, unplaced)         0.743     4.743    g6_b7__1__0_n_0
                         LUT6 (Prop_lut6_I1_O)        0.124     4.867 r  acc1__0_i_81/O
                         net (fo=1, unplaced)         0.000     4.867    acc1__0_i_81_n_0
                         MUXF7 (Prop_muxf7_I1_O)      0.247     5.114 r  acc1__0_i_26/O
                         net (fo=1, unplaced)         0.735     5.849    acc1__0_i_26_n_0
                         LUT6 (Prop_lut6_I2_O)        0.298     6.147 r  acc1__0_i_1/O
                         net (fo=22, unplaced)        0.803     6.950    acc1__0_i_1_n_0
                         DSP48E1 (Prop_dsp48e1_B[17]_P[1])
                                                      3.656    10.606 r  val0__1__0/P[1]
                         net (fo=1, unplaced)         0.803    11.409    val0__1__0_n_104
                         LUT2 (Prop_lut2_I1_O)        0.124    11.533 r  c4_rq4_return1__3_i_19/O
                         net (fo=1, unplaced)         0.000    11.533    c4_rq4_return1__3_i_19_n_0
                         CARRY4 (Prop_carry4_S[1]_CO[3])
                                                      0.533    12.066 r  c4_rq4_return1__3_i_4/CO[3]
                         net (fo=1, unplaced)         0.000    12.066    c4_rq4_return1__3_i_4_n_0
                         CARRY4 (Prop_carry4_CI_CO[3])
                                                      0.117    12.183 r  c4_rq4_return1__3_i_3/CO[3]
                         net (fo=1, unplaced)         0.000    12.183    c4_rq4_return1__3_i_3_n_0
                         CARRY4 (Prop_carry4_CI_CO[3])
                                                      0.117    12.300 r  c4_rq4_return1__3_i_2/CO[3]
                         net (fo=1, unplaced)         0.000    12.300    c4_rq4_return1__3_i_2_n_0
                         CARRY4 (Prop_carry4_CI_CO[3])
                                                      0.117    12.417 r  c4_rq4_return1__3_i_1/CO[3]
                         net (fo=1, unplaced)         0.000    12.417    c4_rq4_return1__3_i_1_n_0
                         CARRY4 (Prop_carry4_CI_CO[3])
                                                      0.117    12.534 r  c4_rq4_return1__0_i_5/CO[3]
                         net (fo=1, unplaced)         0.000    12.534    c4_rq4_return1__0_i_5_n_0
                         CARRY4 (Prop_carry4_CI_CO[3])
                                                      0.117    12.651 r  c4_rq4_return1__0_i_4/CO[3]
                         net (fo=1, unplaced)         0.000    12.651    c4_rq4_return1__0_i_4_n_0
                         CARRY4 (Prop_carry4_CI_CO[3])
                                                      0.117    12.768 r  c4_rq4_return1__0_i_3/CO[3]
                         net (fo=1, unplaced)         0.000    12.768    c4_rq4_return1__0_i_3_n_0
                         CARRY4 (Prop_carry4_CI_CO[3])
                                                      0.117    12.885 r  c4_rq4_return1__0_i_2/CO[3]
                         net (fo=1, unplaced)         0.000    12.885    c4_rq4_return1__0_i_2_n_0
                         CARRY4 (Prop_carry4_CI_O[1])
                                                      0.337    13.222 r  c4_rq4_return1__0_i_1/O[1]
                         net (fo=4, unplaced)         0.803    14.025    c4_rq4_return1__0_i_1_n_6
                         DSP48E1 (Prop_dsp48e1_A[16]_PCOUT[47])
                                                      4.215    18.240 r  c4_rq3_return1__0/PCOUT[47]
                         net (fo=1, unplaced)         0.000    18.240    c4_rq3_return1__0_n_106
                         DSP48E1 (Prop_dsp48e1_PCIN[47]_PCOUT[47])
                                                      1.713    19.953 r  c4_rq3_return1__1/PCOUT[47]
                         net (fo=1, unplaced)         0.000    19.953    c4_rq3_return1__1_n_106
                         DSP48E1 (Prop_dsp48e1_PCIN[47]_P[1])
                                                      1.518    21.471 r  c4_rq3_return1__2/P[1]
                         net (fo=3, unplaced)         0.803    22.273    c4_rq3_return1__2_n_104
                         LUT3 (Prop_lut3_I1_O)        0.149    22.422 r  kv_wdata[15]_i_121/O
                         net (fo=2, unplaced)         0.459    22.881    kv_wdata[15]_i_121_n_0
                         LUT4 (Prop_lut4_I3_O)        0.355    23.236 r  kv_wdata[15]_i_125/O
                         net (fo=1, unplaced)         0.000    23.236    kv_wdata[15]_i_125_n_0
                         CARRY4 (Prop_carry4_S[0]_CO[3])
                                                      0.513    23.749 r  kv_wdata_reg[15]_i_70/CO[3]
                         net (fo=1, unplaced)         0.000    23.749    kv_wdata_reg[15]_i_70_n_0
                         CARRY4 (Prop_carry4_CI_CO[3])
                                                      0.117    23.866 r  kv_wdata_reg[15]_i_29/CO[3]
                         net (fo=1, unplaced)         0.000    23.866    kv_wdata_reg[15]_i_29_n_0
                         CARRY4 (Prop_carry4_CI_O[2])
                                                      0.256    24.122 r  kv_wdata_reg[15]_i_8/O[2]
                         net (fo=152, unplaced)       0.562    24.684    c4_rq3_return1__6[63]
                         LUT4 (Prop_lut4_I2_O)        0.293    24.977 r  kv_wdata[0]_i_178/O
                         net (fo=1, unplaced)         0.000    24.977    kv_wdata[0]_i_178_n_0
                         CARRY4 (Prop_carry4_DI[0]_CO[3])
                                                      0.576    25.553 r  kv_wdata_reg[0]_i_137/CO[3]
                         net (fo=1, unplaced)         0.000    25.553    kv_wdata_reg[0]_i_137_n_0
                         CARRY4 (Prop_carry4_CI_CO[3])
                                                      0.117    25.670 r  kv_wdata_reg[0]_i_93/CO[3]
                         net (fo=1, unplaced)         0.000    25.670    kv_wdata_reg[0]_i_93_n_0
                         CARRY4 (Prop_carry4_CI_CO[3])
                                                      0.117    25.787 r  kv_wdata_reg[0]_i_37/CO[3]
                         net (fo=1, unplaced)         0.000    25.787    kv_wdata_reg[0]_i_37_n_0
                         CARRY4 (Prop_carry4_CI_CO[3])
                                                      0.117    25.904 r  kv_wdata_reg[0]_i_14/CO[3]
                         net (fo=1, unplaced)         0.000    25.904    kv_wdata_reg[0]_i_14_n_0
                         CARRY4 (Prop_carry4_CI_CO[3])
                                                      0.117    26.021 r  kv_wdata_reg[0]_i_4/CO[3]
                         net (fo=2, unplaced)         0.759    26.780    kv_wdata_reg[0]_i_4_n_0
                         LUT4 (Prop_lut4_I3_O)        0.124    26.904 r  kv_wdata[0]_i_8/O
                         net (fo=1, unplaced)         0.000    26.904    kv_wdata[0]_i_8_n_0
                         CARRY4 (Prop_carry4_S[0]_CO[3])
                                                      0.513    27.417 r  kv_wdata_reg[0]_i_2/CO[3]
                         net (fo=1, unplaced)         0.000    27.417    kv_wdata_reg[0]_i_2_n_0
                         CARRY4 (Prop_carry4_CI_CO[3])
                                                      0.117    27.534 r  kv_wdata_reg[7]_i_4/CO[3]
                         net (fo=1, unplaced)         0.000    27.534    kv_wdata_reg[7]_i_4_n_0
                         CARRY4 (Prop_carry4_CI_CO[3])
                                                      0.117    27.651 r  kv_wdata_reg[11]_i_4/CO[3]
                         net (fo=1, unplaced)         0.000    27.651    kv_wdata_reg[11]_i_4_n_0
                         CARRY4 (Prop_carry4_CI_CO[3])
                                                      0.117    27.768 r  kv_wdata_reg[15]_i_9/CO[3]
                         net (fo=1, unplaced)         0.000    27.768    kv_wdata_reg[15]_i_9_n_0
                         CARRY4 (Prop_carry4_CI_CO[3])
                                                      0.117    27.885 r  kv_wdata_reg[15]_i_69/CO[3]
                         net (fo=1, unplaced)         0.000    27.885    kv_wdata_reg[15]_i_69_n_0
                         CARRY4 (Prop_carry4_CI_O[2])
                                                      0.256    28.141 f  kv_wdata_reg[15]_i_212/O[2]
                         net (fo=2, unplaced)         0.463    28.604    kv_wdata_reg[15]_i_212_n_5
                         LUT1 (Prop_lut1_I0_O)        0.301    28.905 r  kv_wdata[15]_i_182/O
                         net (fo=1, unplaced)         0.000    28.905    kv_wdata[15]_i_182_n_0
                         CARRY4 (Prop_carry4_S[1]_CO[3])
                                                      0.533    29.438 r  kv_wdata_reg[15]_i_107/CO[3]
                         net (fo=1, unplaced)         0.000    29.438    kv_wdata_reg[15]_i_107_n_0
                         CARRY4 (Prop_carry4_CI_CO[1])
                                                      0.179    29.617 r  kv_wdata_reg[15]_i_63/CO[1]
                         net (fo=58, unplaced)        0.697    30.314    kv_wdata_reg[15]_i_63_n_2
                         LUT6 (Prop_lut6_I1_O)        0.332    30.646 f  kv_wdata[15]_i_237/O
                         net (fo=4, unplaced)         0.473    31.119    kv_wdata[15]_i_237_n_0
                         LUT6 (Prop_lut6_I0_O)        0.124    31.243 r  kv_wdata[15]_i_195/O
                         net (fo=1, unplaced)         0.469    31.712    kv_wdata[15]_i_195_n_0
                         CARRY4 (Prop_carry4_DI[1]_CO[3])
                                                      0.520    32.232 r  kv_wdata_reg[15]_i_164/CO[3]
                         net (fo=1, unplaced)         0.000    32.232    kv_wdata_reg[15]_i_164_n_0
                         CARRY4 (Prop_carry4_CI_CO[3])
                                                      0.117    32.349 r  kv_wdata_reg[15]_i_95/CO[3]
                         net (fo=1, unplaced)         0.000    32.349    kv_wdata_reg[15]_i_95_n_0
                         CARRY4 (Prop_carry4_CI_CO[3])
                                                      0.117    32.466 r  kv_wdata_reg[15]_i_53/CO[3]
                         net (fo=1, unplaced)         0.000    32.466    kv_wdata_reg[15]_i_53_n_0
                         CARRY4 (Prop_carry4_CI_CO[3])
                                                      0.117    32.583 r  kv_wdata_reg[15]_i_13/CO[3]
                         net (fo=1, unplaced)         0.000    32.583    kv_wdata_reg[15]_i_13_n_0
                         CARRY4 (Prop_carry4_CI_CO[3])
                                                      0.117    32.700 f  kv_wdata_reg[15]_i_5/CO[3]
                         net (fo=128, unplaced)       0.827    33.527    kv_wdata_reg[15]_i_5_n_0
                         LUT5 (Prop_lut5_I1_O)        0.124    33.651 r  kv_wdata[10]_rep_i_1__4/O
                         net (fo=1, unplaced)         0.000    33.651    kv_wdata[10]_rep_i_1__4_n_0
                         FDRE                                         r  kv_wdata_reg[10]_rep__4/D
  -------------------------------------------------------------------    -------------------

                         (clock clk rise edge)       10.000    10.000 r  <hidden>
                                                      0.000    10.000 r  clk
                         net (fo=43012, unset)        0.924    10.924    clk
                         FDRE                                         r  kv_wdata_reg[10]_rep__4/C
                         clock pessimism              0.000    10.924    <hidden>
                         clock uncertainty           -0.035    10.889    <hidden>
                         FDRE (Setup_fdre_C_D)        0.044    10.933    kv_wdata_reg[10]_rep__4
  -------------------------------------------------------------------
                         required time                         10.933    <hidden>
                         arrival time                         -33.651    <hidden>
  -------------------------------------------------------------------
                         slack                                -22.718    <hidden>

Slack (VIOLATED) :        -22.718ns  (required time - arrival time)
  Source:                 di_reg[4]_rep__5/C
                            (rising edge-triggered cell FDCE clocked by clk  {rise@0.000ns fall@5.000ns period=10.000ns})
  Destination:            kv_wdata_reg[10]_rep__5/D
                            (rising edge-triggered cell FDRE clocked by clk  {rise@0.000ns fall@5.000ns period=10.000ns})
  Path Group:             clk
  Path Type:              Setup (Max at Slow Process Corner)
  Requirement:            10.000ns  (clk rise@10.000ns - clk rise@0.000ns)
  Data Path Delay:        32.678ns  (logic 21.759ns (66.585%)  route 10.919ns (33.415%))
  Logic Levels:           48  (CARRY4=31 DSP48E1=4 LUT1=1 LUT2=1 LUT3=1 LUT4=3 LUT5=1 LUT6=5 MUXF7=1)
  Clock Path Skew:        -0.049ns (DCD - SCD + CPR)
    Destination Clock Delay (DCD):    0.924ns = ( 10.924 - 10.000 ) 
    Source Clock Delay      (SCD):    0.973ns
    Clock Pessimism Removal (CPR):    0.000ns
  Clock Uncertainty:      0.035ns  ((TSJ^2 + TIJ^2)^1/2 + DJ) / 2 + PE
    Total System Jitter     (TSJ):    0.071ns
    Total Input Jitter      (TIJ):    0.000ns
    Discrete Jitter          (DJ):    0.000ns
    Phase Error              (PE):    0.000ns

    Location             Delay type                Incr(ns)  Path(ns)    Netlist Resource(s)
  -------------------------------------------------------------------    -------------------
                         (clock clk rise edge)        0.000     0.000 r  <hidden>
                                                      0.000     0.000 r  clk
                         net (fo=43012, unset)        0.973     0.973    clk
                         FDCE                                         r  di_reg[4]_rep__5/C
  -------------------------------------------------------------------    -------------------
                         FDCE (Prop_fdce_C_Q)         0.478     1.451 r  di_reg[4]_rep__5/Q
                         net (fo=118, unplaced)       0.770     2.221    di_reg[4]_rep__5_n_0
                         CARRY4 (Prop_carry4_S[0]_O[1])
                                                      0.722     2.943 r  g0_b0_i_2/O[1]
                         net (fo=723, unplaced)       0.751     3.694    a03_out[5]
                         LUT6 (Prop_lut6_I5_O)        0.306     4.000 r  g6_b7__1__0/O
                         net (fo=2, unplaced)         0.743     4.743    g6_b7__1__0_n_0
                         LUT6 (Prop_lut6_I1_O)        0.124     4.867 r  acc1__0_i_81/O
                         net (fo=1, unplaced)         0.000     4.867    acc1__0_i_81_n_0
                         MUXF7 (Prop_muxf7_I1_O)      0.247     5.114 r  acc1__0_i_26/O
                         net (fo=1, unplaced)         0.735     5.849    acc1__0_i_26_n_0
                         LUT6 (Prop_lut6_I2_O)        0.298     6.147 r  acc1__0_i_1/O
                         net (fo=22, unplaced)        0.803     6.950    acc1__0_i_1_n_0
                         DSP48E1 (Prop_dsp48e1_B[17]_P[1])
                                                      3.656    10.606 r  val0__1__0/P[1]
                         net (fo=1, unplaced)         0.803    11.409    val0__1__0_n_104
                         LUT2 (Prop_lut2_I1_O)        0.124    11.533 r  c4_rq4_return1__3_i_19/O
                         net (fo=1, unplaced)         0.000    11.533    c4_rq4_return1__3_i_19_n_0
                         CARRY4 (Prop_carry4_S[1]_CO[3])
                                                      0.533    12.066 r  c4_rq4_return1__3_i_4/CO[3]
                         net (fo=1, unplaced)         0.000    12.066    c4_rq4_return1__3_i_4_n_0
                         CARRY4 (Prop_carry4_CI_CO[3])
                                                      0.117    12.183 r  c4_rq4_return1__3_i_3/CO[3]
                         net (fo=1, unplaced)         0.000    12.183    c4_rq4_return1__3_i_3_n_0
                         CARRY4 (Prop_carry4_CI_CO[3])
                                                      0.117    12.300 r  c4_rq4_return1__3_i_2/CO[3]
                         net (fo=1, unplaced)         0.000    12.300    c4_rq4_return1__3_i_2_n_0
                         CARRY4 (Prop_carry4_CI_CO[3])
                                                      0.117    12.417 r  c4_rq4_return1__3_i_1/CO[3]
                         net (fo=1, unplaced)         0.000    12.417    c4_rq4_return1__3_i_1_n_0
                         CARRY4 (Prop_carry4_CI_CO[3])
                                                      0.117    12.534 r  c4_rq4_return1__0_i_5/CO[3]
                         net (fo=1, unplaced)         0.000    12.534    c4_rq4_return1__0_i_5_n_0
                         CARRY4 (Prop_carry4_CI_CO[3])
                                                      0.117    12.651 r  c4_rq4_return1__0_i_4/CO[3]
                         net (fo=1, unplaced)         0.000    12.651    c4_rq4_return1__0_i_4_n_0
                         CARRY4 (Prop_carry4_CI_CO[3])
                                                      0.117    12.768 r  c4_rq4_return1__0_i_3/CO[3]
                         net (fo=1, unplaced)         0.000    12.768    c4_rq4_return1__0_i_3_n_0
                         CARRY4 (Prop_carry4_CI_CO[3])
                                                      0.117    12.885 r  c4_rq4_return1__0_i_2/CO[3]
                         net (fo=1, unplaced)         0.000    12.885    c4_rq4_return1__0_i_2_n_0
                         CARRY4 (Prop_carry4_CI_O[1])
                                                      0.337    13.222 r  c4_rq4_return1__0_i_1/O[1]
                         net (fo=4, unplaced)         0.803    14.025    c4_rq4_return1__0_i_1_n_6
                         DSP48E1 (Prop_dsp48e1_A[16]_PCOUT[47])
                                                      4.215    18.240 r  c4_rq3_return1__0/PCOUT[47]
                         net (fo=1, unplaced)         0.000    18.240    c4_rq3_return1__0_n_106
                         DSP48E1 (Prop_dsp48e1_PCIN[47]_PCOUT[47])
                                                      1.713    19.953 r  c4_rq3_return1__1/PCOUT[47]
                         net (fo=1, unplaced)         0.000    19.953    c4_rq3_return1__1_n_106
                         DSP48E1 (Prop_dsp48e1_PCIN[47]_P[1])
                                                      1.518    21.471 r  c4_rq3_return1__2/P[1]
                         net (fo=3, unplaced)         0.803    22.273    c4_rq3_return1__2_n_104
                         LUT3 (Prop_lut3_I1_O)        0.149    22.422 r  kv_wdata[15]_i_121/O
                         net (fo=2, unplaced)         0.459    22.881    kv_wdata[15]_i_121_n_0
                         LUT4 (Prop_lut4_I3_O)        0.355    23.236 r  kv_wdata[15]_i_125/O
                         net (fo=1, unplaced)         0.000    23.236    kv_wdata[15]_i_125_n_0
                         CARRY4 (Prop_carry4_S[0]_CO[3])
                                                      0.513    23.749 r  kv_wdata_reg[15]_i_70/CO[3]
                         net (fo=1, unplaced)         0.000    23.749    kv_wdata_reg[15]_i_70_n_0
                         CARRY4 (Prop_carry4_CI_CO[3])
                                                      0.117    23.866 r  kv_wdata_reg[15]_i_29/CO[3]
                         net (fo=1, unplaced)         0.000    23.866    kv_wdata_reg[15]_i_29_n_0
                         CARRY4 (Prop_carry4_CI_O[2])
                                                      0.256    24.122 r  kv_wdata_reg[15]_i_8/O[2]
                         net (fo=152, unplaced)       0.562    24.684    c4_rq3_return1__6[63]
                         LUT4 (Prop_lut4_I2_O)        0.293    24.977 r  kv_wdata[0]_i_178/O
                         net (fo=1, unplaced)         0.000    24.977    kv_wdata[0]_i_178_n_0
                         CARRY4 (Prop_carry4_DI[0]_CO[3])
                                                      0.576    25.553 r  kv_wdata_reg[0]_i_137/CO[3]
                         net (fo=1, unplaced)         0.000    25.553    kv_wdata_reg[0]_i_137_n_0
                         CARRY4 (Prop_carry4_CI_CO[3])
                                                      0.117    25.670 r  kv_wdata_reg[0]_i_93/CO[3]
                         net (fo=1, unplaced)         0.000    25.670    kv_wdata_reg[0]_i_93_n_0
                         CARRY4 (Prop_carry4_CI_CO[3])
                                                      0.117    25.787 r  kv_wdata_reg[0]_i_37/CO[3]
                         net (fo=1, unplaced)         0.000    25.787    kv_wdata_reg[0]_i_37_n_0
                         CARRY4 (Prop_carry4_CI_CO[3])
                                                      0.117    25.904 r  kv_wdata_reg[0]_i_14/CO[3]
                         net (fo=1, unplaced)         0.000    25.904    kv_wdata_reg[0]_i_14_n_0
                         CARRY4 (Prop_carry4_CI_CO[3])
                                                      0.117    26.021 r  kv_wdata_reg[0]_i_4/CO[3]
                         net (fo=2, unplaced)         0.759    26.780    kv_wdata_reg[0]_i_4_n_0
                         LUT4 (Prop_lut4_I3_O)        0.124    26.904 r  kv_wdata[0]_i_8/O
                         net (fo=1, unplaced)         0.000    26.904    kv_wdata[0]_i_8_n_0
                         CARRY4 (Prop_carry4_S[0]_CO[3])
                                                      0.513    27.417 r  kv_wdata_reg[0]_i_2/CO[3]
                         net (fo=1, unplaced)         0.000    27.417    kv_wdata_reg[0]_i_2_n_0
                         CARRY4 (Prop_carry4_CI_CO[3])
                                                      0.117    27.534 r  kv_wdata_reg[7]_i_4/CO[3]
                         net (fo=1, unplaced)         0.000    27.534    kv_wdata_reg[7]_i_4_n_0
                         CARRY4 (Prop_carry4_CI_CO[3])
                                                      0.117    27.651 r  kv_wdata_reg[11]_i_4/CO[3]
                         net (fo=1, unplaced)         0.000    27.651    kv_wdata_reg[11]_i_4_n_0
                         CARRY4 (Prop_carry4_CI_CO[3])
                                                      0.117    27.768 r  kv_wdata_reg[15]_i_9/CO[3]
                         net (fo=1, unplaced)         0.000    27.768    kv_wdata_reg[15]_i_9_n_0
                         CARRY4 (Prop_carry4_CI_CO[3])
                                                      0.117    27.885 r  kv_wdata_reg[15]_i_69/CO[3]
                         net (fo=1, unplaced)         0.000    27.885    kv_wdata_reg[15]_i_69_n_0
                         CARRY4 (Prop_carry4_CI_O[2])
                                                      0.256    28.141 f  kv_wdata_reg[15]_i_212/O[2]
                         net (fo=2, unplaced)         0.463    28.604    kv_wdata_reg[15]_i_212_n_5
                         LUT1 (Prop_lut1_I0_O)        0.301    28.905 r  kv_wdata[15]_i_182/O
                         net (fo=1, unplaced)         0.000    28.905    kv_wdata[15]_i_182_n_0
                         CARRY4 (Prop_carry4_S[1]_CO[3])
                                                      0.533    29.438 r  kv_wdata_reg[15]_i_107/CO[3]
                         net (fo=1, unplaced)         0.000    29.438    kv_wdata_reg[15]_i_107_n_0
                         CARRY4 (Prop_carry4_CI_CO[1])
                                                      0.179    29.617 r  kv_wdata_reg[15]_i_63/CO[1]
                         net (fo=58, unplaced)        0.697    30.314    kv_wdata_reg[15]_i_63_n_2
                         LUT6 (Prop_lut6_I1_O)        0.332    30.646 f  kv_wdata[15]_i_237/O
                         net (fo=4, unplaced)         0.473    31.119    kv_wdata[15]_i_237_n_0
                         LUT6 (Prop_lut6_I0_O)        0.124    31.243 r  kv_wdata[15]_i_195/O
                         net (fo=1, unplaced)         0.469    31.712    kv_wdata[15]_i_195_n_0
                         CARRY4 (Prop_carry4_DI[1]_CO[3])
                                                      0.520    32.232 r  kv_wdata_reg[15]_i_164/CO[3]
                         net (fo=1, unplaced)         0.000    32.232    kv_wdata_reg[15]_i_164_n_0
                         CARRY4 (Prop_carry4_CI_CO[3])
                                                      0.117    32.349 r  kv_wdata_reg[15]_i_95/CO[3]
                         net (fo=1, unplaced)         0.000    32.349    kv_wdata_reg[15]_i_95_n_0
                         CARRY4 (Prop_carry4_CI_CO[3])
                                                      0.117    32.466 r  kv_wdata_reg[15]_i_53/CO[3]
                         net (fo=1, unplaced)         0.000    32.466    kv_wdata_reg[15]_i_53_n_0
                         CARRY4 (Prop_carry4_CI_CO[3])
                                                      0.117    32.583 r  kv_wdata_reg[15]_i_13/CO[3]
                         net (fo=1, unplaced)         0.000    32.583    kv_wdata_reg[15]_i_13_n_0
                         CARRY4 (Prop_carry4_CI_CO[3])
                                                      0.117    32.700 f  kv_wdata_reg[15]_i_5/CO[3]
                         net (fo=128, unplaced)       0.827    33.527    kv_wdata_reg[15]_i_5_n_0
                         LUT5 (Prop_lut5_I1_O)        0.124    33.651 r  kv_wdata[10]_rep_i_1__5/O
                         net (fo=1, unplaced)         0.000    33.651    kv_wdata[10]_rep_i_1__5_n_0
                         FDRE                                         r  kv_wdata_reg[10]_rep__5/D
  -------------------------------------------------------------------    -------------------

                         (clock clk rise edge)       10.000    10.000 r  <hidden>
                                                      0.000    10.000 r  clk
                         net (fo=43012, unset)        0.924    10.924    clk
                         FDRE                                         r  kv_wdata_reg[10]_rep__5/C
                         clock pessimism              0.000    10.924    <hidden>
                         clock uncertainty           -0.035    10.889    <hidden>
                         FDRE (Setup_fdre_C_D)        0.044    10.933    kv_wdata_reg[10]_rep__5
  -------------------------------------------------------------------
                         required time                         10.933    <hidden>
                         arrival time                         -33.651    <hidden>
  -------------------------------------------------------------------
                         slack                                -22.718    <hidden>

Slack (VIOLATED) :        -22.718ns  (required time - arrival time)
  Source:                 di_reg[4]_rep__5/C
                            (rising edge-triggered cell FDCE clocked by clk  {rise@0.000ns fall@5.000ns period=10.000ns})
  Destination:            kv_wdata_reg[11]/D
                            (rising edge-triggered cell FDRE clocked by clk  {rise@0.000ns fall@5.000ns period=10.000ns})
  Path Group:             clk
  Path Type:              Setup (Max at Slow Process Corner)
  Requirement:            10.000ns  (clk rise@10.000ns - clk rise@0.000ns)
  Data Path Delay:        32.678ns  (logic 21.759ns (66.585%)  route 10.919ns (33.415%))
  Logic Levels:           48  (CARRY4=31 DSP48E1=4 LUT1=1 LUT2=1 LUT3=1 LUT4=3 LUT5=1 LUT6=5 MUXF7=1)
  Clock Path Skew:        -0.049ns (DCD - SCD + CPR)
    Destination Clock Delay (DCD):    0.924ns = ( 10.924 - 10.000 ) 
    Source Clock Delay      (SCD):    0.973ns
    Clock Pessimism Removal (CPR):    0.000ns
  Clock Uncertainty:      0.035ns  ((TSJ^2 + TIJ^2)^1/2 + DJ) / 2 + PE
    Total System Jitter     (TSJ):    0.071ns
    Total Input Jitter      (TIJ):    0.000ns
    Discrete Jitter          (DJ):    0.000ns
    Phase Error              (PE):    0.000ns

    Location             Delay type                Incr(ns)  Path(ns)    Netlist Resource(s)
  -------------------------------------------------------------------    -------------------
                         (clock clk rise edge)        0.000     0.000 r  <hidden>
                                                      0.000     0.000 r  clk
                         net (fo=43012, unset)        0.973     0.973    clk
                         FDCE                                         r  di_reg[4]_rep__5/C
  -------------------------------------------------------------------    -------------------
                         FDCE (Prop_fdce_C_Q)         0.478     1.451 r  di_reg[4]_rep__5/Q
                         net (fo=118, unplaced)       0.770     2.221    di_reg[4]_rep__5_n_0
                         CARRY4 (Prop_carry4_S[0]_O[1])
                                                      0.722     2.943 r  g0_b0_i_2/O[1]
                         net (fo=723, unplaced)       0.751     3.694    a03_out[5]
                         LUT6 (Prop_lut6_I5_O)        0.306     4.000 r  g6_b7__1__0/O
                         net (fo=2, unplaced)         0.743     4.743    g6_b7__1__0_n_0
                         LUT6 (Prop_lut6_I1_O)        0.124     4.867 r  acc1__0_i_81/O
                         net (fo=1, unplaced)         0.000     4.867    acc1__0_i_81_n_0
                         MUXF7 (Prop_muxf7_I1_O)      0.247     5.114 r  acc1__0_i_26/O
                         net (fo=1, unplaced)         0.735     5.849    acc1__0_i_26_n_0
                         LUT6 (Prop_lut6_I2_O)        0.298     6.147 r  acc1__0_i_1/O
                         net (fo=22, unplaced)        0.803     6.950    acc1__0_i_1_n_0
                         DSP48E1 (Prop_dsp48e1_B[17]_P[1])
                                                      3.656    10.606 r  val0__1__0/P[1]
                         net (fo=1, unplaced)         0.803    11.409    val0__1__0_n_104
                         LUT2 (Prop_lut2_I1_O)        0.124    11.533 r  c4_rq4_return1__3_i_19/O
                         net (fo=1, unplaced)         0.000    11.533    c4_rq4_return1__3_i_19_n_0
                         CARRY4 (Prop_carry4_S[1]_CO[3])
                                                      0.533    12.066 r  c4_rq4_return1__3_i_4/CO[3]
                         net (fo=1, unplaced)         0.000    12.066    c4_rq4_return1__3_i_4_n_0
                         CARRY4 (Prop_carry4_CI_CO[3])
                                                      0.117    12.183 r  c4_rq4_return1__3_i_3/CO[3]
                         net (fo=1, unplaced)         0.000    12.183    c4_rq4_return1__3_i_3_n_0
                         CARRY4 (Prop_carry4_CI_CO[3])
                                                      0.117    12.300 r  c4_rq4_return1__3_i_2/CO[3]
                         net (fo=1, unplaced)         0.000    12.300    c4_rq4_return1__3_i_2_n_0
                         CARRY4 (Prop_carry4_CI_CO[3])
                                                      0.117    12.417 r  c4_rq4_return1__3_i_1/CO[3]
                         net (fo=1, unplaced)         0.000    12.417    c4_rq4_return1__3_i_1_n_0
                         CARRY4 (Prop_carry4_CI_CO[3])
                                                      0.117    12.534 r  c4_rq4_return1__0_i_5/CO[3]
                         net (fo=1, unplaced)         0.000    12.534    c4_rq4_return1__0_i_5_n_0
                         CARRY4 (Prop_carry4_CI_CO[3])
                                                      0.117    12.651 r  c4_rq4_return1__0_i_4/CO[3]
                         net (fo=1, unplaced)         0.000    12.651    c4_rq4_return1__0_i_4_n_0
                         CARRY4 (Prop_carry4_CI_CO[3])
                                                      0.117    12.768 r  c4_rq4_return1__0_i_3/CO[3]
                         net (fo=1, unplaced)         0.000    12.768    c4_rq4_return1__0_i_3_n_0
                         CARRY4 (Prop_carry4_CI_CO[3])
                                                      0.117    12.885 r  c4_rq4_return1__0_i_2/CO[3]
                         net (fo=1, unplaced)         0.000    12.885    c4_rq4_return1__0_i_2_n_0
                         CARRY4 (Prop_carry4_CI_O[1])
                                                      0.337    13.222 r  c4_rq4_return1__0_i_1/O[1]
                         net (fo=4, unplaced)         0.803    14.025    c4_rq4_return1__0_i_1_n_6
                         DSP48E1 (Prop_dsp48e1_A[16]_PCOUT[47])
                                                      4.215    18.240 r  c4_rq3_return1__0/PCOUT[47]
                         net (fo=1, unplaced)         0.000    18.240    c4_rq3_return1__0_n_106
                         DSP48E1 (Prop_dsp48e1_PCIN[47]_PCOUT[47])
                                                      1.713    19.953 r  c4_rq3_return1__1/PCOUT[47]
                         net (fo=1, unplaced)         0.000    19.953    c4_rq3_return1__1_n_106
                         DSP48E1 (Prop_dsp48e1_PCIN[47]_P[1])
                                                      1.518    21.471 r  c4_rq3_return1__2/P[1]
                         net (fo=3, unplaced)         0.803    22.273    c4_rq3_return1__2_n_104
                         LUT3 (Prop_lut3_I1_O)        0.149    22.422 r  kv_wdata[15]_i_121/O
                         net (fo=2, unplaced)         0.459    22.881    kv_wdata[15]_i_121_n_0
                         LUT4 (Prop_lut4_I3_O)        0.355    23.236 r  kv_wdata[15]_i_125/O
                         net (fo=1, unplaced)         0.000    23.236    kv_wdata[15]_i_125_n_0
                         CARRY4 (Prop_carry4_S[0]_CO[3])
                                                      0.513    23.749 r  kv_wdata_reg[15]_i_70/CO[3]
                         net (fo=1, unplaced)         0.000    23.749    kv_wdata_reg[15]_i_70_n_0
                         CARRY4 (Prop_carry4_CI_CO[3])
                                                      0.117    23.866 r  kv_wdata_reg[15]_i_29/CO[3]
                         net (fo=1, unplaced)         0.000    23.866    kv_wdata_reg[15]_i_29_n_0
                         CARRY4 (Prop_carry4_CI_O[2])
                                                      0.256    24.122 r  kv_wdata_reg[15]_i_8/O[2]
                         net (fo=152, unplaced)       0.562    24.684    c4_rq3_return1__6[63]
                         LUT4 (Prop_lut4_I2_O)        0.293    24.977 r  kv_wdata[0]_i_178/O
                         net (fo=1, unplaced)         0.000    24.977    kv_wdata[0]_i_178_n_0
                         CARRY4 (Prop_carry4_DI[0]_CO[3])
                                                      0.576    25.553 r  kv_wdata_reg[0]_i_137/CO[3]
                         net (fo=1, unplaced)         0.000    25.553    kv_wdata_reg[0]_i_137_n_0
                         CARRY4 (Prop_carry4_CI_CO[3])
                                                      0.117    25.670 r  kv_wdata_reg[0]_i_93/CO[3]
                         net (fo=1, unplaced)         0.000    25.670    kv_wdata_reg[0]_i_93_n_0
                         CARRY4 (Prop_carry4_CI_CO[3])
                                                      0.117    25.787 r  kv_wdata_reg[0]_i_37/CO[3]
                         net (fo=1, unplaced)         0.000    25.787    kv_wdata_reg[0]_i_37_n_0
                         CARRY4 (Prop_carry4_CI_CO[3])
                                                      0.117    25.904 r  kv_wdata_reg[0]_i_14/CO[3]
                         net (fo=1, unplaced)         0.000    25.904    kv_wdata_reg[0]_i_14_n_0
                         CARRY4 (Prop_carry4_CI_CO[3])
                                                      0.117    26.021 r  kv_wdata_reg[0]_i_4/CO[3]
                         net (fo=2, unplaced)         0.759    26.780    kv_wdata_reg[0]_i_4_n_0
                         LUT4 (Prop_lut4_I3_O)        0.124    26.904 r  kv_wdata[0]_i_8/O
                         net (fo=1, unplaced)         0.000    26.904    kv_wdata[0]_i_8_n_0
                         CARRY4 (Prop_carry4_S[0]_CO[3])
                                                      0.513    27.417 r  kv_wdata_reg[0]_i_2/CO[3]
                         net (fo=1, unplaced)         0.000    27.417    kv_wdata_reg[0]_i_2_n_0
                         CARRY4 (Prop_carry4_CI_CO[3])
                                                      0.117    27.534 r  kv_wdata_reg[7]_i_4/CO[3]
                         net (fo=1, unplaced)         0.000    27.534    kv_wdata_reg[7]_i_4_n_0
                         CARRY4 (Prop_carry4_CI_CO[3])
                                                      0.117    27.651 r  kv_wdata_reg[11]_i_4/CO[3]
                         net (fo=1, unplaced)         0.000    27.651    kv_wdata_reg[11]_i_4_n_0
                         CARRY4 (Prop_carry4_CI_CO[3])
                                                      0.117    27.768 r  kv_wdata_reg[15]_i_9/CO[3]
                         net (fo=1, unplaced)         0.000    27.768    kv_wdata_reg[15]_i_9_n_0
                         CARRY4 (Prop_carry4_CI_CO[3])
                                                      0.117    27.885 r  kv_wdata_reg[15]_i_69/CO[3]
                         net (fo=1, unplaced)         0.000    27.885    kv_wdata_reg[15]_i_69_n_0
                         CARRY4 (Prop_carry4_CI_O[2])
                                                      0.256    28.141 f  kv_wdata_reg[15]_i_212/O[2]
                         net (fo=2, unplaced)         0.463    28.604    kv_wdata_reg[15]_i_212_n_5
                         LUT1 (Prop_lut1_I0_O)        0.301    28.905 r  kv_wdata[15]_i_182/O
                         net (fo=1, unplaced)         0.000    28.905    kv_wdata[15]_i_182_n_0
                         CARRY4 (Prop_carry4_S[1]_CO[3])
                                                      0.533    29.438 r  kv_wdata_reg[15]_i_107/CO[3]
                         net (fo=1, unplaced)         0.000    29.438    kv_wdata_reg[15]_i_107_n_0
                         CARRY4 (Prop_carry4_CI_CO[1])
                                                      0.179    29.617 r  kv_wdata_reg[15]_i_63/CO[1]
                         net (fo=58, unplaced)        0.697    30.314    kv_wdata_reg[15]_i_63_n_2
                         LUT6 (Prop_lut6_I1_O)        0.332    30.646 f  kv_wdata[15]_i_237/O
                         net (fo=4, unplaced)         0.473    31.119    kv_wdata[15]_i_237_n_0
                         LUT6 (Prop_lut6_I0_O)        0.124    31.243 r  kv_wdata[15]_i_195/O
                         net (fo=1, unplaced)         0.469    31.712    kv_wdata[15]_i_195_n_0
                         CARRY4 (Prop_carry4_DI[1]_CO[3])
                                                      0.520    32.232 r  kv_wdata_reg[15]_i_164/CO[3]
                         net (fo=1, unplaced)         0.000    32.232    kv_wdata_reg[15]_i_164_n_0
                         CARRY4 (Prop_carry4_CI_CO[3])
                                                      0.117    32.349 r  kv_wdata_reg[15]_i_95/CO[3]
                         net (fo=1, unplaced)         0.000    32.349    kv_wdata_reg[15]_i_95_n_0
                         CARRY4 (Prop_carry4_CI_CO[3])
                                                      0.117    32.466 r  kv_wdata_reg[15]_i_53/CO[3]
                         net (fo=1, unplaced)         0.000    32.466    kv_wdata_reg[15]_i_53_n_0
                         CARRY4 (Prop_carry4_CI_CO[3])
                                                      0.117    32.583 r  kv_wdata_reg[15]_i_13/CO[3]
                         net (fo=1, unplaced)         0.000    32.583    kv_wdata_reg[15]_i_13_n_0
                         CARRY4 (Prop_carry4_CI_CO[3])
                                                      0.117    32.700 r  kv_wdata_reg[15]_i_5/CO[3]
                         net (fo=128, unplaced)       0.827    33.527    kv_wdata_reg[15]_i_5_n_0
                         LUT5 (Prop_lut5_I3_O)        0.124    33.651 r  kv_wdata[11]_i_1/O
                         net (fo=1, unplaced)         0.000    33.651    kv_wdata[11]_i_1_n_0
                         FDRE                                         r  kv_wdata_reg[11]/D
  -------------------------------------------------------------------    -------------------

                         (clock clk rise edge)       10.000    10.000 r  <hidden>
                                                      0.000    10.000 r  clk
                         net (fo=43012, unset)        0.924    10.924    clk
                         FDRE                                         r  kv_wdata_reg[11]/C
                         clock pessimism              0.000    10.924    <hidden>
                         clock uncertainty           -0.035    10.889    <hidden>
                         FDRE (Setup_fdre_C_D)        0.044    10.933    kv_wdata_reg[11]
  -------------------------------------------------------------------
                         required time                         10.933    <hidden>
                         arrival time                         -33.651    <hidden>
  -------------------------------------------------------------------
                         slack                                -22.718    <hidden>

Slack (VIOLATED) :        -22.718ns  (required time - arrival time)
  Source:                 di_reg[4]_rep__5/C
                            (rising edge-triggered cell FDCE clocked by clk  {rise@0.000ns fall@5.000ns period=10.000ns})
  Destination:            kv_wdata_reg[11]_rep/D
                            (rising edge-triggered cell FDRE clocked by clk  {rise@0.000ns fall@5.000ns period=10.000ns})
  Path Group:             clk
  Path Type:              Setup (Max at Slow Process Corner)
  Requirement:            10.000ns  (clk rise@10.000ns - clk rise@0.000ns)
  Data Path Delay:        32.678ns  (logic 21.759ns (66.585%)  route 10.919ns (33.415%))
  Logic Levels:           48  (CARRY4=31 DSP48E1=4 LUT1=1 LUT2=1 LUT3=1 LUT4=3 LUT5=1 LUT6=5 MUXF7=1)
  Clock Path Skew:        -0.049ns (DCD - SCD + CPR)
    Destination Clock Delay (DCD):    0.924ns = ( 10.924 - 10.000 ) 
    Source Clock Delay      (SCD):    0.973ns
    Clock Pessimism Removal (CPR):    0.000ns
  Clock Uncertainty:      0.035ns  ((TSJ^2 + TIJ^2)^1/2 + DJ) / 2 + PE
    Total System Jitter     (TSJ):    0.071ns
    Total Input Jitter      (TIJ):    0.000ns
    Discrete Jitter          (DJ):    0.000ns
    Phase Error              (PE):    0.000ns

    Location             Delay type                Incr(ns)  Path(ns)    Netlist Resource(s)
  -------------------------------------------------------------------    -------------------
                         (clock clk rise edge)        0.000     0.000 r  <hidden>
                                                      0.000     0.000 r  clk
                         net (fo=43012, unset)        0.973     0.973    clk
                         FDCE                                         r  di_reg[4]_rep__5/C
  -------------------------------------------------------------------    -------------------
                         FDCE (Prop_fdce_C_Q)         0.478     1.451 r  di_reg[4]_rep__5/Q
                         net (fo=118, unplaced)       0.770     2.221    di_reg[4]_rep__5_n_0
                         CARRY4 (Prop_carry4_S[0]_O[1])
                                                      0.722     2.943 r  g0_b0_i_2/O[1]
                         net (fo=723, unplaced)       0.751     3.694    a03_out[5]
                         LUT6 (Prop_lut6_I5_O)        0.306     4.000 r  g6_b7__1__0/O
                         net (fo=2, unplaced)         0.743     4.743    g6_b7__1__0_n_0
                         LUT6 (Prop_lut6_I1_O)        0.124     4.867 r  acc1__0_i_81/O
                         net (fo=1, unplaced)         0.000     4.867    acc1__0_i_81_n_0
                         MUXF7 (Prop_muxf7_I1_O)      0.247     5.114 r  acc1__0_i_26/O
                         net (fo=1, unplaced)         0.735     5.849    acc1__0_i_26_n_0
                         LUT6 (Prop_lut6_I2_O)        0.298     6.147 r  acc1__0_i_1/O
                         net (fo=22, unplaced)        0.803     6.950    acc1__0_i_1_n_0
                         DSP48E1 (Prop_dsp48e1_B[17]_P[1])
                                                      3.656    10.606 r  val0__1__0/P[1]
                         net (fo=1, unplaced)         0.803    11.409    val0__1__0_n_104
                         LUT2 (Prop_lut2_I1_O)        0.124    11.533 r  c4_rq4_return1__3_i_19/O
                         net (fo=1, unplaced)         0.000    11.533    c4_rq4_return1__3_i_19_n_0
                         CARRY4 (Prop_carry4_S[1]_CO[3])
                                                      0.533    12.066 r  c4_rq4_return1__3_i_4/CO[3]
                         net (fo=1, unplaced)         0.000    12.066    c4_rq4_return1__3_i_4_n_0
                         CARRY4 (Prop_carry4_CI_CO[3])
                                                      0.117    12.183 r  c4_rq4_return1__3_i_3/CO[3]
                         net (fo=1, unplaced)         0.000    12.183    c4_rq4_return1__3_i_3_n_0
                         CARRY4 (Prop_carry4_CI_CO[3])
                                                      0.117    12.300 r  c4_rq4_return1__3_i_2/CO[3]
                         net (fo=1, unplaced)         0.000    12.300    c4_rq4_return1__3_i_2_n_0
                         CARRY4 (Prop_carry4_CI_CO[3])
                                                      0.117    12.417 r  c4_rq4_return1__3_i_1/CO[3]
                         net (fo=1, unplaced)         0.000    12.417    c4_rq4_return1__3_i_1_n_0
                         CARRY4 (Prop_carry4_CI_CO[3])
                                                      0.117    12.534 r  c4_rq4_return1__0_i_5/CO[3]
                         net (fo=1, unplaced)         0.000    12.534    c4_rq4_return1__0_i_5_n_0
                         CARRY4 (Prop_carry4_CI_CO[3])
                                                      0.117    12.651 r  c4_rq4_return1__0_i_4/CO[3]
                         net (fo=1, unplaced)         0.000    12.651    c4_rq4_return1__0_i_4_n_0
                         CARRY4 (Prop_carry4_CI_CO[3])
                                                      0.117    12.768 r  c4_rq4_return1__0_i_3/CO[3]
                         net (fo=1, unplaced)         0.000    12.768    c4_rq4_return1__0_i_3_n_0
                         CARRY4 (Prop_carry4_CI_CO[3])
                                                      0.117    12.885 r  c4_rq4_return1__0_i_2/CO[3]
                         net (fo=1, unplaced)         0.000    12.885    c4_rq4_return1__0_i_2_n_0
                         CARRY4 (Prop_carry4_CI_O[1])
                                                      0.337    13.222 r  c4_rq4_return1__0_i_1/O[1]
                         net (fo=4, unplaced)         0.803    14.025    c4_rq4_return1__0_i_1_n_6
                         DSP48E1 (Prop_dsp48e1_A[16]_PCOUT[47])
                                                      4.215    18.240 r  c4_rq3_return1__0/PCOUT[47]
                         net (fo=1, unplaced)         0.000    18.240    c4_rq3_return1__0_n_106
                         DSP48E1 (Prop_dsp48e1_PCIN[47]_PCOUT[47])
                                                      1.713    19.953 r  c4_rq3_return1__1/PCOUT[47]
                         net (fo=1, unplaced)         0.000    19.953    c4_rq3_return1__1_n_106
                         DSP48E1 (Prop_dsp48e1_PCIN[47]_P[1])
                                                      1.518    21.471 r  c4_rq3_return1__2/P[1]
                         net (fo=3, unplaced)         0.803    22.273    c4_rq3_return1__2_n_104
                         LUT3 (Prop_lut3_I1_O)        0.149    22.422 r  kv_wdata[15]_i_121/O
                         net (fo=2, unplaced)         0.459    22.881    kv_wdata[15]_i_121_n_0
                         LUT4 (Prop_lut4_I3_O)        0.355    23.236 r  kv_wdata[15]_i_125/O
                         net (fo=1, unplaced)         0.000    23.236    kv_wdata[15]_i_125_n_0
                         CARRY4 (Prop_carry4_S[0]_CO[3])
                                                      0.513    23.749 r  kv_wdata_reg[15]_i_70/CO[3]
                         net (fo=1, unplaced)         0.000    23.749    kv_wdata_reg[15]_i_70_n_0
                         CARRY4 (Prop_carry4_CI_CO[3])
                                                      0.117    23.866 r  kv_wdata_reg[15]_i_29/CO[3]
                         net (fo=1, unplaced)         0.000    23.866    kv_wdata_reg[15]_i_29_n_0
                         CARRY4 (Prop_carry4_CI_O[2])
                                                      0.256    24.122 r  kv_wdata_reg[15]_i_8/O[2]
                         net (fo=152, unplaced)       0.562    24.684    c4_rq3_return1__6[63]
                         LUT4 (Prop_lut4_I2_O)        0.293    24.977 r  kv_wdata[0]_i_178/O
                         net (fo=1, unplaced)         0.000    24.977    kv_wdata[0]_i_178_n_0
                         CARRY4 (Prop_carry4_DI[0]_CO[3])
                                                      0.576    25.553 r  kv_wdata_reg[0]_i_137/CO[3]
                         net (fo=1, unplaced)         0.000    25.553    kv_wdata_reg[0]_i_137_n_0
                         CARRY4 (Prop_carry4_CI_CO[3])
                                                      0.117    25.670 r  kv_wdata_reg[0]_i_93/CO[3]
                         net (fo=1, unplaced)         0.000    25.670    kv_wdata_reg[0]_i_93_n_0
                         CARRY4 (Prop_carry4_CI_CO[3])
                                                      0.117    25.787 r  kv_wdata_reg[0]_i_37/CO[3]
                         net (fo=1, unplaced)         0.000    25.787    kv_wdata_reg[0]_i_37_n_0
                         CARRY4 (Prop_carry4_CI_CO[3])
                                                      0.117    25.904 r  kv_wdata_reg[0]_i_14/CO[3]
                         net (fo=1, unplaced)         0.000    25.904    kv_wdata_reg[0]_i_14_n_0
                         CARRY4 (Prop_carry4_CI_CO[3])
                                                      0.117    26.021 r  kv_wdata_reg[0]_i_4/CO[3]
                         net (fo=2, unplaced)         0.759    26.780    kv_wdata_reg[0]_i_4_n_0
                         LUT4 (Prop_lut4_I3_O)        0.124    26.904 r  kv_wdata[0]_i_8/O
                         net (fo=1, unplaced)         0.000    26.904    kv_wdata[0]_i_8_n_0
                         CARRY4 (Prop_carry4_S[0]_CO[3])
                                                      0.513    27.417 r  kv_wdata_reg[0]_i_2/CO[3]
                         net (fo=1, unplaced)         0.000    27.417    kv_wdata_reg[0]_i_2_n_0
                         CARRY4 (Prop_carry4_CI_CO[3])
                                                      0.117    27.534 r  kv_wdata_reg[7]_i_4/CO[3]
                         net (fo=1, unplaced)         0.000    27.534    kv_wdata_reg[7]_i_4_n_0
                         CARRY4 (Prop_carry4_CI_CO[3])
                                                      0.117    27.651 r  kv_wdata_reg[11]_i_4/CO[3]
                         net (fo=1, unplaced)         0.000    27.651    kv_wdata_reg[11]_i_4_n_0
                         CARRY4 (Prop_carry4_CI_CO[3])
                                                      0.117    27.768 r  kv_wdata_reg[15]_i_9/CO[3]
                         net (fo=1, unplaced)         0.000    27.768    kv_wdata_reg[15]_i_9_n_0
                         CARRY4 (Prop_carry4_CI_CO[3])
                                                      0.117    27.885 r  kv_wdata_reg[15]_i_69/CO[3]
                         net (fo=1, unplaced)         0.000    27.885    kv_wdata_reg[15]_i_69_n_0
                         CARRY4 (Prop_carry4_CI_O[2])
                                                      0.256    28.141 f  kv_wdata_reg[15]_i_212/O[2]
                         net (fo=2, unplaced)         0.463    28.604    kv_wdata_reg[15]_i_212_n_5
                         LUT1 (Prop_lut1_I0_O)        0.301    28.905 r  kv_wdata[15]_i_182/O
                         net (fo=1, unplaced)         0.000    28.905    kv_wdata[15]_i_182_n_0
                         CARRY4 (Prop_carry4_S[1]_CO[3])
                                                      0.533    29.438 r  kv_wdata_reg[15]_i_107/CO[3]
                         net (fo=1, unplaced)         0.000    29.438    kv_wdata_reg[15]_i_107_n_0
                         CARRY4 (Prop_carry4_CI_CO[1])
                                                      0.179    29.617 r  kv_wdata_reg[15]_i_63/CO[1]
                         net (fo=58, unplaced)        0.697    30.314    kv_wdata_reg[15]_i_63_n_2
                         LUT6 (Prop_lut6_I1_O)        0.332    30.646 f  kv_wdata[15]_i_237/O
                         net (fo=4, unplaced)         0.473    31.119    kv_wdata[15]_i_237_n_0
                         LUT6 (Prop_lut6_I0_O)        0.124    31.243 r  kv_wdata[15]_i_195/O
                         net (fo=1, unplaced)         0.469    31.712    kv_wdata[15]_i_195_n_0
                         CARRY4 (Prop_carry4_DI[1]_CO[3])
                                                      0.520    32.232 r  kv_wdata_reg[15]_i_164/CO[3]
                         net (fo=1, unplaced)         0.000    32.232    kv_wdata_reg[15]_i_164_n_0
                         CARRY4 (Prop_carry4_CI_CO[3])
                                                      0.117    32.349 r  kv_wdata_reg[15]_i_95/CO[3]
                         net (fo=1, unplaced)         0.000    32.349    kv_wdata_reg[15]_i_95_n_0
                         CARRY4 (Prop_carry4_CI_CO[3])
                                                      0.117    32.466 r  kv_wdata_reg[15]_i_53/CO[3]
                         net (fo=1, unplaced)         0.000    32.466    kv_wdata_reg[15]_i_53_n_0
                         CARRY4 (Prop_carry4_CI_CO[3])
                                                      0.117    32.583 r  kv_wdata_reg[15]_i_13/CO[3]
                         net (fo=1, unplaced)         0.000    32.583    kv_wdata_reg[15]_i_13_n_0
                         CARRY4 (Prop_carry4_CI_CO[3])
                                                      0.117    32.700 r  kv_wdata_reg[15]_i_5/CO[3]
                         net (fo=128, unplaced)       0.827    33.527    kv_wdata_reg[15]_i_5_n_0
                         LUT5 (Prop_lut5_I3_O)        0.124    33.651 r  kv_wdata[11]_rep_i_1/O
                         net (fo=1, unplaced)         0.000    33.651    kv_wdata[11]_rep_i_1_n_0
                         FDRE                                         r  kv_wdata_reg[11]_rep/D
  -------------------------------------------------------------------    -------------------

                         (clock clk rise edge)       10.000    10.000 r  <hidden>
                                                      0.000    10.000 r  clk
                         net (fo=43012, unset)        0.924    10.924    clk
                         FDRE                                         r  kv_wdata_reg[11]_rep/C
                         clock pessimism              0.000    10.924    <hidden>
                         clock uncertainty           -0.035    10.889    <hidden>
                         FDRE (Setup_fdre_C_D)        0.044    10.933    kv_wdata_reg[11]_rep
  -------------------------------------------------------------------
                         required time                         10.933    <hidden>
                         arrival time                         -33.651    <hidden>
  -------------------------------------------------------------------
                         slack                                -22.718    <hidden>

Slack (VIOLATED) :        -22.718ns  (required time - arrival time)
  Source:                 di_reg[4]_rep__5/C
                            (rising edge-triggered cell FDCE clocked by clk  {rise@0.000ns fall@5.000ns period=10.000ns})
  Destination:            kv_wdata_reg[11]_rep__0/D
                            (rising edge-triggered cell FDRE clocked by clk  {rise@0.000ns fall@5.000ns period=10.000ns})
  Path Group:             clk
  Path Type:              Setup (Max at Slow Process Corner)
  Requirement:            10.000ns  (clk rise@10.000ns - clk rise@0.000ns)
  Data Path Delay:        32.678ns  (logic 21.759ns (66.585%)  route 10.919ns (33.415%))
  Logic Levels:           48  (CARRY4=31 DSP48E1=4 LUT1=1 LUT2=1 LUT3=1 LUT4=3 LUT5=1 LUT6=5 MUXF7=1)
  Clock Path Skew:        -0.049ns (DCD - SCD + CPR)
    Destination Clock Delay (DCD):    0.924ns = ( 10.924 - 10.000 ) 
    Source Clock Delay      (SCD):    0.973ns
    Clock Pessimism Removal (CPR):    0.000ns
  Clock Uncertainty:      0.035ns  ((TSJ^2 + TIJ^2)^1/2 + DJ) / 2 + PE
    Total System Jitter     (TSJ):    0.071ns
    Total Input Jitter      (TIJ):    0.000ns
    Discrete Jitter          (DJ):    0.000ns
    Phase Error              (PE):    0.000ns

    Location             Delay type                Incr(ns)  Path(ns)    Netlist Resource(s)
  -------------------------------------------------------------------    -------------------
                         (clock clk rise edge)        0.000     0.000 r  <hidden>
                                                      0.000     0.000 r  clk
                         net (fo=43012, unset)        0.973     0.973    clk
                         FDCE                                         r  di_reg[4]_rep__5/C
  -------------------------------------------------------------------    -------------------
                         FDCE (Prop_fdce_C_Q)         0.478     1.451 r  di_reg[4]_rep__5/Q
                         net (fo=118, unplaced)       0.770     2.221    di_reg[4]_rep__5_n_0
                         CARRY4 (Prop_carry4_S[0]_O[1])
                                                      0.722     2.943 r  g0_b0_i_2/O[1]
                         net (fo=723, unplaced)       0.751     3.694    a03_out[5]
                         LUT6 (Prop_lut6_I5_O)        0.306     4.000 r  g6_b7__1__0/O
                         net (fo=2, unplaced)         0.743     4.743    g6_b7__1__0_n_0
                         LUT6 (Prop_lut6_I1_O)        0.124     4.867 r  acc1__0_i_81/O
                         net (fo=1, unplaced)         0.000     4.867    acc1__0_i_81_n_0
                         MUXF7 (Prop_muxf7_I1_O)      0.247     5.114 r  acc1__0_i_26/O
                         net (fo=1, unplaced)         0.735     5.849    acc1__0_i_26_n_0
                         LUT6 (Prop_lut6_I2_O)        0.298     6.147 r  acc1__0_i_1/O
                         net (fo=22, unplaced)        0.803     6.950    acc1__0_i_1_n_0
                         DSP48E1 (Prop_dsp48e1_B[17]_P[1])
                                                      3.656    10.606 r  val0__1__0/P[1]
                         net (fo=1, unplaced)         0.803    11.409    val0__1__0_n_104
                         LUT2 (Prop_lut2_I1_O)        0.124    11.533 r  c4_rq4_return1__3_i_19/O
                         net (fo=1, unplaced)         0.000    11.533    c4_rq4_return1__3_i_19_n_0
                         CARRY4 (Prop_carry4_S[1]_CO[3])
                                                      0.533    12.066 r  c4_rq4_return1__3_i_4/CO[3]
                         net (fo=1, unplaced)         0.000    12.066    c4_rq4_return1__3_i_4_n_0
                         CARRY4 (Prop_carry4_CI_CO[3])
                                                      0.117    12.183 r  c4_rq4_return1__3_i_3/CO[3]
                         net (fo=1, unplaced)         0.000    12.183    c4_rq4_return1__3_i_3_n_0
                         CARRY4 (Prop_carry4_CI_CO[3])
                                                      0.117    12.300 r  c4_rq4_return1__3_i_2/CO[3]
                         net (fo=1, unplaced)         0.000    12.300    c4_rq4_return1__3_i_2_n_0
                         CARRY4 (Prop_carry4_CI_CO[3])
                                                      0.117    12.417 r  c4_rq4_return1__3_i_1/CO[3]
                         net (fo=1, unplaced)         0.000    12.417    c4_rq4_return1__3_i_1_n_0
                         CARRY4 (Prop_carry4_CI_CO[3])
                                                      0.117    12.534 r  c4_rq4_return1__0_i_5/CO[3]
                         net (fo=1, unplaced)         0.000    12.534    c4_rq4_return1__0_i_5_n_0
                         CARRY4 (Prop_carry4_CI_CO[3])
                                                      0.117    12.651 r  c4_rq4_return1__0_i_4/CO[3]
                         net (fo=1, unplaced)         0.000    12.651    c4_rq4_return1__0_i_4_n_0
                         CARRY4 (Prop_carry4_CI_CO[3])
                                                      0.117    12.768 r  c4_rq4_return1__0_i_3/CO[3]
                         net (fo=1, unplaced)         0.000    12.768    c4_rq4_return1__0_i_3_n_0
                         CARRY4 (Prop_carry4_CI_CO[3])
                                                      0.117    12.885 r  c4_rq4_return1__0_i_2/CO[3]
                         net (fo=1, unplaced)         0.000    12.885    c4_rq4_return1__0_i_2_n_0
                         CARRY4 (Prop_carry4_CI_O[1])
                                                      0.337    13.222 r  c4_rq4_return1__0_i_1/O[1]
                         net (fo=4, unplaced)         0.803    14.025    c4_rq4_return1__0_i_1_n_6
                         DSP48E1 (Prop_dsp48e1_A[16]_PCOUT[47])
                                                      4.215    18.240 r  c4_rq3_return1__0/PCOUT[47]
                         net (fo=1, unplaced)         0.000    18.240    c4_rq3_return1__0_n_106
                         DSP48E1 (Prop_dsp48e1_PCIN[47]_PCOUT[47])
                                                      1.713    19.953 r  c4_rq3_return1__1/PCOUT[47]
                         net (fo=1, unplaced)         0.000    19.953    c4_rq3_return1__1_n_106
                         DSP48E1 (Prop_dsp48e1_PCIN[47]_P[1])
                                                      1.518    21.471 r  c4_rq3_return1__2/P[1]
                         net (fo=3, unplaced)         0.803    22.273    c4_rq3_return1__2_n_104
                         LUT3 (Prop_lut3_I1_O)        0.149    22.422 r  kv_wdata[15]_i_121/O
                         net (fo=2, unplaced)         0.459    22.881    kv_wdata[15]_i_121_n_0
                         LUT4 (Prop_lut4_I3_O)        0.355    23.236 r  kv_wdata[15]_i_125/O
                         net (fo=1, unplaced)         0.000    23.236    kv_wdata[15]_i_125_n_0
                         CARRY4 (Prop_carry4_S[0]_CO[3])
                                                      0.513    23.749 r  kv_wdata_reg[15]_i_70/CO[3]
                         net (fo=1, unplaced)         0.000    23.749    kv_wdata_reg[15]_i_70_n_0
                         CARRY4 (Prop_carry4_CI_CO[3])
                                                      0.117    23.866 r  kv_wdata_reg[15]_i_29/CO[3]
                         net (fo=1, unplaced)         0.000    23.866    kv_wdata_reg[15]_i_29_n_0
                         CARRY4 (Prop_carry4_CI_O[2])
                                                      0.256    24.122 r  kv_wdata_reg[15]_i_8/O[2]
                         net (fo=152, unplaced)       0.562    24.684    c4_rq3_return1__6[63]
                         LUT4 (Prop_lut4_I2_O)        0.293    24.977 r  kv_wdata[0]_i_178/O
                         net (fo=1, unplaced)         0.000    24.977    kv_wdata[0]_i_178_n_0
                         CARRY4 (Prop_carry4_DI[0]_CO[3])
                                                      0.576    25.553 r  kv_wdata_reg[0]_i_137/CO[3]
                         net (fo=1, unplaced)         0.000    25.553    kv_wdata_reg[0]_i_137_n_0
                         CARRY4 (Prop_carry4_CI_CO[3])
                                                      0.117    25.670 r  kv_wdata_reg[0]_i_93/CO[3]
                         net (fo=1, unplaced)         0.000    25.670    kv_wdata_reg[0]_i_93_n_0
                         CARRY4 (Prop_carry4_CI_CO[3])
                                                      0.117    25.787 r  kv_wdata_reg[0]_i_37/CO[3]
                         net (fo=1, unplaced)         0.000    25.787    kv_wdata_reg[0]_i_37_n_0
                         CARRY4 (Prop_carry4_CI_CO[3])
                                                      0.117    25.904 r  kv_wdata_reg[0]_i_14/CO[3]
                         net (fo=1, unplaced)         0.000    25.904    kv_wdata_reg[0]_i_14_n_0
                         CARRY4 (Prop_carry4_CI_CO[3])
                                                      0.117    26.021 r  kv_wdata_reg[0]_i_4/CO[3]
                         net (fo=2, unplaced)         0.759    26.780    kv_wdata_reg[0]_i_4_n_0
                         LUT4 (Prop_lut4_I3_O)        0.124    26.904 r  kv_wdata[0]_i_8/O
                         net (fo=1, unplaced)         0.000    26.904    kv_wdata[0]_i_8_n_0
                         CARRY4 (Prop_carry4_S[0]_CO[3])
                                                      0.513    27.417 r  kv_wdata_reg[0]_i_2/CO[3]
                         net (fo=1, unplaced)         0.000    27.417    kv_wdata_reg[0]_i_2_n_0
                         CARRY4 (Prop_carry4_CI_CO[3])
                                                      0.117    27.534 r  kv_wdata_reg[7]_i_4/CO[3]
                         net (fo=1, unplaced)         0.000    27.534    kv_wdata_reg[7]_i_4_n_0
                         CARRY4 (Prop_carry4_CI_CO[3])
                                                      0.117    27.651 r  kv_wdata_reg[11]_i_4/CO[3]
                         net (fo=1, unplaced)         0.000    27.651    kv_wdata_reg[11]_i_4_n_0
                         CARRY4 (Prop_carry4_CI_CO[3])
                                                      0.117    27.768 r  kv_wdata_reg[15]_i_9/CO[3]
                         net (fo=1, unplaced)         0.000    27.768    kv_wdata_reg[15]_i_9_n_0
                         CARRY4 (Prop_carry4_CI_CO[3])
                                                      0.117    27.885 r  kv_wdata_reg[15]_i_69/CO[3]
                         net (fo=1, unplaced)         0.000    27.885    kv_wdata_reg[15]_i_69_n_0
                         CARRY4 (Prop_carry4_CI_O[2])
                                                      0.256    28.141 f  kv_wdata_reg[15]_i_212/O[2]
                         net (fo=2, unplaced)         0.463    28.604    kv_wdata_reg[15]_i_212_n_5
                         LUT1 (Prop_lut1_I0_O)        0.301    28.905 r  kv_wdata[15]_i_182/O
                         net (fo=1, unplaced)         0.000    28.905    kv_wdata[15]_i_182_n_0
                         CARRY4 (Prop_carry4_S[1]_CO[3])
                                                      0.533    29.438 r  kv_wdata_reg[15]_i_107/CO[3]
                         net (fo=1, unplaced)         0.000    29.438    kv_wdata_reg[15]_i_107_n_0
                         CARRY4 (Prop_carry4_CI_CO[1])
                                                      0.179    29.617 r  kv_wdata_reg[15]_i_63/CO[1]
                         net (fo=58, unplaced)        0.697    30.314    kv_wdata_reg[15]_i_63_n_2
                         LUT6 (Prop_lut6_I1_O)        0.332    30.646 f  kv_wdata[15]_i_237/O
                         net (fo=4, unplaced)         0.473    31.119    kv_wdata[15]_i_237_n_0
                         LUT6 (Prop_lut6_I0_O)        0.124    31.243 r  kv_wdata[15]_i_195/O
                         net (fo=1, unplaced)         0.469    31.712    kv_wdata[15]_i_195_n_0
                         CARRY4 (Prop_carry4_DI[1]_CO[3])
                                                      0.520    32.232 r  kv_wdata_reg[15]_i_164/CO[3]
                         net (fo=1, unplaced)         0.000    32.232    kv_wdata_reg[15]_i_164_n_0
                         CARRY4 (Prop_carry4_CI_CO[3])
                                                      0.117    32.349 r  kv_wdata_reg[15]_i_95/CO[3]
                         net (fo=1, unplaced)         0.000    32.349    kv_wdata_reg[15]_i_95_n_0
                         CARRY4 (Prop_carry4_CI_CO[3])
                                                      0.117    32.466 r  kv_wdata_reg[15]_i_53/CO[3]
                         net (fo=1, unplaced)         0.000    32.466    kv_wdata_reg[15]_i_53_n_0
                         CARRY4 (Prop_carry4_CI_CO[3])
                                                      0.117    32.583 r  kv_wdata_reg[15]_i_13/CO[3]
                         net (fo=1, unplaced)         0.000    32.583    kv_wdata_reg[15]_i_13_n_0
                         CARRY4 (Prop_carry4_CI_CO[3])
                                                      0.117    32.700 r  kv_wdata_reg[15]_i_5/CO[3]
                         net (fo=128, unplaced)       0.827    33.527    kv_wdata_reg[15]_i_5_n_0
                         LUT5 (Prop_lut5_I3_O)        0.124    33.651 r  kv_wdata[11]_rep_i_1__0/O
                         net (fo=1, unplaced)         0.000    33.651    kv_wdata[11]_rep_i_1__0_n_0
                         FDRE                                         r  kv_wdata_reg[11]_rep__0/D
  -------------------------------------------------------------------    -------------------

                         (clock clk rise edge)       10.000    10.000 r  <hidden>
                                                      0.000    10.000 r  clk
                         net (fo=43012, unset)        0.924    10.924    clk
                         FDRE                                         r  kv_wdata_reg[11]_rep__0/C
                         clock pessimism              0.000    10.924    <hidden>
                         clock uncertainty           -0.035    10.889    <hidden>
                         FDRE (Setup_fdre_C_D)        0.044    10.933    kv_wdata_reg[11]_rep__0
  -------------------------------------------------------------------
                         required time                         10.933    <hidden>
                         arrival time                         -33.651    <hidden>
  -------------------------------------------------------------------
                         slack                                -22.718    <hidden>

Slack (VIOLATED) :        -22.718ns  (required time - arrival time)
  Source:                 di_reg[4]_rep__5/C
                            (rising edge-triggered cell FDCE clocked by clk  {rise@0.000ns fall@5.000ns period=10.000ns})
  Destination:            kv_wdata_reg[11]_rep__1/D
                            (rising edge-triggered cell FDRE clocked by clk  {rise@0.000ns fall@5.000ns period=10.000ns})
  Path Group:             clk
  Path Type:              Setup (Max at Slow Process Corner)
  Requirement:            10.000ns  (clk rise@10.000ns - clk rise@0.000ns)
  Data Path Delay:        32.678ns  (logic 21.759ns (66.585%)  route 10.919ns (33.415%))
  Logic Levels:           48  (CARRY4=31 DSP48E1=4 LUT1=1 LUT2=1 LUT3=1 LUT4=3 LUT5=1 LUT6=5 MUXF7=1)
  Clock Path Skew:        -0.049ns (DCD - SCD + CPR)
    Destination Clock Delay (DCD):    0.924ns = ( 10.924 - 10.000 ) 
    Source Clock Delay      (SCD):    0.973ns
    Clock Pessimism Removal (CPR):    0.000ns
  Clock Uncertainty:      0.035ns  ((TSJ^2 + TIJ^2)^1/2 + DJ) / 2 + PE
    Total System Jitter     (TSJ):    0.071ns
    Total Input Jitter      (TIJ):    0.000ns
    Discrete Jitter          (DJ):    0.000ns
    Phase Error              (PE):    0.000ns

    Location             Delay type                Incr(ns)  Path(ns)    Netlist Resource(s)
  -------------------------------------------------------------------    -------------------
                         (clock clk rise edge)        0.000     0.000 r  <hidden>
                                                      0.000     0.000 r  clk
                         net (fo=43012, unset)        0.973     0.973    clk
                         FDCE                                         r  di_reg[4]_rep__5/C
  -------------------------------------------------------------------    -------------------
                         FDCE (Prop_fdce_C_Q)         0.478     1.451 r  di_reg[4]_rep__5/Q
                         net (fo=118, unplaced)       0.770     2.221    di_reg[4]_rep__5_n_0
                         CARRY4 (Prop_carry4_S[0]_O[1])
                                                      0.722     2.943 r  g0_b0_i_2/O[1]
                         net (fo=723, unplaced)       0.751     3.694    a03_out[5]
                         LUT6 (Prop_lut6_I5_O)        0.306     4.000 r  g6_b7__1__0/O
                         net (fo=2, unplaced)         0.743     4.743    g6_b7__1__0_n_0
                         LUT6 (Prop_lut6_I1_O)        0.124     4.867 r  acc1__0_i_81/O
                         net (fo=1, unplaced)         0.000     4.867    acc1__0_i_81_n_0
                         MUXF7 (Prop_muxf7_I1_O)      0.247     5.114 r  acc1__0_i_26/O
                         net (fo=1, unplaced)         0.735     5.849    acc1__0_i_26_n_0
                         LUT6 (Prop_lut6_I2_O)        0.298     6.147 r  acc1__0_i_1/O
                         net (fo=22, unplaced)        0.803     6.950    acc1__0_i_1_n_0
                         DSP48E1 (Prop_dsp48e1_B[17]_P[1])
                                                      3.656    10.606 r  val0__1__0/P[1]
                         net (fo=1, unplaced)         0.803    11.409    val0__1__0_n_104
                         LUT2 (Prop_lut2_I1_O)        0.124    11.533 r  c4_rq4_return1__3_i_19/O
                         net (fo=1, unplaced)         0.000    11.533    c4_rq4_return1__3_i_19_n_0
                         CARRY4 (Prop_carry4_S[1]_CO[3])
                                                      0.533    12.066 r  c4_rq4_return1__3_i_4/CO[3]
                         net (fo=1, unplaced)         0.000    12.066    c4_rq4_return1__3_i_4_n_0
                         CARRY4 (Prop_carry4_CI_CO[3])
                                                      0.117    12.183 r  c4_rq4_return1__3_i_3/CO[3]
                         net (fo=1, unplaced)         0.000    12.183    c4_rq4_return1__3_i_3_n_0
                         CARRY4 (Prop_carry4_CI_CO[3])
                                                      0.117    12.300 r  c4_rq4_return1__3_i_2/CO[3]
                         net (fo=1, unplaced)         0.000    12.300    c4_rq4_return1__3_i_2_n_0
                         CARRY4 (Prop_carry4_CI_CO[3])
                                                      0.117    12.417 r  c4_rq4_return1__3_i_1/CO[3]
                         net (fo=1, unplaced)         0.000    12.417    c4_rq4_return1__3_i_1_n_0
                         CARRY4 (Prop_carry4_CI_CO[3])
                                                      0.117    12.534 r  c4_rq4_return1__0_i_5/CO[3]
                         net (fo=1, unplaced)         0.000    12.534    c4_rq4_return1__0_i_5_n_0
                         CARRY4 (Prop_carry4_CI_CO[3])
                                                      0.117    12.651 r  c4_rq4_return1__0_i_4/CO[3]
                         net (fo=1, unplaced)         0.000    12.651    c4_rq4_return1__0_i_4_n_0
                         CARRY4 (Prop_carry4_CI_CO[3])
                                                      0.117    12.768 r  c4_rq4_return1__0_i_3/CO[3]
                         net (fo=1, unplaced)         0.000    12.768    c4_rq4_return1__0_i_3_n_0
                         CARRY4 (Prop_carry4_CI_CO[3])
                                                      0.117    12.885 r  c4_rq4_return1__0_i_2/CO[3]
                         net (fo=1, unplaced)         0.000    12.885    c4_rq4_return1__0_i_2_n_0
                         CARRY4 (Prop_carry4_CI_O[1])
                                                      0.337    13.222 r  c4_rq4_return1__0_i_1/O[1]
                         net (fo=4, unplaced)         0.803    14.025    c4_rq4_return1__0_i_1_n_6
                         DSP48E1 (Prop_dsp48e1_A[16]_PCOUT[47])
                                                      4.215    18.240 r  c4_rq3_return1__0/PCOUT[47]
                         net (fo=1, unplaced)         0.000    18.240    c4_rq3_return1__0_n_106
                         DSP48E1 (Prop_dsp48e1_PCIN[47]_PCOUT[47])
                                                      1.713    19.953 r  c4_rq3_return1__1/PCOUT[47]
                         net (fo=1, unplaced)         0.000    19.953    c4_rq3_return1__1_n_106
                         DSP48E1 (Prop_dsp48e1_PCIN[47]_P[1])
                                                      1.518    21.471 r  c4_rq3_return1__2/P[1]
                         net (fo=3, unplaced)         0.803    22.273    c4_rq3_return1__2_n_104
                         LUT3 (Prop_lut3_I1_O)        0.149    22.422 r  kv_wdata[15]_i_121/O
                         net (fo=2, unplaced)         0.459    22.881    kv_wdata[15]_i_121_n_0
                         LUT4 (Prop_lut4_I3_O)        0.355    23.236 r  kv_wdata[15]_i_125/O
                         net (fo=1, unplaced)         0.000    23.236    kv_wdata[15]_i_125_n_0
                         CARRY4 (Prop_carry4_S[0]_CO[3])
                                                      0.513    23.749 r  kv_wdata_reg[15]_i_70/CO[3]
                         net (fo=1, unplaced)         0.000    23.749    kv_wdata_reg[15]_i_70_n_0
                         CARRY4 (Prop_carry4_CI_CO[3])
                                                      0.117    23.866 r  kv_wdata_reg[15]_i_29/CO[3]
                         net (fo=1, unplaced)         0.000    23.866    kv_wdata_reg[15]_i_29_n_0
                         CARRY4 (Prop_carry4_CI_O[2])
                                                      0.256    24.122 r  kv_wdata_reg[15]_i_8/O[2]
                         net (fo=152, unplaced)       0.562    24.684    c4_rq3_return1__6[63]
                         LUT4 (Prop_lut4_I2_O)        0.293    24.977 r  kv_wdata[0]_i_178/O
                         net (fo=1, unplaced)         0.000    24.977    kv_wdata[0]_i_178_n_0
                         CARRY4 (Prop_carry4_DI[0]_CO[3])
                                                      0.576    25.553 r  kv_wdata_reg[0]_i_137/CO[3]
                         net (fo=1, unplaced)         0.000    25.553    kv_wdata_reg[0]_i_137_n_0
                         CARRY4 (Prop_carry4_CI_CO[3])
                                                      0.117    25.670 r  kv_wdata_reg[0]_i_93/CO[3]
                         net (fo=1, unplaced)         0.000    25.670    kv_wdata_reg[0]_i_93_n_0
                         CARRY4 (Prop_carry4_CI_CO[3])
                                                      0.117    25.787 r  kv_wdata_reg[0]_i_37/CO[3]
                         net (fo=1, unplaced)         0.000    25.787    kv_wdata_reg[0]_i_37_n_0
                         CARRY4 (Prop_carry4_CI_CO[3])
                                                      0.117    25.904 r  kv_wdata_reg[0]_i_14/CO[3]
                         net (fo=1, unplaced)         0.000    25.904    kv_wdata_reg[0]_i_14_n_0
                         CARRY4 (Prop_carry4_CI_CO[3])
                                                      0.117    26.021 r  kv_wdata_reg[0]_i_4/CO[3]
                         net (fo=2, unplaced)         0.759    26.780    kv_wdata_reg[0]_i_4_n_0
                         LUT4 (Prop_lut4_I3_O)        0.124    26.904 r  kv_wdata[0]_i_8/O
                         net (fo=1, unplaced)         0.000    26.904    kv_wdata[0]_i_8_n_0
                         CARRY4 (Prop_carry4_S[0]_CO[3])
                                                      0.513    27.417 r  kv_wdata_reg[0]_i_2/CO[3]
                         net (fo=1, unplaced)         0.000    27.417    kv_wdata_reg[0]_i_2_n_0
                         CARRY4 (Prop_carry4_CI_CO[3])
                                                      0.117    27.534 r  kv_wdata_reg[7]_i_4/CO[3]
                         net (fo=1, unplaced)         0.000    27.534    kv_wdata_reg[7]_i_4_n_0
                         CARRY4 (Prop_carry4_CI_CO[3])
                                                      0.117    27.651 r  kv_wdata_reg[11]_i_4/CO[3]
                         net (fo=1, unplaced)         0.000    27.651    kv_wdata_reg[11]_i_4_n_0
                         CARRY4 (Prop_carry4_CI_CO[3])
                                                      0.117    27.768 r  kv_wdata_reg[15]_i_9/CO[3]
                         net (fo=1, unplaced)         0.000    27.768    kv_wdata_reg[15]_i_9_n_0
                         CARRY4 (Prop_carry4_CI_CO[3])
                                                      0.117    27.885 r  kv_wdata_reg[15]_i_69/CO[3]
                         net (fo=1, unplaced)         0.000    27.885    kv_wdata_reg[15]_i_69_n_0
                         CARRY4 (Prop_carry4_CI_O[2])
                                                      0.256    28.141 f  kv_wdata_reg[15]_i_212/O[2]
                         net (fo=2, unplaced)         0.463    28.604    kv_wdata_reg[15]_i_212_n_5
                         LUT1 (Prop_lut1_I0_O)        0.301    28.905 r  kv_wdata[15]_i_182/O
                         net (fo=1, unplaced)         0.000    28.905    kv_wdata[15]_i_182_n_0
                         CARRY4 (Prop_carry4_S[1]_CO[3])
                                                      0.533    29.438 r  kv_wdata_reg[15]_i_107/CO[3]
                         net (fo=1, unplaced)         0.000    29.438    kv_wdata_reg[15]_i_107_n_0
                         CARRY4 (Prop_carry4_CI_CO[1])
                                                      0.179    29.617 r  kv_wdata_reg[15]_i_63/CO[1]
                         net (fo=58, unplaced)        0.697    30.314    kv_wdata_reg[15]_i_63_n_2
                         LUT6 (Prop_lut6_I1_O)        0.332    30.646 f  kv_wdata[15]_i_237/O
                         net (fo=4, unplaced)         0.473    31.119    kv_wdata[15]_i_237_n_0
                         LUT6 (Prop_lut6_I0_O)        0.124    31.243 r  kv_wdata[15]_i_195/O
                         net (fo=1, unplaced)         0.469    31.712    kv_wdata[15]_i_195_n_0
                         CARRY4 (Prop_carry4_DI[1]_CO[3])
                                                      0.520    32.232 r  kv_wdata_reg[15]_i_164/CO[3]
                         net (fo=1, unplaced)         0.000    32.232    kv_wdata_reg[15]_i_164_n_0
                         CARRY4 (Prop_carry4_CI_CO[3])
                                                      0.117    32.349 r  kv_wdata_reg[15]_i_95/CO[3]
                         net (fo=1, unplaced)         0.000    32.349    kv_wdata_reg[15]_i_95_n_0
                         CARRY4 (Prop_carry4_CI_CO[3])
                                                      0.117    32.466 r  kv_wdata_reg[15]_i_53/CO[3]
                         net (fo=1, unplaced)         0.000    32.466    kv_wdata_reg[15]_i_53_n_0
                         CARRY4 (Prop_carry4_CI_CO[3])
                                                      0.117    32.583 r  kv_wdata_reg[15]_i_13/CO[3]
                         net (fo=1, unplaced)         0.000    32.583    kv_wdata_reg[15]_i_13_n_0
                         CARRY4 (Prop_carry4_CI_CO[3])
                                                      0.117    32.700 r  kv_wdata_reg[15]_i_5/CO[3]
                         net (fo=128, unplaced)       0.827    33.527    kv_wdata_reg[15]_i_5_n_0
                         LUT5 (Prop_lut5_I3_O)        0.124    33.651 r  kv_wdata[11]_rep_i_1__1/O
                         net (fo=1, unplaced)         0.000    33.651    kv_wdata[11]_rep_i_1__1_n_0
                         FDRE                                         r  kv_wdata_reg[11]_rep__1/D
  -------------------------------------------------------------------    -------------------

                         (clock clk rise edge)       10.000    10.000 r  <hidden>
                                                      0.000    10.000 r  clk
                         net (fo=43012, unset)        0.924    10.924    clk
                         FDRE                                         r  kv_wdata_reg[11]_rep__1/C
                         clock pessimism              0.000    10.924    <hidden>
                         clock uncertainty           -0.035    10.889    <hidden>
                         FDRE (Setup_fdre_C_D)        0.044    10.933    kv_wdata_reg[11]_rep__1
  -------------------------------------------------------------------
                         required time                         10.933    <hidden>
                         arrival time                         -33.651    <hidden>
  -------------------------------------------------------------------
                         slack                                -22.718    <hidden>




