Copyright 1986-2022 Xilinx, Inc. All Rights Reserved. Copyright 2022-2026 Advanced Micro Devices, Inc. All Rights Reserved.
------------------------------------------------------------------------------------------------------------------------------------------------------------------------------------------------------------------------------------------
| Tool Version : Vivado v.2026.1 (win64) Build 6511674 Tue Jun 16 11:02:23 MDT 2026
| Date         : Wed Sep  9 22:47:30 2026
| Host         : laptop-Quan running 64-bit major release  (build 9200)
| Command      : report_timing -delay_type max -max_paths 20 -nworst 1 -sort_by slack -file D:/FPGA/FPGG_ART_Y_ASTRA_NATIVE_V1_RESEARCH/results/A7-NATIVE-GRAPH/ASTRA-FINAL-C4-C7-20260909/26_C4_D32_BITEXACT_PHYSICAL/timing_n20_e3f.rpt
| Design       : a7ng_astra_c4_lm06_d32_fr_v2
| Device       : 7a100t-csg324
| Speed File   : -1  PRODUCTION 1.23 2018-06-13
| Design State : Synthesized
------------------------------------------------------------------------------------------------------------------------------------------------------------------------------------------------------------------------------------------

Timing Report

Slack (VIOLATED) :        -22.550ns  (required time - arrival time)
  Source:                 vv_reg[23][27][15]/C
                            (rising edge-triggered cell FDRE clocked by clk  {rise@0.000ns fall@5.000ns period=10.000ns})
  Destination:            hv_reg[0][0]/D
                            (rising edge-triggered cell FDRE clocked by clk  {rise@0.000ns fall@5.000ns period=10.000ns})
  Path Group:             clk
  Path Type:              Setup (Max at Slow Process Corner)
  Requirement:            10.000ns  (clk rise@10.000ns - clk rise@0.000ns)
  Data Path Delay:        32.510ns  (logic 21.650ns (66.595%)  route 10.860ns (33.405%))
  Logic Levels:           46  (CARRY4=28 DSP48E1=3 LUT1=2 LUT2=3 LUT3=1 LUT5=4 LUT6=2 MUXF7=2 MUXF8=1)
  Clock Path Skew:        -0.049ns (DCD - SCD + CPR)
    Destination Clock Delay (DCD):    0.924ns = ( 10.924 - 10.000 ) 
    Source Clock Delay      (SCD):    0.973ns
    Clock Pessimism Removal (CPR):    0.000ns
  Clock Uncertainty:      0.035ns  ((TSJ^2 + TIJ^2)^1/2 + DJ) / 2 + PE
    Total System Jitter     (TSJ):    0.071ns
    Total Input Jitter      (TIJ):    0.000ns
    Discrete Jitter          (DJ):    0.000ns
    Phase Error              (PE):    0.000ns

    Location             Delay type                Incr(ns)  Path(ns)    Netlist Resource(s)
  -------------------------------------------------------------------    -------------------
                         (clock clk rise edge)        0.000     0.000 r  <hidden>
                                                      0.000     0.000 r  clk
                         net (fo=43094, unset)        0.973     0.973    clk
                         FDRE                                         r  vv_reg[23][27][15]/C
  -------------------------------------------------------------------    -------------------
                         FDRE (Prop_fdre_C_Q)         0.478     1.451 r  vv_reg[23][27][15]/Q
                         net (fo=1, unplaced)         0.965     2.416    vv_reg_n_0_[23][27][15]
                         LUT6 (Prop_lut6_I0_O)        0.295     2.711 r  val0_i_3396/O
                         net (fo=1, unplaced)         0.000     2.711    val0_i_3396_n_0
                         MUXF7 (Prop_muxf7_I1_O)      0.247     2.958 r  val0_i_1507/O
                         net (fo=1, unplaced)         0.735     3.693    val0_i_1507_n_0
                         LUT5 (Prop_lut5_I0_O)        0.298     3.991 r  val0_i_639/O
                         net (fo=1, unplaced)         0.419     4.410    val0_i_639_n_0
                         LUT5 (Prop_lut5_I0_O)        0.124     4.534 r  val0_i_380/O
                         net (fo=1, unplaced)         0.000     4.534    val0_i_380_n_0
                         MUXF7 (Prop_muxf7_I1_O)      0.247     4.781 r  val0_i_149/O
                         net (fo=1, unplaced)         0.000     4.781    val0_i_149_n_0
                         MUXF8 (Prop_muxf8_I0_O)      0.098     4.879 r  val0_i_34/O
                         net (fo=1, unplaced)         0.717     5.596    val0_i_34_n_0
                         LUT6 (Prop_lut6_I0_O)        0.319     5.915 r  val0_i_1/O
                         net (fo=18, unplaced)        0.803     6.718    val0_i_1_n_0
                         DSP48E1 (Prop_dsp48e1_B[17]_P[1])
                                                      3.656    10.374 r  val0/P[1]
                         net (fo=1, unplaced)         0.803    11.177    val0_n_104
                         LUT2 (Prop_lut2_I1_O)        0.124    11.301 r  p_1_out__1_i_19/O
                         net (fo=1, unplaced)         0.000    11.301    p_1_out__1_i_19_n_0
                         CARRY4 (Prop_carry4_S[1]_CO[3])
                                                      0.533    11.834 r  p_1_out__1_i_4/CO[3]
                         net (fo=1, unplaced)         0.000    11.834    p_1_out__1_i_4_n_0
                         CARRY4 (Prop_carry4_CI_CO[3])
                                                      0.117    11.951 r  p_1_out__1_i_3/CO[3]
                         net (fo=1, unplaced)         0.000    11.951    p_1_out__1_i_3_n_0
                         CARRY4 (Prop_carry4_CI_CO[3])
                                                      0.117    12.068 r  p_1_out__1_i_2/CO[3]
                         net (fo=1, unplaced)         0.000    12.068    p_1_out__1_i_2_n_0
                         CARRY4 (Prop_carry4_CI_CO[3])
                                                      0.117    12.185 r  p_1_out__1_i_1/CO[3]
                         net (fo=1, unplaced)         0.000    12.185    p_1_out__1_i_1_n_0
                         CARRY4 (Prop_carry4_CI_O[0])
                                                      0.232    12.417 r  p_1_out__0_i_8/O[0]
                         net (fo=3, unplaced)         0.803    13.220    p_1_out__0_i_8_n_7
                         DSP48E1 (Prop_dsp48e1_A[16]_P[29])
                                                      4.016    17.236 r  p_1_out__1/P[29]
                         net (fo=2, unplaced)         0.803    18.038    p_1_out__1_n_76
                         LUT2 (Prop_lut2_I0_O)        0.124    18.162 r  p_1_out__2_i_23/O
                         net (fo=1, unplaced)         0.000    18.162    p_1_out__2_i_23_n_0
                         CARRY4 (Prop_carry4_S[1]_CO[3])
                                                      0.533    18.695 r  p_1_out__2_i_6/CO[3]
                         net (fo=1, unplaced)         0.000    18.695    p_1_out__2_i_6_n_0
                         CARRY4 (Prop_carry4_CI_CO[3])
                                                      0.117    18.812 r  p_1_out__2_i_5/CO[3]
                         net (fo=1, unplaced)         0.000    18.812    p_1_out__2_i_5_n_0
                         CARRY4 (Prop_carry4_CI_CO[3])
                                                      0.117    18.929 r  p_1_out__2_i_4/CO[3]
                         net (fo=1, unplaced)         0.000    18.929    p_1_out__2_i_4_n_0
                         CARRY4 (Prop_carry4_CI_CO[3])
                                                      0.117    19.046 r  p_1_out__2_i_3/CO[3]
                         net (fo=1, unplaced)         0.000    19.046    p_1_out__2_i_3_n_0
                         CARRY4 (Prop_carry4_CI_CO[3])
                                                      0.117    19.163 r  p_1_out__2_i_2/CO[3]
                         net (fo=1, unplaced)         0.000    19.163    p_1_out__2_i_2_n_0
                         CARRY4 (Prop_carry4_CI_O[0])
                                                      0.232    19.395 r  p_1_out__2_i_1/O[0]
                         net (fo=17, unplaced)        0.803    20.198    p_1_out__2_i_1_n_7
                         DSP48E1 (Prop_dsp48e1_C[47]_P[17])
                                                      1.995    22.193 r  p_1_out__2/P[17]
                         net (fo=2, unplaced)         0.803    22.996    p_1_out__2_n_88
                         LUT2 (Prop_lut2_I0_O)        0.124    23.120 r  hv[0][3]_i_67/O
                         net (fo=1, unplaced)         0.000    23.120    hv[0][3]_i_67_n_0
                         CARRY4 (Prop_carry4_S[1]_CO[3])
                                                      0.533    23.653 r  hv_reg[0][3]_i_43/CO[3]
                         net (fo=1, unplaced)         0.000    23.653    hv_reg[0][3]_i_43_n_0
                         CARRY4 (Prop_carry4_CI_O[1])
                                                      0.337    23.990 f  hv_reg[0][3]_i_24/O[1]
                         net (fo=3, unplaced)         0.330    24.320    p_3_out[38]
                         LUT1 (Prop_lut1_I0_O)        0.306    24.626 r  hv[0][3]_i_52/O
                         net (fo=1, unplaced)         0.000    24.626    hv[0][3]_i_52_n_0
                         CARRY4 (Prop_carry4_S[1]_CO[3])
                                                      0.533    25.159 r  hv_reg[0][3]_i_25/CO[3]
                         net (fo=1, unplaced)         0.000    25.159    hv_reg[0][3]_i_25_n_0
                         CARRY4 (Prop_carry4_CI_O[2])
                                                      0.256    25.415 r  hv_reg[0][3]_i_14/O[2]
                         net (fo=2, unplaced)         0.746    26.161    hv_reg[0][3]_i_14_n_5
                         LUT5 (Prop_lut5_I1_O)        0.327    26.488 r  hv[0][3]_i_9/O
                         net (fo=1, unplaced)         0.000    26.488    hv[0][3]_i_9_n_0
                         CARRY4 (Prop_carry4_DI[1]_CO[1])
                                                      0.507    26.995 r  hv_reg[0][3]_i_3/CO[1]
                         net (fo=2, unplaced)         0.536    27.531    hv_reg[0][3]_i_3_n_2
                         CARRY4 (Prop_carry4_DI[0]_CO[3])
                                                      0.758    28.289 r  hv_reg[0][3]_i_2/CO[3]
                         net (fo=1, unplaced)         0.000    28.289    hv_reg[0][3]_i_2_n_0
                         CARRY4 (Prop_carry4_CI_CO[3])
                                                      0.117    28.406 r  hv_reg[0][7]_i_2/CO[3]
                         net (fo=1, unplaced)         0.000    28.406    hv_reg[0][7]_i_2_n_0
                         CARRY4 (Prop_carry4_CI_CO[3])
                                                      0.117    28.523 r  hv_reg[0][11]_i_2/CO[3]
                         net (fo=1, unplaced)         0.000    28.523    hv_reg[0][11]_i_2_n_0
                         CARRY4 (Prop_carry4_CI_O[2])
                                                      0.256    28.779 f  hv_reg[0][15]_i_8/O[2]
                         net (fo=6, unplaced)         0.484    29.263    hv_reg[0][15]_i_8_n_5
                         LUT1 (Prop_lut1_I0_O)        0.301    29.564 r  hv[0][15]_i_17/O
                         net (fo=1, unplaced)         0.000    29.564    hv[0][15]_i_17_n_0
                         CARRY4 (Prop_carry4_S[1]_CO[3])
                                                      0.533    30.097 r  hv_reg[0][15]_i_6/CO[3]
                         net (fo=1, unplaced)         0.000    30.097    hv_reg[0][15]_i_6_n_0
                         CARRY4 (Prop_carry4_CI_O[1])
                                                      0.337    30.434 r  hv_reg[0][15]_i_70/O[1]
                         net (fo=4, unplaced)         0.635    31.069    hv_reg[0][15]_i_70_n_6
                         LUT5 (Prop_lut5_I0_O)        0.332    31.401 r  hv[0][15]_i_139/O
                         net (fo=1, unplaced)         0.000    31.401    hv[0][15]_i_139_n_0
                         CARRY4 (Prop_carry4_DI[0]_CO[3])
                                                      0.576    31.977 r  hv_reg[0][15]_i_119/CO[3]
                         net (fo=1, unplaced)         0.000    31.977    hv_reg[0][15]_i_119_n_0
                         CARRY4 (Prop_carry4_CI_CO[3])
                                                      0.117    32.094 r  hv_reg[0][15]_i_100/CO[3]
                         net (fo=1, unplaced)         0.000    32.094    hv_reg[0][15]_i_100_n_0
                         CARRY4 (Prop_carry4_CI_CO[3])
                                                      0.117    32.211 r  hv_reg[0][15]_i_65/CO[3]
                         net (fo=1, unplaced)         0.000    32.211    hv_reg[0][15]_i_65_n_0
                         CARRY4 (Prop_carry4_CI_CO[3])
                                                      0.117    32.328 r  hv_reg[0][15]_i_37/CO[3]
                         net (fo=1, unplaced)         0.000    32.328    hv_reg[0][15]_i_37_n_0
                         CARRY4 (Prop_carry4_CI_CO[3])
                                                      0.117    32.445 r  hv_reg[0][15]_i_11/CO[3]
                         net (fo=1, unplaced)         0.000    32.445    hv_reg[0][15]_i_11_n_0
                         CARRY4 (Prop_carry4_CI_CO[2])
                                                      0.252    32.697 r  hv_reg[0][15]_i_5/CO[2]
                         net (fo=16, unplaced)        0.476    33.173    hv_reg[0][15]_i_5_n_1
                         LUT3 (Prop_lut3_I0_O)        0.310    33.483 r  hv[0][0]_i_1/O
                         net (fo=32, unplaced)        0.000    33.483    hv[0][0]_i_1_n_0
                         FDRE                                         r  hv_reg[0][0]/D
  -------------------------------------------------------------------    -------------------

                         (clock clk rise edge)       10.000    10.000 r  <hidden>
                                                      0.000    10.000 r  clk
                         net (fo=43094, unset)        0.924    10.924    clk
                         FDRE                                         r  hv_reg[0][0]/C
                         clock pessimism              0.000    10.924    <hidden>
                         clock uncertainty           -0.035    10.889    <hidden>
                         FDRE (Setup_fdre_C_D)        0.044    10.933    hv_reg[0][0]
  -------------------------------------------------------------------
                         required time                         10.933    <hidden>
                         arrival time                         -33.483    <hidden>
  -------------------------------------------------------------------
                         slack                                -22.550    <hidden>

Slack (VIOLATED) :        -22.550ns  (required time - arrival time)
  Source:                 vv_reg[23][27][15]/C
                            (rising edge-triggered cell FDRE clocked by clk  {rise@0.000ns fall@5.000ns period=10.000ns})
  Destination:            hv_reg[0][10]/D
                            (rising edge-triggered cell FDRE clocked by clk  {rise@0.000ns fall@5.000ns period=10.000ns})
  Path Group:             clk
  Path Type:              Setup (Max at Slow Process Corner)
  Requirement:            10.000ns  (clk rise@10.000ns - clk rise@0.000ns)
  Data Path Delay:        32.510ns  (logic 21.650ns (66.595%)  route 10.860ns (33.405%))
  Logic Levels:           46  (CARRY4=28 DSP48E1=3 LUT1=2 LUT2=3 LUT5=5 LUT6=2 MUXF7=2 MUXF8=1)
  Clock Path Skew:        -0.049ns (DCD - SCD + CPR)
    Destination Clock Delay (DCD):    0.924ns = ( 10.924 - 10.000 ) 
    Source Clock Delay      (SCD):    0.973ns
    Clock Pessimism Removal (CPR):    0.000ns
  Clock Uncertainty:      0.035ns  ((TSJ^2 + TIJ^2)^1/2 + DJ) / 2 + PE
    Total System Jitter     (TSJ):    0.071ns
    Total Input Jitter      (TIJ):    0.000ns
    Discrete Jitter          (DJ):    0.000ns
    Phase Error              (PE):    0.000ns

    Location             Delay type                Incr(ns)  Path(ns)    Netlist Resource(s)
  -------------------------------------------------------------------    -------------------
                         (clock clk rise edge)        0.000     0.000 r  <hidden>
                                                      0.000     0.000 r  clk
                         net (fo=43094, unset)        0.973     0.973    clk
                         FDRE                                         r  vv_reg[23][27][15]/C
  -------------------------------------------------------------------    -------------------
                         FDRE (Prop_fdre_C_Q)         0.478     1.451 r  vv_reg[23][27][15]/Q
                         net (fo=1, unplaced)         0.965     2.416    vv_reg_n_0_[23][27][15]
                         LUT6 (Prop_lut6_I0_O)        0.295     2.711 r  val0_i_3396/O
                         net (fo=1, unplaced)         0.000     2.711    val0_i_3396_n_0
                         MUXF7 (Prop_muxf7_I1_O)      0.247     2.958 r  val0_i_1507/O
                         net (fo=1, unplaced)         0.735     3.693    val0_i_1507_n_0
                         LUT5 (Prop_lut5_I0_O)        0.298     3.991 r  val0_i_639/O
                         net (fo=1, unplaced)         0.419     4.410    val0_i_639_n_0
                         LUT5 (Prop_lut5_I0_O)        0.124     4.534 r  val0_i_380/O
                         net (fo=1, unplaced)         0.000     4.534    val0_i_380_n_0
                         MUXF7 (Prop_muxf7_I1_O)      0.247     4.781 r  val0_i_149/O
                         net (fo=1, unplaced)         0.000     4.781    val0_i_149_n_0
                         MUXF8 (Prop_muxf8_I0_O)      0.098     4.879 r  val0_i_34/O
                         net (fo=1, unplaced)         0.717     5.596    val0_i_34_n_0
                         LUT6 (Prop_lut6_I0_O)        0.319     5.915 r  val0_i_1/O
                         net (fo=18, unplaced)        0.803     6.718    val0_i_1_n_0
                         DSP48E1 (Prop_dsp48e1_B[17]_P[1])
                                                      3.656    10.374 r  val0/P[1]
                         net (fo=1, unplaced)         0.803    11.177    val0_n_104
                         LUT2 (Prop_lut2_I1_O)        0.124    11.301 r  p_1_out__1_i_19/O
                         net (fo=1, unplaced)         0.000    11.301    p_1_out__1_i_19_n_0
                         CARRY4 (Prop_carry4_S[1]_CO[3])
                                                      0.533    11.834 r  p_1_out__1_i_4/CO[3]
                         net (fo=1, unplaced)         0.000    11.834    p_1_out__1_i_4_n_0
                         CARRY4 (Prop_carry4_CI_CO[3])
                                                      0.117    11.951 r  p_1_out__1_i_3/CO[3]
                         net (fo=1, unplaced)         0.000    11.951    p_1_out__1_i_3_n_0
                         CARRY4 (Prop_carry4_CI_CO[3])
                                                      0.117    12.068 r  p_1_out__1_i_2/CO[3]
                         net (fo=1, unplaced)         0.000    12.068    p_1_out__1_i_2_n_0
                         CARRY4 (Prop_carry4_CI_CO[3])
                                                      0.117    12.185 r  p_1_out__1_i_1/CO[3]
                         net (fo=1, unplaced)         0.000    12.185    p_1_out__1_i_1_n_0
                         CARRY4 (Prop_carry4_CI_O[0])
                                                      0.232    12.417 r  p_1_out__0_i_8/O[0]
                         net (fo=3, unplaced)         0.803    13.220    p_1_out__0_i_8_n_7
                         DSP48E1 (Prop_dsp48e1_A[16]_P[29])
                                                      4.016    17.236 r  p_1_out__1/P[29]
                         net (fo=2, unplaced)         0.803    18.038    p_1_out__1_n_76
                         LUT2 (Prop_lut2_I0_O)        0.124    18.162 r  p_1_out__2_i_23/O
                         net (fo=1, unplaced)         0.000    18.162    p_1_out__2_i_23_n_0
                         CARRY4 (Prop_carry4_S[1]_CO[3])
                                                      0.533    18.695 r  p_1_out__2_i_6/CO[3]
                         net (fo=1, unplaced)         0.000    18.695    p_1_out__2_i_6_n_0
                         CARRY4 (Prop_carry4_CI_CO[3])
                                                      0.117    18.812 r  p_1_out__2_i_5/CO[3]
                         net (fo=1, unplaced)         0.000    18.812    p_1_out__2_i_5_n_0
                         CARRY4 (Prop_carry4_CI_CO[3])
                                                      0.117    18.929 r  p_1_out__2_i_4/CO[3]
                         net (fo=1, unplaced)         0.000    18.929    p_1_out__2_i_4_n_0
                         CARRY4 (Prop_carry4_CI_CO[3])
                                                      0.117    19.046 r  p_1_out__2_i_3/CO[3]
                         net (fo=1, unplaced)         0.000    19.046    p_1_out__2_i_3_n_0
                         CARRY4 (Prop_carry4_CI_CO[3])
                                                      0.117    19.163 r  p_1_out__2_i_2/CO[3]
                         net (fo=1, unplaced)         0.000    19.163    p_1_out__2_i_2_n_0
                         CARRY4 (Prop_carry4_CI_O[0])
                                                      0.232    19.395 r  p_1_out__2_i_1/O[0]
                         net (fo=17, unplaced)        0.803    20.198    p_1_out__2_i_1_n_7
                         DSP48E1 (Prop_dsp48e1_C[47]_P[17])
                                                      1.995    22.193 r  p_1_out__2/P[17]
                         net (fo=2, unplaced)         0.803    22.996    p_1_out__2_n_88
                         LUT2 (Prop_lut2_I0_O)        0.124    23.120 r  hv[0][3]_i_67/O
                         net (fo=1, unplaced)         0.000    23.120    hv[0][3]_i_67_n_0
                         CARRY4 (Prop_carry4_S[1]_CO[3])
                                                      0.533    23.653 r  hv_reg[0][3]_i_43/CO[3]
                         net (fo=1, unplaced)         0.000    23.653    hv_reg[0][3]_i_43_n_0
                         CARRY4 (Prop_carry4_CI_O[1])
                                                      0.337    23.990 f  hv_reg[0][3]_i_24/O[1]
                         net (fo=3, unplaced)         0.330    24.320    p_3_out[38]
                         LUT1 (Prop_lut1_I0_O)        0.306    24.626 r  hv[0][3]_i_52/O
                         net (fo=1, unplaced)         0.000    24.626    hv[0][3]_i_52_n_0
                         CARRY4 (Prop_carry4_S[1]_CO[3])
                                                      0.533    25.159 r  hv_reg[0][3]_i_25/CO[3]
                         net (fo=1, unplaced)         0.000    25.159    hv_reg[0][3]_i_25_n_0
                         CARRY4 (Prop_carry4_CI_O[2])
                                                      0.256    25.415 r  hv_reg[0][3]_i_14/O[2]
                         net (fo=2, unplaced)         0.746    26.161    hv_reg[0][3]_i_14_n_5
                         LUT5 (Prop_lut5_I1_O)        0.327    26.488 r  hv[0][3]_i_9/O
                         net (fo=1, unplaced)         0.000    26.488    hv[0][3]_i_9_n_0
                         CARRY4 (Prop_carry4_DI[1]_CO[1])
                                                      0.507    26.995 r  hv_reg[0][3]_i_3/CO[1]
                         net (fo=2, unplaced)         0.536    27.531    hv_reg[0][3]_i_3_n_2
                         CARRY4 (Prop_carry4_DI[0]_CO[3])
                                                      0.758    28.289 r  hv_reg[0][3]_i_2/CO[3]
                         net (fo=1, unplaced)         0.000    28.289    hv_reg[0][3]_i_2_n_0
                         CARRY4 (Prop_carry4_CI_CO[3])
                                                      0.117    28.406 r  hv_reg[0][7]_i_2/CO[3]
                         net (fo=1, unplaced)         0.000    28.406    hv_reg[0][7]_i_2_n_0
                         CARRY4 (Prop_carry4_CI_CO[3])
                                                      0.117    28.523 r  hv_reg[0][11]_i_2/CO[3]
                         net (fo=1, unplaced)         0.000    28.523    hv_reg[0][11]_i_2_n_0
                         CARRY4 (Prop_carry4_CI_O[2])
                                                      0.256    28.779 f  hv_reg[0][15]_i_8/O[2]
                         net (fo=6, unplaced)         0.484    29.263    hv_reg[0][15]_i_8_n_5
                         LUT1 (Prop_lut1_I0_O)        0.301    29.564 r  hv[0][15]_i_17/O
                         net (fo=1, unplaced)         0.000    29.564    hv[0][15]_i_17_n_0
                         CARRY4 (Prop_carry4_S[1]_CO[3])
                                                      0.533    30.097 r  hv_reg[0][15]_i_6/CO[3]
                         net (fo=1, unplaced)         0.000    30.097    hv_reg[0][15]_i_6_n_0
                         CARRY4 (Prop_carry4_CI_O[1])
                                                      0.337    30.434 r  hv_reg[0][15]_i_70/O[1]
                         net (fo=4, unplaced)         0.635    31.069    hv_reg[0][15]_i_70_n_6
                         LUT5 (Prop_lut5_I0_O)        0.332    31.401 r  hv[0][15]_i_139/O
                         net (fo=1, unplaced)         0.000    31.401    hv[0][15]_i_139_n_0
                         CARRY4 (Prop_carry4_DI[0]_CO[3])
                                                      0.576    31.977 r  hv_reg[0][15]_i_119/CO[3]
                         net (fo=1, unplaced)         0.000    31.977    hv_reg[0][15]_i_119_n_0
                         CARRY4 (Prop_carry4_CI_CO[3])
                                                      0.117    32.094 r  hv_reg[0][15]_i_100/CO[3]
                         net (fo=1, unplaced)         0.000    32.094    hv_reg[0][15]_i_100_n_0
                         CARRY4 (Prop_carry4_CI_CO[3])
                                                      0.117    32.211 r  hv_reg[0][15]_i_65/CO[3]
                         net (fo=1, unplaced)         0.000    32.211    hv_reg[0][15]_i_65_n_0
                         CARRY4 (Prop_carry4_CI_CO[3])
                                                      0.117    32.328 r  hv_reg[0][15]_i_37/CO[3]
                         net (fo=1, unplaced)         0.000    32.328    hv_reg[0][15]_i_37_n_0
                         CARRY4 (Prop_carry4_CI_CO[3])
                                                      0.117    32.445 r  hv_reg[0][15]_i_11/CO[3]
                         net (fo=1, unplaced)         0.000    32.445    hv_reg[0][15]_i_11_n_0
                         CARRY4 (Prop_carry4_CI_CO[2])
                                                      0.252    32.697 r  hv_reg[0][15]_i_5/CO[2]
                         net (fo=16, unplaced)        0.476    33.173    hv_reg[0][15]_i_5_n_1
                         LUT5 (Prop_lut5_I0_O)        0.310    33.483 r  hv[0][10]_i_1/O
                         net (fo=32, unplaced)        0.000    33.483    hv[0][10]_i_1_n_0
                         FDRE                                         r  hv_reg[0][10]/D
  -------------------------------------------------------------------    -------------------

                         (clock clk rise edge)       10.000    10.000 r  <hidden>
                                                      0.000    10.000 r  clk
                         net (fo=43094, unset)        0.924    10.924    clk
                         FDRE                                         r  hv_reg[0][10]/C
                         clock pessimism              0.000    10.924    <hidden>
                         clock uncertainty           -0.035    10.889    <hidden>
                         FDRE (Setup_fdre_C_D)        0.044    10.933    hv_reg[0][10]
  -------------------------------------------------------------------
                         required time                         10.933    <hidden>
                         arrival time                         -33.483    <hidden>
  -------------------------------------------------------------------
                         slack                                -22.550    <hidden>

Slack (VIOLATED) :        -22.550ns  (required time - arrival time)
  Source:                 vv_reg[23][27][15]/C
                            (rising edge-triggered cell FDRE clocked by clk  {rise@0.000ns fall@5.000ns period=10.000ns})
  Destination:            hv_reg[0][11]/D
                            (rising edge-triggered cell FDRE clocked by clk  {rise@0.000ns fall@5.000ns period=10.000ns})
  Path Group:             clk
  Path Type:              Setup (Max at Slow Process Corner)
  Requirement:            10.000ns  (clk rise@10.000ns - clk rise@0.000ns)
  Data Path Delay:        32.510ns  (logic 21.650ns (66.595%)  route 10.860ns (33.405%))
  Logic Levels:           46  (CARRY4=28 DSP48E1=3 LUT1=2 LUT2=3 LUT5=5 LUT6=2 MUXF7=2 MUXF8=1)
  Clock Path Skew:        -0.049ns (DCD - SCD + CPR)
    Destination Clock Delay (DCD):    0.924ns = ( 10.924 - 10.000 ) 
    Source Clock Delay      (SCD):    0.973ns
    Clock Pessimism Removal (CPR):    0.000ns
  Clock Uncertainty:      0.035ns  ((TSJ^2 + TIJ^2)^1/2 + DJ) / 2 + PE
    Total System Jitter     (TSJ):    0.071ns
    Total Input Jitter      (TIJ):    0.000ns
    Discrete Jitter          (DJ):    0.000ns
    Phase Error              (PE):    0.000ns

    Location             Delay type                Incr(ns)  Path(ns)    Netlist Resource(s)
  -------------------------------------------------------------------    -------------------
                         (clock clk rise edge)        0.000     0.000 r  <hidden>
                                                      0.000     0.000 r  clk
                         net (fo=43094, unset)        0.973     0.973    clk
                         FDRE                                         r  vv_reg[23][27][15]/C
  -------------------------------------------------------------------    -------------------
                         FDRE (Prop_fdre_C_Q)         0.478     1.451 r  vv_reg[23][27][15]/Q
                         net (fo=1, unplaced)         0.965     2.416    vv_reg_n_0_[23][27][15]
                         LUT6 (Prop_lut6_I0_O)        0.295     2.711 r  val0_i_3396/O
                         net (fo=1, unplaced)         0.000     2.711    val0_i_3396_n_0
                         MUXF7 (Prop_muxf7_I1_O)      0.247     2.958 r  val0_i_1507/O
                         net (fo=1, unplaced)         0.735     3.693    val0_i_1507_n_0
                         LUT5 (Prop_lut5_I0_O)        0.298     3.991 r  val0_i_639/O
                         net (fo=1, unplaced)         0.419     4.410    val0_i_639_n_0
                         LUT5 (Prop_lut5_I0_O)        0.124     4.534 r  val0_i_380/O
                         net (fo=1, unplaced)         0.000     4.534    val0_i_380_n_0
                         MUXF7 (Prop_muxf7_I1_O)      0.247     4.781 r  val0_i_149/O
                         net (fo=1, unplaced)         0.000     4.781    val0_i_149_n_0
                         MUXF8 (Prop_muxf8_I0_O)      0.098     4.879 r  val0_i_34/O
                         net (fo=1, unplaced)         0.717     5.596    val0_i_34_n_0
                         LUT6 (Prop_lut6_I0_O)        0.319     5.915 r  val0_i_1/O
                         net (fo=18, unplaced)        0.803     6.718    val0_i_1_n_0
                         DSP48E1 (Prop_dsp48e1_B[17]_P[1])
                                                      3.656    10.374 r  val0/P[1]
                         net (fo=1, unplaced)         0.803    11.177    val0_n_104
                         LUT2 (Prop_lut2_I1_O)        0.124    11.301 r  p_1_out__1_i_19/O
                         net (fo=1, unplaced)         0.000    11.301    p_1_out__1_i_19_n_0
                         CARRY4 (Prop_carry4_S[1]_CO[3])
                                                      0.533    11.834 r  p_1_out__1_i_4/CO[3]
                         net (fo=1, unplaced)         0.000    11.834    p_1_out__1_i_4_n_0
                         CARRY4 (Prop_carry4_CI_CO[3])
                                                      0.117    11.951 r  p_1_out__1_i_3/CO[3]
                         net (fo=1, unplaced)         0.000    11.951    p_1_out__1_i_3_n_0
                         CARRY4 (Prop_carry4_CI_CO[3])
                                                      0.117    12.068 r  p_1_out__1_i_2/CO[3]
                         net (fo=1, unplaced)         0.000    12.068    p_1_out__1_i_2_n_0
                         CARRY4 (Prop_carry4_CI_CO[3])
                                                      0.117    12.185 r  p_1_out__1_i_1/CO[3]
                         net (fo=1, unplaced)         0.000    12.185    p_1_out__1_i_1_n_0
                         CARRY4 (Prop_carry4_CI_O[0])
                                                      0.232    12.417 r  p_1_out__0_i_8/O[0]
                         net (fo=3, unplaced)         0.803    13.220    p_1_out__0_i_8_n_7
                         DSP48E1 (Prop_dsp48e1_A[16]_P[29])
                                                      4.016    17.236 r  p_1_out__1/P[29]
                         net (fo=2, unplaced)         0.803    18.038    p_1_out__1_n_76
                         LUT2 (Prop_lut2_I0_O)        0.124    18.162 r  p_1_out__2_i_23/O
                         net (fo=1, unplaced)         0.000    18.162    p_1_out__2_i_23_n_0
                         CARRY4 (Prop_carry4_S[1]_CO[3])
                                                      0.533    18.695 r  p_1_out__2_i_6/CO[3]
                         net (fo=1, unplaced)         0.000    18.695    p_1_out__2_i_6_n_0
                         CARRY4 (Prop_carry4_CI_CO[3])
                                                      0.117    18.812 r  p_1_out__2_i_5/CO[3]
                         net (fo=1, unplaced)         0.000    18.812    p_1_out__2_i_5_n_0
                         CARRY4 (Prop_carry4_CI_CO[3])
                                                      0.117    18.929 r  p_1_out__2_i_4/CO[3]
                         net (fo=1, unplaced)         0.000    18.929    p_1_out__2_i_4_n_0
                         CARRY4 (Prop_carry4_CI_CO[3])
                                                      0.117    19.046 r  p_1_out__2_i_3/CO[3]
                         net (fo=1, unplaced)         0.000    19.046    p_1_out__2_i_3_n_0
                         CARRY4 (Prop_carry4_CI_CO[3])
                                                      0.117    19.163 r  p_1_out__2_i_2/CO[3]
                         net (fo=1, unplaced)         0.000    19.163    p_1_out__2_i_2_n_0
                         CARRY4 (Prop_carry4_CI_O[0])
                                                      0.232    19.395 r  p_1_out__2_i_1/O[0]
                         net (fo=17, unplaced)        0.803    20.198    p_1_out__2_i_1_n_7
                         DSP48E1 (Prop_dsp48e1_C[47]_P[17])
                                                      1.995    22.193 r  p_1_out__2/P[17]
                         net (fo=2, unplaced)         0.803    22.996    p_1_out__2_n_88
                         LUT2 (Prop_lut2_I0_O)        0.124    23.120 r  hv[0][3]_i_67/O
                         net (fo=1, unplaced)         0.000    23.120    hv[0][3]_i_67_n_0
                         CARRY4 (Prop_carry4_S[1]_CO[3])
                                                      0.533    23.653 r  hv_reg[0][3]_i_43/CO[3]
                         net (fo=1, unplaced)         0.000    23.653    hv_reg[0][3]_i_43_n_0
                         CARRY4 (Prop_carry4_CI_O[1])
                                                      0.337    23.990 f  hv_reg[0][3]_i_24/O[1]
                         net (fo=3, unplaced)         0.330    24.320    p_3_out[38]
                         LUT1 (Prop_lut1_I0_O)        0.306    24.626 r  hv[0][3]_i_52/O
                         net (fo=1, unplaced)         0.000    24.626    hv[0][3]_i_52_n_0
                         CARRY4 (Prop_carry4_S[1]_CO[3])
                                                      0.533    25.159 r  hv_reg[0][3]_i_25/CO[3]
                         net (fo=1, unplaced)         0.000    25.159    hv_reg[0][3]_i_25_n_0
                         CARRY4 (Prop_carry4_CI_O[2])
                                                      0.256    25.415 r  hv_reg[0][3]_i_14/O[2]
                         net (fo=2, unplaced)         0.746    26.161    hv_reg[0][3]_i_14_n_5
                         LUT5 (Prop_lut5_I1_O)        0.327    26.488 r  hv[0][3]_i_9/O
                         net (fo=1, unplaced)         0.000    26.488    hv[0][3]_i_9_n_0
                         CARRY4 (Prop_carry4_DI[1]_CO[1])
                                                      0.507    26.995 r  hv_reg[0][3]_i_3/CO[1]
                         net (fo=2, unplaced)         0.536    27.531    hv_reg[0][3]_i_3_n_2
                         CARRY4 (Prop_carry4_DI[0]_CO[3])
                                                      0.758    28.289 r  hv_reg[0][3]_i_2/CO[3]
                         net (fo=1, unplaced)         0.000    28.289    hv_reg[0][3]_i_2_n_0
                         CARRY4 (Prop_carry4_CI_CO[3])
                                                      0.117    28.406 r  hv_reg[0][7]_i_2/CO[3]
                         net (fo=1, unplaced)         0.000    28.406    hv_reg[0][7]_i_2_n_0
                         CARRY4 (Prop_carry4_CI_CO[3])
                                                      0.117    28.523 r  hv_reg[0][11]_i_2/CO[3]
                         net (fo=1, unplaced)         0.000    28.523    hv_reg[0][11]_i_2_n_0
                         CARRY4 (Prop_carry4_CI_O[2])
                                                      0.256    28.779 f  hv_reg[0][15]_i_8/O[2]
                         net (fo=6, unplaced)         0.484    29.263    hv_reg[0][15]_i_8_n_5
                         LUT1 (Prop_lut1_I0_O)        0.301    29.564 r  hv[0][15]_i_17/O
                         net (fo=1, unplaced)         0.000    29.564    hv[0][15]_i_17_n_0
                         CARRY4 (Prop_carry4_S[1]_CO[3])
                                                      0.533    30.097 r  hv_reg[0][15]_i_6/CO[3]
                         net (fo=1, unplaced)         0.000    30.097    hv_reg[0][15]_i_6_n_0
                         CARRY4 (Prop_carry4_CI_O[1])
                                                      0.337    30.434 r  hv_reg[0][15]_i_70/O[1]
                         net (fo=4, unplaced)         0.635    31.069    hv_reg[0][15]_i_70_n_6
                         LUT5 (Prop_lut5_I0_O)        0.332    31.401 r  hv[0][15]_i_139/O
                         net (fo=1, unplaced)         0.000    31.401    hv[0][15]_i_139_n_0
                         CARRY4 (Prop_carry4_DI[0]_CO[3])
                                                      0.576    31.977 r  hv_reg[0][15]_i_119/CO[3]
                         net (fo=1, unplaced)         0.000    31.977    hv_reg[0][15]_i_119_n_0
                         CARRY4 (Prop_carry4_CI_CO[3])
                                                      0.117    32.094 r  hv_reg[0][15]_i_100/CO[3]
                         net (fo=1, unplaced)         0.000    32.094    hv_reg[0][15]_i_100_n_0
                         CARRY4 (Prop_carry4_CI_CO[3])
                                                      0.117    32.211 r  hv_reg[0][15]_i_65/CO[3]
                         net (fo=1, unplaced)         0.000    32.211    hv_reg[0][15]_i_65_n_0
                         CARRY4 (Prop_carry4_CI_CO[3])
                                                      0.117    32.328 r  hv_reg[0][15]_i_37/CO[3]
                         net (fo=1, unplaced)         0.000    32.328    hv_reg[0][15]_i_37_n_0
                         CARRY4 (Prop_carry4_CI_CO[3])
                                                      0.117    32.445 r  hv_reg[0][15]_i_11/CO[3]
                         net (fo=1, unplaced)         0.000    32.445    hv_reg[0][15]_i_11_n_0
                         CARRY4 (Prop_carry4_CI_CO[2])
                                                      0.252    32.697 f  hv_reg[0][15]_i_5/CO[2]
                         net (fo=16, unplaced)        0.476    33.173    hv_reg[0][15]_i_5_n_1
                         LUT5 (Prop_lut5_I0_O)        0.310    33.483 r  hv[0][11]_i_1/O
                         net (fo=32, unplaced)        0.000    33.483    hv[0][11]_i_1_n_0
                         FDRE                                         r  hv_reg[0][11]/D
  -------------------------------------------------------------------    -------------------

                         (clock clk rise edge)       10.000    10.000 r  <hidden>
                                                      0.000    10.000 r  clk
                         net (fo=43094, unset)        0.924    10.924    clk
                         FDRE                                         r  hv_reg[0][11]/C
                         clock pessimism              0.000    10.924    <hidden>
                         clock uncertainty           -0.035    10.889    <hidden>
                         FDRE (Setup_fdre_C_D)        0.044    10.933    hv_reg[0][11]
  -------------------------------------------------------------------
                         required time                         10.933    <hidden>
                         arrival time                         -33.483    <hidden>
  -------------------------------------------------------------------
                         slack                                -22.550    <hidden>

Slack (VIOLATED) :        -22.550ns  (required time - arrival time)
  Source:                 vv_reg[23][27][15]/C
                            (rising edge-triggered cell FDRE clocked by clk  {rise@0.000ns fall@5.000ns period=10.000ns})
  Destination:            hv_reg[0][12]/D
                            (rising edge-triggered cell FDRE clocked by clk  {rise@0.000ns fall@5.000ns period=10.000ns})
  Path Group:             clk
  Path Type:              Setup (Max at Slow Process Corner)
  Requirement:            10.000ns  (clk rise@10.000ns - clk rise@0.000ns)
  Data Path Delay:        32.510ns  (logic 21.650ns (66.595%)  route 10.860ns (33.405%))
  Logic Levels:           46  (CARRY4=28 DSP48E1=3 LUT1=2 LUT2=3 LUT5=5 LUT6=2 MUXF7=2 MUXF8=1)
  Clock Path Skew:        -0.049ns (DCD - SCD + CPR)
    Destination Clock Delay (DCD):    0.924ns = ( 10.924 - 10.000 ) 
    Source Clock Delay      (SCD):    0.973ns
    Clock Pessimism Removal (CPR):    0.000ns
  Clock Uncertainty:      0.035ns  ((TSJ^2 + TIJ^2)^1/2 + DJ) / 2 + PE
    Total System Jitter     (TSJ):    0.071ns
    Total Input Jitter      (TIJ):    0.000ns
    Discrete Jitter          (DJ):    0.000ns
    Phase Error              (PE):    0.000ns

    Location             Delay type                Incr(ns)  Path(ns)    Netlist Resource(s)
  -------------------------------------------------------------------    -------------------
                         (clock clk rise edge)        0.000     0.000 r  <hidden>
                                                      0.000     0.000 r  clk
                         net (fo=43094, unset)        0.973     0.973    clk
                         FDRE                                         r  vv_reg[23][27][15]/C
  -------------------------------------------------------------------    -------------------
                         FDRE (Prop_fdre_C_Q)         0.478     1.451 r  vv_reg[23][27][15]/Q
                         net (fo=1, unplaced)         0.965     2.416    vv_reg_n_0_[23][27][15]
                         LUT6 (Prop_lut6_I0_O)        0.295     2.711 r  val0_i_3396/O
                         net (fo=1, unplaced)         0.000     2.711    val0_i_3396_n_0
                         MUXF7 (Prop_muxf7_I1_O)      0.247     2.958 r  val0_i_1507/O
                         net (fo=1, unplaced)         0.735     3.693    val0_i_1507_n_0
                         LUT5 (Prop_lut5_I0_O)        0.298     3.991 r  val0_i_639/O
                         net (fo=1, unplaced)         0.419     4.410    val0_i_639_n_0
                         LUT5 (Prop_lut5_I0_O)        0.124     4.534 r  val0_i_380/O
                         net (fo=1, unplaced)         0.000     4.534    val0_i_380_n_0
                         MUXF7 (Prop_muxf7_I1_O)      0.247     4.781 r  val0_i_149/O
                         net (fo=1, unplaced)         0.000     4.781    val0_i_149_n_0
                         MUXF8 (Prop_muxf8_I0_O)      0.098     4.879 r  val0_i_34/O
                         net (fo=1, unplaced)         0.717     5.596    val0_i_34_n_0
                         LUT6 (Prop_lut6_I0_O)        0.319     5.915 r  val0_i_1/O
                         net (fo=18, unplaced)        0.803     6.718    val0_i_1_n_0
                         DSP48E1 (Prop_dsp48e1_B[17]_P[1])
                                                      3.656    10.374 r  val0/P[1]
                         net (fo=1, unplaced)         0.803    11.177    val0_n_104
                         LUT2 (Prop_lut2_I1_O)        0.124    11.301 r  p_1_out__1_i_19/O
                         net (fo=1, unplaced)         0.000    11.301    p_1_out__1_i_19_n_0
                         CARRY4 (Prop_carry4_S[1]_CO[3])
                                                      0.533    11.834 r  p_1_out__1_i_4/CO[3]
                         net (fo=1, unplaced)         0.000    11.834    p_1_out__1_i_4_n_0
                         CARRY4 (Prop_carry4_CI_CO[3])
                                                      0.117    11.951 r  p_1_out__1_i_3/CO[3]
                         net (fo=1, unplaced)         0.000    11.951    p_1_out__1_i_3_n_0
                         CARRY4 (Prop_carry4_CI_CO[3])
                                                      0.117    12.068 r  p_1_out__1_i_2/CO[3]
                         net (fo=1, unplaced)         0.000    12.068    p_1_out__1_i_2_n_0
                         CARRY4 (Prop_carry4_CI_CO[3])
                                                      0.117    12.185 r  p_1_out__1_i_1/CO[3]
                         net (fo=1, unplaced)         0.000    12.185    p_1_out__1_i_1_n_0
                         CARRY4 (Prop_carry4_CI_O[0])
                                                      0.232    12.417 r  p_1_out__0_i_8/O[0]
                         net (fo=3, unplaced)         0.803    13.220    p_1_out__0_i_8_n_7
                         DSP48E1 (Prop_dsp48e1_A[16]_P[29])
                                                      4.016    17.236 r  p_1_out__1/P[29]
                         net (fo=2, unplaced)         0.803    18.038    p_1_out__1_n_76
                         LUT2 (Prop_lut2_I0_O)        0.124    18.162 r  p_1_out__2_i_23/O
                         net (fo=1, unplaced)         0.000    18.162    p_1_out__2_i_23_n_0
                         CARRY4 (Prop_carry4_S[1]_CO[3])
                                                      0.533    18.695 r  p_1_out__2_i_6/CO[3]
                         net (fo=1, unplaced)         0.000    18.695    p_1_out__2_i_6_n_0
                         CARRY4 (Prop_carry4_CI_CO[3])
                                                      0.117    18.812 r  p_1_out__2_i_5/CO[3]
                         net (fo=1, unplaced)         0.000    18.812    p_1_out__2_i_5_n_0
                         CARRY4 (Prop_carry4_CI_CO[3])
                                                      0.117    18.929 r  p_1_out__2_i_4/CO[3]
                         net (fo=1, unplaced)         0.000    18.929    p_1_out__2_i_4_n_0
                         CARRY4 (Prop_carry4_CI_CO[3])
                                                      0.117    19.046 r  p_1_out__2_i_3/CO[3]
                         net (fo=1, unplaced)         0.000    19.046    p_1_out__2_i_3_n_0
                         CARRY4 (Prop_carry4_CI_CO[3])
                                                      0.117    19.163 r  p_1_out__2_i_2/CO[3]
                         net (fo=1, unplaced)         0.000    19.163    p_1_out__2_i_2_n_0
                         CARRY4 (Prop_carry4_CI_O[0])
                                                      0.232    19.395 r  p_1_out__2_i_1/O[0]
                         net (fo=17, unplaced)        0.803    20.198    p_1_out__2_i_1_n_7
                         DSP48E1 (Prop_dsp48e1_C[47]_P[17])
                                                      1.995    22.193 r  p_1_out__2/P[17]
                         net (fo=2, unplaced)         0.803    22.996    p_1_out__2_n_88
                         LUT2 (Prop_lut2_I0_O)        0.124    23.120 r  hv[0][3]_i_67/O
                         net (fo=1, unplaced)         0.000    23.120    hv[0][3]_i_67_n_0
                         CARRY4 (Prop_carry4_S[1]_CO[3])
                                                      0.533    23.653 r  hv_reg[0][3]_i_43/CO[3]
                         net (fo=1, unplaced)         0.000    23.653    hv_reg[0][3]_i_43_n_0
                         CARRY4 (Prop_carry4_CI_O[1])
                                                      0.337    23.990 f  hv_reg[0][3]_i_24/O[1]
                         net (fo=3, unplaced)         0.330    24.320    p_3_out[38]
                         LUT1 (Prop_lut1_I0_O)        0.306    24.626 r  hv[0][3]_i_52/O
                         net (fo=1, unplaced)         0.000    24.626    hv[0][3]_i_52_n_0
                         CARRY4 (Prop_carry4_S[1]_CO[3])
                                                      0.533    25.159 r  hv_reg[0][3]_i_25/CO[3]
                         net (fo=1, unplaced)         0.000    25.159    hv_reg[0][3]_i_25_n_0
                         CARRY4 (Prop_carry4_CI_O[2])
                                                      0.256    25.415 r  hv_reg[0][3]_i_14/O[2]
                         net (fo=2, unplaced)         0.746    26.161    hv_reg[0][3]_i_14_n_5
                         LUT5 (Prop_lut5_I1_O)        0.327    26.488 r  hv[0][3]_i_9/O
                         net (fo=1, unplaced)         0.000    26.488    hv[0][3]_i_9_n_0
                         CARRY4 (Prop_carry4_DI[1]_CO[1])
                                                      0.507    26.995 r  hv_reg[0][3]_i_3/CO[1]
                         net (fo=2, unplaced)         0.536    27.531    hv_reg[0][3]_i_3_n_2
                         CARRY4 (Prop_carry4_DI[0]_CO[3])
                                                      0.758    28.289 r  hv_reg[0][3]_i_2/CO[3]
                         net (fo=1, unplaced)         0.000    28.289    hv_reg[0][3]_i_2_n_0
                         CARRY4 (Prop_carry4_CI_CO[3])
                                                      0.117    28.406 r  hv_reg[0][7]_i_2/CO[3]
                         net (fo=1, unplaced)         0.000    28.406    hv_reg[0][7]_i_2_n_0
                         CARRY4 (Prop_carry4_CI_CO[3])
                                                      0.117    28.523 r  hv_reg[0][11]_i_2/CO[3]
                         net (fo=1, unplaced)         0.000    28.523    hv_reg[0][11]_i_2_n_0
                         CARRY4 (Prop_carry4_CI_O[2])
                                                      0.256    28.779 f  hv_reg[0][15]_i_8/O[2]
                         net (fo=6, unplaced)         0.484    29.263    hv_reg[0][15]_i_8_n_5
                         LUT1 (Prop_lut1_I0_O)        0.301    29.564 r  hv[0][15]_i_17/O
                         net (fo=1, unplaced)         0.000    29.564    hv[0][15]_i_17_n_0
                         CARRY4 (Prop_carry4_S[1]_CO[3])
                                                      0.533    30.097 r  hv_reg[0][15]_i_6/CO[3]
                         net (fo=1, unplaced)         0.000    30.097    hv_reg[0][15]_i_6_n_0
                         CARRY4 (Prop_carry4_CI_O[1])
                                                      0.337    30.434 r  hv_reg[0][15]_i_70/O[1]
                         net (fo=4, unplaced)         0.635    31.069    hv_reg[0][15]_i_70_n_6
                         LUT5 (Prop_lut5_I0_O)        0.332    31.401 r  hv[0][15]_i_139/O
                         net (fo=1, unplaced)         0.000    31.401    hv[0][15]_i_139_n_0
                         CARRY4 (Prop_carry4_DI[0]_CO[3])
                                                      0.576    31.977 r  hv_reg[0][15]_i_119/CO[3]
                         net (fo=1, unplaced)         0.000    31.977    hv_reg[0][15]_i_119_n_0
                         CARRY4 (Prop_carry4_CI_CO[3])
                                                      0.117    32.094 r  hv_reg[0][15]_i_100/CO[3]
                         net (fo=1, unplaced)         0.000    32.094    hv_reg[0][15]_i_100_n_0
                         CARRY4 (Prop_carry4_CI_CO[3])
                                                      0.117    32.211 r  hv_reg[0][15]_i_65/CO[3]
                         net (fo=1, unplaced)         0.000    32.211    hv_reg[0][15]_i_65_n_0
                         CARRY4 (Prop_carry4_CI_CO[3])
                                                      0.117    32.328 r  hv_reg[0][15]_i_37/CO[3]
                         net (fo=1, unplaced)         0.000    32.328    hv_reg[0][15]_i_37_n_0
                         CARRY4 (Prop_carry4_CI_CO[3])
                                                      0.117    32.445 r  hv_reg[0][15]_i_11/CO[3]
                         net (fo=1, unplaced)         0.000    32.445    hv_reg[0][15]_i_11_n_0
                         CARRY4 (Prop_carry4_CI_CO[2])
                                                      0.252    32.697 f  hv_reg[0][15]_i_5/CO[2]
                         net (fo=16, unplaced)        0.476    33.173    hv_reg[0][15]_i_5_n_1
                         LUT5 (Prop_lut5_I0_O)        0.310    33.483 r  hv[0][12]_i_1/O
                         net (fo=32, unplaced)        0.000    33.483    hv[0][12]_i_1_n_0
                         FDRE                                         r  hv_reg[0][12]/D
  -------------------------------------------------------------------    -------------------

                         (clock clk rise edge)       10.000    10.000 r  <hidden>
                                                      0.000    10.000 r  clk
                         net (fo=43094, unset)        0.924    10.924    clk
                         FDRE                                         r  hv_reg[0][12]/C
                         clock pessimism              0.000    10.924    <hidden>
                         clock uncertainty           -0.035    10.889    <hidden>
                         FDRE (Setup_fdre_C_D)        0.044    10.933    hv_reg[0][12]
  -------------------------------------------------------------------
                         required time                         10.933    <hidden>
                         arrival time                         -33.483    <hidden>
  -------------------------------------------------------------------
                         slack                                -22.550    <hidden>

Slack (VIOLATED) :        -22.550ns  (required time - arrival time)
  Source:                 vv_reg[23][27][15]/C
                            (rising edge-triggered cell FDRE clocked by clk  {rise@0.000ns fall@5.000ns period=10.000ns})
  Destination:            hv_reg[0][13]/D
                            (rising edge-triggered cell FDRE clocked by clk  {rise@0.000ns fall@5.000ns period=10.000ns})
  Path Group:             clk
  Path Type:              Setup (Max at Slow Process Corner)
  Requirement:            10.000ns  (clk rise@10.000ns - clk rise@0.000ns)
  Data Path Delay:        32.510ns  (logic 21.650ns (66.595%)  route 10.860ns (33.405%))
  Logic Levels:           46  (CARRY4=28 DSP48E1=3 LUT1=2 LUT2=3 LUT5=5 LUT6=2 MUXF7=2 MUXF8=1)
  Clock Path Skew:        -0.049ns (DCD - SCD + CPR)
    Destination Clock Delay (DCD):    0.924ns = ( 10.924 - 10.000 ) 
    Source Clock Delay      (SCD):    0.973ns
    Clock Pessimism Removal (CPR):    0.000ns
  Clock Uncertainty:      0.035ns  ((TSJ^2 + TIJ^2)^1/2 + DJ) / 2 + PE
    Total System Jitter     (TSJ):    0.071ns
    Total Input Jitter      (TIJ):    0.000ns
    Discrete Jitter          (DJ):    0.000ns
    Phase Error              (PE):    0.000ns

    Location             Delay type                Incr(ns)  Path(ns)    Netlist Resource(s)
  -------------------------------------------------------------------    -------------------
                         (clock clk rise edge)        0.000     0.000 r  <hidden>
                                                      0.000     0.000 r  clk
                         net (fo=43094, unset)        0.973     0.973    clk
                         FDRE                                         r  vv_reg[23][27][15]/C
  -------------------------------------------------------------------    -------------------
                         FDRE (Prop_fdre_C_Q)         0.478     1.451 r  vv_reg[23][27][15]/Q
                         net (fo=1, unplaced)         0.965     2.416    vv_reg_n_0_[23][27][15]
                         LUT6 (Prop_lut6_I0_O)        0.295     2.711 r  val0_i_3396/O
                         net (fo=1, unplaced)         0.000     2.711    val0_i_3396_n_0
                         MUXF7 (Prop_muxf7_I1_O)      0.247     2.958 r  val0_i_1507/O
                         net (fo=1, unplaced)         0.735     3.693    val0_i_1507_n_0
                         LUT5 (Prop_lut5_I0_O)        0.298     3.991 r  val0_i_639/O
                         net (fo=1, unplaced)         0.419     4.410    val0_i_639_n_0
                         LUT5 (Prop_lut5_I0_O)        0.124     4.534 r  val0_i_380/O
                         net (fo=1, unplaced)         0.000     4.534    val0_i_380_n_0
                         MUXF7 (Prop_muxf7_I1_O)      0.247     4.781 r  val0_i_149/O
                         net (fo=1, unplaced)         0.000     4.781    val0_i_149_n_0
                         MUXF8 (Prop_muxf8_I0_O)      0.098     4.879 r  val0_i_34/O
                         net (fo=1, unplaced)         0.717     5.596    val0_i_34_n_0
                         LUT6 (Prop_lut6_I0_O)        0.319     5.915 r  val0_i_1/O
                         net (fo=18, unplaced)        0.803     6.718    val0_i_1_n_0
                         DSP48E1 (Prop_dsp48e1_B[17]_P[1])
                                                      3.656    10.374 r  val0/P[1]
                         net (fo=1, unplaced)         0.803    11.177    val0_n_104
                         LUT2 (Prop_lut2_I1_O)        0.124    11.301 r  p_1_out__1_i_19/O
                         net (fo=1, unplaced)         0.000    11.301    p_1_out__1_i_19_n_0
                         CARRY4 (Prop_carry4_S[1]_CO[3])
                                                      0.533    11.834 r  p_1_out__1_i_4/CO[3]
                         net (fo=1, unplaced)         0.000    11.834    p_1_out__1_i_4_n_0
                         CARRY4 (Prop_carry4_CI_CO[3])
                                                      0.117    11.951 r  p_1_out__1_i_3/CO[3]
                         net (fo=1, unplaced)         0.000    11.951    p_1_out__1_i_3_n_0
                         CARRY4 (Prop_carry4_CI_CO[3])
                                                      0.117    12.068 r  p_1_out__1_i_2/CO[3]
                         net (fo=1, unplaced)         0.000    12.068    p_1_out__1_i_2_n_0
                         CARRY4 (Prop_carry4_CI_CO[3])
                                                      0.117    12.185 r  p_1_out__1_i_1/CO[3]
                         net (fo=1, unplaced)         0.000    12.185    p_1_out__1_i_1_n_0
                         CARRY4 (Prop_carry4_CI_O[0])
                                                      0.232    12.417 r  p_1_out__0_i_8/O[0]
                         net (fo=3, unplaced)         0.803    13.220    p_1_out__0_i_8_n_7
                         DSP48E1 (Prop_dsp48e1_A[16]_P[29])
                                                      4.016    17.236 r  p_1_out__1/P[29]
                         net (fo=2, unplaced)         0.803    18.038    p_1_out__1_n_76
                         LUT2 (Prop_lut2_I0_O)        0.124    18.162 r  p_1_out__2_i_23/O
                         net (fo=1, unplaced)         0.000    18.162    p_1_out__2_i_23_n_0
                         CARRY4 (Prop_carry4_S[1]_CO[3])
                                                      0.533    18.695 r  p_1_out__2_i_6/CO[3]
                         net (fo=1, unplaced)         0.000    18.695    p_1_out__2_i_6_n_0
                         CARRY4 (Prop_carry4_CI_CO[3])
                                                      0.117    18.812 r  p_1_out__2_i_5/CO[3]
                         net (fo=1, unplaced)         0.000    18.812    p_1_out__2_i_5_n_0
                         CARRY4 (Prop_carry4_CI_CO[3])
                                                      0.117    18.929 r  p_1_out__2_i_4/CO[3]
                         net (fo=1, unplaced)         0.000    18.929    p_1_out__2_i_4_n_0
                         CARRY4 (Prop_carry4_CI_CO[3])
                                                      0.117    19.046 r  p_1_out__2_i_3/CO[3]
                         net (fo=1, unplaced)         0.000    19.046    p_1_out__2_i_3_n_0
                         CARRY4 (Prop_carry4_CI_CO[3])
                                                      0.117    19.163 r  p_1_out__2_i_2/CO[3]
                         net (fo=1, unplaced)         0.000    19.163    p_1_out__2_i_2_n_0
                         CARRY4 (Prop_carry4_CI_O[0])
                                                      0.232    19.395 r  p_1_out__2_i_1/O[0]
                         net (fo=17, unplaced)        0.803    20.198    p_1_out__2_i_1_n_7
                         DSP48E1 (Prop_dsp48e1_C[47]_P[17])
                                                      1.995    22.193 r  p_1_out__2/P[17]
                         net (fo=2, unplaced)         0.803    22.996    p_1_out__2_n_88
                         LUT2 (Prop_lut2_I0_O)        0.124    23.120 r  hv[0][3]_i_67/O
                         net (fo=1, unplaced)         0.000    23.120    hv[0][3]_i_67_n_0
                         CARRY4 (Prop_carry4_S[1]_CO[3])
                                                      0.533    23.653 r  hv_reg[0][3]_i_43/CO[3]
                         net (fo=1, unplaced)         0.000    23.653    hv_reg[0][3]_i_43_n_0
                         CARRY4 (Prop_carry4_CI_O[1])
                                                      0.337    23.990 f  hv_reg[0][3]_i_24/O[1]
                         net (fo=3, unplaced)         0.330    24.320    p_3_out[38]
                         LUT1 (Prop_lut1_I0_O)        0.306    24.626 r  hv[0][3]_i_52/O
                         net (fo=1, unplaced)         0.000    24.626    hv[0][3]_i_52_n_0
                         CARRY4 (Prop_carry4_S[1]_CO[3])
                                                      0.533    25.159 r  hv_reg[0][3]_i_25/CO[3]
                         net (fo=1, unplaced)         0.000    25.159    hv_reg[0][3]_i_25_n_0
                         CARRY4 (Prop_carry4_CI_O[2])
                                                      0.256    25.415 r  hv_reg[0][3]_i_14/O[2]
                         net (fo=2, unplaced)         0.746    26.161    hv_reg[0][3]_i_14_n_5
                         LUT5 (Prop_lut5_I1_O)        0.327    26.488 r  hv[0][3]_i_9/O
                         net (fo=1, unplaced)         0.000    26.488    hv[0][3]_i_9_n_0
                         CARRY4 (Prop_carry4_DI[1]_CO[1])
                                                      0.507    26.995 r  hv_reg[0][3]_i_3/CO[1]
                         net (fo=2, unplaced)         0.536    27.531    hv_reg[0][3]_i_3_n_2
                         CARRY4 (Prop_carry4_DI[0]_CO[3])
                                                      0.758    28.289 r  hv_reg[0][3]_i_2/CO[3]
                         net (fo=1, unplaced)         0.000    28.289    hv_reg[0][3]_i_2_n_0
                         CARRY4 (Prop_carry4_CI_CO[3])
                                                      0.117    28.406 r  hv_reg[0][7]_i_2/CO[3]
                         net (fo=1, unplaced)         0.000    28.406    hv_reg[0][7]_i_2_n_0
                         CARRY4 (Prop_carry4_CI_CO[3])
                                                      0.117    28.523 r  hv_reg[0][11]_i_2/CO[3]
                         net (fo=1, unplaced)         0.000    28.523    hv_reg[0][11]_i_2_n_0
                         CARRY4 (Prop_carry4_CI_O[2])
                                                      0.256    28.779 f  hv_reg[0][15]_i_8/O[2]
                         net (fo=6, unplaced)         0.484    29.263    hv_reg[0][15]_i_8_n_5
                         LUT1 (Prop_lut1_I0_O)        0.301    29.564 r  hv[0][15]_i_17/O
                         net (fo=1, unplaced)         0.000    29.564    hv[0][15]_i_17_n_0
                         CARRY4 (Prop_carry4_S[1]_CO[3])
                                                      0.533    30.097 r  hv_reg[0][15]_i_6/CO[3]
                         net (fo=1, unplaced)         0.000    30.097    hv_reg[0][15]_i_6_n_0
                         CARRY4 (Prop_carry4_CI_O[1])
                                                      0.337    30.434 r  hv_reg[0][15]_i_70/O[1]
                         net (fo=4, unplaced)         0.635    31.069    hv_reg[0][15]_i_70_n_6
                         LUT5 (Prop_lut5_I0_O)        0.332    31.401 r  hv[0][15]_i_139/O
                         net (fo=1, unplaced)         0.000    31.401    hv[0][15]_i_139_n_0
                         CARRY4 (Prop_carry4_DI[0]_CO[3])
                                                      0.576    31.977 r  hv_reg[0][15]_i_119/CO[3]
                         net (fo=1, unplaced)         0.000    31.977    hv_reg[0][15]_i_119_n_0
                         CARRY4 (Prop_carry4_CI_CO[3])
                                                      0.117    32.094 r  hv_reg[0][15]_i_100/CO[3]
                         net (fo=1, unplaced)         0.000    32.094    hv_reg[0][15]_i_100_n_0
                         CARRY4 (Prop_carry4_CI_CO[3])
                                                      0.117    32.211 r  hv_reg[0][15]_i_65/CO[3]
                         net (fo=1, unplaced)         0.000    32.211    hv_reg[0][15]_i_65_n_0
                         CARRY4 (Prop_carry4_CI_CO[3])
                                                      0.117    32.328 r  hv_reg[0][15]_i_37/CO[3]
                         net (fo=1, unplaced)         0.000    32.328    hv_reg[0][15]_i_37_n_0
                         CARRY4 (Prop_carry4_CI_CO[3])
                                                      0.117    32.445 r  hv_reg[0][15]_i_11/CO[3]
                         net (fo=1, unplaced)         0.000    32.445    hv_reg[0][15]_i_11_n_0
                         CARRY4 (Prop_carry4_CI_CO[2])
                                                      0.252    32.697 f  hv_reg[0][15]_i_5/CO[2]
                         net (fo=16, unplaced)        0.476    33.173    hv_reg[0][15]_i_5_n_1
                         LUT5 (Prop_lut5_I0_O)        0.310    33.483 r  hv[0][13]_i_1/O
                         net (fo=32, unplaced)        0.000    33.483    hv[0][13]_i_1_n_0
                         FDRE                                         r  hv_reg[0][13]/D
  -------------------------------------------------------------------    -------------------

                         (clock clk rise edge)       10.000    10.000 r  <hidden>
                                                      0.000    10.000 r  clk
                         net (fo=43094, unset)        0.924    10.924    clk
                         FDRE                                         r  hv_reg[0][13]/C
                         clock pessimism              0.000    10.924    <hidden>
                         clock uncertainty           -0.035    10.889    <hidden>
                         FDRE (Setup_fdre_C_D)        0.044    10.933    hv_reg[0][13]
  -------------------------------------------------------------------
                         required time                         10.933    <hidden>
                         arrival time                         -33.483    <hidden>
  -------------------------------------------------------------------
                         slack                                -22.550    <hidden>

Slack (VIOLATED) :        -22.550ns  (required time - arrival time)
  Source:                 vv_reg[23][27][15]/C
                            (rising edge-triggered cell FDRE clocked by clk  {rise@0.000ns fall@5.000ns period=10.000ns})
  Destination:            hv_reg[0][14]/D
                            (rising edge-triggered cell FDRE clocked by clk  {rise@0.000ns fall@5.000ns period=10.000ns})
  Path Group:             clk
  Path Type:              Setup (Max at Slow Process Corner)
  Requirement:            10.000ns  (clk rise@10.000ns - clk rise@0.000ns)
  Data Path Delay:        32.510ns  (logic 21.650ns (66.595%)  route 10.860ns (33.405%))
  Logic Levels:           46  (CARRY4=28 DSP48E1=3 LUT1=2 LUT2=3 LUT5=5 LUT6=2 MUXF7=2 MUXF8=1)
  Clock Path Skew:        -0.049ns (DCD - SCD + CPR)
    Destination Clock Delay (DCD):    0.924ns = ( 10.924 - 10.000 ) 
    Source Clock Delay      (SCD):    0.973ns
    Clock Pessimism Removal (CPR):    0.000ns
  Clock Uncertainty:      0.035ns  ((TSJ^2 + TIJ^2)^1/2 + DJ) / 2 + PE
    Total System Jitter     (TSJ):    0.071ns
    Total Input Jitter      (TIJ):    0.000ns
    Discrete Jitter          (DJ):    0.000ns
    Phase Error              (PE):    0.000ns

    Location             Delay type                Incr(ns)  Path(ns)    Netlist Resource(s)
  -------------------------------------------------------------------    -------------------
                         (clock clk rise edge)        0.000     0.000 r  <hidden>
                                                      0.000     0.000 r  clk
                         net (fo=43094, unset)        0.973     0.973    clk
                         FDRE                                         r  vv_reg[23][27][15]/C
  -------------------------------------------------------------------    -------------------
                         FDRE (Prop_fdre_C_Q)         0.478     1.451 r  vv_reg[23][27][15]/Q
                         net (fo=1, unplaced)         0.965     2.416    vv_reg_n_0_[23][27][15]
                         LUT6 (Prop_lut6_I0_O)        0.295     2.711 r  val0_i_3396/O
                         net (fo=1, unplaced)         0.000     2.711    val0_i_3396_n_0
                         MUXF7 (Prop_muxf7_I1_O)      0.247     2.958 r  val0_i_1507/O
                         net (fo=1, unplaced)         0.735     3.693    val0_i_1507_n_0
                         LUT5 (Prop_lut5_I0_O)        0.298     3.991 r  val0_i_639/O
                         net (fo=1, unplaced)         0.419     4.410    val0_i_639_n_0
                         LUT5 (Prop_lut5_I0_O)        0.124     4.534 r  val0_i_380/O
                         net (fo=1, unplaced)         0.000     4.534    val0_i_380_n_0
                         MUXF7 (Prop_muxf7_I1_O)      0.247     4.781 r  val0_i_149/O
                         net (fo=1, unplaced)         0.000     4.781    val0_i_149_n_0
                         MUXF8 (Prop_muxf8_I0_O)      0.098     4.879 r  val0_i_34/O
                         net (fo=1, unplaced)         0.717     5.596    val0_i_34_n_0
                         LUT6 (Prop_lut6_I0_O)        0.319     5.915 r  val0_i_1/O
                         net (fo=18, unplaced)        0.803     6.718    val0_i_1_n_0
                         DSP48E1 (Prop_dsp48e1_B[17]_P[1])
                                                      3.656    10.374 r  val0/P[1]
                         net (fo=1, unplaced)         0.803    11.177    val0_n_104
                         LUT2 (Prop_lut2_I1_O)        0.124    11.301 r  p_1_out__1_i_19/O
                         net (fo=1, unplaced)         0.000    11.301    p_1_out__1_i_19_n_0
                         CARRY4 (Prop_carry4_S[1]_CO[3])
                                                      0.533    11.834 r  p_1_out__1_i_4/CO[3]
                         net (fo=1, unplaced)         0.000    11.834    p_1_out__1_i_4_n_0
                         CARRY4 (Prop_carry4_CI_CO[3])
                                                      0.117    11.951 r  p_1_out__1_i_3/CO[3]
                         net (fo=1, unplaced)         0.000    11.951    p_1_out__1_i_3_n_0
                         CARRY4 (Prop_carry4_CI_CO[3])
                                                      0.117    12.068 r  p_1_out__1_i_2/CO[3]
                         net (fo=1, unplaced)         0.000    12.068    p_1_out__1_i_2_n_0
                         CARRY4 (Prop_carry4_CI_CO[3])
                                                      0.117    12.185 r  p_1_out__1_i_1/CO[3]
                         net (fo=1, unplaced)         0.000    12.185    p_1_out__1_i_1_n_0
                         CARRY4 (Prop_carry4_CI_O[0])
                                                      0.232    12.417 r  p_1_out__0_i_8/O[0]
                         net (fo=3, unplaced)         0.803    13.220    p_1_out__0_i_8_n_7
                         DSP48E1 (Prop_dsp48e1_A[16]_P[29])
                                                      4.016    17.236 r  p_1_out__1/P[29]
                         net (fo=2, unplaced)         0.803    18.038    p_1_out__1_n_76
                         LUT2 (Prop_lut2_I0_O)        0.124    18.162 r  p_1_out__2_i_23/O
                         net (fo=1, unplaced)         0.000    18.162    p_1_out__2_i_23_n_0
                         CARRY4 (Prop_carry4_S[1]_CO[3])
                                                      0.533    18.695 r  p_1_out__2_i_6/CO[3]
                         net (fo=1, unplaced)         0.000    18.695    p_1_out__2_i_6_n_0
                         CARRY4 (Prop_carry4_CI_CO[3])
                                                      0.117    18.812 r  p_1_out__2_i_5/CO[3]
                         net (fo=1, unplaced)         0.000    18.812    p_1_out__2_i_5_n_0
                         CARRY4 (Prop_carry4_CI_CO[3])
                                                      0.117    18.929 r  p_1_out__2_i_4/CO[3]
                         net (fo=1, unplaced)         0.000    18.929    p_1_out__2_i_4_n_0
                         CARRY4 (Prop_carry4_CI_CO[3])
                                                      0.117    19.046 r  p_1_out__2_i_3/CO[3]
                         net (fo=1, unplaced)         0.000    19.046    p_1_out__2_i_3_n_0
                         CARRY4 (Prop_carry4_CI_CO[3])
                                                      0.117    19.163 r  p_1_out__2_i_2/CO[3]
                         net (fo=1, unplaced)         0.000    19.163    p_1_out__2_i_2_n_0
                         CARRY4 (Prop_carry4_CI_O[0])
                                                      0.232    19.395 r  p_1_out__2_i_1/O[0]
                         net (fo=17, unplaced)        0.803    20.198    p_1_out__2_i_1_n_7
                         DSP48E1 (Prop_dsp48e1_C[47]_P[17])
                                                      1.995    22.193 r  p_1_out__2/P[17]
                         net (fo=2, unplaced)         0.803    22.996    p_1_out__2_n_88
                         LUT2 (Prop_lut2_I0_O)        0.124    23.120 r  hv[0][3]_i_67/O
                         net (fo=1, unplaced)         0.000    23.120    hv[0][3]_i_67_n_0
                         CARRY4 (Prop_carry4_S[1]_CO[3])
                                                      0.533    23.653 r  hv_reg[0][3]_i_43/CO[3]
                         net (fo=1, unplaced)         0.000    23.653    hv_reg[0][3]_i_43_n_0
                         CARRY4 (Prop_carry4_CI_O[1])
                                                      0.337    23.990 f  hv_reg[0][3]_i_24/O[1]
                         net (fo=3, unplaced)         0.330    24.320    p_3_out[38]
                         LUT1 (Prop_lut1_I0_O)        0.306    24.626 r  hv[0][3]_i_52/O
                         net (fo=1, unplaced)         0.000    24.626    hv[0][3]_i_52_n_0
                         CARRY4 (Prop_carry4_S[1]_CO[3])
                                                      0.533    25.159 r  hv_reg[0][3]_i_25/CO[3]
                         net (fo=1, unplaced)         0.000    25.159    hv_reg[0][3]_i_25_n_0
                         CARRY4 (Prop_carry4_CI_O[2])
                                                      0.256    25.415 r  hv_reg[0][3]_i_14/O[2]
                         net (fo=2, unplaced)         0.746    26.161    hv_reg[0][3]_i_14_n_5
                         LUT5 (Prop_lut5_I1_O)        0.327    26.488 r  hv[0][3]_i_9/O
                         net (fo=1, unplaced)         0.000    26.488    hv[0][3]_i_9_n_0
                         CARRY4 (Prop_carry4_DI[1]_CO[1])
                                                      0.507    26.995 r  hv_reg[0][3]_i_3/CO[1]
                         net (fo=2, unplaced)         0.536    27.531    hv_reg[0][3]_i_3_n_2
                         CARRY4 (Prop_carry4_DI[0]_CO[3])
                                                      0.758    28.289 r  hv_reg[0][3]_i_2/CO[3]
                         net (fo=1, unplaced)         0.000    28.289    hv_reg[0][3]_i_2_n_0
                         CARRY4 (Prop_carry4_CI_CO[3])
                                                      0.117    28.406 r  hv_reg[0][7]_i_2/CO[3]
                         net (fo=1, unplaced)         0.000    28.406    hv_reg[0][7]_i_2_n_0
                         CARRY4 (Prop_carry4_CI_CO[3])
                                                      0.117    28.523 r  hv_reg[0][11]_i_2/CO[3]
                         net (fo=1, unplaced)         0.000    28.523    hv_reg[0][11]_i_2_n_0
                         CARRY4 (Prop_carry4_CI_O[2])
                                                      0.256    28.779 f  hv_reg[0][15]_i_8/O[2]
                         net (fo=6, unplaced)         0.484    29.263    hv_reg[0][15]_i_8_n_5
                         LUT1 (Prop_lut1_I0_O)        0.301    29.564 r  hv[0][15]_i_17/O
                         net (fo=1, unplaced)         0.000    29.564    hv[0][15]_i_17_n_0
                         CARRY4 (Prop_carry4_S[1]_CO[3])
                                                      0.533    30.097 r  hv_reg[0][15]_i_6/CO[3]
                         net (fo=1, unplaced)         0.000    30.097    hv_reg[0][15]_i_6_n_0
                         CARRY4 (Prop_carry4_CI_O[1])
                                                      0.337    30.434 r  hv_reg[0][15]_i_70/O[1]
                         net (fo=4, unplaced)         0.635    31.069    hv_reg[0][15]_i_70_n_6
                         LUT5 (Prop_lut5_I0_O)        0.332    31.401 r  hv[0][15]_i_139/O
                         net (fo=1, unplaced)         0.000    31.401    hv[0][15]_i_139_n_0
                         CARRY4 (Prop_carry4_DI[0]_CO[3])
                                                      0.576    31.977 r  hv_reg[0][15]_i_119/CO[3]
                         net (fo=1, unplaced)         0.000    31.977    hv_reg[0][15]_i_119_n_0
                         CARRY4 (Prop_carry4_CI_CO[3])
                                                      0.117    32.094 r  hv_reg[0][15]_i_100/CO[3]
                         net (fo=1, unplaced)         0.000    32.094    hv_reg[0][15]_i_100_n_0
                         CARRY4 (Prop_carry4_CI_CO[3])
                                                      0.117    32.211 r  hv_reg[0][15]_i_65/CO[3]
                         net (fo=1, unplaced)         0.000    32.211    hv_reg[0][15]_i_65_n_0
                         CARRY4 (Prop_carry4_CI_CO[3])
                                                      0.117    32.328 r  hv_reg[0][15]_i_37/CO[3]
                         net (fo=1, unplaced)         0.000    32.328    hv_reg[0][15]_i_37_n_0
                         CARRY4 (Prop_carry4_CI_CO[3])
                                                      0.117    32.445 r  hv_reg[0][15]_i_11/CO[3]
                         net (fo=1, unplaced)         0.000    32.445    hv_reg[0][15]_i_11_n_0
                         CARRY4 (Prop_carry4_CI_CO[2])
                                                      0.252    32.697 f  hv_reg[0][15]_i_5/CO[2]
                         net (fo=16, unplaced)        0.476    33.173    hv_reg[0][15]_i_5_n_1
                         LUT5 (Prop_lut5_I0_O)        0.310    33.483 r  hv[0][14]_i_1/O
                         net (fo=32, unplaced)        0.000    33.483    hv[0][14]_i_1_n_0
                         FDRE                                         r  hv_reg[0][14]/D
  -------------------------------------------------------------------    -------------------

                         (clock clk rise edge)       10.000    10.000 r  <hidden>
                                                      0.000    10.000 r  clk
                         net (fo=43094, unset)        0.924    10.924    clk
                         FDRE                                         r  hv_reg[0][14]/C
                         clock pessimism              0.000    10.924    <hidden>
                         clock uncertainty           -0.035    10.889    <hidden>
                         FDRE (Setup_fdre_C_D)        0.044    10.933    hv_reg[0][14]
  -------------------------------------------------------------------
                         required time                         10.933    <hidden>
                         arrival time                         -33.483    <hidden>
  -------------------------------------------------------------------
                         slack                                -22.550    <hidden>

Slack (VIOLATED) :        -22.550ns  (required time - arrival time)
  Source:                 vv_reg[23][27][15]/C
                            (rising edge-triggered cell FDRE clocked by clk  {rise@0.000ns fall@5.000ns period=10.000ns})
  Destination:            hv_reg[0][15]/D
                            (rising edge-triggered cell FDRE clocked by clk  {rise@0.000ns fall@5.000ns period=10.000ns})
  Path Group:             clk
  Path Type:              Setup (Max at Slow Process Corner)
  Requirement:            10.000ns  (clk rise@10.000ns - clk rise@0.000ns)
  Data Path Delay:        32.510ns  (logic 21.650ns (66.595%)  route 10.860ns (33.405%))
  Logic Levels:           46  (CARRY4=28 DSP48E1=3 LUT1=2 LUT2=3 LUT5=5 LUT6=2 MUXF7=2 MUXF8=1)
  Clock Path Skew:        -0.049ns (DCD - SCD + CPR)
    Destination Clock Delay (DCD):    0.924ns = ( 10.924 - 10.000 ) 
    Source Clock Delay      (SCD):    0.973ns
    Clock Pessimism Removal (CPR):    0.000ns
  Clock Uncertainty:      0.035ns  ((TSJ^2 + TIJ^2)^1/2 + DJ) / 2 + PE
    Total System Jitter     (TSJ):    0.071ns
    Total Input Jitter      (TIJ):    0.000ns
    Discrete Jitter          (DJ):    0.000ns
    Phase Error              (PE):    0.000ns

    Location             Delay type                Incr(ns)  Path(ns)    Netlist Resource(s)
  -------------------------------------------------------------------    -------------------
                         (clock clk rise edge)        0.000     0.000 r  <hidden>
                                                      0.000     0.000 r  clk
                         net (fo=43094, unset)        0.973     0.973    clk
                         FDRE                                         r  vv_reg[23][27][15]/C
  -------------------------------------------------------------------    -------------------
                         FDRE (Prop_fdre_C_Q)         0.478     1.451 r  vv_reg[23][27][15]/Q
                         net (fo=1, unplaced)         0.965     2.416    vv_reg_n_0_[23][27][15]
                         LUT6 (Prop_lut6_I0_O)        0.295     2.711 r  val0_i_3396/O
                         net (fo=1, unplaced)         0.000     2.711    val0_i_3396_n_0
                         MUXF7 (Prop_muxf7_I1_O)      0.247     2.958 r  val0_i_1507/O
                         net (fo=1, unplaced)         0.735     3.693    val0_i_1507_n_0
                         LUT5 (Prop_lut5_I0_O)        0.298     3.991 r  val0_i_639/O
                         net (fo=1, unplaced)         0.419     4.410    val0_i_639_n_0
                         LUT5 (Prop_lut5_I0_O)        0.124     4.534 r  val0_i_380/O
                         net (fo=1, unplaced)         0.000     4.534    val0_i_380_n_0
                         MUXF7 (Prop_muxf7_I1_O)      0.247     4.781 r  val0_i_149/O
                         net (fo=1, unplaced)         0.000     4.781    val0_i_149_n_0
                         MUXF8 (Prop_muxf8_I0_O)      0.098     4.879 r  val0_i_34/O
                         net (fo=1, unplaced)         0.717     5.596    val0_i_34_n_0
                         LUT6 (Prop_lut6_I0_O)        0.319     5.915 r  val0_i_1/O
                         net (fo=18, unplaced)        0.803     6.718    val0_i_1_n_0
                         DSP48E1 (Prop_dsp48e1_B[17]_P[1])
                                                      3.656    10.374 r  val0/P[1]
                         net (fo=1, unplaced)         0.803    11.177    val0_n_104
                         LUT2 (Prop_lut2_I1_O)        0.124    11.301 r  p_1_out__1_i_19/O
                         net (fo=1, unplaced)         0.000    11.301    p_1_out__1_i_19_n_0
                         CARRY4 (Prop_carry4_S[1]_CO[3])
                                                      0.533    11.834 r  p_1_out__1_i_4/CO[3]
                         net (fo=1, unplaced)         0.000    11.834    p_1_out__1_i_4_n_0
                         CARRY4 (Prop_carry4_CI_CO[3])
                                                      0.117    11.951 r  p_1_out__1_i_3/CO[3]
                         net (fo=1, unplaced)         0.000    11.951    p_1_out__1_i_3_n_0
                         CARRY4 (Prop_carry4_CI_CO[3])
                                                      0.117    12.068 r  p_1_out__1_i_2/CO[3]
                         net (fo=1, unplaced)         0.000    12.068    p_1_out__1_i_2_n_0
                         CARRY4 (Prop_carry4_CI_CO[3])
                                                      0.117    12.185 r  p_1_out__1_i_1/CO[3]
                         net (fo=1, unplaced)         0.000    12.185    p_1_out__1_i_1_n_0
                         CARRY4 (Prop_carry4_CI_O[0])
                                                      0.232    12.417 r  p_1_out__0_i_8/O[0]
                         net (fo=3, unplaced)         0.803    13.220    p_1_out__0_i_8_n_7
                         DSP48E1 (Prop_dsp48e1_A[16]_P[29])
                                                      4.016    17.236 r  p_1_out__1/P[29]
                         net (fo=2, unplaced)         0.803    18.038    p_1_out__1_n_76
                         LUT2 (Prop_lut2_I0_O)        0.124    18.162 r  p_1_out__2_i_23/O
                         net (fo=1, unplaced)         0.000    18.162    p_1_out__2_i_23_n_0
                         CARRY4 (Prop_carry4_S[1]_CO[3])
                                                      0.533    18.695 r  p_1_out__2_i_6/CO[3]
                         net (fo=1, unplaced)         0.000    18.695    p_1_out__2_i_6_n_0
                         CARRY4 (Prop_carry4_CI_CO[3])
                                                      0.117    18.812 r  p_1_out__2_i_5/CO[3]
                         net (fo=1, unplaced)         0.000    18.812    p_1_out__2_i_5_n_0
                         CARRY4 (Prop_carry4_CI_CO[3])
                                                      0.117    18.929 r  p_1_out__2_i_4/CO[3]
                         net (fo=1, unplaced)         0.000    18.929    p_1_out__2_i_4_n_0
                         CARRY4 (Prop_carry4_CI_CO[3])
                                                      0.117    19.046 r  p_1_out__2_i_3/CO[3]
                         net (fo=1, unplaced)         0.000    19.046    p_1_out__2_i_3_n_0
                         CARRY4 (Prop_carry4_CI_CO[3])
                                                      0.117    19.163 r  p_1_out__2_i_2/CO[3]
                         net (fo=1, unplaced)         0.000    19.163    p_1_out__2_i_2_n_0
                         CARRY4 (Prop_carry4_CI_O[0])
                                                      0.232    19.395 r  p_1_out__2_i_1/O[0]
                         net (fo=17, unplaced)        0.803    20.198    p_1_out__2_i_1_n_7
                         DSP48E1 (Prop_dsp48e1_C[47]_P[17])
                                                      1.995    22.193 r  p_1_out__2/P[17]
                         net (fo=2, unplaced)         0.803    22.996    p_1_out__2_n_88
                         LUT2 (Prop_lut2_I0_O)        0.124    23.120 r  hv[0][3]_i_67/O
                         net (fo=1, unplaced)         0.000    23.120    hv[0][3]_i_67_n_0
                         CARRY4 (Prop_carry4_S[1]_CO[3])
                                                      0.533    23.653 r  hv_reg[0][3]_i_43/CO[3]
                         net (fo=1, unplaced)         0.000    23.653    hv_reg[0][3]_i_43_n_0
                         CARRY4 (Prop_carry4_CI_O[1])
                                                      0.337    23.990 f  hv_reg[0][3]_i_24/O[1]
                         net (fo=3, unplaced)         0.330    24.320    p_3_out[38]
                         LUT1 (Prop_lut1_I0_O)        0.306    24.626 r  hv[0][3]_i_52/O
                         net (fo=1, unplaced)         0.000    24.626    hv[0][3]_i_52_n_0
                         CARRY4 (Prop_carry4_S[1]_CO[3])
                                                      0.533    25.159 r  hv_reg[0][3]_i_25/CO[3]
                         net (fo=1, unplaced)         0.000    25.159    hv_reg[0][3]_i_25_n_0
                         CARRY4 (Prop_carry4_CI_O[2])
                                                      0.256    25.415 r  hv_reg[0][3]_i_14/O[2]
                         net (fo=2, unplaced)         0.746    26.161    hv_reg[0][3]_i_14_n_5
                         LUT5 (Prop_lut5_I1_O)        0.327    26.488 r  hv[0][3]_i_9/O
                         net (fo=1, unplaced)         0.000    26.488    hv[0][3]_i_9_n_0
                         CARRY4 (Prop_carry4_DI[1]_CO[1])
                                                      0.507    26.995 r  hv_reg[0][3]_i_3/CO[1]
                         net (fo=2, unplaced)         0.536    27.531    hv_reg[0][3]_i_3_n_2
                         CARRY4 (Prop_carry4_DI[0]_CO[3])
                                                      0.758    28.289 r  hv_reg[0][3]_i_2/CO[3]
                         net (fo=1, unplaced)         0.000    28.289    hv_reg[0][3]_i_2_n_0
                         CARRY4 (Prop_carry4_CI_CO[3])
                                                      0.117    28.406 r  hv_reg[0][7]_i_2/CO[3]
                         net (fo=1, unplaced)         0.000    28.406    hv_reg[0][7]_i_2_n_0
                         CARRY4 (Prop_carry4_CI_CO[3])
                                                      0.117    28.523 r  hv_reg[0][11]_i_2/CO[3]
                         net (fo=1, unplaced)         0.000    28.523    hv_reg[0][11]_i_2_n_0
                         CARRY4 (Prop_carry4_CI_O[2])
                                                      0.256    28.779 f  hv_reg[0][15]_i_8/O[2]
                         net (fo=6, unplaced)         0.484    29.263    hv_reg[0][15]_i_8_n_5
                         LUT1 (Prop_lut1_I0_O)        0.301    29.564 r  hv[0][15]_i_17/O
                         net (fo=1, unplaced)         0.000    29.564    hv[0][15]_i_17_n_0
                         CARRY4 (Prop_carry4_S[1]_CO[3])
                                                      0.533    30.097 r  hv_reg[0][15]_i_6/CO[3]
                         net (fo=1, unplaced)         0.000    30.097    hv_reg[0][15]_i_6_n_0
                         CARRY4 (Prop_carry4_CI_O[1])
                                                      0.337    30.434 r  hv_reg[0][15]_i_70/O[1]
                         net (fo=4, unplaced)         0.635    31.069    hv_reg[0][15]_i_70_n_6
                         LUT5 (Prop_lut5_I0_O)        0.332    31.401 r  hv[0][15]_i_139/O
                         net (fo=1, unplaced)         0.000    31.401    hv[0][15]_i_139_n_0
                         CARRY4 (Prop_carry4_DI[0]_CO[3])
                                                      0.576    31.977 r  hv_reg[0][15]_i_119/CO[3]
                         net (fo=1, unplaced)         0.000    31.977    hv_reg[0][15]_i_119_n_0
                         CARRY4 (Prop_carry4_CI_CO[3])
                                                      0.117    32.094 r  hv_reg[0][15]_i_100/CO[3]
                         net (fo=1, unplaced)         0.000    32.094    hv_reg[0][15]_i_100_n_0
                         CARRY4 (Prop_carry4_CI_CO[3])
                                                      0.117    32.211 r  hv_reg[0][15]_i_65/CO[3]
                         net (fo=1, unplaced)         0.000    32.211    hv_reg[0][15]_i_65_n_0
                         CARRY4 (Prop_carry4_CI_CO[3])
                                                      0.117    32.328 r  hv_reg[0][15]_i_37/CO[3]
                         net (fo=1, unplaced)         0.000    32.328    hv_reg[0][15]_i_37_n_0
                         CARRY4 (Prop_carry4_CI_CO[3])
                                                      0.117    32.445 r  hv_reg[0][15]_i_11/CO[3]
                         net (fo=1, unplaced)         0.000    32.445    hv_reg[0][15]_i_11_n_0
                         CARRY4 (Prop_carry4_CI_CO[2])
                                                      0.252    32.697 f  hv_reg[0][15]_i_5/CO[2]
                         net (fo=16, unplaced)        0.476    33.173    hv_reg[0][15]_i_5_n_1
                         LUT5 (Prop_lut5_I0_O)        0.310    33.483 r  hv[0][15]_i_2/O
                         net (fo=32, unplaced)        0.000    33.483    hv[0][15]_i_2_n_0
                         FDRE                                         r  hv_reg[0][15]/D
  -------------------------------------------------------------------    -------------------

                         (clock clk rise edge)       10.000    10.000 r  <hidden>
                                                      0.000    10.000 r  clk
                         net (fo=43094, unset)        0.924    10.924    clk
                         FDRE                                         r  hv_reg[0][15]/C
                         clock pessimism              0.000    10.924    <hidden>
                         clock uncertainty           -0.035    10.889    <hidden>
                         FDRE (Setup_fdre_C_D)        0.044    10.933    hv_reg[0][15]
  -------------------------------------------------------------------
                         required time                         10.933    <hidden>
                         arrival time                         -33.483    <hidden>
  -------------------------------------------------------------------
                         slack                                -22.550    <hidden>

Slack (VIOLATED) :        -22.550ns  (required time - arrival time)
  Source:                 vv_reg[23][27][15]/C
                            (rising edge-triggered cell FDRE clocked by clk  {rise@0.000ns fall@5.000ns period=10.000ns})
  Destination:            hv_reg[0][1]/D
                            (rising edge-triggered cell FDRE clocked by clk  {rise@0.000ns fall@5.000ns period=10.000ns})
  Path Group:             clk
  Path Type:              Setup (Max at Slow Process Corner)
  Requirement:            10.000ns  (clk rise@10.000ns - clk rise@0.000ns)
  Data Path Delay:        32.510ns  (logic 21.650ns (66.595%)  route 10.860ns (33.405%))
  Logic Levels:           46  (CARRY4=28 DSP48E1=3 LUT1=2 LUT2=3 LUT5=5 LUT6=2 MUXF7=2 MUXF8=1)
  Clock Path Skew:        -0.049ns (DCD - SCD + CPR)
    Destination Clock Delay (DCD):    0.924ns = ( 10.924 - 10.000 ) 
    Source Clock Delay      (SCD):    0.973ns
    Clock Pessimism Removal (CPR):    0.000ns
  Clock Uncertainty:      0.035ns  ((TSJ^2 + TIJ^2)^1/2 + DJ) / 2 + PE
    Total System Jitter     (TSJ):    0.071ns
    Total Input Jitter      (TIJ):    0.000ns
    Discrete Jitter          (DJ):    0.000ns
    Phase Error              (PE):    0.000ns

    Location             Delay type                Incr(ns)  Path(ns)    Netlist Resource(s)
  -------------------------------------------------------------------    -------------------
                         (clock clk rise edge)        0.000     0.000 r  <hidden>
                                                      0.000     0.000 r  clk
                         net (fo=43094, unset)        0.973     0.973    clk
                         FDRE                                         r  vv_reg[23][27][15]/C
  -------------------------------------------------------------------    -------------------
                         FDRE (Prop_fdre_C_Q)         0.478     1.451 r  vv_reg[23][27][15]/Q
                         net (fo=1, unplaced)         0.965     2.416    vv_reg_n_0_[23][27][15]
                         LUT6 (Prop_lut6_I0_O)        0.295     2.711 r  val0_i_3396/O
                         net (fo=1, unplaced)         0.000     2.711    val0_i_3396_n_0
                         MUXF7 (Prop_muxf7_I1_O)      0.247     2.958 r  val0_i_1507/O
                         net (fo=1, unplaced)         0.735     3.693    val0_i_1507_n_0
                         LUT5 (Prop_lut5_I0_O)        0.298     3.991 r  val0_i_639/O
                         net (fo=1, unplaced)         0.419     4.410    val0_i_639_n_0
                         LUT5 (Prop_lut5_I0_O)        0.124     4.534 r  val0_i_380/O
                         net (fo=1, unplaced)         0.000     4.534    val0_i_380_n_0
                         MUXF7 (Prop_muxf7_I1_O)      0.247     4.781 r  val0_i_149/O
                         net (fo=1, unplaced)         0.000     4.781    val0_i_149_n_0
                         MUXF8 (Prop_muxf8_I0_O)      0.098     4.879 r  val0_i_34/O
                         net (fo=1, unplaced)         0.717     5.596    val0_i_34_n_0
                         LUT6 (Prop_lut6_I0_O)        0.319     5.915 r  val0_i_1/O
                         net (fo=18, unplaced)        0.803     6.718    val0_i_1_n_0
                         DSP48E1 (Prop_dsp48e1_B[17]_P[1])
                                                      3.656    10.374 r  val0/P[1]
                         net (fo=1, unplaced)         0.803    11.177    val0_n_104
                         LUT2 (Prop_lut2_I1_O)        0.124    11.301 r  p_1_out__1_i_19/O
                         net (fo=1, unplaced)         0.000    11.301    p_1_out__1_i_19_n_0
                         CARRY4 (Prop_carry4_S[1]_CO[3])
                                                      0.533    11.834 r  p_1_out__1_i_4/CO[3]
                         net (fo=1, unplaced)         0.000    11.834    p_1_out__1_i_4_n_0
                         CARRY4 (Prop_carry4_CI_CO[3])
                                                      0.117    11.951 r  p_1_out__1_i_3/CO[3]
                         net (fo=1, unplaced)         0.000    11.951    p_1_out__1_i_3_n_0
                         CARRY4 (Prop_carry4_CI_CO[3])
                                                      0.117    12.068 r  p_1_out__1_i_2/CO[3]
                         net (fo=1, unplaced)         0.000    12.068    p_1_out__1_i_2_n_0
                         CARRY4 (Prop_carry4_CI_CO[3])
                                                      0.117    12.185 r  p_1_out__1_i_1/CO[3]
                         net (fo=1, unplaced)         0.000    12.185    p_1_out__1_i_1_n_0
                         CARRY4 (Prop_carry4_CI_O[0])
                                                      0.232    12.417 r  p_1_out__0_i_8/O[0]
                         net (fo=3, unplaced)         0.803    13.220    p_1_out__0_i_8_n_7
                         DSP48E1 (Prop_dsp48e1_A[16]_P[29])
                                                      4.016    17.236 r  p_1_out__1/P[29]
                         net (fo=2, unplaced)         0.803    18.038    p_1_out__1_n_76
                         LUT2 (Prop_lut2_I0_O)        0.124    18.162 r  p_1_out__2_i_23/O
                         net (fo=1, unplaced)         0.000    18.162    p_1_out__2_i_23_n_0
                         CARRY4 (Prop_carry4_S[1]_CO[3])
                                                      0.533    18.695 r  p_1_out__2_i_6/CO[3]
                         net (fo=1, unplaced)         0.000    18.695    p_1_out__2_i_6_n_0
                         CARRY4 (Prop_carry4_CI_CO[3])
                                                      0.117    18.812 r  p_1_out__2_i_5/CO[3]
                         net (fo=1, unplaced)         0.000    18.812    p_1_out__2_i_5_n_0
                         CARRY4 (Prop_carry4_CI_CO[3])
                                                      0.117    18.929 r  p_1_out__2_i_4/CO[3]
                         net (fo=1, unplaced)         0.000    18.929    p_1_out__2_i_4_n_0
                         CARRY4 (Prop_carry4_CI_CO[3])
                                                      0.117    19.046 r  p_1_out__2_i_3/CO[3]
                         net (fo=1, unplaced)         0.000    19.046    p_1_out__2_i_3_n_0
                         CARRY4 (Prop_carry4_CI_CO[3])
                                                      0.117    19.163 r  p_1_out__2_i_2/CO[3]
                         net (fo=1, unplaced)         0.000    19.163    p_1_out__2_i_2_n_0
                         CARRY4 (Prop_carry4_CI_O[0])
                                                      0.232    19.395 r  p_1_out__2_i_1/O[0]
                         net (fo=17, unplaced)        0.803    20.198    p_1_out__2_i_1_n_7
                         DSP48E1 (Prop_dsp48e1_C[47]_P[17])
                                                      1.995    22.193 r  p_1_out__2/P[17]
                         net (fo=2, unplaced)         0.803    22.996    p_1_out__2_n_88
                         LUT2 (Prop_lut2_I0_O)        0.124    23.120 r  hv[0][3]_i_67/O
                         net (fo=1, unplaced)         0.000    23.120    hv[0][3]_i_67_n_0
                         CARRY4 (Prop_carry4_S[1]_CO[3])
                                                      0.533    23.653 r  hv_reg[0][3]_i_43/CO[3]
                         net (fo=1, unplaced)         0.000    23.653    hv_reg[0][3]_i_43_n_0
                         CARRY4 (Prop_carry4_CI_O[1])
                                                      0.337    23.990 f  hv_reg[0][3]_i_24/O[1]
                         net (fo=3, unplaced)         0.330    24.320    p_3_out[38]
                         LUT1 (Prop_lut1_I0_O)        0.306    24.626 r  hv[0][3]_i_52/O
                         net (fo=1, unplaced)         0.000    24.626    hv[0][3]_i_52_n_0
                         CARRY4 (Prop_carry4_S[1]_CO[3])
                                                      0.533    25.159 r  hv_reg[0][3]_i_25/CO[3]
                         net (fo=1, unplaced)         0.000    25.159    hv_reg[0][3]_i_25_n_0
                         CARRY4 (Prop_carry4_CI_O[2])
                                                      0.256    25.415 r  hv_reg[0][3]_i_14/O[2]
                         net (fo=2, unplaced)         0.746    26.161    hv_reg[0][3]_i_14_n_5
                         LUT5 (Prop_lut5_I1_O)        0.327    26.488 r  hv[0][3]_i_9/O
                         net (fo=1, unplaced)         0.000    26.488    hv[0][3]_i_9_n_0
                         CARRY4 (Prop_carry4_DI[1]_CO[1])
                                                      0.507    26.995 r  hv_reg[0][3]_i_3/CO[1]
                         net (fo=2, unplaced)         0.536    27.531    hv_reg[0][3]_i_3_n_2
                         CARRY4 (Prop_carry4_DI[0]_CO[3])
                                                      0.758    28.289 r  hv_reg[0][3]_i_2/CO[3]
                         net (fo=1, unplaced)         0.000    28.289    hv_reg[0][3]_i_2_n_0
                         CARRY4 (Prop_carry4_CI_CO[3])
                                                      0.117    28.406 r  hv_reg[0][7]_i_2/CO[3]
                         net (fo=1, unplaced)         0.000    28.406    hv_reg[0][7]_i_2_n_0
                         CARRY4 (Prop_carry4_CI_CO[3])
                                                      0.117    28.523 r  hv_reg[0][11]_i_2/CO[3]
                         net (fo=1, unplaced)         0.000    28.523    hv_reg[0][11]_i_2_n_0
                         CARRY4 (Prop_carry4_CI_O[2])
                                                      0.256    28.779 f  hv_reg[0][15]_i_8/O[2]
                         net (fo=6, unplaced)         0.484    29.263    hv_reg[0][15]_i_8_n_5
                         LUT1 (Prop_lut1_I0_O)        0.301    29.564 r  hv[0][15]_i_17/O
                         net (fo=1, unplaced)         0.000    29.564    hv[0][15]_i_17_n_0
                         CARRY4 (Prop_carry4_S[1]_CO[3])
                                                      0.533    30.097 r  hv_reg[0][15]_i_6/CO[3]
                         net (fo=1, unplaced)         0.000    30.097    hv_reg[0][15]_i_6_n_0
                         CARRY4 (Prop_carry4_CI_O[1])
                                                      0.337    30.434 r  hv_reg[0][15]_i_70/O[1]
                         net (fo=4, unplaced)         0.635    31.069    hv_reg[0][15]_i_70_n_6
                         LUT5 (Prop_lut5_I0_O)        0.332    31.401 r  hv[0][15]_i_139/O
                         net (fo=1, unplaced)         0.000    31.401    hv[0][15]_i_139_n_0
                         CARRY4 (Prop_carry4_DI[0]_CO[3])
                                                      0.576    31.977 r  hv_reg[0][15]_i_119/CO[3]
                         net (fo=1, unplaced)         0.000    31.977    hv_reg[0][15]_i_119_n_0
                         CARRY4 (Prop_carry4_CI_CO[3])
                                                      0.117    32.094 r  hv_reg[0][15]_i_100/CO[3]
                         net (fo=1, unplaced)         0.000    32.094    hv_reg[0][15]_i_100_n_0
                         CARRY4 (Prop_carry4_CI_CO[3])
                                                      0.117    32.211 r  hv_reg[0][15]_i_65/CO[3]
                         net (fo=1, unplaced)         0.000    32.211    hv_reg[0][15]_i_65_n_0
                         CARRY4 (Prop_carry4_CI_CO[3])
                                                      0.117    32.328 r  hv_reg[0][15]_i_37/CO[3]
                         net (fo=1, unplaced)         0.000    32.328    hv_reg[0][15]_i_37_n_0
                         CARRY4 (Prop_carry4_CI_CO[3])
                                                      0.117    32.445 r  hv_reg[0][15]_i_11/CO[3]
                         net (fo=1, unplaced)         0.000    32.445    hv_reg[0][15]_i_11_n_0
                         CARRY4 (Prop_carry4_CI_CO[2])
                                                      0.252    32.697 r  hv_reg[0][15]_i_5/CO[2]
                         net (fo=16, unplaced)        0.476    33.173    hv_reg[0][15]_i_5_n_1
                         LUT5 (Prop_lut5_I0_O)        0.310    33.483 r  hv[0][1]_i_1/O
                         net (fo=32, unplaced)        0.000    33.483    hv[0][1]_i_1_n_0
                         FDRE                                         r  hv_reg[0][1]/D
  -------------------------------------------------------------------    -------------------

                         (clock clk rise edge)       10.000    10.000 r  <hidden>
                                                      0.000    10.000 r  clk
                         net (fo=43094, unset)        0.924    10.924    clk
                         FDRE                                         r  hv_reg[0][1]/C
                         clock pessimism              0.000    10.924    <hidden>
                         clock uncertainty           -0.035    10.889    <hidden>
                         FDRE (Setup_fdre_C_D)        0.044    10.933    hv_reg[0][1]
  -------------------------------------------------------------------
                         required time                         10.933    <hidden>
                         arrival time                         -33.483    <hidden>
  -------------------------------------------------------------------
                         slack                                -22.550    <hidden>

Slack (VIOLATED) :        -22.550ns  (required time - arrival time)
  Source:                 vv_reg[23][27][15]/C
                            (rising edge-triggered cell FDRE clocked by clk  {rise@0.000ns fall@5.000ns period=10.000ns})
  Destination:            hv_reg[0][2]/D
                            (rising edge-triggered cell FDRE clocked by clk  {rise@0.000ns fall@5.000ns period=10.000ns})
  Path Group:             clk
  Path Type:              Setup (Max at Slow Process Corner)
  Requirement:            10.000ns  (clk rise@10.000ns - clk rise@0.000ns)
  Data Path Delay:        32.510ns  (logic 21.650ns (66.595%)  route 10.860ns (33.405%))
  Logic Levels:           46  (CARRY4=28 DSP48E1=3 LUT1=2 LUT2=3 LUT5=5 LUT6=2 MUXF7=2 MUXF8=1)
  Clock Path Skew:        -0.049ns (DCD - SCD + CPR)
    Destination Clock Delay (DCD):    0.924ns = ( 10.924 - 10.000 ) 
    Source Clock Delay      (SCD):    0.973ns
    Clock Pessimism Removal (CPR):    0.000ns
  Clock Uncertainty:      0.035ns  ((TSJ^2 + TIJ^2)^1/2 + DJ) / 2 + PE
    Total System Jitter     (TSJ):    0.071ns
    Total Input Jitter      (TIJ):    0.000ns
    Discrete Jitter          (DJ):    0.000ns
    Phase Error              (PE):    0.000ns

    Location             Delay type                Incr(ns)  Path(ns)    Netlist Resource(s)
  -------------------------------------------------------------------    -------------------
                         (clock clk rise edge)        0.000     0.000 r  <hidden>
                                                      0.000     0.000 r  clk
                         net (fo=43094, unset)        0.973     0.973    clk
                         FDRE                                         r  vv_reg[23][27][15]/C
  -------------------------------------------------------------------    -------------------
                         FDRE (Prop_fdre_C_Q)         0.478     1.451 r  vv_reg[23][27][15]/Q
                         net (fo=1, unplaced)         0.965     2.416    vv_reg_n_0_[23][27][15]
                         LUT6 (Prop_lut6_I0_O)        0.295     2.711 r  val0_i_3396/O
                         net (fo=1, unplaced)         0.000     2.711    val0_i_3396_n_0
                         MUXF7 (Prop_muxf7_I1_O)      0.247     2.958 r  val0_i_1507/O
                         net (fo=1, unplaced)         0.735     3.693    val0_i_1507_n_0
                         LUT5 (Prop_lut5_I0_O)        0.298     3.991 r  val0_i_639/O
                         net (fo=1, unplaced)         0.419     4.410    val0_i_639_n_0
                         LUT5 (Prop_lut5_I0_O)        0.124     4.534 r  val0_i_380/O
                         net (fo=1, unplaced)         0.000     4.534    val0_i_380_n_0
                         MUXF7 (Prop_muxf7_I1_O)      0.247     4.781 r  val0_i_149/O
                         net (fo=1, unplaced)         0.000     4.781    val0_i_149_n_0
                         MUXF8 (Prop_muxf8_I0_O)      0.098     4.879 r  val0_i_34/O
                         net (fo=1, unplaced)         0.717     5.596    val0_i_34_n_0
                         LUT6 (Prop_lut6_I0_O)        0.319     5.915 r  val0_i_1/O
                         net (fo=18, unplaced)        0.803     6.718    val0_i_1_n_0
                         DSP48E1 (Prop_dsp48e1_B[17]_P[1])
                                                      3.656    10.374 r  val0/P[1]
                         net (fo=1, unplaced)         0.803    11.177    val0_n_104
                         LUT2 (Prop_lut2_I1_O)        0.124    11.301 r  p_1_out__1_i_19/O
                         net (fo=1, unplaced)         0.000    11.301    p_1_out__1_i_19_n_0
                         CARRY4 (Prop_carry4_S[1]_CO[3])
                                                      0.533    11.834 r  p_1_out__1_i_4/CO[3]
                         net (fo=1, unplaced)         0.000    11.834    p_1_out__1_i_4_n_0
                         CARRY4 (Prop_carry4_CI_CO[3])
                                                      0.117    11.951 r  p_1_out__1_i_3/CO[3]
                         net (fo=1, unplaced)         0.000    11.951    p_1_out__1_i_3_n_0
                         CARRY4 (Prop_carry4_CI_CO[3])
                                                      0.117    12.068 r  p_1_out__1_i_2/CO[3]
                         net (fo=1, unplaced)         0.000    12.068    p_1_out__1_i_2_n_0
                         CARRY4 (Prop_carry4_CI_CO[3])
                                                      0.117    12.185 r  p_1_out__1_i_1/CO[3]
                         net (fo=1, unplaced)         0.000    12.185    p_1_out__1_i_1_n_0
                         CARRY4 (Prop_carry4_CI_O[0])
                                                      0.232    12.417 r  p_1_out__0_i_8/O[0]
                         net (fo=3, unplaced)         0.803    13.220    p_1_out__0_i_8_n_7
                         DSP48E1 (Prop_dsp48e1_A[16]_P[29])
                                                      4.016    17.236 r  p_1_out__1/P[29]
                         net (fo=2, unplaced)         0.803    18.038    p_1_out__1_n_76
                         LUT2 (Prop_lut2_I0_O)        0.124    18.162 r  p_1_out__2_i_23/O
                         net (fo=1, unplaced)         0.000    18.162    p_1_out__2_i_23_n_0
                         CARRY4 (Prop_carry4_S[1]_CO[3])
                                                      0.533    18.695 r  p_1_out__2_i_6/CO[3]
                         net (fo=1, unplaced)         0.000    18.695    p_1_out__2_i_6_n_0
                         CARRY4 (Prop_carry4_CI_CO[3])
                                                      0.117    18.812 r  p_1_out__2_i_5/CO[3]
                         net (fo=1, unplaced)         0.000    18.812    p_1_out__2_i_5_n_0
                         CARRY4 (Prop_carry4_CI_CO[3])
                                                      0.117    18.929 r  p_1_out__2_i_4/CO[3]
                         net (fo=1, unplaced)         0.000    18.929    p_1_out__2_i_4_n_0
                         CARRY4 (Prop_carry4_CI_CO[3])
                                                      0.117    19.046 r  p_1_out__2_i_3/CO[3]
                         net (fo=1, unplaced)         0.000    19.046    p_1_out__2_i_3_n_0
                         CARRY4 (Prop_carry4_CI_CO[3])
                                                      0.117    19.163 r  p_1_out__2_i_2/CO[3]
                         net (fo=1, unplaced)         0.000    19.163    p_1_out__2_i_2_n_0
                         CARRY4 (Prop_carry4_CI_O[0])
                                                      0.232    19.395 r  p_1_out__2_i_1/O[0]
                         net (fo=17, unplaced)        0.803    20.198    p_1_out__2_i_1_n_7
                         DSP48E1 (Prop_dsp48e1_C[47]_P[17])
                                                      1.995    22.193 r  p_1_out__2/P[17]
                         net (fo=2, unplaced)         0.803    22.996    p_1_out__2_n_88
                         LUT2 (Prop_lut2_I0_O)        0.124    23.120 r  hv[0][3]_i_67/O
                         net (fo=1, unplaced)         0.000    23.120    hv[0][3]_i_67_n_0
                         CARRY4 (Prop_carry4_S[1]_CO[3])
                                                      0.533    23.653 r  hv_reg[0][3]_i_43/CO[3]
                         net (fo=1, unplaced)         0.000    23.653    hv_reg[0][3]_i_43_n_0
                         CARRY4 (Prop_carry4_CI_O[1])
                                                      0.337    23.990 f  hv_reg[0][3]_i_24/O[1]
                         net (fo=3, unplaced)         0.330    24.320    p_3_out[38]
                         LUT1 (Prop_lut1_I0_O)        0.306    24.626 r  hv[0][3]_i_52/O
                         net (fo=1, unplaced)         0.000    24.626    hv[0][3]_i_52_n_0
                         CARRY4 (Prop_carry4_S[1]_CO[3])
                                                      0.533    25.159 r  hv_reg[0][3]_i_25/CO[3]
                         net (fo=1, unplaced)         0.000    25.159    hv_reg[0][3]_i_25_n_0
                         CARRY4 (Prop_carry4_CI_O[2])
                                                      0.256    25.415 r  hv_reg[0][3]_i_14/O[2]
                         net (fo=2, unplaced)         0.746    26.161    hv_reg[0][3]_i_14_n_5
                         LUT5 (Prop_lut5_I1_O)        0.327    26.488 r  hv[0][3]_i_9/O
                         net (fo=1, unplaced)         0.000    26.488    hv[0][3]_i_9_n_0
                         CARRY4 (Prop_carry4_DI[1]_CO[1])
                                                      0.507    26.995 r  hv_reg[0][3]_i_3/CO[1]
                         net (fo=2, unplaced)         0.536    27.531    hv_reg[0][3]_i_3_n_2
                         CARRY4 (Prop_carry4_DI[0]_CO[3])
                                                      0.758    28.289 r  hv_reg[0][3]_i_2/CO[3]
                         net (fo=1, unplaced)         0.000    28.289    hv_reg[0][3]_i_2_n_0
                         CARRY4 (Prop_carry4_CI_CO[3])
                                                      0.117    28.406 r  hv_reg[0][7]_i_2/CO[3]
                         net (fo=1, unplaced)         0.000    28.406    hv_reg[0][7]_i_2_n_0
                         CARRY4 (Prop_carry4_CI_CO[3])
                                                      0.117    28.523 r  hv_reg[0][11]_i_2/CO[3]
                         net (fo=1, unplaced)         0.000    28.523    hv_reg[0][11]_i_2_n_0
                         CARRY4 (Prop_carry4_CI_O[2])
                                                      0.256    28.779 f  hv_reg[0][15]_i_8/O[2]
                         net (fo=6, unplaced)         0.484    29.263    hv_reg[0][15]_i_8_n_5
                         LUT1 (Prop_lut1_I0_O)        0.301    29.564 r  hv[0][15]_i_17/O
                         net (fo=1, unplaced)         0.000    29.564    hv[0][15]_i_17_n_0
                         CARRY4 (Prop_carry4_S[1]_CO[3])
                                                      0.533    30.097 r  hv_reg[0][15]_i_6/CO[3]
                         net (fo=1, unplaced)         0.000    30.097    hv_reg[0][15]_i_6_n_0
                         CARRY4 (Prop_carry4_CI_O[1])
                                                      0.337    30.434 r  hv_reg[0][15]_i_70/O[1]
                         net (fo=4, unplaced)         0.635    31.069    hv_reg[0][15]_i_70_n_6
                         LUT5 (Prop_lut5_I0_O)        0.332    31.401 r  hv[0][15]_i_139/O
                         net (fo=1, unplaced)         0.000    31.401    hv[0][15]_i_139_n_0
                         CARRY4 (Prop_carry4_DI[0]_CO[3])
                                                      0.576    31.977 r  hv_reg[0][15]_i_119/CO[3]
                         net (fo=1, unplaced)         0.000    31.977    hv_reg[0][15]_i_119_n_0
                         CARRY4 (Prop_carry4_CI_CO[3])
                                                      0.117    32.094 r  hv_reg[0][15]_i_100/CO[3]
                         net (fo=1, unplaced)         0.000    32.094    hv_reg[0][15]_i_100_n_0
                         CARRY4 (Prop_carry4_CI_CO[3])
                                                      0.117    32.211 r  hv_reg[0][15]_i_65/CO[3]
                         net (fo=1, unplaced)         0.000    32.211    hv_reg[0][15]_i_65_n_0
                         CARRY4 (Prop_carry4_CI_CO[3])
                                                      0.117    32.328 r  hv_reg[0][15]_i_37/CO[3]
                         net (fo=1, unplaced)         0.000    32.328    hv_reg[0][15]_i_37_n_0
                         CARRY4 (Prop_carry4_CI_CO[3])
                                                      0.117    32.445 r  hv_reg[0][15]_i_11/CO[3]
                         net (fo=1, unplaced)         0.000    32.445    hv_reg[0][15]_i_11_n_0
                         CARRY4 (Prop_carry4_CI_CO[2])
                                                      0.252    32.697 r  hv_reg[0][15]_i_5/CO[2]
                         net (fo=16, unplaced)        0.476    33.173    hv_reg[0][15]_i_5_n_1
                         LUT5 (Prop_lut5_I0_O)        0.310    33.483 r  hv[0][2]_i_1/O
                         net (fo=32, unplaced)        0.000    33.483    hv[0][2]_i_1_n_0
                         FDRE                                         r  hv_reg[0][2]/D
  -------------------------------------------------------------------    -------------------

                         (clock clk rise edge)       10.000    10.000 r  <hidden>
                                                      0.000    10.000 r  clk
                         net (fo=43094, unset)        0.924    10.924    clk
                         FDRE                                         r  hv_reg[0][2]/C
                         clock pessimism              0.000    10.924    <hidden>
                         clock uncertainty           -0.035    10.889    <hidden>
                         FDRE (Setup_fdre_C_D)        0.044    10.933    hv_reg[0][2]
  -------------------------------------------------------------------
                         required time                         10.933    <hidden>
                         arrival time                         -33.483    <hidden>
  -------------------------------------------------------------------
                         slack                                -22.550    <hidden>

Slack (VIOLATED) :        -22.550ns  (required time - arrival time)
  Source:                 vv_reg[23][27][15]/C
                            (rising edge-triggered cell FDRE clocked by clk  {rise@0.000ns fall@5.000ns period=10.000ns})
  Destination:            hv_reg[0][3]/D
                            (rising edge-triggered cell FDRE clocked by clk  {rise@0.000ns fall@5.000ns period=10.000ns})
  Path Group:             clk
  Path Type:              Setup (Max at Slow Process Corner)
  Requirement:            10.000ns  (clk rise@10.000ns - clk rise@0.000ns)
  Data Path Delay:        32.510ns  (logic 21.650ns (66.595%)  route 10.860ns (33.405%))
  Logic Levels:           46  (CARRY4=28 DSP48E1=3 LUT1=2 LUT2=3 LUT5=5 LUT6=2 MUXF7=2 MUXF8=1)
  Clock Path Skew:        -0.049ns (DCD - SCD + CPR)
    Destination Clock Delay (DCD):    0.924ns = ( 10.924 - 10.000 ) 
    Source Clock Delay      (SCD):    0.973ns
    Clock Pessimism Removal (CPR):    0.000ns
  Clock Uncertainty:      0.035ns  ((TSJ^2 + TIJ^2)^1/2 + DJ) / 2 + PE
    Total System Jitter     (TSJ):    0.071ns
    Total Input Jitter      (TIJ):    0.000ns
    Discrete Jitter          (DJ):    0.000ns
    Phase Error              (PE):    0.000ns

    Location             Delay type                Incr(ns)  Path(ns)    Netlist Resource(s)
  -------------------------------------------------------------------    -------------------
                         (clock clk rise edge)        0.000     0.000 r  <hidden>
                                                      0.000     0.000 r  clk
                         net (fo=43094, unset)        0.973     0.973    clk
                         FDRE                                         r  vv_reg[23][27][15]/C
  -------------------------------------------------------------------    -------------------
                         FDRE (Prop_fdre_C_Q)         0.478     1.451 r  vv_reg[23][27][15]/Q
                         net (fo=1, unplaced)         0.965     2.416    vv_reg_n_0_[23][27][15]
                         LUT6 (Prop_lut6_I0_O)        0.295     2.711 r  val0_i_3396/O
                         net (fo=1, unplaced)         0.000     2.711    val0_i_3396_n_0
                         MUXF7 (Prop_muxf7_I1_O)      0.247     2.958 r  val0_i_1507/O
                         net (fo=1, unplaced)         0.735     3.693    val0_i_1507_n_0
                         LUT5 (Prop_lut5_I0_O)        0.298     3.991 r  val0_i_639/O
                         net (fo=1, unplaced)         0.419     4.410    val0_i_639_n_0
                         LUT5 (Prop_lut5_I0_O)        0.124     4.534 r  val0_i_380/O
                         net (fo=1, unplaced)         0.000     4.534    val0_i_380_n_0
                         MUXF7 (Prop_muxf7_I1_O)      0.247     4.781 r  val0_i_149/O
                         net (fo=1, unplaced)         0.000     4.781    val0_i_149_n_0
                         MUXF8 (Prop_muxf8_I0_O)      0.098     4.879 r  val0_i_34/O
                         net (fo=1, unplaced)         0.717     5.596    val0_i_34_n_0
                         LUT6 (Prop_lut6_I0_O)        0.319     5.915 r  val0_i_1/O
                         net (fo=18, unplaced)        0.803     6.718    val0_i_1_n_0
                         DSP48E1 (Prop_dsp48e1_B[17]_P[1])
                                                      3.656    10.374 r  val0/P[1]
                         net (fo=1, unplaced)         0.803    11.177    val0_n_104
                         LUT2 (Prop_lut2_I1_O)        0.124    11.301 r  p_1_out__1_i_19/O
                         net (fo=1, unplaced)         0.000    11.301    p_1_out__1_i_19_n_0
                         CARRY4 (Prop_carry4_S[1]_CO[3])
                                                      0.533    11.834 r  p_1_out__1_i_4/CO[3]
                         net (fo=1, unplaced)         0.000    11.834    p_1_out__1_i_4_n_0
                         CARRY4 (Prop_carry4_CI_CO[3])
                                                      0.117    11.951 r  p_1_out__1_i_3/CO[3]
                         net (fo=1, unplaced)         0.000    11.951    p_1_out__1_i_3_n_0
                         CARRY4 (Prop_carry4_CI_CO[3])
                                                      0.117    12.068 r  p_1_out__1_i_2/CO[3]
                         net (fo=1, unplaced)         0.000    12.068    p_1_out__1_i_2_n_0
                         CARRY4 (Prop_carry4_CI_CO[3])
                                                      0.117    12.185 r  p_1_out__1_i_1/CO[3]
                         net (fo=1, unplaced)         0.000    12.185    p_1_out__1_i_1_n_0
                         CARRY4 (Prop_carry4_CI_O[0])
                                                      0.232    12.417 r  p_1_out__0_i_8/O[0]
                         net (fo=3, unplaced)         0.803    13.220    p_1_out__0_i_8_n_7
                         DSP48E1 (Prop_dsp48e1_A[16]_P[29])
                                                      4.016    17.236 r  p_1_out__1/P[29]
                         net (fo=2, unplaced)         0.803    18.038    p_1_out__1_n_76
                         LUT2 (Prop_lut2_I0_O)        0.124    18.162 r  p_1_out__2_i_23/O
                         net (fo=1, unplaced)         0.000    18.162    p_1_out__2_i_23_n_0
                         CARRY4 (Prop_carry4_S[1]_CO[3])
                                                      0.533    18.695 r  p_1_out__2_i_6/CO[3]
                         net (fo=1, unplaced)         0.000    18.695    p_1_out__2_i_6_n_0
                         CARRY4 (Prop_carry4_CI_CO[3])
                                                      0.117    18.812 r  p_1_out__2_i_5/CO[3]
                         net (fo=1, unplaced)         0.000    18.812    p_1_out__2_i_5_n_0
                         CARRY4 (Prop_carry4_CI_CO[3])
                                                      0.117    18.929 r  p_1_out__2_i_4/CO[3]
                         net (fo=1, unplaced)         0.000    18.929    p_1_out__2_i_4_n_0
                         CARRY4 (Prop_carry4_CI_CO[3])
                                                      0.117    19.046 r  p_1_out__2_i_3/CO[3]
                         net (fo=1, unplaced)         0.000    19.046    p_1_out__2_i_3_n_0
                         CARRY4 (Prop_carry4_CI_CO[3])
                                                      0.117    19.163 r  p_1_out__2_i_2/CO[3]
                         net (fo=1, unplaced)         0.000    19.163    p_1_out__2_i_2_n_0
                         CARRY4 (Prop_carry4_CI_O[0])
                                                      0.232    19.395 r  p_1_out__2_i_1/O[0]
                         net (fo=17, unplaced)        0.803    20.198    p_1_out__2_i_1_n_7
                         DSP48E1 (Prop_dsp48e1_C[47]_P[17])
                                                      1.995    22.193 r  p_1_out__2/P[17]
                         net (fo=2, unplaced)         0.803    22.996    p_1_out__2_n_88
                         LUT2 (Prop_lut2_I0_O)        0.124    23.120 r  hv[0][3]_i_67/O
                         net (fo=1, unplaced)         0.000    23.120    hv[0][3]_i_67_n_0
                         CARRY4 (Prop_carry4_S[1]_CO[3])
                                                      0.533    23.653 r  hv_reg[0][3]_i_43/CO[3]
                         net (fo=1, unplaced)         0.000    23.653    hv_reg[0][3]_i_43_n_0
                         CARRY4 (Prop_carry4_CI_O[1])
                                                      0.337    23.990 f  hv_reg[0][3]_i_24/O[1]
                         net (fo=3, unplaced)         0.330    24.320    p_3_out[38]
                         LUT1 (Prop_lut1_I0_O)        0.306    24.626 r  hv[0][3]_i_52/O
                         net (fo=1, unplaced)         0.000    24.626    hv[0][3]_i_52_n_0
                         CARRY4 (Prop_carry4_S[1]_CO[3])
                                                      0.533    25.159 r  hv_reg[0][3]_i_25/CO[3]
                         net (fo=1, unplaced)         0.000    25.159    hv_reg[0][3]_i_25_n_0
                         CARRY4 (Prop_carry4_CI_O[2])
                                                      0.256    25.415 r  hv_reg[0][3]_i_14/O[2]
                         net (fo=2, unplaced)         0.746    26.161    hv_reg[0][3]_i_14_n_5
                         LUT5 (Prop_lut5_I1_O)        0.327    26.488 r  hv[0][3]_i_9/O
                         net (fo=1, unplaced)         0.000    26.488    hv[0][3]_i_9_n_0
                         CARRY4 (Prop_carry4_DI[1]_CO[1])
                                                      0.507    26.995 r  hv_reg[0][3]_i_3/CO[1]
                         net (fo=2, unplaced)         0.536    27.531    hv_reg[0][3]_i_3_n_2
                         CARRY4 (Prop_carry4_DI[0]_CO[3])
                                                      0.758    28.289 r  hv_reg[0][3]_i_2/CO[3]
                         net (fo=1, unplaced)         0.000    28.289    hv_reg[0][3]_i_2_n_0
                         CARRY4 (Prop_carry4_CI_CO[3])
                                                      0.117    28.406 r  hv_reg[0][7]_i_2/CO[3]
                         net (fo=1, unplaced)         0.000    28.406    hv_reg[0][7]_i_2_n_0
                         CARRY4 (Prop_carry4_CI_CO[3])
                                                      0.117    28.523 r  hv_reg[0][11]_i_2/CO[3]
                         net (fo=1, unplaced)         0.000    28.523    hv_reg[0][11]_i_2_n_0
                         CARRY4 (Prop_carry4_CI_O[2])
                                                      0.256    28.779 f  hv_reg[0][15]_i_8/O[2]
                         net (fo=6, unplaced)         0.484    29.263    hv_reg[0][15]_i_8_n_5
                         LUT1 (Prop_lut1_I0_O)        0.301    29.564 r  hv[0][15]_i_17/O
                         net (fo=1, unplaced)         0.000    29.564    hv[0][15]_i_17_n_0
                         CARRY4 (Prop_carry4_S[1]_CO[3])
                                                      0.533    30.097 r  hv_reg[0][15]_i_6/CO[3]
                         net (fo=1, unplaced)         0.000    30.097    hv_reg[0][15]_i_6_n_0
                         CARRY4 (Prop_carry4_CI_O[1])
                                                      0.337    30.434 r  hv_reg[0][15]_i_70/O[1]
                         net (fo=4, unplaced)         0.635    31.069    hv_reg[0][15]_i_70_n_6
                         LUT5 (Prop_lut5_I0_O)        0.332    31.401 r  hv[0][15]_i_139/O
                         net (fo=1, unplaced)         0.000    31.401    hv[0][15]_i_139_n_0
                         CARRY4 (Prop_carry4_DI[0]_CO[3])
                                                      0.576    31.977 r  hv_reg[0][15]_i_119/CO[3]
                         net (fo=1, unplaced)         0.000    31.977    hv_reg[0][15]_i_119_n_0
                         CARRY4 (Prop_carry4_CI_CO[3])
                                                      0.117    32.094 r  hv_reg[0][15]_i_100/CO[3]
                         net (fo=1, unplaced)         0.000    32.094    hv_reg[0][15]_i_100_n_0
                         CARRY4 (Prop_carry4_CI_CO[3])
                                                      0.117    32.211 r  hv_reg[0][15]_i_65/CO[3]
                         net (fo=1, unplaced)         0.000    32.211    hv_reg[0][15]_i_65_n_0
                         CARRY4 (Prop_carry4_CI_CO[3])
                                                      0.117    32.328 r  hv_reg[0][15]_i_37/CO[3]
                         net (fo=1, unplaced)         0.000    32.328    hv_reg[0][15]_i_37_n_0
                         CARRY4 (Prop_carry4_CI_CO[3])
                                                      0.117    32.445 r  hv_reg[0][15]_i_11/CO[3]
                         net (fo=1, unplaced)         0.000    32.445    hv_reg[0][15]_i_11_n_0
                         CARRY4 (Prop_carry4_CI_CO[2])
                                                      0.252    32.697 r  hv_reg[0][15]_i_5/CO[2]
                         net (fo=16, unplaced)        0.476    33.173    hv_reg[0][15]_i_5_n_1
                         LUT5 (Prop_lut5_I0_O)        0.310    33.483 r  hv[0][3]_i_1/O
                         net (fo=32, unplaced)        0.000    33.483    hv[0][3]_i_1_n_0
                         FDRE                                         r  hv_reg[0][3]/D
  -------------------------------------------------------------------    -------------------

                         (clock clk rise edge)       10.000    10.000 r  <hidden>
                                                      0.000    10.000 r  clk
                         net (fo=43094, unset)        0.924    10.924    clk
                         FDRE                                         r  hv_reg[0][3]/C
                         clock pessimism              0.000    10.924    <hidden>
                         clock uncertainty           -0.035    10.889    <hidden>
                         FDRE (Setup_fdre_C_D)        0.044    10.933    hv_reg[0][3]
  -------------------------------------------------------------------
                         required time                         10.933    <hidden>
                         arrival time                         -33.483    <hidden>
  -------------------------------------------------------------------
                         slack                                -22.550    <hidden>

Slack (VIOLATED) :        -22.550ns  (required time - arrival time)
  Source:                 vv_reg[23][27][15]/C
                            (rising edge-triggered cell FDRE clocked by clk  {rise@0.000ns fall@5.000ns period=10.000ns})
  Destination:            hv_reg[0][4]/D
                            (rising edge-triggered cell FDRE clocked by clk  {rise@0.000ns fall@5.000ns period=10.000ns})
  Path Group:             clk
  Path Type:              Setup (Max at Slow Process Corner)
  Requirement:            10.000ns  (clk rise@10.000ns - clk rise@0.000ns)
  Data Path Delay:        32.510ns  (logic 21.650ns (66.595%)  route 10.860ns (33.405%))
  Logic Levels:           46  (CARRY4=28 DSP48E1=3 LUT1=2 LUT2=3 LUT5=5 LUT6=2 MUXF7=2 MUXF8=1)
  Clock Path Skew:        -0.049ns (DCD - SCD + CPR)
    Destination Clock Delay (DCD):    0.924ns = ( 10.924 - 10.000 ) 
    Source Clock Delay      (SCD):    0.973ns
    Clock Pessimism Removal (CPR):    0.000ns
  Clock Uncertainty:      0.035ns  ((TSJ^2 + TIJ^2)^1/2 + DJ) / 2 + PE
    Total System Jitter     (TSJ):    0.071ns
    Total Input Jitter      (TIJ):    0.000ns
    Discrete Jitter          (DJ):    0.000ns
    Phase Error              (PE):    0.000ns

    Location             Delay type                Incr(ns)  Path(ns)    Netlist Resource(s)
  -------------------------------------------------------------------    -------------------
                         (clock clk rise edge)        0.000     0.000 r  <hidden>
                                                      0.000     0.000 r  clk
                         net (fo=43094, unset)        0.973     0.973    clk
                         FDRE                                         r  vv_reg[23][27][15]/C
  -------------------------------------------------------------------    -------------------
                         FDRE (Prop_fdre_C_Q)         0.478     1.451 r  vv_reg[23][27][15]/Q
                         net (fo=1, unplaced)         0.965     2.416    vv_reg_n_0_[23][27][15]
                         LUT6 (Prop_lut6_I0_O)        0.295     2.711 r  val0_i_3396/O
                         net (fo=1, unplaced)         0.000     2.711    val0_i_3396_n_0
                         MUXF7 (Prop_muxf7_I1_O)      0.247     2.958 r  val0_i_1507/O
                         net (fo=1, unplaced)         0.735     3.693    val0_i_1507_n_0
                         LUT5 (Prop_lut5_I0_O)        0.298     3.991 r  val0_i_639/O
                         net (fo=1, unplaced)         0.419     4.410    val0_i_639_n_0
                         LUT5 (Prop_lut5_I0_O)        0.124     4.534 r  val0_i_380/O
                         net (fo=1, unplaced)         0.000     4.534    val0_i_380_n_0
                         MUXF7 (Prop_muxf7_I1_O)      0.247     4.781 r  val0_i_149/O
                         net (fo=1, unplaced)         0.000     4.781    val0_i_149_n_0
                         MUXF8 (Prop_muxf8_I0_O)      0.098     4.879 r  val0_i_34/O
                         net (fo=1, unplaced)         0.717     5.596    val0_i_34_n_0
                         LUT6 (Prop_lut6_I0_O)        0.319     5.915 r  val0_i_1/O
                         net (fo=18, unplaced)        0.803     6.718    val0_i_1_n_0
                         DSP48E1 (Prop_dsp48e1_B[17]_P[1])
                                                      3.656    10.374 r  val0/P[1]
                         net (fo=1, unplaced)         0.803    11.177    val0_n_104
                         LUT2 (Prop_lut2_I1_O)        0.124    11.301 r  p_1_out__1_i_19/O
                         net (fo=1, unplaced)         0.000    11.301    p_1_out__1_i_19_n_0
                         CARRY4 (Prop_carry4_S[1]_CO[3])
                                                      0.533    11.834 r  p_1_out__1_i_4/CO[3]
                         net (fo=1, unplaced)         0.000    11.834    p_1_out__1_i_4_n_0
                         CARRY4 (Prop_carry4_CI_CO[3])
                                                      0.117    11.951 r  p_1_out__1_i_3/CO[3]
                         net (fo=1, unplaced)         0.000    11.951    p_1_out__1_i_3_n_0
                         CARRY4 (Prop_carry4_CI_CO[3])
                                                      0.117    12.068 r  p_1_out__1_i_2/CO[3]
                         net (fo=1, unplaced)         0.000    12.068    p_1_out__1_i_2_n_0
                         CARRY4 (Prop_carry4_CI_CO[3])
                                                      0.117    12.185 r  p_1_out__1_i_1/CO[3]
                         net (fo=1, unplaced)         0.000    12.185    p_1_out__1_i_1_n_0
                         CARRY4 (Prop_carry4_CI_O[0])
                                                      0.232    12.417 r  p_1_out__0_i_8/O[0]
                         net (fo=3, unplaced)         0.803    13.220    p_1_out__0_i_8_n_7
                         DSP48E1 (Prop_dsp48e1_A[16]_P[29])
                                                      4.016    17.236 r  p_1_out__1/P[29]
                         net (fo=2, unplaced)         0.803    18.038    p_1_out__1_n_76
                         LUT2 (Prop_lut2_I0_O)        0.124    18.162 r  p_1_out__2_i_23/O
                         net (fo=1, unplaced)         0.000    18.162    p_1_out__2_i_23_n_0
                         CARRY4 (Prop_carry4_S[1]_CO[3])
                                                      0.533    18.695 r  p_1_out__2_i_6/CO[3]
                         net (fo=1, unplaced)         0.000    18.695    p_1_out__2_i_6_n_0
                         CARRY4 (Prop_carry4_CI_CO[3])
                                                      0.117    18.812 r  p_1_out__2_i_5/CO[3]
                         net (fo=1, unplaced)         0.000    18.812    p_1_out__2_i_5_n_0
                         CARRY4 (Prop_carry4_CI_CO[3])
                                                      0.117    18.929 r  p_1_out__2_i_4/CO[3]
                         net (fo=1, unplaced)         0.000    18.929    p_1_out__2_i_4_n_0
                         CARRY4 (Prop_carry4_CI_CO[3])
                                                      0.117    19.046 r  p_1_out__2_i_3/CO[3]
                         net (fo=1, unplaced)         0.000    19.046    p_1_out__2_i_3_n_0
                         CARRY4 (Prop_carry4_CI_CO[3])
                                                      0.117    19.163 r  p_1_out__2_i_2/CO[3]
                         net (fo=1, unplaced)         0.000    19.163    p_1_out__2_i_2_n_0
                         CARRY4 (Prop_carry4_CI_O[0])
                                                      0.232    19.395 r  p_1_out__2_i_1/O[0]
                         net (fo=17, unplaced)        0.803    20.198    p_1_out__2_i_1_n_7
                         DSP48E1 (Prop_dsp48e1_C[47]_P[17])
                                                      1.995    22.193 r  p_1_out__2/P[17]
                         net (fo=2, unplaced)         0.803    22.996    p_1_out__2_n_88
                         LUT2 (Prop_lut2_I0_O)        0.124    23.120 r  hv[0][3]_i_67/O
                         net (fo=1, unplaced)         0.000    23.120    hv[0][3]_i_67_n_0
                         CARRY4 (Prop_carry4_S[1]_CO[3])
                                                      0.533    23.653 r  hv_reg[0][3]_i_43/CO[3]
                         net (fo=1, unplaced)         0.000    23.653    hv_reg[0][3]_i_43_n_0
                         CARRY4 (Prop_carry4_CI_O[1])
                                                      0.337    23.990 f  hv_reg[0][3]_i_24/O[1]
                         net (fo=3, unplaced)         0.330    24.320    p_3_out[38]
                         LUT1 (Prop_lut1_I0_O)        0.306    24.626 r  hv[0][3]_i_52/O
                         net (fo=1, unplaced)         0.000    24.626    hv[0][3]_i_52_n_0
                         CARRY4 (Prop_carry4_S[1]_CO[3])
                                                      0.533    25.159 r  hv_reg[0][3]_i_25/CO[3]
                         net (fo=1, unplaced)         0.000    25.159    hv_reg[0][3]_i_25_n_0
                         CARRY4 (Prop_carry4_CI_O[2])
                                                      0.256    25.415 r  hv_reg[0][3]_i_14/O[2]
                         net (fo=2, unplaced)         0.746    26.161    hv_reg[0][3]_i_14_n_5
                         LUT5 (Prop_lut5_I1_O)        0.327    26.488 r  hv[0][3]_i_9/O
                         net (fo=1, unplaced)         0.000    26.488    hv[0][3]_i_9_n_0
                         CARRY4 (Prop_carry4_DI[1]_CO[1])
                                                      0.507    26.995 r  hv_reg[0][3]_i_3/CO[1]
                         net (fo=2, unplaced)         0.536    27.531    hv_reg[0][3]_i_3_n_2
                         CARRY4 (Prop_carry4_DI[0]_CO[3])
                                                      0.758    28.289 r  hv_reg[0][3]_i_2/CO[3]
                         net (fo=1, unplaced)         0.000    28.289    hv_reg[0][3]_i_2_n_0
                         CARRY4 (Prop_carry4_CI_CO[3])
                                                      0.117    28.406 r  hv_reg[0][7]_i_2/CO[3]
                         net (fo=1, unplaced)         0.000    28.406    hv_reg[0][7]_i_2_n_0
                         CARRY4 (Prop_carry4_CI_CO[3])
                                                      0.117    28.523 r  hv_reg[0][11]_i_2/CO[3]
                         net (fo=1, unplaced)         0.000    28.523    hv_reg[0][11]_i_2_n_0
                         CARRY4 (Prop_carry4_CI_O[2])
                                                      0.256    28.779 f  hv_reg[0][15]_i_8/O[2]
                         net (fo=6, unplaced)         0.484    29.263    hv_reg[0][15]_i_8_n_5
                         LUT1 (Prop_lut1_I0_O)        0.301    29.564 r  hv[0][15]_i_17/O
                         net (fo=1, unplaced)         0.000    29.564    hv[0][15]_i_17_n_0
                         CARRY4 (Prop_carry4_S[1]_CO[3])
                                                      0.533    30.097 r  hv_reg[0][15]_i_6/CO[3]
                         net (fo=1, unplaced)         0.000    30.097    hv_reg[0][15]_i_6_n_0
                         CARRY4 (Prop_carry4_CI_O[1])
                                                      0.337    30.434 r  hv_reg[0][15]_i_70/O[1]
                         net (fo=4, unplaced)         0.635    31.069    hv_reg[0][15]_i_70_n_6
                         LUT5 (Prop_lut5_I0_O)        0.332    31.401 r  hv[0][15]_i_139/O
                         net (fo=1, unplaced)         0.000    31.401    hv[0][15]_i_139_n_0
                         CARRY4 (Prop_carry4_DI[0]_CO[3])
                                                      0.576    31.977 r  hv_reg[0][15]_i_119/CO[3]
                         net (fo=1, unplaced)         0.000    31.977    hv_reg[0][15]_i_119_n_0
                         CARRY4 (Prop_carry4_CI_CO[3])
                                                      0.117    32.094 r  hv_reg[0][15]_i_100/CO[3]
                         net (fo=1, unplaced)         0.000    32.094    hv_reg[0][15]_i_100_n_0
                         CARRY4 (Prop_carry4_CI_CO[3])
                                                      0.117    32.211 r  hv_reg[0][15]_i_65/CO[3]
                         net (fo=1, unplaced)         0.000    32.211    hv_reg[0][15]_i_65_n_0
                         CARRY4 (Prop_carry4_CI_CO[3])
                                                      0.117    32.328 r  hv_reg[0][15]_i_37/CO[3]
                         net (fo=1, unplaced)         0.000    32.328    hv_reg[0][15]_i_37_n_0
                         CARRY4 (Prop_carry4_CI_CO[3])
                                                      0.117    32.445 r  hv_reg[0][15]_i_11/CO[3]
                         net (fo=1, unplaced)         0.000    32.445    hv_reg[0][15]_i_11_n_0
                         CARRY4 (Prop_carry4_CI_CO[2])
                                                      0.252    32.697 r  hv_reg[0][15]_i_5/CO[2]
                         net (fo=16, unplaced)        0.476    33.173    hv_reg[0][15]_i_5_n_1
                         LUT5 (Prop_lut5_I0_O)        0.310    33.483 r  hv[0][4]_i_1/O
                         net (fo=32, unplaced)        0.000    33.483    hv[0][4]_i_1_n_0
                         FDRE                                         r  hv_reg[0][4]/D
  -------------------------------------------------------------------    -------------------

                         (clock clk rise edge)       10.000    10.000 r  <hidden>
                                                      0.000    10.000 r  clk
                         net (fo=43094, unset)        0.924    10.924    clk
                         FDRE                                         r  hv_reg[0][4]/C
                         clock pessimism              0.000    10.924    <hidden>
                         clock uncertainty           -0.035    10.889    <hidden>
                         FDRE (Setup_fdre_C_D)        0.044    10.933    hv_reg[0][4]
  -------------------------------------------------------------------
                         required time                         10.933    <hidden>
                         arrival time                         -33.483    <hidden>
  -------------------------------------------------------------------
                         slack                                -22.550    <hidden>

Slack (VIOLATED) :        -22.550ns  (required time - arrival time)
  Source:                 vv_reg[23][27][15]/C
                            (rising edge-triggered cell FDRE clocked by clk  {rise@0.000ns fall@5.000ns period=10.000ns})
  Destination:            hv_reg[0][5]/D
                            (rising edge-triggered cell FDRE clocked by clk  {rise@0.000ns fall@5.000ns period=10.000ns})
  Path Group:             clk
  Path Type:              Setup (Max at Slow Process Corner)
  Requirement:            10.000ns  (clk rise@10.000ns - clk rise@0.000ns)
  Data Path Delay:        32.510ns  (logic 21.650ns (66.595%)  route 10.860ns (33.405%))
  Logic Levels:           46  (CARRY4=28 DSP48E1=3 LUT1=2 LUT2=3 LUT5=5 LUT6=2 MUXF7=2 MUXF8=1)
  Clock Path Skew:        -0.049ns (DCD - SCD + CPR)
    Destination Clock Delay (DCD):    0.924ns = ( 10.924 - 10.000 ) 
    Source Clock Delay      (SCD):    0.973ns
    Clock Pessimism Removal (CPR):    0.000ns
  Clock Uncertainty:      0.035ns  ((TSJ^2 + TIJ^2)^1/2 + DJ) / 2 + PE
    Total System Jitter     (TSJ):    0.071ns
    Total Input Jitter      (TIJ):    0.000ns
    Discrete Jitter          (DJ):    0.000ns
    Phase Error              (PE):    0.000ns

    Location             Delay type                Incr(ns)  Path(ns)    Netlist Resource(s)
  -------------------------------------------------------------------    -------------------
                         (clock clk rise edge)        0.000     0.000 r  <hidden>
                                                      0.000     0.000 r  clk
                         net (fo=43094, unset)        0.973     0.973    clk
                         FDRE                                         r  vv_reg[23][27][15]/C
  -------------------------------------------------------------------    -------------------
                         FDRE (Prop_fdre_C_Q)         0.478     1.451 r  vv_reg[23][27][15]/Q
                         net (fo=1, unplaced)         0.965     2.416    vv_reg_n_0_[23][27][15]
                         LUT6 (Prop_lut6_I0_O)        0.295     2.711 r  val0_i_3396/O
                         net (fo=1, unplaced)         0.000     2.711    val0_i_3396_n_0
                         MUXF7 (Prop_muxf7_I1_O)      0.247     2.958 r  val0_i_1507/O
                         net (fo=1, unplaced)         0.735     3.693    val0_i_1507_n_0
                         LUT5 (Prop_lut5_I0_O)        0.298     3.991 r  val0_i_639/O
                         net (fo=1, unplaced)         0.419     4.410    val0_i_639_n_0
                         LUT5 (Prop_lut5_I0_O)        0.124     4.534 r  val0_i_380/O
                         net (fo=1, unplaced)         0.000     4.534    val0_i_380_n_0
                         MUXF7 (Prop_muxf7_I1_O)      0.247     4.781 r  val0_i_149/O
                         net (fo=1, unplaced)         0.000     4.781    val0_i_149_n_0
                         MUXF8 (Prop_muxf8_I0_O)      0.098     4.879 r  val0_i_34/O
                         net (fo=1, unplaced)         0.717     5.596    val0_i_34_n_0
                         LUT6 (Prop_lut6_I0_O)        0.319     5.915 r  val0_i_1/O
                         net (fo=18, unplaced)        0.803     6.718    val0_i_1_n_0
                         DSP48E1 (Prop_dsp48e1_B[17]_P[1])
                                                      3.656    10.374 r  val0/P[1]
                         net (fo=1, unplaced)         0.803    11.177    val0_n_104
                         LUT2 (Prop_lut2_I1_O)        0.124    11.301 r  p_1_out__1_i_19/O
                         net (fo=1, unplaced)         0.000    11.301    p_1_out__1_i_19_n_0
                         CARRY4 (Prop_carry4_S[1]_CO[3])
                                                      0.533    11.834 r  p_1_out__1_i_4/CO[3]
                         net (fo=1, unplaced)         0.000    11.834    p_1_out__1_i_4_n_0
                         CARRY4 (Prop_carry4_CI_CO[3])
                                                      0.117    11.951 r  p_1_out__1_i_3/CO[3]
                         net (fo=1, unplaced)         0.000    11.951    p_1_out__1_i_3_n_0
                         CARRY4 (Prop_carry4_CI_CO[3])
                                                      0.117    12.068 r  p_1_out__1_i_2/CO[3]
                         net (fo=1, unplaced)         0.000    12.068    p_1_out__1_i_2_n_0
                         CARRY4 (Prop_carry4_CI_CO[3])
                                                      0.117    12.185 r  p_1_out__1_i_1/CO[3]
                         net (fo=1, unplaced)         0.000    12.185    p_1_out__1_i_1_n_0
                         CARRY4 (Prop_carry4_CI_O[0])
                                                      0.232    12.417 r  p_1_out__0_i_8/O[0]
                         net (fo=3, unplaced)         0.803    13.220    p_1_out__0_i_8_n_7
                         DSP48E1 (Prop_dsp48e1_A[16]_P[29])
                                                      4.016    17.236 r  p_1_out__1/P[29]
                         net (fo=2, unplaced)         0.803    18.038    p_1_out__1_n_76
                         LUT2 (Prop_lut2_I0_O)        0.124    18.162 r  p_1_out__2_i_23/O
                         net (fo=1, unplaced)         0.000    18.162    p_1_out__2_i_23_n_0
                         CARRY4 (Prop_carry4_S[1]_CO[3])
                                                      0.533    18.695 r  p_1_out__2_i_6/CO[3]
                         net (fo=1, unplaced)         0.000    18.695    p_1_out__2_i_6_n_0
                         CARRY4 (Prop_carry4_CI_CO[3])
                                                      0.117    18.812 r  p_1_out__2_i_5/CO[3]
                         net (fo=1, unplaced)         0.000    18.812    p_1_out__2_i_5_n_0
                         CARRY4 (Prop_carry4_CI_CO[3])
                                                      0.117    18.929 r  p_1_out__2_i_4/CO[3]
                         net (fo=1, unplaced)         0.000    18.929    p_1_out__2_i_4_n_0
                         CARRY4 (Prop_carry4_CI_CO[3])
                                                      0.117    19.046 r  p_1_out__2_i_3/CO[3]
                         net (fo=1, unplaced)         0.000    19.046    p_1_out__2_i_3_n_0
                         CARRY4 (Prop_carry4_CI_CO[3])
                                                      0.117    19.163 r  p_1_out__2_i_2/CO[3]
                         net (fo=1, unplaced)         0.000    19.163    p_1_out__2_i_2_n_0
                         CARRY4 (Prop_carry4_CI_O[0])
                                                      0.232    19.395 r  p_1_out__2_i_1/O[0]
                         net (fo=17, unplaced)        0.803    20.198    p_1_out__2_i_1_n_7
                         DSP48E1 (Prop_dsp48e1_C[47]_P[17])
                                                      1.995    22.193 r  p_1_out__2/P[17]
                         net (fo=2, unplaced)         0.803    22.996    p_1_out__2_n_88
                         LUT2 (Prop_lut2_I0_O)        0.124    23.120 r  hv[0][3]_i_67/O
                         net (fo=1, unplaced)         0.000    23.120    hv[0][3]_i_67_n_0
                         CARRY4 (Prop_carry4_S[1]_CO[3])
                                                      0.533    23.653 r  hv_reg[0][3]_i_43/CO[3]
                         net (fo=1, unplaced)         0.000    23.653    hv_reg[0][3]_i_43_n_0
                         CARRY4 (Prop_carry4_CI_O[1])
                                                      0.337    23.990 f  hv_reg[0][3]_i_24/O[1]
                         net (fo=3, unplaced)         0.330    24.320    p_3_out[38]
                         LUT1 (Prop_lut1_I0_O)        0.306    24.626 r  hv[0][3]_i_52/O
                         net (fo=1, unplaced)         0.000    24.626    hv[0][3]_i_52_n_0
                         CARRY4 (Prop_carry4_S[1]_CO[3])
                                                      0.533    25.159 r  hv_reg[0][3]_i_25/CO[3]
                         net (fo=1, unplaced)         0.000    25.159    hv_reg[0][3]_i_25_n_0
                         CARRY4 (Prop_carry4_CI_O[2])
                                                      0.256    25.415 r  hv_reg[0][3]_i_14/O[2]
                         net (fo=2, unplaced)         0.746    26.161    hv_reg[0][3]_i_14_n_5
                         LUT5 (Prop_lut5_I1_O)        0.327    26.488 r  hv[0][3]_i_9/O
                         net (fo=1, unplaced)         0.000    26.488    hv[0][3]_i_9_n_0
                         CARRY4 (Prop_carry4_DI[1]_CO[1])
                                                      0.507    26.995 r  hv_reg[0][3]_i_3/CO[1]
                         net (fo=2, unplaced)         0.536    27.531    hv_reg[0][3]_i_3_n_2
                         CARRY4 (Prop_carry4_DI[0]_CO[3])
                                                      0.758    28.289 r  hv_reg[0][3]_i_2/CO[3]
                         net (fo=1, unplaced)         0.000    28.289    hv_reg[0][3]_i_2_n_0
                         CARRY4 (Prop_carry4_CI_CO[3])
                                                      0.117    28.406 r  hv_reg[0][7]_i_2/CO[3]
                         net (fo=1, unplaced)         0.000    28.406    hv_reg[0][7]_i_2_n_0
                         CARRY4 (Prop_carry4_CI_CO[3])
                                                      0.117    28.523 r  hv_reg[0][11]_i_2/CO[3]
                         net (fo=1, unplaced)         0.000    28.523    hv_reg[0][11]_i_2_n_0
                         CARRY4 (Prop_carry4_CI_O[2])
                                                      0.256    28.779 f  hv_reg[0][15]_i_8/O[2]
                         net (fo=6, unplaced)         0.484    29.263    hv_reg[0][15]_i_8_n_5
                         LUT1 (Prop_lut1_I0_O)        0.301    29.564 r  hv[0][15]_i_17/O
                         net (fo=1, unplaced)         0.000    29.564    hv[0][15]_i_17_n_0
                         CARRY4 (Prop_carry4_S[1]_CO[3])
                                                      0.533    30.097 r  hv_reg[0][15]_i_6/CO[3]
                         net (fo=1, unplaced)         0.000    30.097    hv_reg[0][15]_i_6_n_0
                         CARRY4 (Prop_carry4_CI_O[1])
                                                      0.337    30.434 r  hv_reg[0][15]_i_70/O[1]
                         net (fo=4, unplaced)         0.635    31.069    hv_reg[0][15]_i_70_n_6
                         LUT5 (Prop_lut5_I0_O)        0.332    31.401 r  hv[0][15]_i_139/O
                         net (fo=1, unplaced)         0.000    31.401    hv[0][15]_i_139_n_0
                         CARRY4 (Prop_carry4_DI[0]_CO[3])
                                                      0.576    31.977 r  hv_reg[0][15]_i_119/CO[3]
                         net (fo=1, unplaced)         0.000    31.977    hv_reg[0][15]_i_119_n_0
                         CARRY4 (Prop_carry4_CI_CO[3])
                                                      0.117    32.094 r  hv_reg[0][15]_i_100/CO[3]
                         net (fo=1, unplaced)         0.000    32.094    hv_reg[0][15]_i_100_n_0
                         CARRY4 (Prop_carry4_CI_CO[3])
                                                      0.117    32.211 r  hv_reg[0][15]_i_65/CO[3]
                         net (fo=1, unplaced)         0.000    32.211    hv_reg[0][15]_i_65_n_0
                         CARRY4 (Prop_carry4_CI_CO[3])
                                                      0.117    32.328 r  hv_reg[0][15]_i_37/CO[3]
                         net (fo=1, unplaced)         0.000    32.328    hv_reg[0][15]_i_37_n_0
                         CARRY4 (Prop_carry4_CI_CO[3])
                                                      0.117    32.445 r  hv_reg[0][15]_i_11/CO[3]
                         net (fo=1, unplaced)         0.000    32.445    hv_reg[0][15]_i_11_n_0
                         CARRY4 (Prop_carry4_CI_CO[2])
                                                      0.252    32.697 r  hv_reg[0][15]_i_5/CO[2]
                         net (fo=16, unplaced)        0.476    33.173    hv_reg[0][15]_i_5_n_1
                         LUT5 (Prop_lut5_I0_O)        0.310    33.483 r  hv[0][5]_i_1/O
                         net (fo=32, unplaced)        0.000    33.483    hv[0][5]_i_1_n_0
                         FDRE                                         r  hv_reg[0][5]/D
  -------------------------------------------------------------------    -------------------

                         (clock clk rise edge)       10.000    10.000 r  <hidden>
                                                      0.000    10.000 r  clk
                         net (fo=43094, unset)        0.924    10.924    clk
                         FDRE                                         r  hv_reg[0][5]/C
                         clock pessimism              0.000    10.924    <hidden>
                         clock uncertainty           -0.035    10.889    <hidden>
                         FDRE (Setup_fdre_C_D)        0.044    10.933    hv_reg[0][5]
  -------------------------------------------------------------------
                         required time                         10.933    <hidden>
                         arrival time                         -33.483    <hidden>
  -------------------------------------------------------------------
                         slack                                -22.550    <hidden>

Slack (VIOLATED) :        -22.550ns  (required time - arrival time)
  Source:                 vv_reg[23][27][15]/C
                            (rising edge-triggered cell FDRE clocked by clk  {rise@0.000ns fall@5.000ns period=10.000ns})
  Destination:            hv_reg[0][6]/D
                            (rising edge-triggered cell FDRE clocked by clk  {rise@0.000ns fall@5.000ns period=10.000ns})
  Path Group:             clk
  Path Type:              Setup (Max at Slow Process Corner)
  Requirement:            10.000ns  (clk rise@10.000ns - clk rise@0.000ns)
  Data Path Delay:        32.510ns  (logic 21.650ns (66.595%)  route 10.860ns (33.405%))
  Logic Levels:           46  (CARRY4=28 DSP48E1=3 LUT1=2 LUT2=3 LUT5=5 LUT6=2 MUXF7=2 MUXF8=1)
  Clock Path Skew:        -0.049ns (DCD - SCD + CPR)
    Destination Clock Delay (DCD):    0.924ns = ( 10.924 - 10.000 ) 
    Source Clock Delay      (SCD):    0.973ns
    Clock Pessimism Removal (CPR):    0.000ns
  Clock Uncertainty:      0.035ns  ((TSJ^2 + TIJ^2)^1/2 + DJ) / 2 + PE
    Total System Jitter     (TSJ):    0.071ns
    Total Input Jitter      (TIJ):    0.000ns
    Discrete Jitter          (DJ):    0.000ns
    Phase Error              (PE):    0.000ns

    Location             Delay type                Incr(ns)  Path(ns)    Netlist Resource(s)
  -------------------------------------------------------------------    -------------------
                         (clock clk rise edge)        0.000     0.000 r  <hidden>
                                                      0.000     0.000 r  clk
                         net (fo=43094, unset)        0.973     0.973    clk
                         FDRE                                         r  vv_reg[23][27][15]/C
  -------------------------------------------------------------------    -------------------
                         FDRE (Prop_fdre_C_Q)         0.478     1.451 r  vv_reg[23][27][15]/Q
                         net (fo=1, unplaced)         0.965     2.416    vv_reg_n_0_[23][27][15]
                         LUT6 (Prop_lut6_I0_O)        0.295     2.711 r  val0_i_3396/O
                         net (fo=1, unplaced)         0.000     2.711    val0_i_3396_n_0
                         MUXF7 (Prop_muxf7_I1_O)      0.247     2.958 r  val0_i_1507/O
                         net (fo=1, unplaced)         0.735     3.693    val0_i_1507_n_0
                         LUT5 (Prop_lut5_I0_O)        0.298     3.991 r  val0_i_639/O
                         net (fo=1, unplaced)         0.419     4.410    val0_i_639_n_0
                         LUT5 (Prop_lut5_I0_O)        0.124     4.534 r  val0_i_380/O
                         net (fo=1, unplaced)         0.000     4.534    val0_i_380_n_0
                         MUXF7 (Prop_muxf7_I1_O)      0.247     4.781 r  val0_i_149/O
                         net (fo=1, unplaced)         0.000     4.781    val0_i_149_n_0
                         MUXF8 (Prop_muxf8_I0_O)      0.098     4.879 r  val0_i_34/O
                         net (fo=1, unplaced)         0.717     5.596    val0_i_34_n_0
                         LUT6 (Prop_lut6_I0_O)        0.319     5.915 r  val0_i_1/O
                         net (fo=18, unplaced)        0.803     6.718    val0_i_1_n_0
                         DSP48E1 (Prop_dsp48e1_B[17]_P[1])
                                                      3.656    10.374 r  val0/P[1]
                         net (fo=1, unplaced)         0.803    11.177    val0_n_104
                         LUT2 (Prop_lut2_I1_O)        0.124    11.301 r  p_1_out__1_i_19/O
                         net (fo=1, unplaced)         0.000    11.301    p_1_out__1_i_19_n_0
                         CARRY4 (Prop_carry4_S[1]_CO[3])
                                                      0.533    11.834 r  p_1_out__1_i_4/CO[3]
                         net (fo=1, unplaced)         0.000    11.834    p_1_out__1_i_4_n_0
                         CARRY4 (Prop_carry4_CI_CO[3])
                                                      0.117    11.951 r  p_1_out__1_i_3/CO[3]
                         net (fo=1, unplaced)         0.000    11.951    p_1_out__1_i_3_n_0
                         CARRY4 (Prop_carry4_CI_CO[3])
                                                      0.117    12.068 r  p_1_out__1_i_2/CO[3]
                         net (fo=1, unplaced)         0.000    12.068    p_1_out__1_i_2_n_0
                         CARRY4 (Prop_carry4_CI_CO[3])
                                                      0.117    12.185 r  p_1_out__1_i_1/CO[3]
                         net (fo=1, unplaced)         0.000    12.185    p_1_out__1_i_1_n_0
                         CARRY4 (Prop_carry4_CI_O[0])
                                                      0.232    12.417 r  p_1_out__0_i_8/O[0]
                         net (fo=3, unplaced)         0.803    13.220    p_1_out__0_i_8_n_7
                         DSP48E1 (Prop_dsp48e1_A[16]_P[29])
                                                      4.016    17.236 r  p_1_out__1/P[29]
                         net (fo=2, unplaced)         0.803    18.038    p_1_out__1_n_76
                         LUT2 (Prop_lut2_I0_O)        0.124    18.162 r  p_1_out__2_i_23/O
                         net (fo=1, unplaced)         0.000    18.162    p_1_out__2_i_23_n_0
                         CARRY4 (Prop_carry4_S[1]_CO[3])
                                                      0.533    18.695 r  p_1_out__2_i_6/CO[3]
                         net (fo=1, unplaced)         0.000    18.695    p_1_out__2_i_6_n_0
                         CARRY4 (Prop_carry4_CI_CO[3])
                                                      0.117    18.812 r  p_1_out__2_i_5/CO[3]
                         net (fo=1, unplaced)         0.000    18.812    p_1_out__2_i_5_n_0
                         CARRY4 (Prop_carry4_CI_CO[3])
                                                      0.117    18.929 r  p_1_out__2_i_4/CO[3]
                         net (fo=1, unplaced)         0.000    18.929    p_1_out__2_i_4_n_0
                         CARRY4 (Prop_carry4_CI_CO[3])
                                                      0.117    19.046 r  p_1_out__2_i_3/CO[3]
                         net (fo=1, unplaced)         0.000    19.046    p_1_out__2_i_3_n_0
                         CARRY4 (Prop_carry4_CI_CO[3])
                                                      0.117    19.163 r  p_1_out__2_i_2/CO[3]
                         net (fo=1, unplaced)         0.000    19.163    p_1_out__2_i_2_n_0
                         CARRY4 (Prop_carry4_CI_O[0])
                                                      0.232    19.395 r  p_1_out__2_i_1/O[0]
                         net (fo=17, unplaced)        0.803    20.198    p_1_out__2_i_1_n_7
                         DSP48E1 (Prop_dsp48e1_C[47]_P[17])
                                                      1.995    22.193 r  p_1_out__2/P[17]
                         net (fo=2, unplaced)         0.803    22.996    p_1_out__2_n_88
                         LUT2 (Prop_lut2_I0_O)        0.124    23.120 r  hv[0][3]_i_67/O
                         net (fo=1, unplaced)         0.000    23.120    hv[0][3]_i_67_n_0
                         CARRY4 (Prop_carry4_S[1]_CO[3])
                                                      0.533    23.653 r  hv_reg[0][3]_i_43/CO[3]
                         net (fo=1, unplaced)         0.000    23.653    hv_reg[0][3]_i_43_n_0
                         CARRY4 (Prop_carry4_CI_O[1])
                                                      0.337    23.990 f  hv_reg[0][3]_i_24/O[1]
                         net (fo=3, unplaced)         0.330    24.320    p_3_out[38]
                         LUT1 (Prop_lut1_I0_O)        0.306    24.626 r  hv[0][3]_i_52/O
                         net (fo=1, unplaced)         0.000    24.626    hv[0][3]_i_52_n_0
                         CARRY4 (Prop_carry4_S[1]_CO[3])
                                                      0.533    25.159 r  hv_reg[0][3]_i_25/CO[3]
                         net (fo=1, unplaced)         0.000    25.159    hv_reg[0][3]_i_25_n_0
                         CARRY4 (Prop_carry4_CI_O[2])
                                                      0.256    25.415 r  hv_reg[0][3]_i_14/O[2]
                         net (fo=2, unplaced)         0.746    26.161    hv_reg[0][3]_i_14_n_5
                         LUT5 (Prop_lut5_I1_O)        0.327    26.488 r  hv[0][3]_i_9/O
                         net (fo=1, unplaced)         0.000    26.488    hv[0][3]_i_9_n_0
                         CARRY4 (Prop_carry4_DI[1]_CO[1])
                                                      0.507    26.995 r  hv_reg[0][3]_i_3/CO[1]
                         net (fo=2, unplaced)         0.536    27.531    hv_reg[0][3]_i_3_n_2
                         CARRY4 (Prop_carry4_DI[0]_CO[3])
                                                      0.758    28.289 r  hv_reg[0][3]_i_2/CO[3]
                         net (fo=1, unplaced)         0.000    28.289    hv_reg[0][3]_i_2_n_0
                         CARRY4 (Prop_carry4_CI_CO[3])
                                                      0.117    28.406 r  hv_reg[0][7]_i_2/CO[3]
                         net (fo=1, unplaced)         0.000    28.406    hv_reg[0][7]_i_2_n_0
                         CARRY4 (Prop_carry4_CI_CO[3])
                                                      0.117    28.523 r  hv_reg[0][11]_i_2/CO[3]
                         net (fo=1, unplaced)         0.000    28.523    hv_reg[0][11]_i_2_n_0
                         CARRY4 (Prop_carry4_CI_O[2])
                                                      0.256    28.779 f  hv_reg[0][15]_i_8/O[2]
                         net (fo=6, unplaced)         0.484    29.263    hv_reg[0][15]_i_8_n_5
                         LUT1 (Prop_lut1_I0_O)        0.301    29.564 r  hv[0][15]_i_17/O
                         net (fo=1, unplaced)         0.000    29.564    hv[0][15]_i_17_n_0
                         CARRY4 (Prop_carry4_S[1]_CO[3])
                                                      0.533    30.097 r  hv_reg[0][15]_i_6/CO[3]
                         net (fo=1, unplaced)         0.000    30.097    hv_reg[0][15]_i_6_n_0
                         CARRY4 (Prop_carry4_CI_O[1])
                                                      0.337    30.434 r  hv_reg[0][15]_i_70/O[1]
                         net (fo=4, unplaced)         0.635    31.069    hv_reg[0][15]_i_70_n_6
                         LUT5 (Prop_lut5_I0_O)        0.332    31.401 r  hv[0][15]_i_139/O
                         net (fo=1, unplaced)         0.000    31.401    hv[0][15]_i_139_n_0
                         CARRY4 (Prop_carry4_DI[0]_CO[3])
                                                      0.576    31.977 r  hv_reg[0][15]_i_119/CO[3]
                         net (fo=1, unplaced)         0.000    31.977    hv_reg[0][15]_i_119_n_0
                         CARRY4 (Prop_carry4_CI_CO[3])
                                                      0.117    32.094 r  hv_reg[0][15]_i_100/CO[3]
                         net (fo=1, unplaced)         0.000    32.094    hv_reg[0][15]_i_100_n_0
                         CARRY4 (Prop_carry4_CI_CO[3])
                                                      0.117    32.211 r  hv_reg[0][15]_i_65/CO[3]
                         net (fo=1, unplaced)         0.000    32.211    hv_reg[0][15]_i_65_n_0
                         CARRY4 (Prop_carry4_CI_CO[3])
                                                      0.117    32.328 r  hv_reg[0][15]_i_37/CO[3]
                         net (fo=1, unplaced)         0.000    32.328    hv_reg[0][15]_i_37_n_0
                         CARRY4 (Prop_carry4_CI_CO[3])
                                                      0.117    32.445 r  hv_reg[0][15]_i_11/CO[3]
                         net (fo=1, unplaced)         0.000    32.445    hv_reg[0][15]_i_11_n_0
                         CARRY4 (Prop_carry4_CI_CO[2])
                                                      0.252    32.697 r  hv_reg[0][15]_i_5/CO[2]
                         net (fo=16, unplaced)        0.476    33.173    hv_reg[0][15]_i_5_n_1
                         LUT5 (Prop_lut5_I0_O)        0.310    33.483 r  hv[0][6]_i_1/O
                         net (fo=32, unplaced)        0.000    33.483    hv[0][6]_i_1_n_0
                         FDRE                                         r  hv_reg[0][6]/D
  -------------------------------------------------------------------    -------------------

                         (clock clk rise edge)       10.000    10.000 r  <hidden>
                                                      0.000    10.000 r  clk
                         net (fo=43094, unset)        0.924    10.924    clk
                         FDRE                                         r  hv_reg[0][6]/C
                         clock pessimism              0.000    10.924    <hidden>
                         clock uncertainty           -0.035    10.889    <hidden>
                         FDRE (Setup_fdre_C_D)        0.044    10.933    hv_reg[0][6]
  -------------------------------------------------------------------
                         required time                         10.933    <hidden>
                         arrival time                         -33.483    <hidden>
  -------------------------------------------------------------------
                         slack                                -22.550    <hidden>

Slack (VIOLATED) :        -22.550ns  (required time - arrival time)
  Source:                 vv_reg[23][27][15]/C
                            (rising edge-triggered cell FDRE clocked by clk  {rise@0.000ns fall@5.000ns period=10.000ns})
  Destination:            hv_reg[0][7]/D
                            (rising edge-triggered cell FDRE clocked by clk  {rise@0.000ns fall@5.000ns period=10.000ns})
  Path Group:             clk
  Path Type:              Setup (Max at Slow Process Corner)
  Requirement:            10.000ns  (clk rise@10.000ns - clk rise@0.000ns)
  Data Path Delay:        32.510ns  (logic 21.650ns (66.595%)  route 10.860ns (33.405%))
  Logic Levels:           46  (CARRY4=28 DSP48E1=3 LUT1=2 LUT2=3 LUT5=5 LUT6=2 MUXF7=2 MUXF8=1)
  Clock Path Skew:        -0.049ns (DCD - SCD + CPR)
    Destination Clock Delay (DCD):    0.924ns = ( 10.924 - 10.000 ) 
    Source Clock Delay      (SCD):    0.973ns
    Clock Pessimism Removal (CPR):    0.000ns
  Clock Uncertainty:      0.035ns  ((TSJ^2 + TIJ^2)^1/2 + DJ) / 2 + PE
    Total System Jitter     (TSJ):    0.071ns
    Total Input Jitter      (TIJ):    0.000ns
    Discrete Jitter          (DJ):    0.000ns
    Phase Error              (PE):    0.000ns

    Location             Delay type                Incr(ns)  Path(ns)    Netlist Resource(s)
  -------------------------------------------------------------------    -------------------
                         (clock clk rise edge)        0.000     0.000 r  <hidden>
                                                      0.000     0.000 r  clk
                         net (fo=43094, unset)        0.973     0.973    clk
                         FDRE                                         r  vv_reg[23][27][15]/C
  -------------------------------------------------------------------    -------------------
                         FDRE (Prop_fdre_C_Q)         0.478     1.451 r  vv_reg[23][27][15]/Q
                         net (fo=1, unplaced)         0.965     2.416    vv_reg_n_0_[23][27][15]
                         LUT6 (Prop_lut6_I0_O)        0.295     2.711 r  val0_i_3396/O
                         net (fo=1, unplaced)         0.000     2.711    val0_i_3396_n_0
                         MUXF7 (Prop_muxf7_I1_O)      0.247     2.958 r  val0_i_1507/O
                         net (fo=1, unplaced)         0.735     3.693    val0_i_1507_n_0
                         LUT5 (Prop_lut5_I0_O)        0.298     3.991 r  val0_i_639/O
                         net (fo=1, unplaced)         0.419     4.410    val0_i_639_n_0
                         LUT5 (Prop_lut5_I0_O)        0.124     4.534 r  val0_i_380/O
                         net (fo=1, unplaced)         0.000     4.534    val0_i_380_n_0
                         MUXF7 (Prop_muxf7_I1_O)      0.247     4.781 r  val0_i_149/O
                         net (fo=1, unplaced)         0.000     4.781    val0_i_149_n_0
                         MUXF8 (Prop_muxf8_I0_O)      0.098     4.879 r  val0_i_34/O
                         net (fo=1, unplaced)         0.717     5.596    val0_i_34_n_0
                         LUT6 (Prop_lut6_I0_O)        0.319     5.915 r  val0_i_1/O
                         net (fo=18, unplaced)        0.803     6.718    val0_i_1_n_0
                         DSP48E1 (Prop_dsp48e1_B[17]_P[1])
                                                      3.656    10.374 r  val0/P[1]
                         net (fo=1, unplaced)         0.803    11.177    val0_n_104
                         LUT2 (Prop_lut2_I1_O)        0.124    11.301 r  p_1_out__1_i_19/O
                         net (fo=1, unplaced)         0.000    11.301    p_1_out__1_i_19_n_0
                         CARRY4 (Prop_carry4_S[1]_CO[3])
                                                      0.533    11.834 r  p_1_out__1_i_4/CO[3]
                         net (fo=1, unplaced)         0.000    11.834    p_1_out__1_i_4_n_0
                         CARRY4 (Prop_carry4_CI_CO[3])
                                                      0.117    11.951 r  p_1_out__1_i_3/CO[3]
                         net (fo=1, unplaced)         0.000    11.951    p_1_out__1_i_3_n_0
                         CARRY4 (Prop_carry4_CI_CO[3])
                                                      0.117    12.068 r  p_1_out__1_i_2/CO[3]
                         net (fo=1, unplaced)         0.000    12.068    p_1_out__1_i_2_n_0
                         CARRY4 (Prop_carry4_CI_CO[3])
                                                      0.117    12.185 r  p_1_out__1_i_1/CO[3]
                         net (fo=1, unplaced)         0.000    12.185    p_1_out__1_i_1_n_0
                         CARRY4 (Prop_carry4_CI_O[0])
                                                      0.232    12.417 r  p_1_out__0_i_8/O[0]
                         net (fo=3, unplaced)         0.803    13.220    p_1_out__0_i_8_n_7
                         DSP48E1 (Prop_dsp48e1_A[16]_P[29])
                                                      4.016    17.236 r  p_1_out__1/P[29]
                         net (fo=2, unplaced)         0.803    18.038    p_1_out__1_n_76
                         LUT2 (Prop_lut2_I0_O)        0.124    18.162 r  p_1_out__2_i_23/O
                         net (fo=1, unplaced)         0.000    18.162    p_1_out__2_i_23_n_0
                         CARRY4 (Prop_carry4_S[1]_CO[3])
                                                      0.533    18.695 r  p_1_out__2_i_6/CO[3]
                         net (fo=1, unplaced)         0.000    18.695    p_1_out__2_i_6_n_0
                         CARRY4 (Prop_carry4_CI_CO[3])
                                                      0.117    18.812 r  p_1_out__2_i_5/CO[3]
                         net (fo=1, unplaced)         0.000    18.812    p_1_out__2_i_5_n_0
                         CARRY4 (Prop_carry4_CI_CO[3])
                                                      0.117    18.929 r  p_1_out__2_i_4/CO[3]
                         net (fo=1, unplaced)         0.000    18.929    p_1_out__2_i_4_n_0
                         CARRY4 (Prop_carry4_CI_CO[3])
                                                      0.117    19.046 r  p_1_out__2_i_3/CO[3]
                         net (fo=1, unplaced)         0.000    19.046    p_1_out__2_i_3_n_0
                         CARRY4 (Prop_carry4_CI_CO[3])
                                                      0.117    19.163 r  p_1_out__2_i_2/CO[3]
                         net (fo=1, unplaced)         0.000    19.163    p_1_out__2_i_2_n_0
                         CARRY4 (Prop_carry4_CI_O[0])
                                                      0.232    19.395 r  p_1_out__2_i_1/O[0]
                         net (fo=17, unplaced)        0.803    20.198    p_1_out__2_i_1_n_7
                         DSP48E1 (Prop_dsp48e1_C[47]_P[17])
                                                      1.995    22.193 r  p_1_out__2/P[17]
                         net (fo=2, unplaced)         0.803    22.996    p_1_out__2_n_88
                         LUT2 (Prop_lut2_I0_O)        0.124    23.120 r  hv[0][3]_i_67/O
                         net (fo=1, unplaced)         0.000    23.120    hv[0][3]_i_67_n_0
                         CARRY4 (Prop_carry4_S[1]_CO[3])
                                                      0.533    23.653 r  hv_reg[0][3]_i_43/CO[3]
                         net (fo=1, unplaced)         0.000    23.653    hv_reg[0][3]_i_43_n_0
                         CARRY4 (Prop_carry4_CI_O[1])
                                                      0.337    23.990 f  hv_reg[0][3]_i_24/O[1]
                         net (fo=3, unplaced)         0.330    24.320    p_3_out[38]
                         LUT1 (Prop_lut1_I0_O)        0.306    24.626 r  hv[0][3]_i_52/O
                         net (fo=1, unplaced)         0.000    24.626    hv[0][3]_i_52_n_0
                         CARRY4 (Prop_carry4_S[1]_CO[3])
                                                      0.533    25.159 r  hv_reg[0][3]_i_25/CO[3]
                         net (fo=1, unplaced)         0.000    25.159    hv_reg[0][3]_i_25_n_0
                         CARRY4 (Prop_carry4_CI_O[2])
                                                      0.256    25.415 r  hv_reg[0][3]_i_14/O[2]
                         net (fo=2, unplaced)         0.746    26.161    hv_reg[0][3]_i_14_n_5
                         LUT5 (Prop_lut5_I1_O)        0.327    26.488 r  hv[0][3]_i_9/O
                         net (fo=1, unplaced)         0.000    26.488    hv[0][3]_i_9_n_0
                         CARRY4 (Prop_carry4_DI[1]_CO[1])
                                                      0.507    26.995 r  hv_reg[0][3]_i_3/CO[1]
                         net (fo=2, unplaced)         0.536    27.531    hv_reg[0][3]_i_3_n_2
                         CARRY4 (Prop_carry4_DI[0]_CO[3])
                                                      0.758    28.289 r  hv_reg[0][3]_i_2/CO[3]
                         net (fo=1, unplaced)         0.000    28.289    hv_reg[0][3]_i_2_n_0
                         CARRY4 (Prop_carry4_CI_CO[3])
                                                      0.117    28.406 r  hv_reg[0][7]_i_2/CO[3]
                         net (fo=1, unplaced)         0.000    28.406    hv_reg[0][7]_i_2_n_0
                         CARRY4 (Prop_carry4_CI_CO[3])
                                                      0.117    28.523 r  hv_reg[0][11]_i_2/CO[3]
                         net (fo=1, unplaced)         0.000    28.523    hv_reg[0][11]_i_2_n_0
                         CARRY4 (Prop_carry4_CI_O[2])
                                                      0.256    28.779 f  hv_reg[0][15]_i_8/O[2]
                         net (fo=6, unplaced)         0.484    29.263    hv_reg[0][15]_i_8_n_5
                         LUT1 (Prop_lut1_I0_O)        0.301    29.564 r  hv[0][15]_i_17/O
                         net (fo=1, unplaced)         0.000    29.564    hv[0][15]_i_17_n_0
                         CARRY4 (Prop_carry4_S[1]_CO[3])
                                                      0.533    30.097 r  hv_reg[0][15]_i_6/CO[3]
                         net (fo=1, unplaced)         0.000    30.097    hv_reg[0][15]_i_6_n_0
                         CARRY4 (Prop_carry4_CI_O[1])
                                                      0.337    30.434 r  hv_reg[0][15]_i_70/O[1]
                         net (fo=4, unplaced)         0.635    31.069    hv_reg[0][15]_i_70_n_6
                         LUT5 (Prop_lut5_I0_O)        0.332    31.401 r  hv[0][15]_i_139/O
                         net (fo=1, unplaced)         0.000    31.401    hv[0][15]_i_139_n_0
                         CARRY4 (Prop_carry4_DI[0]_CO[3])
                                                      0.576    31.977 r  hv_reg[0][15]_i_119/CO[3]
                         net (fo=1, unplaced)         0.000    31.977    hv_reg[0][15]_i_119_n_0
                         CARRY4 (Prop_carry4_CI_CO[3])
                                                      0.117    32.094 r  hv_reg[0][15]_i_100/CO[3]
                         net (fo=1, unplaced)         0.000    32.094    hv_reg[0][15]_i_100_n_0
                         CARRY4 (Prop_carry4_CI_CO[3])
                                                      0.117    32.211 r  hv_reg[0][15]_i_65/CO[3]
                         net (fo=1, unplaced)         0.000    32.211    hv_reg[0][15]_i_65_n_0
                         CARRY4 (Prop_carry4_CI_CO[3])
                                                      0.117    32.328 r  hv_reg[0][15]_i_37/CO[3]
                         net (fo=1, unplaced)         0.000    32.328    hv_reg[0][15]_i_37_n_0
                         CARRY4 (Prop_carry4_CI_CO[3])
                                                      0.117    32.445 r  hv_reg[0][15]_i_11/CO[3]
                         net (fo=1, unplaced)         0.000    32.445    hv_reg[0][15]_i_11_n_0
                         CARRY4 (Prop_carry4_CI_CO[2])
                                                      0.252    32.697 r  hv_reg[0][15]_i_5/CO[2]
                         net (fo=16, unplaced)        0.476    33.173    hv_reg[0][15]_i_5_n_1
                         LUT5 (Prop_lut5_I0_O)        0.310    33.483 r  hv[0][7]_i_1/O
                         net (fo=32, unplaced)        0.000    33.483    hv[0][7]_i_1_n_0
                         FDRE                                         r  hv_reg[0][7]/D
  -------------------------------------------------------------------    -------------------

                         (clock clk rise edge)       10.000    10.000 r  <hidden>
                                                      0.000    10.000 r  clk
                         net (fo=43094, unset)        0.924    10.924    clk
                         FDRE                                         r  hv_reg[0][7]/C
                         clock pessimism              0.000    10.924    <hidden>
                         clock uncertainty           -0.035    10.889    <hidden>
                         FDRE (Setup_fdre_C_D)        0.044    10.933    hv_reg[0][7]
  -------------------------------------------------------------------
                         required time                         10.933    <hidden>
                         arrival time                         -33.483    <hidden>
  -------------------------------------------------------------------
                         slack                                -22.550    <hidden>

Slack (VIOLATED) :        -22.550ns  (required time - arrival time)
  Source:                 vv_reg[23][27][15]/C
                            (rising edge-triggered cell FDRE clocked by clk  {rise@0.000ns fall@5.000ns period=10.000ns})
  Destination:            hv_reg[0][8]/D
                            (rising edge-triggered cell FDRE clocked by clk  {rise@0.000ns fall@5.000ns period=10.000ns})
  Path Group:             clk
  Path Type:              Setup (Max at Slow Process Corner)
  Requirement:            10.000ns  (clk rise@10.000ns - clk rise@0.000ns)
  Data Path Delay:        32.510ns  (logic 21.650ns (66.595%)  route 10.860ns (33.405%))
  Logic Levels:           46  (CARRY4=28 DSP48E1=3 LUT1=2 LUT2=3 LUT5=5 LUT6=2 MUXF7=2 MUXF8=1)
  Clock Path Skew:        -0.049ns (DCD - SCD + CPR)
    Destination Clock Delay (DCD):    0.924ns = ( 10.924 - 10.000 ) 
    Source Clock Delay      (SCD):    0.973ns
    Clock Pessimism Removal (CPR):    0.000ns
  Clock Uncertainty:      0.035ns  ((TSJ^2 + TIJ^2)^1/2 + DJ) / 2 + PE
    Total System Jitter     (TSJ):    0.071ns
    Total Input Jitter      (TIJ):    0.000ns
    Discrete Jitter          (DJ):    0.000ns
    Phase Error              (PE):    0.000ns

    Location             Delay type                Incr(ns)  Path(ns)    Netlist Resource(s)
  -------------------------------------------------------------------    -------------------
                         (clock clk rise edge)        0.000     0.000 r  <hidden>
                                                      0.000     0.000 r  clk
                         net (fo=43094, unset)        0.973     0.973    clk
                         FDRE                                         r  vv_reg[23][27][15]/C
  -------------------------------------------------------------------    -------------------
                         FDRE (Prop_fdre_C_Q)         0.478     1.451 r  vv_reg[23][27][15]/Q
                         net (fo=1, unplaced)         0.965     2.416    vv_reg_n_0_[23][27][15]
                         LUT6 (Prop_lut6_I0_O)        0.295     2.711 r  val0_i_3396/O
                         net (fo=1, unplaced)         0.000     2.711    val0_i_3396_n_0
                         MUXF7 (Prop_muxf7_I1_O)      0.247     2.958 r  val0_i_1507/O
                         net (fo=1, unplaced)         0.735     3.693    val0_i_1507_n_0
                         LUT5 (Prop_lut5_I0_O)        0.298     3.991 r  val0_i_639/O
                         net (fo=1, unplaced)         0.419     4.410    val0_i_639_n_0
                         LUT5 (Prop_lut5_I0_O)        0.124     4.534 r  val0_i_380/O
                         net (fo=1, unplaced)         0.000     4.534    val0_i_380_n_0
                         MUXF7 (Prop_muxf7_I1_O)      0.247     4.781 r  val0_i_149/O
                         net (fo=1, unplaced)         0.000     4.781    val0_i_149_n_0
                         MUXF8 (Prop_muxf8_I0_O)      0.098     4.879 r  val0_i_34/O
                         net (fo=1, unplaced)         0.717     5.596    val0_i_34_n_0
                         LUT6 (Prop_lut6_I0_O)        0.319     5.915 r  val0_i_1/O
                         net (fo=18, unplaced)        0.803     6.718    val0_i_1_n_0
                         DSP48E1 (Prop_dsp48e1_B[17]_P[1])
                                                      3.656    10.374 r  val0/P[1]
                         net (fo=1, unplaced)         0.803    11.177    val0_n_104
                         LUT2 (Prop_lut2_I1_O)        0.124    11.301 r  p_1_out__1_i_19/O
                         net (fo=1, unplaced)         0.000    11.301    p_1_out__1_i_19_n_0
                         CARRY4 (Prop_carry4_S[1]_CO[3])
                                                      0.533    11.834 r  p_1_out__1_i_4/CO[3]
                         net (fo=1, unplaced)         0.000    11.834    p_1_out__1_i_4_n_0
                         CARRY4 (Prop_carry4_CI_CO[3])
                                                      0.117    11.951 r  p_1_out__1_i_3/CO[3]
                         net (fo=1, unplaced)         0.000    11.951    p_1_out__1_i_3_n_0
                         CARRY4 (Prop_carry4_CI_CO[3])
                                                      0.117    12.068 r  p_1_out__1_i_2/CO[3]
                         net (fo=1, unplaced)         0.000    12.068    p_1_out__1_i_2_n_0
                         CARRY4 (Prop_carry4_CI_CO[3])
                                                      0.117    12.185 r  p_1_out__1_i_1/CO[3]
                         net (fo=1, unplaced)         0.000    12.185    p_1_out__1_i_1_n_0
                         CARRY4 (Prop_carry4_CI_O[0])
                                                      0.232    12.417 r  p_1_out__0_i_8/O[0]
                         net (fo=3, unplaced)         0.803    13.220    p_1_out__0_i_8_n_7
                         DSP48E1 (Prop_dsp48e1_A[16]_P[29])
                                                      4.016    17.236 r  p_1_out__1/P[29]
                         net (fo=2, unplaced)         0.803    18.038    p_1_out__1_n_76
                         LUT2 (Prop_lut2_I0_O)        0.124    18.162 r  p_1_out__2_i_23/O
                         net (fo=1, unplaced)         0.000    18.162    p_1_out__2_i_23_n_0
                         CARRY4 (Prop_carry4_S[1]_CO[3])
                                                      0.533    18.695 r  p_1_out__2_i_6/CO[3]
                         net (fo=1, unplaced)         0.000    18.695    p_1_out__2_i_6_n_0
                         CARRY4 (Prop_carry4_CI_CO[3])
                                                      0.117    18.812 r  p_1_out__2_i_5/CO[3]
                         net (fo=1, unplaced)         0.000    18.812    p_1_out__2_i_5_n_0
                         CARRY4 (Prop_carry4_CI_CO[3])
                                                      0.117    18.929 r  p_1_out__2_i_4/CO[3]
                         net (fo=1, unplaced)         0.000    18.929    p_1_out__2_i_4_n_0
                         CARRY4 (Prop_carry4_CI_CO[3])
                                                      0.117    19.046 r  p_1_out__2_i_3/CO[3]
                         net (fo=1, unplaced)         0.000    19.046    p_1_out__2_i_3_n_0
                         CARRY4 (Prop_carry4_CI_CO[3])
                                                      0.117    19.163 r  p_1_out__2_i_2/CO[3]
                         net (fo=1, unplaced)         0.000    19.163    p_1_out__2_i_2_n_0
                         CARRY4 (Prop_carry4_CI_O[0])
                                                      0.232    19.395 r  p_1_out__2_i_1/O[0]
                         net (fo=17, unplaced)        0.803    20.198    p_1_out__2_i_1_n_7
                         DSP48E1 (Prop_dsp48e1_C[47]_P[17])
                                                      1.995    22.193 r  p_1_out__2/P[17]
                         net (fo=2, unplaced)         0.803    22.996    p_1_out__2_n_88
                         LUT2 (Prop_lut2_I0_O)        0.124    23.120 r  hv[0][3]_i_67/O
                         net (fo=1, unplaced)         0.000    23.120    hv[0][3]_i_67_n_0
                         CARRY4 (Prop_carry4_S[1]_CO[3])
                                                      0.533    23.653 r  hv_reg[0][3]_i_43/CO[3]
                         net (fo=1, unplaced)         0.000    23.653    hv_reg[0][3]_i_43_n_0
                         CARRY4 (Prop_carry4_CI_O[1])
                                                      0.337    23.990 f  hv_reg[0][3]_i_24/O[1]
                         net (fo=3, unplaced)         0.330    24.320    p_3_out[38]
                         LUT1 (Prop_lut1_I0_O)        0.306    24.626 r  hv[0][3]_i_52/O
                         net (fo=1, unplaced)         0.000    24.626    hv[0][3]_i_52_n_0
                         CARRY4 (Prop_carry4_S[1]_CO[3])
                                                      0.533    25.159 r  hv_reg[0][3]_i_25/CO[3]
                         net (fo=1, unplaced)         0.000    25.159    hv_reg[0][3]_i_25_n_0
                         CARRY4 (Prop_carry4_CI_O[2])
                                                      0.256    25.415 r  hv_reg[0][3]_i_14/O[2]
                         net (fo=2, unplaced)         0.746    26.161    hv_reg[0][3]_i_14_n_5
                         LUT5 (Prop_lut5_I1_O)        0.327    26.488 r  hv[0][3]_i_9/O
                         net (fo=1, unplaced)         0.000    26.488    hv[0][3]_i_9_n_0
                         CARRY4 (Prop_carry4_DI[1]_CO[1])
                                                      0.507    26.995 r  hv_reg[0][3]_i_3/CO[1]
                         net (fo=2, unplaced)         0.536    27.531    hv_reg[0][3]_i_3_n_2
                         CARRY4 (Prop_carry4_DI[0]_CO[3])
                                                      0.758    28.289 r  hv_reg[0][3]_i_2/CO[3]
                         net (fo=1, unplaced)         0.000    28.289    hv_reg[0][3]_i_2_n_0
                         CARRY4 (Prop_carry4_CI_CO[3])
                                                      0.117    28.406 r  hv_reg[0][7]_i_2/CO[3]
                         net (fo=1, unplaced)         0.000    28.406    hv_reg[0][7]_i_2_n_0
                         CARRY4 (Prop_carry4_CI_CO[3])
                                                      0.117    28.523 r  hv_reg[0][11]_i_2/CO[3]
                         net (fo=1, unplaced)         0.000    28.523    hv_reg[0][11]_i_2_n_0
                         CARRY4 (Prop_carry4_CI_O[2])
                                                      0.256    28.779 f  hv_reg[0][15]_i_8/O[2]
                         net (fo=6, unplaced)         0.484    29.263    hv_reg[0][15]_i_8_n_5
                         LUT1 (Prop_lut1_I0_O)        0.301    29.564 r  hv[0][15]_i_17/O
                         net (fo=1, unplaced)         0.000    29.564    hv[0][15]_i_17_n_0
                         CARRY4 (Prop_carry4_S[1]_CO[3])
                                                      0.533    30.097 r  hv_reg[0][15]_i_6/CO[3]
                         net (fo=1, unplaced)         0.000    30.097    hv_reg[0][15]_i_6_n_0
                         CARRY4 (Prop_carry4_CI_O[1])
                                                      0.337    30.434 r  hv_reg[0][15]_i_70/O[1]
                         net (fo=4, unplaced)         0.635    31.069    hv_reg[0][15]_i_70_n_6
                         LUT5 (Prop_lut5_I0_O)        0.332    31.401 r  hv[0][15]_i_139/O
                         net (fo=1, unplaced)         0.000    31.401    hv[0][15]_i_139_n_0
                         CARRY4 (Prop_carry4_DI[0]_CO[3])
                                                      0.576    31.977 r  hv_reg[0][15]_i_119/CO[3]
                         net (fo=1, unplaced)         0.000    31.977    hv_reg[0][15]_i_119_n_0
                         CARRY4 (Prop_carry4_CI_CO[3])
                                                      0.117    32.094 r  hv_reg[0][15]_i_100/CO[3]
                         net (fo=1, unplaced)         0.000    32.094    hv_reg[0][15]_i_100_n_0
                         CARRY4 (Prop_carry4_CI_CO[3])
                                                      0.117    32.211 r  hv_reg[0][15]_i_65/CO[3]
                         net (fo=1, unplaced)         0.000    32.211    hv_reg[0][15]_i_65_n_0
                         CARRY4 (Prop_carry4_CI_CO[3])
                                                      0.117    32.328 r  hv_reg[0][15]_i_37/CO[3]
                         net (fo=1, unplaced)         0.000    32.328    hv_reg[0][15]_i_37_n_0
                         CARRY4 (Prop_carry4_CI_CO[3])
                                                      0.117    32.445 r  hv_reg[0][15]_i_11/CO[3]
                         net (fo=1, unplaced)         0.000    32.445    hv_reg[0][15]_i_11_n_0
                         CARRY4 (Prop_carry4_CI_CO[2])
                                                      0.252    32.697 r  hv_reg[0][15]_i_5/CO[2]
                         net (fo=16, unplaced)        0.476    33.173    hv_reg[0][15]_i_5_n_1
                         LUT5 (Prop_lut5_I0_O)        0.310    33.483 r  hv[0][8]_i_1/O
                         net (fo=32, unplaced)        0.000    33.483    hv[0][8]_i_1_n_0
                         FDRE                                         r  hv_reg[0][8]/D
  -------------------------------------------------------------------    -------------------

                         (clock clk rise edge)       10.000    10.000 r  <hidden>
                                                      0.000    10.000 r  clk
                         net (fo=43094, unset)        0.924    10.924    clk
                         FDRE                                         r  hv_reg[0][8]/C
                         clock pessimism              0.000    10.924    <hidden>
                         clock uncertainty           -0.035    10.889    <hidden>
                         FDRE (Setup_fdre_C_D)        0.044    10.933    hv_reg[0][8]
  -------------------------------------------------------------------
                         required time                         10.933    <hidden>
                         arrival time                         -33.483    <hidden>
  -------------------------------------------------------------------
                         slack                                -22.550    <hidden>

Slack (VIOLATED) :        -22.550ns  (required time - arrival time)
  Source:                 vv_reg[23][27][15]/C
                            (rising edge-triggered cell FDRE clocked by clk  {rise@0.000ns fall@5.000ns period=10.000ns})
  Destination:            hv_reg[0][9]/D
                            (rising edge-triggered cell FDRE clocked by clk  {rise@0.000ns fall@5.000ns period=10.000ns})
  Path Group:             clk
  Path Type:              Setup (Max at Slow Process Corner)
  Requirement:            10.000ns  (clk rise@10.000ns - clk rise@0.000ns)
  Data Path Delay:        32.510ns  (logic 21.650ns (66.595%)  route 10.860ns (33.405%))
  Logic Levels:           46  (CARRY4=28 DSP48E1=3 LUT1=2 LUT2=3 LUT5=5 LUT6=2 MUXF7=2 MUXF8=1)
  Clock Path Skew:        -0.049ns (DCD - SCD + CPR)
    Destination Clock Delay (DCD):    0.924ns = ( 10.924 - 10.000 ) 
    Source Clock Delay      (SCD):    0.973ns
    Clock Pessimism Removal (CPR):    0.000ns
  Clock Uncertainty:      0.035ns  ((TSJ^2 + TIJ^2)^1/2 + DJ) / 2 + PE
    Total System Jitter     (TSJ):    0.071ns
    Total Input Jitter      (TIJ):    0.000ns
    Discrete Jitter          (DJ):    0.000ns
    Phase Error              (PE):    0.000ns

    Location             Delay type                Incr(ns)  Path(ns)    Netlist Resource(s)
  -------------------------------------------------------------------    -------------------
                         (clock clk rise edge)        0.000     0.000 r  <hidden>
                                                      0.000     0.000 r  clk
                         net (fo=43094, unset)        0.973     0.973    clk
                         FDRE                                         r  vv_reg[23][27][15]/C
  -------------------------------------------------------------------    -------------------
                         FDRE (Prop_fdre_C_Q)         0.478     1.451 r  vv_reg[23][27][15]/Q
                         net (fo=1, unplaced)         0.965     2.416    vv_reg_n_0_[23][27][15]
                         LUT6 (Prop_lut6_I0_O)        0.295     2.711 r  val0_i_3396/O
                         net (fo=1, unplaced)         0.000     2.711    val0_i_3396_n_0
                         MUXF7 (Prop_muxf7_I1_O)      0.247     2.958 r  val0_i_1507/O
                         net (fo=1, unplaced)         0.735     3.693    val0_i_1507_n_0
                         LUT5 (Prop_lut5_I0_O)        0.298     3.991 r  val0_i_639/O
                         net (fo=1, unplaced)         0.419     4.410    val0_i_639_n_0
                         LUT5 (Prop_lut5_I0_O)        0.124     4.534 r  val0_i_380/O
                         net (fo=1, unplaced)         0.000     4.534    val0_i_380_n_0
                         MUXF7 (Prop_muxf7_I1_O)      0.247     4.781 r  val0_i_149/O
                         net (fo=1, unplaced)         0.000     4.781    val0_i_149_n_0
                         MUXF8 (Prop_muxf8_I0_O)      0.098     4.879 r  val0_i_34/O
                         net (fo=1, unplaced)         0.717     5.596    val0_i_34_n_0
                         LUT6 (Prop_lut6_I0_O)        0.319     5.915 r  val0_i_1/O
                         net (fo=18, unplaced)        0.803     6.718    val0_i_1_n_0
                         DSP48E1 (Prop_dsp48e1_B[17]_P[1])
                                                      3.656    10.374 r  val0/P[1]
                         net (fo=1, unplaced)         0.803    11.177    val0_n_104
                         LUT2 (Prop_lut2_I1_O)        0.124    11.301 r  p_1_out__1_i_19/O
                         net (fo=1, unplaced)         0.000    11.301    p_1_out__1_i_19_n_0
                         CARRY4 (Prop_carry4_S[1]_CO[3])
                                                      0.533    11.834 r  p_1_out__1_i_4/CO[3]
                         net (fo=1, unplaced)         0.000    11.834    p_1_out__1_i_4_n_0
                         CARRY4 (Prop_carry4_CI_CO[3])
                                                      0.117    11.951 r  p_1_out__1_i_3/CO[3]
                         net (fo=1, unplaced)         0.000    11.951    p_1_out__1_i_3_n_0
                         CARRY4 (Prop_carry4_CI_CO[3])
                                                      0.117    12.068 r  p_1_out__1_i_2/CO[3]
                         net (fo=1, unplaced)         0.000    12.068    p_1_out__1_i_2_n_0
                         CARRY4 (Prop_carry4_CI_CO[3])
                                                      0.117    12.185 r  p_1_out__1_i_1/CO[3]
                         net (fo=1, unplaced)         0.000    12.185    p_1_out__1_i_1_n_0
                         CARRY4 (Prop_carry4_CI_O[0])
                                                      0.232    12.417 r  p_1_out__0_i_8/O[0]
                         net (fo=3, unplaced)         0.803    13.220    p_1_out__0_i_8_n_7
                         DSP48E1 (Prop_dsp48e1_A[16]_P[29])
                                                      4.016    17.236 r  p_1_out__1/P[29]
                         net (fo=2, unplaced)         0.803    18.038    p_1_out__1_n_76
                         LUT2 (Prop_lut2_I0_O)        0.124    18.162 r  p_1_out__2_i_23/O
                         net (fo=1, unplaced)         0.000    18.162    p_1_out__2_i_23_n_0
                         CARRY4 (Prop_carry4_S[1]_CO[3])
                                                      0.533    18.695 r  p_1_out__2_i_6/CO[3]
                         net (fo=1, unplaced)         0.000    18.695    p_1_out__2_i_6_n_0
                         CARRY4 (Prop_carry4_CI_CO[3])
                                                      0.117    18.812 r  p_1_out__2_i_5/CO[3]
                         net (fo=1, unplaced)         0.000    18.812    p_1_out__2_i_5_n_0
                         CARRY4 (Prop_carry4_CI_CO[3])
                                                      0.117    18.929 r  p_1_out__2_i_4/CO[3]
                         net (fo=1, unplaced)         0.000    18.929    p_1_out__2_i_4_n_0
                         CARRY4 (Prop_carry4_CI_CO[3])
                                                      0.117    19.046 r  p_1_out__2_i_3/CO[3]
                         net (fo=1, unplaced)         0.000    19.046    p_1_out__2_i_3_n_0
                         CARRY4 (Prop_carry4_CI_CO[3])
                                                      0.117    19.163 r  p_1_out__2_i_2/CO[3]
                         net (fo=1, unplaced)         0.000    19.163    p_1_out__2_i_2_n_0
                         CARRY4 (Prop_carry4_CI_O[0])
                                                      0.232    19.395 r  p_1_out__2_i_1/O[0]
                         net (fo=17, unplaced)        0.803    20.198    p_1_out__2_i_1_n_7
                         DSP48E1 (Prop_dsp48e1_C[47]_P[17])
                                                      1.995    22.193 r  p_1_out__2/P[17]
                         net (fo=2, unplaced)         0.803    22.996    p_1_out__2_n_88
                         LUT2 (Prop_lut2_I0_O)        0.124    23.120 r  hv[0][3]_i_67/O
                         net (fo=1, unplaced)         0.000    23.120    hv[0][3]_i_67_n_0
                         CARRY4 (Prop_carry4_S[1]_CO[3])
                                                      0.533    23.653 r  hv_reg[0][3]_i_43/CO[3]
                         net (fo=1, unplaced)         0.000    23.653    hv_reg[0][3]_i_43_n_0
                         CARRY4 (Prop_carry4_CI_O[1])
                                                      0.337    23.990 f  hv_reg[0][3]_i_24/O[1]
                         net (fo=3, unplaced)         0.330    24.320    p_3_out[38]
                         LUT1 (Prop_lut1_I0_O)        0.306    24.626 r  hv[0][3]_i_52/O
                         net (fo=1, unplaced)         0.000    24.626    hv[0][3]_i_52_n_0
                         CARRY4 (Prop_carry4_S[1]_CO[3])
                                                      0.533    25.159 r  hv_reg[0][3]_i_25/CO[3]
                         net (fo=1, unplaced)         0.000    25.159    hv_reg[0][3]_i_25_n_0
                         CARRY4 (Prop_carry4_CI_O[2])
                                                      0.256    25.415 r  hv_reg[0][3]_i_14/O[2]
                         net (fo=2, unplaced)         0.746    26.161    hv_reg[0][3]_i_14_n_5
                         LUT5 (Prop_lut5_I1_O)        0.327    26.488 r  hv[0][3]_i_9/O
                         net (fo=1, unplaced)         0.000    26.488    hv[0][3]_i_9_n_0
                         CARRY4 (Prop_carry4_DI[1]_CO[1])
                                                      0.507    26.995 r  hv_reg[0][3]_i_3/CO[1]
                         net (fo=2, unplaced)         0.536    27.531    hv_reg[0][3]_i_3_n_2
                         CARRY4 (Prop_carry4_DI[0]_CO[3])
                                                      0.758    28.289 r  hv_reg[0][3]_i_2/CO[3]
                         net (fo=1, unplaced)         0.000    28.289    hv_reg[0][3]_i_2_n_0
                         CARRY4 (Prop_carry4_CI_CO[3])
                                                      0.117    28.406 r  hv_reg[0][7]_i_2/CO[3]
                         net (fo=1, unplaced)         0.000    28.406    hv_reg[0][7]_i_2_n_0
                         CARRY4 (Prop_carry4_CI_CO[3])
                                                      0.117    28.523 r  hv_reg[0][11]_i_2/CO[3]
                         net (fo=1, unplaced)         0.000    28.523    hv_reg[0][11]_i_2_n_0
                         CARRY4 (Prop_carry4_CI_O[2])
                                                      0.256    28.779 f  hv_reg[0][15]_i_8/O[2]
                         net (fo=6, unplaced)         0.484    29.263    hv_reg[0][15]_i_8_n_5
                         LUT1 (Prop_lut1_I0_O)        0.301    29.564 r  hv[0][15]_i_17/O
                         net (fo=1, unplaced)         0.000    29.564    hv[0][15]_i_17_n_0
                         CARRY4 (Prop_carry4_S[1]_CO[3])
                                                      0.533    30.097 r  hv_reg[0][15]_i_6/CO[3]
                         net (fo=1, unplaced)         0.000    30.097    hv_reg[0][15]_i_6_n_0
                         CARRY4 (Prop_carry4_CI_O[1])
                                                      0.337    30.434 r  hv_reg[0][15]_i_70/O[1]
                         net (fo=4, unplaced)         0.635    31.069    hv_reg[0][15]_i_70_n_6
                         LUT5 (Prop_lut5_I0_O)        0.332    31.401 r  hv[0][15]_i_139/O
                         net (fo=1, unplaced)         0.000    31.401    hv[0][15]_i_139_n_0
                         CARRY4 (Prop_carry4_DI[0]_CO[3])
                                                      0.576    31.977 r  hv_reg[0][15]_i_119/CO[3]
                         net (fo=1, unplaced)         0.000    31.977    hv_reg[0][15]_i_119_n_0
                         CARRY4 (Prop_carry4_CI_CO[3])
                                                      0.117    32.094 r  hv_reg[0][15]_i_100/CO[3]
                         net (fo=1, unplaced)         0.000    32.094    hv_reg[0][15]_i_100_n_0
                         CARRY4 (Prop_carry4_CI_CO[3])
                                                      0.117    32.211 r  hv_reg[0][15]_i_65/CO[3]
                         net (fo=1, unplaced)         0.000    32.211    hv_reg[0][15]_i_65_n_0
                         CARRY4 (Prop_carry4_CI_CO[3])
                                                      0.117    32.328 r  hv_reg[0][15]_i_37/CO[3]
                         net (fo=1, unplaced)         0.000    32.328    hv_reg[0][15]_i_37_n_0
                         CARRY4 (Prop_carry4_CI_CO[3])
                                                      0.117    32.445 r  hv_reg[0][15]_i_11/CO[3]
                         net (fo=1, unplaced)         0.000    32.445    hv_reg[0][15]_i_11_n_0
                         CARRY4 (Prop_carry4_CI_CO[2])
                                                      0.252    32.697 r  hv_reg[0][15]_i_5/CO[2]
                         net (fo=16, unplaced)        0.476    33.173    hv_reg[0][15]_i_5_n_1
                         LUT5 (Prop_lut5_I0_O)        0.310    33.483 r  hv[0][9]_i_1/O
                         net (fo=32, unplaced)        0.000    33.483    hv[0][9]_i_1_n_0
                         FDRE                                         r  hv_reg[0][9]/D
  -------------------------------------------------------------------    -------------------

                         (clock clk rise edge)       10.000    10.000 r  <hidden>
                                                      0.000    10.000 r  clk
                         net (fo=43094, unset)        0.924    10.924    clk
                         FDRE                                         r  hv_reg[0][9]/C
                         clock pessimism              0.000    10.924    <hidden>
                         clock uncertainty           -0.035    10.889    <hidden>
                         FDRE (Setup_fdre_C_D)        0.044    10.933    hv_reg[0][9]
  -------------------------------------------------------------------
                         required time                         10.933    <hidden>
                         arrival time                         -33.483    <hidden>
  -------------------------------------------------------------------
                         slack                                -22.550    <hidden>

Slack (VIOLATED) :        -22.550ns  (required time - arrival time)
  Source:                 vv_reg[23][27][15]/C
                            (rising edge-triggered cell FDRE clocked by clk  {rise@0.000ns fall@5.000ns period=10.000ns})
  Destination:            hv_reg[10][0]/D
                            (rising edge-triggered cell FDRE clocked by clk  {rise@0.000ns fall@5.000ns period=10.000ns})
  Path Group:             clk
  Path Type:              Setup (Max at Slow Process Corner)
  Requirement:            10.000ns  (clk rise@10.000ns - clk rise@0.000ns)
  Data Path Delay:        32.510ns  (logic 21.650ns (66.595%)  route 10.860ns (33.405%))
  Logic Levels:           46  (CARRY4=28 DSP48E1=3 LUT1=2 LUT2=3 LUT3=1 LUT5=4 LUT6=2 MUXF7=2 MUXF8=1)
  Clock Path Skew:        -0.049ns (DCD - SCD + CPR)
    Destination Clock Delay (DCD):    0.924ns = ( 10.924 - 10.000 ) 
    Source Clock Delay      (SCD):    0.973ns
    Clock Pessimism Removal (CPR):    0.000ns
  Clock Uncertainty:      0.035ns  ((TSJ^2 + TIJ^2)^1/2 + DJ) / 2 + PE
    Total System Jitter     (TSJ):    0.071ns
    Total Input Jitter      (TIJ):    0.000ns
    Discrete Jitter          (DJ):    0.000ns
    Phase Error              (PE):    0.000ns

    Location             Delay type                Incr(ns)  Path(ns)    Netlist Resource(s)
  -------------------------------------------------------------------    -------------------
                         (clock clk rise edge)        0.000     0.000 r  <hidden>
                                                      0.000     0.000 r  clk
                         net (fo=43094, unset)        0.973     0.973    clk
                         FDRE                                         r  vv_reg[23][27][15]/C
  -------------------------------------------------------------------    -------------------
                         FDRE (Prop_fdre_C_Q)         0.478     1.451 r  vv_reg[23][27][15]/Q
                         net (fo=1, unplaced)         0.965     2.416    vv_reg_n_0_[23][27][15]
                         LUT6 (Prop_lut6_I0_O)        0.295     2.711 r  val0_i_3396/O
                         net (fo=1, unplaced)         0.000     2.711    val0_i_3396_n_0
                         MUXF7 (Prop_muxf7_I1_O)      0.247     2.958 r  val0_i_1507/O
                         net (fo=1, unplaced)         0.735     3.693    val0_i_1507_n_0
                         LUT5 (Prop_lut5_I0_O)        0.298     3.991 r  val0_i_639/O
                         net (fo=1, unplaced)         0.419     4.410    val0_i_639_n_0
                         LUT5 (Prop_lut5_I0_O)        0.124     4.534 r  val0_i_380/O
                         net (fo=1, unplaced)         0.000     4.534    val0_i_380_n_0
                         MUXF7 (Prop_muxf7_I1_O)      0.247     4.781 r  val0_i_149/O
                         net (fo=1, unplaced)         0.000     4.781    val0_i_149_n_0
                         MUXF8 (Prop_muxf8_I0_O)      0.098     4.879 r  val0_i_34/O
                         net (fo=1, unplaced)         0.717     5.596    val0_i_34_n_0
                         LUT6 (Prop_lut6_I0_O)        0.319     5.915 r  val0_i_1/O
                         net (fo=18, unplaced)        0.803     6.718    val0_i_1_n_0
                         DSP48E1 (Prop_dsp48e1_B[17]_P[1])
                                                      3.656    10.374 r  val0/P[1]
                         net (fo=1, unplaced)         0.803    11.177    val0_n_104
                         LUT2 (Prop_lut2_I1_O)        0.124    11.301 r  p_1_out__1_i_19/O
                         net (fo=1, unplaced)         0.000    11.301    p_1_out__1_i_19_n_0
                         CARRY4 (Prop_carry4_S[1]_CO[3])
                                                      0.533    11.834 r  p_1_out__1_i_4/CO[3]
                         net (fo=1, unplaced)         0.000    11.834    p_1_out__1_i_4_n_0
                         CARRY4 (Prop_carry4_CI_CO[3])
                                                      0.117    11.951 r  p_1_out__1_i_3/CO[3]
                         net (fo=1, unplaced)         0.000    11.951    p_1_out__1_i_3_n_0
                         CARRY4 (Prop_carry4_CI_CO[3])
                                                      0.117    12.068 r  p_1_out__1_i_2/CO[3]
                         net (fo=1, unplaced)         0.000    12.068    p_1_out__1_i_2_n_0
                         CARRY4 (Prop_carry4_CI_CO[3])
                                                      0.117    12.185 r  p_1_out__1_i_1/CO[3]
                         net (fo=1, unplaced)         0.000    12.185    p_1_out__1_i_1_n_0
                         CARRY4 (Prop_carry4_CI_O[0])
                                                      0.232    12.417 r  p_1_out__0_i_8/O[0]
                         net (fo=3, unplaced)         0.803    13.220    p_1_out__0_i_8_n_7
                         DSP48E1 (Prop_dsp48e1_A[16]_P[29])
                                                      4.016    17.236 r  p_1_out__1/P[29]
                         net (fo=2, unplaced)         0.803    18.038    p_1_out__1_n_76
                         LUT2 (Prop_lut2_I0_O)        0.124    18.162 r  p_1_out__2_i_23/O
                         net (fo=1, unplaced)         0.000    18.162    p_1_out__2_i_23_n_0
                         CARRY4 (Prop_carry4_S[1]_CO[3])
                                                      0.533    18.695 r  p_1_out__2_i_6/CO[3]
                         net (fo=1, unplaced)         0.000    18.695    p_1_out__2_i_6_n_0
                         CARRY4 (Prop_carry4_CI_CO[3])
                                                      0.117    18.812 r  p_1_out__2_i_5/CO[3]
                         net (fo=1, unplaced)         0.000    18.812    p_1_out__2_i_5_n_0
                         CARRY4 (Prop_carry4_CI_CO[3])
                                                      0.117    18.929 r  p_1_out__2_i_4/CO[3]
                         net (fo=1, unplaced)         0.000    18.929    p_1_out__2_i_4_n_0
                         CARRY4 (Prop_carry4_CI_CO[3])
                                                      0.117    19.046 r  p_1_out__2_i_3/CO[3]
                         net (fo=1, unplaced)         0.000    19.046    p_1_out__2_i_3_n_0
                         CARRY4 (Prop_carry4_CI_CO[3])
                                                      0.117    19.163 r  p_1_out__2_i_2/CO[3]
                         net (fo=1, unplaced)         0.000    19.163    p_1_out__2_i_2_n_0
                         CARRY4 (Prop_carry4_CI_O[0])
                                                      0.232    19.395 r  p_1_out__2_i_1/O[0]
                         net (fo=17, unplaced)        0.803    20.198    p_1_out__2_i_1_n_7
                         DSP48E1 (Prop_dsp48e1_C[47]_P[17])
                                                      1.995    22.193 r  p_1_out__2/P[17]
                         net (fo=2, unplaced)         0.803    22.996    p_1_out__2_n_88
                         LUT2 (Prop_lut2_I0_O)        0.124    23.120 r  hv[0][3]_i_67/O
                         net (fo=1, unplaced)         0.000    23.120    hv[0][3]_i_67_n_0
                         CARRY4 (Prop_carry4_S[1]_CO[3])
                                                      0.533    23.653 r  hv_reg[0][3]_i_43/CO[3]
                         net (fo=1, unplaced)         0.000    23.653    hv_reg[0][3]_i_43_n_0
                         CARRY4 (Prop_carry4_CI_O[1])
                                                      0.337    23.990 f  hv_reg[0][3]_i_24/O[1]
                         net (fo=3, unplaced)         0.330    24.320    p_3_out[38]
                         LUT1 (Prop_lut1_I0_O)        0.306    24.626 r  hv[0][3]_i_52/O
                         net (fo=1, unplaced)         0.000    24.626    hv[0][3]_i_52_n_0
                         CARRY4 (Prop_carry4_S[1]_CO[3])
                                                      0.533    25.159 r  hv_reg[0][3]_i_25/CO[3]
                         net (fo=1, unplaced)         0.000    25.159    hv_reg[0][3]_i_25_n_0
                         CARRY4 (Prop_carry4_CI_O[2])
                                                      0.256    25.415 r  hv_reg[0][3]_i_14/O[2]
                         net (fo=2, unplaced)         0.746    26.161    hv_reg[0][3]_i_14_n_5
                         LUT5 (Prop_lut5_I1_O)        0.327    26.488 r  hv[0][3]_i_9/O
                         net (fo=1, unplaced)         0.000    26.488    hv[0][3]_i_9_n_0
                         CARRY4 (Prop_carry4_DI[1]_CO[1])
                                                      0.507    26.995 r  hv_reg[0][3]_i_3/CO[1]
                         net (fo=2, unplaced)         0.536    27.531    hv_reg[0][3]_i_3_n_2
                         CARRY4 (Prop_carry4_DI[0]_CO[3])
                                                      0.758    28.289 r  hv_reg[0][3]_i_2/CO[3]
                         net (fo=1, unplaced)         0.000    28.289    hv_reg[0][3]_i_2_n_0
                         CARRY4 (Prop_carry4_CI_CO[3])
                                                      0.117    28.406 r  hv_reg[0][7]_i_2/CO[3]
                         net (fo=1, unplaced)         0.000    28.406    hv_reg[0][7]_i_2_n_0
                         CARRY4 (Prop_carry4_CI_CO[3])
                                                      0.117    28.523 r  hv_reg[0][11]_i_2/CO[3]
                         net (fo=1, unplaced)         0.000    28.523    hv_reg[0][11]_i_2_n_0
                         CARRY4 (Prop_carry4_CI_O[2])
                                                      0.256    28.779 f  hv_reg[0][15]_i_8/O[2]
                         net (fo=6, unplaced)         0.484    29.263    hv_reg[0][15]_i_8_n_5
                         LUT1 (Prop_lut1_I0_O)        0.301    29.564 r  hv[0][15]_i_17/O
                         net (fo=1, unplaced)         0.000    29.564    hv[0][15]_i_17_n_0
                         CARRY4 (Prop_carry4_S[1]_CO[3])
                                                      0.533    30.097 r  hv_reg[0][15]_i_6/CO[3]
                         net (fo=1, unplaced)         0.000    30.097    hv_reg[0][15]_i_6_n_0
                         CARRY4 (Prop_carry4_CI_O[1])
                                                      0.337    30.434 r  hv_reg[0][15]_i_70/O[1]
                         net (fo=4, unplaced)         0.635    31.069    hv_reg[0][15]_i_70_n_6
                         LUT5 (Prop_lut5_I0_O)        0.332    31.401 r  hv[0][15]_i_139/O
                         net (fo=1, unplaced)         0.000    31.401    hv[0][15]_i_139_n_0
                         CARRY4 (Prop_carry4_DI[0]_CO[3])
                                                      0.576    31.977 r  hv_reg[0][15]_i_119/CO[3]
                         net (fo=1, unplaced)         0.000    31.977    hv_reg[0][15]_i_119_n_0
                         CARRY4 (Prop_carry4_CI_CO[3])
                                                      0.117    32.094 r  hv_reg[0][15]_i_100/CO[3]
                         net (fo=1, unplaced)         0.000    32.094    hv_reg[0][15]_i_100_n_0
                         CARRY4 (Prop_carry4_CI_CO[3])
                                                      0.117    32.211 r  hv_reg[0][15]_i_65/CO[3]
                         net (fo=1, unplaced)         0.000    32.211    hv_reg[0][15]_i_65_n_0
                         CARRY4 (Prop_carry4_CI_CO[3])
                                                      0.117    32.328 r  hv_reg[0][15]_i_37/CO[3]
                         net (fo=1, unplaced)         0.000    32.328    hv_reg[0][15]_i_37_n_0
                         CARRY4 (Prop_carry4_CI_CO[3])
                                                      0.117    32.445 r  hv_reg[0][15]_i_11/CO[3]
                         net (fo=1, unplaced)         0.000    32.445    hv_reg[0][15]_i_11_n_0
                         CARRY4 (Prop_carry4_CI_CO[2])
                                                      0.252    32.697 r  hv_reg[0][15]_i_5/CO[2]
                         net (fo=16, unplaced)        0.476    33.173    hv_reg[0][15]_i_5_n_1
                         LUT3 (Prop_lut3_I0_O)        0.310    33.483 r  hv[0][0]_i_1/O
                         net (fo=32, unplaced)        0.000    33.483    hv[0][0]_i_1_n_0
                         FDRE                                         r  hv_reg[10][0]/D
  -------------------------------------------------------------------    -------------------

                         (clock clk rise edge)       10.000    10.000 r  <hidden>
                                                      0.000    10.000 r  clk
                         net (fo=43094, unset)        0.924    10.924    clk
                         FDRE                                         r  hv_reg[10][0]/C
                         clock pessimism              0.000    10.924    <hidden>
                         clock uncertainty           -0.035    10.889    <hidden>
                         FDRE (Setup_fdre_C_D)        0.044    10.933    hv_reg[10][0]
  -------------------------------------------------------------------
                         required time                         10.933    <hidden>
                         arrival time                         -33.483    <hidden>
  -------------------------------------------------------------------
                         slack                                -22.550    <hidden>

Slack (VIOLATED) :        -22.550ns  (required time - arrival time)
  Source:                 vv_reg[23][27][15]/C
                            (rising edge-triggered cell FDRE clocked by clk  {rise@0.000ns fall@5.000ns period=10.000ns})
  Destination:            hv_reg[10][10]/D
                            (rising edge-triggered cell FDRE clocked by clk  {rise@0.000ns fall@5.000ns period=10.000ns})
  Path Group:             clk
  Path Type:              Setup (Max at Slow Process Corner)
  Requirement:            10.000ns  (clk rise@10.000ns - clk rise@0.000ns)
  Data Path Delay:        32.510ns  (logic 21.650ns (66.595%)  route 10.860ns (33.405%))
  Logic Levels:           46  (CARRY4=28 DSP48E1=3 LUT1=2 LUT2=3 LUT5=5 LUT6=2 MUXF7=2 MUXF8=1)
  Clock Path Skew:        -0.049ns (DCD - SCD + CPR)
    Destination Clock Delay (DCD):    0.924ns = ( 10.924 - 10.000 ) 
    Source Clock Delay      (SCD):    0.973ns
    Clock Pessimism Removal (CPR):    0.000ns
  Clock Uncertainty:      0.035ns  ((TSJ^2 + TIJ^2)^1/2 + DJ) / 2 + PE
    Total System Jitter     (TSJ):    0.071ns
    Total Input Jitter      (TIJ):    0.000ns
    Discrete Jitter          (DJ):    0.000ns
    Phase Error              (PE):    0.000ns

    Location             Delay type                Incr(ns)  Path(ns)    Netlist Resource(s)
  -------------------------------------------------------------------    -------------------
                         (clock clk rise edge)        0.000     0.000 r  <hidden>
                                                      0.000     0.000 r  clk
                         net (fo=43094, unset)        0.973     0.973    clk
                         FDRE                                         r  vv_reg[23][27][15]/C
  -------------------------------------------------------------------    -------------------
                         FDRE (Prop_fdre_C_Q)         0.478     1.451 r  vv_reg[23][27][15]/Q
                         net (fo=1, unplaced)         0.965     2.416    vv_reg_n_0_[23][27][15]
                         LUT6 (Prop_lut6_I0_O)        0.295     2.711 r  val0_i_3396/O
                         net (fo=1, unplaced)         0.000     2.711    val0_i_3396_n_0
                         MUXF7 (Prop_muxf7_I1_O)      0.247     2.958 r  val0_i_1507/O
                         net (fo=1, unplaced)         0.735     3.693    val0_i_1507_n_0
                         LUT5 (Prop_lut5_I0_O)        0.298     3.991 r  val0_i_639/O
                         net (fo=1, unplaced)         0.419     4.410    val0_i_639_n_0
                         LUT5 (Prop_lut5_I0_O)        0.124     4.534 r  val0_i_380/O
                         net (fo=1, unplaced)         0.000     4.534    val0_i_380_n_0
                         MUXF7 (Prop_muxf7_I1_O)      0.247     4.781 r  val0_i_149/O
                         net (fo=1, unplaced)         0.000     4.781    val0_i_149_n_0
                         MUXF8 (Prop_muxf8_I0_O)      0.098     4.879 r  val0_i_34/O
                         net (fo=1, unplaced)         0.717     5.596    val0_i_34_n_0
                         LUT6 (Prop_lut6_I0_O)        0.319     5.915 r  val0_i_1/O
                         net (fo=18, unplaced)        0.803     6.718    val0_i_1_n_0
                         DSP48E1 (Prop_dsp48e1_B[17]_P[1])
                                                      3.656    10.374 r  val0/P[1]
                         net (fo=1, unplaced)         0.803    11.177    val0_n_104
                         LUT2 (Prop_lut2_I1_O)        0.124    11.301 r  p_1_out__1_i_19/O
                         net (fo=1, unplaced)         0.000    11.301    p_1_out__1_i_19_n_0
                         CARRY4 (Prop_carry4_S[1]_CO[3])
                                                      0.533    11.834 r  p_1_out__1_i_4/CO[3]
                         net (fo=1, unplaced)         0.000    11.834    p_1_out__1_i_4_n_0
                         CARRY4 (Prop_carry4_CI_CO[3])
                                                      0.117    11.951 r  p_1_out__1_i_3/CO[3]
                         net (fo=1, unplaced)         0.000    11.951    p_1_out__1_i_3_n_0
                         CARRY4 (Prop_carry4_CI_CO[3])
                                                      0.117    12.068 r  p_1_out__1_i_2/CO[3]
                         net (fo=1, unplaced)         0.000    12.068    p_1_out__1_i_2_n_0
                         CARRY4 (Prop_carry4_CI_CO[3])
                                                      0.117    12.185 r  p_1_out__1_i_1/CO[3]
                         net (fo=1, unplaced)         0.000    12.185    p_1_out__1_i_1_n_0
                         CARRY4 (Prop_carry4_CI_O[0])
                                                      0.232    12.417 r  p_1_out__0_i_8/O[0]
                         net (fo=3, unplaced)         0.803    13.220    p_1_out__0_i_8_n_7
                         DSP48E1 (Prop_dsp48e1_A[16]_P[29])
                                                      4.016    17.236 r  p_1_out__1/P[29]
                         net (fo=2, unplaced)         0.803    18.038    p_1_out__1_n_76
                         LUT2 (Prop_lut2_I0_O)        0.124    18.162 r  p_1_out__2_i_23/O
                         net (fo=1, unplaced)         0.000    18.162    p_1_out__2_i_23_n_0
                         CARRY4 (Prop_carry4_S[1]_CO[3])
                                                      0.533    18.695 r  p_1_out__2_i_6/CO[3]
                         net (fo=1, unplaced)         0.000    18.695    p_1_out__2_i_6_n_0
                         CARRY4 (Prop_carry4_CI_CO[3])
                                                      0.117    18.812 r  p_1_out__2_i_5/CO[3]
                         net (fo=1, unplaced)         0.000    18.812    p_1_out__2_i_5_n_0
                         CARRY4 (Prop_carry4_CI_CO[3])
                                                      0.117    18.929 r  p_1_out__2_i_4/CO[3]
                         net (fo=1, unplaced)         0.000    18.929    p_1_out__2_i_4_n_0
                         CARRY4 (Prop_carry4_CI_CO[3])
                                                      0.117    19.046 r  p_1_out__2_i_3/CO[3]
                         net (fo=1, unplaced)         0.000    19.046    p_1_out__2_i_3_n_0
                         CARRY4 (Prop_carry4_CI_CO[3])
                                                      0.117    19.163 r  p_1_out__2_i_2/CO[3]
                         net (fo=1, unplaced)         0.000    19.163    p_1_out__2_i_2_n_0
                         CARRY4 (Prop_carry4_CI_O[0])
                                                      0.232    19.395 r  p_1_out__2_i_1/O[0]
                         net (fo=17, unplaced)        0.803    20.198    p_1_out__2_i_1_n_7
                         DSP48E1 (Prop_dsp48e1_C[47]_P[17])
                                                      1.995    22.193 r  p_1_out__2/P[17]
                         net (fo=2, unplaced)         0.803    22.996    p_1_out__2_n_88
                         LUT2 (Prop_lut2_I0_O)        0.124    23.120 r  hv[0][3]_i_67/O
                         net (fo=1, unplaced)         0.000    23.120    hv[0][3]_i_67_n_0
                         CARRY4 (Prop_carry4_S[1]_CO[3])
                                                      0.533    23.653 r  hv_reg[0][3]_i_43/CO[3]
                         net (fo=1, unplaced)         0.000    23.653    hv_reg[0][3]_i_43_n_0
                         CARRY4 (Prop_carry4_CI_O[1])
                                                      0.337    23.990 f  hv_reg[0][3]_i_24/O[1]
                         net (fo=3, unplaced)         0.330    24.320    p_3_out[38]
                         LUT1 (Prop_lut1_I0_O)        0.306    24.626 r  hv[0][3]_i_52/O
                         net (fo=1, unplaced)         0.000    24.626    hv[0][3]_i_52_n_0
                         CARRY4 (Prop_carry4_S[1]_CO[3])
                                                      0.533    25.159 r  hv_reg[0][3]_i_25/CO[3]
                         net (fo=1, unplaced)         0.000    25.159    hv_reg[0][3]_i_25_n_0
                         CARRY4 (Prop_carry4_CI_O[2])
                                                      0.256    25.415 r  hv_reg[0][3]_i_14/O[2]
                         net (fo=2, unplaced)         0.746    26.161    hv_reg[0][3]_i_14_n_5
                         LUT5 (Prop_lut5_I1_O)        0.327    26.488 r  hv[0][3]_i_9/O
                         net (fo=1, unplaced)         0.000    26.488    hv[0][3]_i_9_n_0
                         CARRY4 (Prop_carry4_DI[1]_CO[1])
                                                      0.507    26.995 r  hv_reg[0][3]_i_3/CO[1]
                         net (fo=2, unplaced)         0.536    27.531    hv_reg[0][3]_i_3_n_2
                         CARRY4 (Prop_carry4_DI[0]_CO[3])
                                                      0.758    28.289 r  hv_reg[0][3]_i_2/CO[3]
                         net (fo=1, unplaced)         0.000    28.289    hv_reg[0][3]_i_2_n_0
                         CARRY4 (Prop_carry4_CI_CO[3])
                                                      0.117    28.406 r  hv_reg[0][7]_i_2/CO[3]
                         net (fo=1, unplaced)         0.000    28.406    hv_reg[0][7]_i_2_n_0
                         CARRY4 (Prop_carry4_CI_CO[3])
                                                      0.117    28.523 r  hv_reg[0][11]_i_2/CO[3]
                         net (fo=1, unplaced)         0.000    28.523    hv_reg[0][11]_i_2_n_0
                         CARRY4 (Prop_carry4_CI_O[2])
                                                      0.256    28.779 f  hv_reg[0][15]_i_8/O[2]
                         net (fo=6, unplaced)         0.484    29.263    hv_reg[0][15]_i_8_n_5
                         LUT1 (Prop_lut1_I0_O)        0.301    29.564 r  hv[0][15]_i_17/O
                         net (fo=1, unplaced)         0.000    29.564    hv[0][15]_i_17_n_0
                         CARRY4 (Prop_carry4_S[1]_CO[3])
                                                      0.533    30.097 r  hv_reg[0][15]_i_6/CO[3]
                         net (fo=1, unplaced)         0.000    30.097    hv_reg[0][15]_i_6_n_0
                         CARRY4 (Prop_carry4_CI_O[1])
                                                      0.337    30.434 r  hv_reg[0][15]_i_70/O[1]
                         net (fo=4, unplaced)         0.635    31.069    hv_reg[0][15]_i_70_n_6
                         LUT5 (Prop_lut5_I0_O)        0.332    31.401 r  hv[0][15]_i_139/O
                         net (fo=1, unplaced)         0.000    31.401    hv[0][15]_i_139_n_0
                         CARRY4 (Prop_carry4_DI[0]_CO[3])
                                                      0.576    31.977 r  hv_reg[0][15]_i_119/CO[3]
                         net (fo=1, unplaced)         0.000    31.977    hv_reg[0][15]_i_119_n_0
                         CARRY4 (Prop_carry4_CI_CO[3])
                                                      0.117    32.094 r  hv_reg[0][15]_i_100/CO[3]
                         net (fo=1, unplaced)         0.000    32.094    hv_reg[0][15]_i_100_n_0
                         CARRY4 (Prop_carry4_CI_CO[3])
                                                      0.117    32.211 r  hv_reg[0][15]_i_65/CO[3]
                         net (fo=1, unplaced)         0.000    32.211    hv_reg[0][15]_i_65_n_0
                         CARRY4 (Prop_carry4_CI_CO[3])
                                                      0.117    32.328 r  hv_reg[0][15]_i_37/CO[3]
                         net (fo=1, unplaced)         0.000    32.328    hv_reg[0][15]_i_37_n_0
                         CARRY4 (Prop_carry4_CI_CO[3])
                                                      0.117    32.445 r  hv_reg[0][15]_i_11/CO[3]
                         net (fo=1, unplaced)         0.000    32.445    hv_reg[0][15]_i_11_n_0
                         CARRY4 (Prop_carry4_CI_CO[2])
                                                      0.252    32.697 r  hv_reg[0][15]_i_5/CO[2]
                         net (fo=16, unplaced)        0.476    33.173    hv_reg[0][15]_i_5_n_1
                         LUT5 (Prop_lut5_I0_O)        0.310    33.483 r  hv[0][10]_i_1/O
                         net (fo=32, unplaced)        0.000    33.483    hv[0][10]_i_1_n_0
                         FDRE                                         r  hv_reg[10][10]/D
  -------------------------------------------------------------------    -------------------

                         (clock clk rise edge)       10.000    10.000 r  <hidden>
                                                      0.000    10.000 r  clk
                         net (fo=43094, unset)        0.924    10.924    clk
                         FDRE                                         r  hv_reg[10][10]/C
                         clock pessimism              0.000    10.924    <hidden>
                         clock uncertainty           -0.035    10.889    <hidden>
                         FDRE (Setup_fdre_C_D)        0.044    10.933    hv_reg[10][10]
  -------------------------------------------------------------------
                         required time                         10.933    <hidden>
                         arrival time                         -33.483    <hidden>
  -------------------------------------------------------------------
                         slack                                -22.550    <hidden>

Slack (VIOLATED) :        -22.550ns  (required time - arrival time)
  Source:                 vv_reg[23][27][15]/C
                            (rising edge-triggered cell FDRE clocked by clk  {rise@0.000ns fall@5.000ns period=10.000ns})
  Destination:            hv_reg[10][11]/D
                            (rising edge-triggered cell FDRE clocked by clk  {rise@0.000ns fall@5.000ns period=10.000ns})
  Path Group:             clk
  Path Type:              Setup (Max at Slow Process Corner)
  Requirement:            10.000ns  (clk rise@10.000ns - clk rise@0.000ns)
  Data Path Delay:        32.510ns  (logic 21.650ns (66.595%)  route 10.860ns (33.405%))
  Logic Levels:           46  (CARRY4=28 DSP48E1=3 LUT1=2 LUT2=3 LUT5=5 LUT6=2 MUXF7=2 MUXF8=1)
  Clock Path Skew:        -0.049ns (DCD - SCD + CPR)
    Destination Clock Delay (DCD):    0.924ns = ( 10.924 - 10.000 ) 
    Source Clock Delay      (SCD):    0.973ns
    Clock Pessimism Removal (CPR):    0.000ns
  Clock Uncertainty:      0.035ns  ((TSJ^2 + TIJ^2)^1/2 + DJ) / 2 + PE
    Total System Jitter     (TSJ):    0.071ns
    Total Input Jitter      (TIJ):    0.000ns
    Discrete Jitter          (DJ):    0.000ns
    Phase Error              (PE):    0.000ns

    Location             Delay type                Incr(ns)  Path(ns)    Netlist Resource(s)
  -------------------------------------------------------------------    -------------------
                         (clock clk rise edge)        0.000     0.000 r  <hidden>
                                                      0.000     0.000 r  clk
                         net (fo=43094, unset)        0.973     0.973    clk
                         FDRE                                         r  vv_reg[23][27][15]/C
  -------------------------------------------------------------------    -------------------
                         FDRE (Prop_fdre_C_Q)         0.478     1.451 r  vv_reg[23][27][15]/Q
                         net (fo=1, unplaced)         0.965     2.416    vv_reg_n_0_[23][27][15]
                         LUT6 (Prop_lut6_I0_O)        0.295     2.711 r  val0_i_3396/O
                         net (fo=1, unplaced)         0.000     2.711    val0_i_3396_n_0
                         MUXF7 (Prop_muxf7_I1_O)      0.247     2.958 r  val0_i_1507/O
                         net (fo=1, unplaced)         0.735     3.693    val0_i_1507_n_0
                         LUT5 (Prop_lut5_I0_O)        0.298     3.991 r  val0_i_639/O
                         net (fo=1, unplaced)         0.419     4.410    val0_i_639_n_0
                         LUT5 (Prop_lut5_I0_O)        0.124     4.534 r  val0_i_380/O
                         net (fo=1, unplaced)         0.000     4.534    val0_i_380_n_0
                         MUXF7 (Prop_muxf7_I1_O)      0.247     4.781 r  val0_i_149/O
                         net (fo=1, unplaced)         0.000     4.781    val0_i_149_n_0
                         MUXF8 (Prop_muxf8_I0_O)      0.098     4.879 r  val0_i_34/O
                         net (fo=1, unplaced)         0.717     5.596    val0_i_34_n_0
                         LUT6 (Prop_lut6_I0_O)        0.319     5.915 r  val0_i_1/O
                         net (fo=18, unplaced)        0.803     6.718    val0_i_1_n_0
                         DSP48E1 (Prop_dsp48e1_B[17]_P[1])
                                                      3.656    10.374 r  val0/P[1]
                         net (fo=1, unplaced)         0.803    11.177    val0_n_104
                         LUT2 (Prop_lut2_I1_O)        0.124    11.301 r  p_1_out__1_i_19/O
                         net (fo=1, unplaced)         0.000    11.301    p_1_out__1_i_19_n_0
                         CARRY4 (Prop_carry4_S[1]_CO[3])
                                                      0.533    11.834 r  p_1_out__1_i_4/CO[3]
                         net (fo=1, unplaced)         0.000    11.834    p_1_out__1_i_4_n_0
                         CARRY4 (Prop_carry4_CI_CO[3])
                                                      0.117    11.951 r  p_1_out__1_i_3/CO[3]
                         net (fo=1, unplaced)         0.000    11.951    p_1_out__1_i_3_n_0
                         CARRY4 (Prop_carry4_CI_CO[3])
                                                      0.117    12.068 r  p_1_out__1_i_2/CO[3]
                         net (fo=1, unplaced)         0.000    12.068    p_1_out__1_i_2_n_0
                         CARRY4 (Prop_carry4_CI_CO[3])
                                                      0.117    12.185 r  p_1_out__1_i_1/CO[3]
                         net (fo=1, unplaced)         0.000    12.185    p_1_out__1_i_1_n_0
                         CARRY4 (Prop_carry4_CI_O[0])
                                                      0.232    12.417 r  p_1_out__0_i_8/O[0]
                         net (fo=3, unplaced)         0.803    13.220    p_1_out__0_i_8_n_7
                         DSP48E1 (Prop_dsp48e1_A[16]_P[29])
                                                      4.016    17.236 r  p_1_out__1/P[29]
                         net (fo=2, unplaced)         0.803    18.038    p_1_out__1_n_76
                         LUT2 (Prop_lut2_I0_O)        0.124    18.162 r  p_1_out__2_i_23/O
                         net (fo=1, unplaced)         0.000    18.162    p_1_out__2_i_23_n_0
                         CARRY4 (Prop_carry4_S[1]_CO[3])
                                                      0.533    18.695 r  p_1_out__2_i_6/CO[3]
                         net (fo=1, unplaced)         0.000    18.695    p_1_out__2_i_6_n_0
                         CARRY4 (Prop_carry4_CI_CO[3])
                                                      0.117    18.812 r  p_1_out__2_i_5/CO[3]
                         net (fo=1, unplaced)         0.000    18.812    p_1_out__2_i_5_n_0
                         CARRY4 (Prop_carry4_CI_CO[3])
                                                      0.117    18.929 r  p_1_out__2_i_4/CO[3]
                         net (fo=1, unplaced)         0.000    18.929    p_1_out__2_i_4_n_0
                         CARRY4 (Prop_carry4_CI_CO[3])
                                                      0.117    19.046 r  p_1_out__2_i_3/CO[3]
                         net (fo=1, unplaced)         0.000    19.046    p_1_out__2_i_3_n_0
                         CARRY4 (Prop_carry4_CI_CO[3])
                                                      0.117    19.163 r  p_1_out__2_i_2/CO[3]
                         net (fo=1, unplaced)         0.000    19.163    p_1_out__2_i_2_n_0
                         CARRY4 (Prop_carry4_CI_O[0])
                                                      0.232    19.395 r  p_1_out__2_i_1/O[0]
                         net (fo=17, unplaced)        0.803    20.198    p_1_out__2_i_1_n_7
                         DSP48E1 (Prop_dsp48e1_C[47]_P[17])
                                                      1.995    22.193 r  p_1_out__2/P[17]
                         net (fo=2, unplaced)         0.803    22.996    p_1_out__2_n_88
                         LUT2 (Prop_lut2_I0_O)        0.124    23.120 r  hv[0][3]_i_67/O
                         net (fo=1, unplaced)         0.000    23.120    hv[0][3]_i_67_n_0
                         CARRY4 (Prop_carry4_S[1]_CO[3])
                                                      0.533    23.653 r  hv_reg[0][3]_i_43/CO[3]
                         net (fo=1, unplaced)         0.000    23.653    hv_reg[0][3]_i_43_n_0
                         CARRY4 (Prop_carry4_CI_O[1])
                                                      0.337    23.990 f  hv_reg[0][3]_i_24/O[1]
                         net (fo=3, unplaced)         0.330    24.320    p_3_out[38]
                         LUT1 (Prop_lut1_I0_O)        0.306    24.626 r  hv[0][3]_i_52/O
                         net (fo=1, unplaced)         0.000    24.626    hv[0][3]_i_52_n_0
                         CARRY4 (Prop_carry4_S[1]_CO[3])
                                                      0.533    25.159 r  hv_reg[0][3]_i_25/CO[3]
                         net (fo=1, unplaced)         0.000    25.159    hv_reg[0][3]_i_25_n_0
                         CARRY4 (Prop_carry4_CI_O[2])
                                                      0.256    25.415 r  hv_reg[0][3]_i_14/O[2]
                         net (fo=2, unplaced)         0.746    26.161    hv_reg[0][3]_i_14_n_5
                         LUT5 (Prop_lut5_I1_O)        0.327    26.488 r  hv[0][3]_i_9/O
                         net (fo=1, unplaced)         0.000    26.488    hv[0][3]_i_9_n_0
                         CARRY4 (Prop_carry4_DI[1]_CO[1])
                                                      0.507    26.995 r  hv_reg[0][3]_i_3/CO[1]
                         net (fo=2, unplaced)         0.536    27.531    hv_reg[0][3]_i_3_n_2
                         CARRY4 (Prop_carry4_DI[0]_CO[3])
                                                      0.758    28.289 r  hv_reg[0][3]_i_2/CO[3]
                         net (fo=1, unplaced)         0.000    28.289    hv_reg[0][3]_i_2_n_0
                         CARRY4 (Prop_carry4_CI_CO[3])
                                                      0.117    28.406 r  hv_reg[0][7]_i_2/CO[3]
                         net (fo=1, unplaced)         0.000    28.406    hv_reg[0][7]_i_2_n_0
                         CARRY4 (Prop_carry4_CI_CO[3])
                                                      0.117    28.523 r  hv_reg[0][11]_i_2/CO[3]
                         net (fo=1, unplaced)         0.000    28.523    hv_reg[0][11]_i_2_n_0
                         CARRY4 (Prop_carry4_CI_O[2])
                                                      0.256    28.779 f  hv_reg[0][15]_i_8/O[2]
                         net (fo=6, unplaced)         0.484    29.263    hv_reg[0][15]_i_8_n_5
                         LUT1 (Prop_lut1_I0_O)        0.301    29.564 r  hv[0][15]_i_17/O
                         net (fo=1, unplaced)         0.000    29.564    hv[0][15]_i_17_n_0
                         CARRY4 (Prop_carry4_S[1]_CO[3])
                                                      0.533    30.097 r  hv_reg[0][15]_i_6/CO[3]
                         net (fo=1, unplaced)         0.000    30.097    hv_reg[0][15]_i_6_n_0
                         CARRY4 (Prop_carry4_CI_O[1])
                                                      0.337    30.434 r  hv_reg[0][15]_i_70/O[1]
                         net (fo=4, unplaced)         0.635    31.069    hv_reg[0][15]_i_70_n_6
                         LUT5 (Prop_lut5_I0_O)        0.332    31.401 r  hv[0][15]_i_139/O
                         net (fo=1, unplaced)         0.000    31.401    hv[0][15]_i_139_n_0
                         CARRY4 (Prop_carry4_DI[0]_CO[3])
                                                      0.576    31.977 r  hv_reg[0][15]_i_119/CO[3]
                         net (fo=1, unplaced)         0.000    31.977    hv_reg[0][15]_i_119_n_0
                         CARRY4 (Prop_carry4_CI_CO[3])
                                                      0.117    32.094 r  hv_reg[0][15]_i_100/CO[3]
                         net (fo=1, unplaced)         0.000    32.094    hv_reg[0][15]_i_100_n_0
                         CARRY4 (Prop_carry4_CI_CO[3])
                                                      0.117    32.211 r  hv_reg[0][15]_i_65/CO[3]
                         net (fo=1, unplaced)         0.000    32.211    hv_reg[0][15]_i_65_n_0
                         CARRY4 (Prop_carry4_CI_CO[3])
                                                      0.117    32.328 r  hv_reg[0][15]_i_37/CO[3]
                         net (fo=1, unplaced)         0.000    32.328    hv_reg[0][15]_i_37_n_0
                         CARRY4 (Prop_carry4_CI_CO[3])
                                                      0.117    32.445 r  hv_reg[0][15]_i_11/CO[3]
                         net (fo=1, unplaced)         0.000    32.445    hv_reg[0][15]_i_11_n_0
                         CARRY4 (Prop_carry4_CI_CO[2])
                                                      0.252    32.697 f  hv_reg[0][15]_i_5/CO[2]
                         net (fo=16, unplaced)        0.476    33.173    hv_reg[0][15]_i_5_n_1
                         LUT5 (Prop_lut5_I0_O)        0.310    33.483 r  hv[0][11]_i_1/O
                         net (fo=32, unplaced)        0.000    33.483    hv[0][11]_i_1_n_0
                         FDRE                                         r  hv_reg[10][11]/D
  -------------------------------------------------------------------    -------------------

                         (clock clk rise edge)       10.000    10.000 r  <hidden>
                                                      0.000    10.000 r  clk
                         net (fo=43094, unset)        0.924    10.924    clk
                         FDRE                                         r  hv_reg[10][11]/C
                         clock pessimism              0.000    10.924    <hidden>
                         clock uncertainty           -0.035    10.889    <hidden>
                         FDRE (Setup_fdre_C_D)        0.044    10.933    hv_reg[10][11]
  -------------------------------------------------------------------
                         required time                         10.933    <hidden>
                         arrival time                         -33.483    <hidden>
  -------------------------------------------------------------------
                         slack                                -22.550    <hidden>

Slack (VIOLATED) :        -22.550ns  (required time - arrival time)
  Source:                 vv_reg[23][27][15]/C
                            (rising edge-triggered cell FDRE clocked by clk  {rise@0.000ns fall@5.000ns period=10.000ns})
  Destination:            hv_reg[10][12]/D
                            (rising edge-triggered cell FDRE clocked by clk  {rise@0.000ns fall@5.000ns period=10.000ns})
  Path Group:             clk
  Path Type:              Setup (Max at Slow Process Corner)
  Requirement:            10.000ns  (clk rise@10.000ns - clk rise@0.000ns)
  Data Path Delay:        32.510ns  (logic 21.650ns (66.595%)  route 10.860ns (33.405%))
  Logic Levels:           46  (CARRY4=28 DSP48E1=3 LUT1=2 LUT2=3 LUT5=5 LUT6=2 MUXF7=2 MUXF8=1)
  Clock Path Skew:        -0.049ns (DCD - SCD + CPR)
    Destination Clock Delay (DCD):    0.924ns = ( 10.924 - 10.000 ) 
    Source Clock Delay      (SCD):    0.973ns
    Clock Pessimism Removal (CPR):    0.000ns
  Clock Uncertainty:      0.035ns  ((TSJ^2 + TIJ^2)^1/2 + DJ) / 2 + PE
    Total System Jitter     (TSJ):    0.071ns
    Total Input Jitter      (TIJ):    0.000ns
    Discrete Jitter          (DJ):    0.000ns
    Phase Error              (PE):    0.000ns

    Location             Delay type                Incr(ns)  Path(ns)    Netlist Resource(s)
  -------------------------------------------------------------------    -------------------
                         (clock clk rise edge)        0.000     0.000 r  <hidden>
                                                      0.000     0.000 r  clk
                         net (fo=43094, unset)        0.973     0.973    clk
                         FDRE                                         r  vv_reg[23][27][15]/C
  -------------------------------------------------------------------    -------------------
                         FDRE (Prop_fdre_C_Q)         0.478     1.451 r  vv_reg[23][27][15]/Q
                         net (fo=1, unplaced)         0.965     2.416    vv_reg_n_0_[23][27][15]
                         LUT6 (Prop_lut6_I0_O)        0.295     2.711 r  val0_i_3396/O
                         net (fo=1, unplaced)         0.000     2.711    val0_i_3396_n_0
                         MUXF7 (Prop_muxf7_I1_O)      0.247     2.958 r  val0_i_1507/O
                         net (fo=1, unplaced)         0.735     3.693    val0_i_1507_n_0
                         LUT5 (Prop_lut5_I0_O)        0.298     3.991 r  val0_i_639/O
                         net (fo=1, unplaced)         0.419     4.410    val0_i_639_n_0
                         LUT5 (Prop_lut5_I0_O)        0.124     4.534 r  val0_i_380/O
                         net (fo=1, unplaced)         0.000     4.534    val0_i_380_n_0
                         MUXF7 (Prop_muxf7_I1_O)      0.247     4.781 r  val0_i_149/O
                         net (fo=1, unplaced)         0.000     4.781    val0_i_149_n_0
                         MUXF8 (Prop_muxf8_I0_O)      0.098     4.879 r  val0_i_34/O
                         net (fo=1, unplaced)         0.717     5.596    val0_i_34_n_0
                         LUT6 (Prop_lut6_I0_O)        0.319     5.915 r  val0_i_1/O
                         net (fo=18, unplaced)        0.803     6.718    val0_i_1_n_0
                         DSP48E1 (Prop_dsp48e1_B[17]_P[1])
                                                      3.656    10.374 r  val0/P[1]
                         net (fo=1, unplaced)         0.803    11.177    val0_n_104
                         LUT2 (Prop_lut2_I1_O)        0.124    11.301 r  p_1_out__1_i_19/O
                         net (fo=1, unplaced)         0.000    11.301    p_1_out__1_i_19_n_0
                         CARRY4 (Prop_carry4_S[1]_CO[3])
                                                      0.533    11.834 r  p_1_out__1_i_4/CO[3]
                         net (fo=1, unplaced)         0.000    11.834    p_1_out__1_i_4_n_0
                         CARRY4 (Prop_carry4_CI_CO[3])
                                                      0.117    11.951 r  p_1_out__1_i_3/CO[3]
                         net (fo=1, unplaced)         0.000    11.951    p_1_out__1_i_3_n_0
                         CARRY4 (Prop_carry4_CI_CO[3])
                                                      0.117    12.068 r  p_1_out__1_i_2/CO[3]
                         net (fo=1, unplaced)         0.000    12.068    p_1_out__1_i_2_n_0
                         CARRY4 (Prop_carry4_CI_CO[3])
                                                      0.117    12.185 r  p_1_out__1_i_1/CO[3]
                         net (fo=1, unplaced)         0.000    12.185    p_1_out__1_i_1_n_0
                         CARRY4 (Prop_carry4_CI_O[0])
                                                      0.232    12.417 r  p_1_out__0_i_8/O[0]
                         net (fo=3, unplaced)         0.803    13.220    p_1_out__0_i_8_n_7
                         DSP48E1 (Prop_dsp48e1_A[16]_P[29])
                                                      4.016    17.236 r  p_1_out__1/P[29]
                         net (fo=2, unplaced)         0.803    18.038    p_1_out__1_n_76
                         LUT2 (Prop_lut2_I0_O)        0.124    18.162 r  p_1_out__2_i_23/O
                         net (fo=1, unplaced)         0.000    18.162    p_1_out__2_i_23_n_0
                         CARRY4 (Prop_carry4_S[1]_CO[3])
                                                      0.533    18.695 r  p_1_out__2_i_6/CO[3]
                         net (fo=1, unplaced)         0.000    18.695    p_1_out__2_i_6_n_0
                         CARRY4 (Prop_carry4_CI_CO[3])
                                                      0.117    18.812 r  p_1_out__2_i_5/CO[3]
                         net (fo=1, unplaced)         0.000    18.812    p_1_out__2_i_5_n_0
                         CARRY4 (Prop_carry4_CI_CO[3])
                                                      0.117    18.929 r  p_1_out__2_i_4/CO[3]
                         net (fo=1, unplaced)         0.000    18.929    p_1_out__2_i_4_n_0
                         CARRY4 (Prop_carry4_CI_CO[3])
                                                      0.117    19.046 r  p_1_out__2_i_3/CO[3]
                         net (fo=1, unplaced)         0.000    19.046    p_1_out__2_i_3_n_0
                         CARRY4 (Prop_carry4_CI_CO[3])
                                                      0.117    19.163 r  p_1_out__2_i_2/CO[3]
                         net (fo=1, unplaced)         0.000    19.163    p_1_out__2_i_2_n_0
                         CARRY4 (Prop_carry4_CI_O[0])
                                                      0.232    19.395 r  p_1_out__2_i_1/O[0]
                         net (fo=17, unplaced)        0.803    20.198    p_1_out__2_i_1_n_7
                         DSP48E1 (Prop_dsp48e1_C[47]_P[17])
                                                      1.995    22.193 r  p_1_out__2/P[17]
                         net (fo=2, unplaced)         0.803    22.996    p_1_out__2_n_88
                         LUT2 (Prop_lut2_I0_O)        0.124    23.120 r  hv[0][3]_i_67/O
                         net (fo=1, unplaced)         0.000    23.120    hv[0][3]_i_67_n_0
                         CARRY4 (Prop_carry4_S[1]_CO[3])
                                                      0.533    23.653 r  hv_reg[0][3]_i_43/CO[3]
                         net (fo=1, unplaced)         0.000    23.653    hv_reg[0][3]_i_43_n_0
                         CARRY4 (Prop_carry4_CI_O[1])
                                                      0.337    23.990 f  hv_reg[0][3]_i_24/O[1]
                         net (fo=3, unplaced)         0.330    24.320    p_3_out[38]
                         LUT1 (Prop_lut1_I0_O)        0.306    24.626 r  hv[0][3]_i_52/O
                         net (fo=1, unplaced)         0.000    24.626    hv[0][3]_i_52_n_0
                         CARRY4 (Prop_carry4_S[1]_CO[3])
                                                      0.533    25.159 r  hv_reg[0][3]_i_25/CO[3]
                         net (fo=1, unplaced)         0.000    25.159    hv_reg[0][3]_i_25_n_0
                         CARRY4 (Prop_carry4_CI_O[2])
                                                      0.256    25.415 r  hv_reg[0][3]_i_14/O[2]
                         net (fo=2, unplaced)         0.746    26.161    hv_reg[0][3]_i_14_n_5
                         LUT5 (Prop_lut5_I1_O)        0.327    26.488 r  hv[0][3]_i_9/O
                         net (fo=1, unplaced)         0.000    26.488    hv[0][3]_i_9_n_0
                         CARRY4 (Prop_carry4_DI[1]_CO[1])
                                                      0.507    26.995 r  hv_reg[0][3]_i_3/CO[1]
                         net (fo=2, unplaced)         0.536    27.531    hv_reg[0][3]_i_3_n_2
                         CARRY4 (Prop_carry4_DI[0]_CO[3])
                                                      0.758    28.289 r  hv_reg[0][3]_i_2/CO[3]
                         net (fo=1, unplaced)         0.000    28.289    hv_reg[0][3]_i_2_n_0
                         CARRY4 (Prop_carry4_CI_CO[3])
                                                      0.117    28.406 r  hv_reg[0][7]_i_2/CO[3]
                         net (fo=1, unplaced)         0.000    28.406    hv_reg[0][7]_i_2_n_0
                         CARRY4 (Prop_carry4_CI_CO[3])
                                                      0.117    28.523 r  hv_reg[0][11]_i_2/CO[3]
                         net (fo=1, unplaced)         0.000    28.523    hv_reg[0][11]_i_2_n_0
                         CARRY4 (Prop_carry4_CI_O[2])
                                                      0.256    28.779 f  hv_reg[0][15]_i_8/O[2]
                         net (fo=6, unplaced)         0.484    29.263    hv_reg[0][15]_i_8_n_5
                         LUT1 (Prop_lut1_I0_O)        0.301    29.564 r  hv[0][15]_i_17/O
                         net (fo=1, unplaced)         0.000    29.564    hv[0][15]_i_17_n_0
                         CARRY4 (Prop_carry4_S[1]_CO[3])
                                                      0.533    30.097 r  hv_reg[0][15]_i_6/CO[3]
                         net (fo=1, unplaced)         0.000    30.097    hv_reg[0][15]_i_6_n_0
                         CARRY4 (Prop_carry4_CI_O[1])
                                                      0.337    30.434 r  hv_reg[0][15]_i_70/O[1]
                         net (fo=4, unplaced)         0.635    31.069    hv_reg[0][15]_i_70_n_6
                         LUT5 (Prop_lut5_I0_O)        0.332    31.401 r  hv[0][15]_i_139/O
                         net (fo=1, unplaced)         0.000    31.401    hv[0][15]_i_139_n_0
                         CARRY4 (Prop_carry4_DI[0]_CO[3])
                                                      0.576    31.977 r  hv_reg[0][15]_i_119/CO[3]
                         net (fo=1, unplaced)         0.000    31.977    hv_reg[0][15]_i_119_n_0
                         CARRY4 (Prop_carry4_CI_CO[3])
                                                      0.117    32.094 r  hv_reg[0][15]_i_100/CO[3]
                         net (fo=1, unplaced)         0.000    32.094    hv_reg[0][15]_i_100_n_0
                         CARRY4 (Prop_carry4_CI_CO[3])
                                                      0.117    32.211 r  hv_reg[0][15]_i_65/CO[3]
                         net (fo=1, unplaced)         0.000    32.211    hv_reg[0][15]_i_65_n_0
                         CARRY4 (Prop_carry4_CI_CO[3])
                                                      0.117    32.328 r  hv_reg[0][15]_i_37/CO[3]
                         net (fo=1, unplaced)         0.000    32.328    hv_reg[0][15]_i_37_n_0
                         CARRY4 (Prop_carry4_CI_CO[3])
                                                      0.117    32.445 r  hv_reg[0][15]_i_11/CO[3]
                         net (fo=1, unplaced)         0.000    32.445    hv_reg[0][15]_i_11_n_0
                         CARRY4 (Prop_carry4_CI_CO[2])
                                                      0.252    32.697 f  hv_reg[0][15]_i_5/CO[2]
                         net (fo=16, unplaced)        0.476    33.173    hv_reg[0][15]_i_5_n_1
                         LUT5 (Prop_lut5_I0_O)        0.310    33.483 r  hv[0][12]_i_1/O
                         net (fo=32, unplaced)        0.000    33.483    hv[0][12]_i_1_n_0
                         FDRE                                         r  hv_reg[10][12]/D
  -------------------------------------------------------------------    -------------------

                         (clock clk rise edge)       10.000    10.000 r  <hidden>
                                                      0.000    10.000 r  clk
                         net (fo=43094, unset)        0.924    10.924    clk
                         FDRE                                         r  hv_reg[10][12]/C
                         clock pessimism              0.000    10.924    <hidden>
                         clock uncertainty           -0.035    10.889    <hidden>
                         FDRE (Setup_fdre_C_D)        0.044    10.933    hv_reg[10][12]
  -------------------------------------------------------------------
                         required time                         10.933    <hidden>
                         arrival time                         -33.483    <hidden>
  -------------------------------------------------------------------
                         slack                                -22.550    <hidden>




